file_name,column_name,description,data_type,units,allowed_values_or_range,missing_value_meaning,source_or_derivation
data/calibration_reference/cal01.csv,source_col_00,Unmodified candidate calibration numeric column; column meaning and unit have not been confirmed.,number,unconfirmed,source values,Unknown/not recorded or not applicable; never zero. See description.,"See source_to_output_mapping.csv, config/conditions.json, and the indicated generating code in run_all.md."
data/calibration_reference/cal01.csv,source_col_01,Unmodified candidate calibration numeric column; column meaning and unit have not been confirmed.,number,unconfirmed,source values,Unknown/not recorded or not applicable; never zero. See description.,"See source_to_output_mapping.csv, config/conditions.json, and the indicated generating code in run_all.md."
data/calibration_reference/cal01.csv,source_col_02,Unmodified candidate calibration numeric column; column meaning and unit have not been confirmed.,number,unconfirmed,source values,Unknown/not recorded or not applicable; never zero. See description.,"See source_to_output_mapping.csv, config/conditions.json, and the indicated generating code in run_all.md."
data/calibration_reference/cal01.csv,source_col_03,Unmodified candidate calibration numeric column; column meaning and unit have not been confirmed.,number,unconfirmed,source values,Unknown/not recorded or not applicable; never zero. See description.,"See source_to_output_mapping.csv, config/conditions.json, and the indicated generating code in run_all.md."
data/calibration_reference/cal01.csv,source_col_04,Unmodified candidate calibration numeric column; column meaning and unit have not been confirmed.,number,unconfirmed,source values,Unknown/not recorded or not applicable; never zero. See description.,"See source_to_output_mapping.csv, config/conditions.json, and the indicated generating code in run_all.md."
data/calibration_reference/cal02.csv,source_col_00,Unmodified candidate calibration numeric column; column meaning and unit have not been confirmed.,number,unconfirmed,source values,Unknown/not recorded or not applicable; never zero. See description.,"See source_to_output_mapping.csv, config/conditions.json, and the indicated generating code in run_all.md."
data/calibration_reference/cal02.csv,source_col_01,Unmodified candidate calibration numeric column; column meaning and unit have not been confirmed.,number,unconfirmed,source values,Unknown/not recorded or not applicable; never zero. See description.,"See source_to_output_mapping.csv, config/conditions.json, and the indicated generating code in run_all.md."
data/calibration_reference/cal02.csv,source_col_02,Unmodified candidate calibration numeric column; column meaning and unit have not been confirmed.,number,unconfirmed,source values,Unknown/not recorded or not applicable; never zero. See description.,"See source_to_output_mapping.csv, config/conditions.json, and the indicated generating code in run_all.md."
data/calibration_reference/cal03.csv,source_col_00,Unmodified candidate calibration numeric column; column meaning and unit have not been confirmed.,number,unconfirmed,source values,Unknown/not recorded or not applicable; never zero. See description.,"See source_to_output_mapping.csv, config/conditions.json, and the indicated generating code in run_all.md."
data/calibration_reference/cal03.csv,source_col_01,Unmodified candidate calibration numeric column; column meaning and unit have not been confirmed.,number,unconfirmed,source values,Unknown/not recorded or not applicable; never zero. See description.,"See source_to_output_mapping.csv, config/conditions.json, and the indicated generating code in run_all.md."
data/calibration_reference/cal04.csv,source_col_00,Unmodified candidate calibration numeric column; column meaning and unit have not been confirmed.,number,unconfirmed,source values,Unknown/not recorded or not applicable; never zero. See description.,"See source_to_output_mapping.csv, config/conditions.json, and the indicated generating code in run_all.md."
data/calibration_reference/cal04.csv,source_col_01,Unmodified candidate calibration numeric column; column meaning and unit have not been confirmed.,number,unconfirmed,source values,Unknown/not recorded or not applicable; never zero. See description.,"See source_to_output_mapping.csv, config/conditions.json, and the indicated generating code in run_all.md."
data/exclusions/exclusions_log.csv,level,"Scope of an exclusion, including inactive out-of-range indices",string,,staircase|csf_fit_point|inactive_csf_fit_index,Unknown/not recorded or not applicable; never zero. See description.,"See source_to_output_mapping.csv, config/conditions.json, and the indicated generating code in run_all.md."
data/exclusions/exclusions_log.csv,record_id,Public staircase ID or zero-based point index to which the logged rule applies,string,,,Unknown/not recorded or not applicable; never zero. See description.,"See source_to_output_mapping.csv, config/conditions.json, and the indicated generating code in run_all.md."
data/exclusions/exclusions_log.csv,condition_id,"Pseudonymous participant-luminance identifier, not chronological session order",string,,conditions.json,Unknown/not recorded or not applicable; never zero. See description.,"See source_to_output_mapping.csv, config/conditions.json, and the indicated generating code in run_all.md."
data/exclusions/exclusions_log.csv,rule,Source selection or exclusion rule preserved by the package,string,,,Unknown/not recorded or not applicable; never zero. See description.,"See source_to_output_mapping.csv, config/conditions.json, and the indicated generating code in run_all.md."
data/exclusions/exclusions_log.csv,reason,Recorded rationale/status; author_reason_not_recorded avoids inventing a scientific reason,string,,,Unknown/not recorded or not applicable; never zero. See description.,"See source_to_output_mapping.csv, config/conditions.json, and the indicated generating code in run_all.md."
data/exclusions/exclusions_log.csv,source_id,Opaque source identifier linking to source_manifest or bootstrap source manifests,string,,,Unknown/not recorded or not applicable; never zero. See description.,"See source_to_output_mapping.csv, config/conditions.json, and the indicated generating code in run_all.md."
data/exclusions/exclusions_log.csv,details,Explanatory details about the transformation or exclusion,string,,,Unknown/not recorded or not applicable; never zero. See description.,"See source_to_output_mapping.csv, config/conditions.json, and the indicated generating code in run_all.md."
data/processed/bootstrap_csf/p01_l010.csv.gz,source_input_index,Zero-based CSF file number; 0 is deterministic primary CSF; 1-9999 are available resampled inputs; linkage to saved fits unresolved,integer,file index,0..9999,Unknown/not recorded or not applicable; never zero. See description.,"See source_to_output_mapping.csv, config/conditions.json, and the indicated generating code in run_all.md."
data/processed/bootstrap_csf/p01_l010.csv.gz,source_point_index,Zero-based row in the original two-column CSF source file; used for exclusions,integer,row index,>=0,Unknown/not recorded or not applicable; never zero. See description.,"See source_to_output_mapping.csv, config/conditions.json, and the indicated generating code in run_all.md."
data/processed/bootstrap_csf/p01_l010.csv.gz,spatial_frequency_cpd,"Ordinary spatial frequency; raw trial value is round(source_col_15 / 31.5, 3)",number,cycles/degree,>0,Unknown/not recorded or not applicable; never zero. See description.,"See source_to_output_mapping.csv, config/conditions.json, and the indicated generating code in run_all.md."
data/processed/bootstrap_csf/p01_l010.csv.gz,contrast_sensitivity,"Reciprocal of the across-staircase mean threshold, or a current-helper fitted interpolant when in a curve table",number,reciprocal normalized source contrast,,Unknown/not recorded or not applicable; never zero. See description.,"See source_to_output_mapping.csv, config/conditions.json, and the indicated generating code in run_all.md."
data/processed/bootstrap_csf/p01_l020.csv.gz,source_input_index,Zero-based CSF file number; 0 is deterministic primary CSF; 1-9999 are available resampled inputs; linkage to saved fits unresolved,integer,file index,0..9999,Unknown/not recorded or not applicable; never zero. See description.,"See source_to_output_mapping.csv, config/conditions.json, and the indicated generating code in run_all.md."
data/processed/bootstrap_csf/p01_l020.csv.gz,source_point_index,Zero-based row in the original two-column CSF source file; used for exclusions,integer,row index,>=0,Unknown/not recorded or not applicable; never zero. See description.,"See source_to_output_mapping.csv, config/conditions.json, and the indicated generating code in run_all.md."
data/processed/bootstrap_csf/p01_l020.csv.gz,spatial_frequency_cpd,"Ordinary spatial frequency; raw trial value is round(source_col_15 / 31.5, 3)",number,cycles/degree,>0,Unknown/not recorded or not applicable; never zero. See description.,"See source_to_output_mapping.csv, config/conditions.json, and the indicated generating code in run_all.md."
data/processed/bootstrap_csf/p01_l020.csv.gz,contrast_sensitivity,"Reciprocal of the across-staircase mean threshold, or a current-helper fitted interpolant when in a curve table",number,reciprocal normalized source contrast,,Unknown/not recorded or not applicable; never zero. See description.,"See source_to_output_mapping.csv, config/conditions.json, and the indicated generating code in run_all.md."
data/processed/bootstrap_csf/p01_l025.csv.gz,source_input_index,Zero-based CSF file number; 0 is deterministic primary CSF; 1-9999 are available resampled inputs; linkage to saved fits unresolved,integer,file index,0..9999,Unknown/not recorded or not applicable; never zero. See description.,"See source_to_output_mapping.csv, config/conditions.json, and the indicated generating code in run_all.md."
data/processed/bootstrap_csf/p01_l025.csv.gz,source_point_index,Zero-based row in the original two-column CSF source file; used for exclusions,integer,row index,>=0,Unknown/not recorded or not applicable; never zero. See description.,"See source_to_output_mapping.csv, config/conditions.json, and the indicated generating code in run_all.md."
data/processed/bootstrap_csf/p01_l025.csv.gz,spatial_frequency_cpd,"Ordinary spatial frequency; raw trial value is round(source_col_15 / 31.5, 3)",number,cycles/degree,>0,Unknown/not recorded or not applicable; never zero. See description.,"See source_to_output_mapping.csv, config/conditions.json, and the indicated generating code in run_all.md."
data/processed/bootstrap_csf/p01_l025.csv.gz,contrast_sensitivity,"Reciprocal of the across-staircase mean threshold, or a current-helper fitted interpolant when in a curve table",number,reciprocal normalized source contrast,,Unknown/not recorded or not applicable; never zero. See description.,"See source_to_output_mapping.csv, config/conditions.json, and the indicated generating code in run_all.md."
data/processed/bootstrap_csf/p01_l038.csv.gz,source_input_index,Zero-based CSF file number; 0 is deterministic primary CSF; 1-9999 are available resampled inputs; linkage to saved fits unresolved,integer,file index,0..9999,Unknown/not recorded or not applicable; never zero. See description.,"See source_to_output_mapping.csv, config/conditions.json, and the indicated generating code in run_all.md."
data/processed/bootstrap_csf/p01_l038.csv.gz,source_point_index,Zero-based row in the original two-column CSF source file; used for exclusions,integer,row index,>=0,Unknown/not recorded or not applicable; never zero. See description.,"See source_to_output_mapping.csv, config/conditions.json, and the indicated generating code in run_all.md."
data/processed/bootstrap_csf/p01_l038.csv.gz,spatial_frequency_cpd,"Ordinary spatial frequency; raw trial value is round(source_col_15 / 31.5, 3)",number,cycles/degree,>0,Unknown/not recorded or not applicable; never zero. See description.,"See source_to_output_mapping.csv, config/conditions.json, and the indicated generating code in run_all.md."
data/processed/bootstrap_csf/p01_l038.csv.gz,contrast_sensitivity,"Reciprocal of the across-staircase mean threshold, or a current-helper fitted interpolant when in a curve table",number,reciprocal normalized source contrast,,Unknown/not recorded or not applicable; never zero. See description.,"See source_to_output_mapping.csv, config/conditions.json, and the indicated generating code in run_all.md."
data/processed/bootstrap_csf/p01_l050.csv.gz,source_input_index,Zero-based CSF file number; 0 is deterministic primary CSF; 1-9999 are available resampled inputs; linkage to saved fits unresolved,integer,file index,0..9999,Unknown/not recorded or not applicable; never zero. See description.,"See source_to_output_mapping.csv, config/conditions.json, and the indicated generating code in run_all.md."
data/processed/bootstrap_csf/p01_l050.csv.gz,source_point_index,Zero-based row in the original two-column CSF source file; used for exclusions,integer,row index,>=0,Unknown/not recorded or not applicable; never zero. See description.,"See source_to_output_mapping.csv, config/conditions.json, and the indicated generating code in run_all.md."
data/processed/bootstrap_csf/p01_l050.csv.gz,spatial_frequency_cpd,"Ordinary spatial frequency; raw trial value is round(source_col_15 / 31.5, 3)",number,cycles/degree,>0,Unknown/not recorded or not applicable; never zero. See description.,"See source_to_output_mapping.csv, config/conditions.json, and the indicated generating code in run_all.md."
data/processed/bootstrap_csf/p01_l050.csv.gz,contrast_sensitivity,"Reciprocal of the across-staircase mean threshold, or a current-helper fitted interpolant when in a curve table",number,reciprocal normalized source contrast,,Unknown/not recorded or not applicable; never zero. See description.,"See source_to_output_mapping.csv, config/conditions.json, and the indicated generating code in run_all.md."
data/processed/bootstrap_csf/p01_l072.csv.gz,source_input_index,Zero-based CSF file number; 0 is deterministic primary CSF; 1-9999 are available resampled inputs; linkage to saved fits unresolved,integer,file index,0..9999,Unknown/not recorded or not applicable; never zero. See description.,"See source_to_output_mapping.csv, config/conditions.json, and the indicated generating code in run_all.md."
data/processed/bootstrap_csf/p01_l072.csv.gz,source_point_index,Zero-based row in the original two-column CSF source file; used for exclusions,integer,row index,>=0,Unknown/not recorded or not applicable; never zero. See description.,"See source_to_output_mapping.csv, config/conditions.json, and the indicated generating code in run_all.md."
data/processed/bootstrap_csf/p01_l072.csv.gz,spatial_frequency_cpd,"Ordinary spatial frequency; raw trial value is round(source_col_15 / 31.5, 3)",number,cycles/degree,>0,Unknown/not recorded or not applicable; never zero. See description.,"See source_to_output_mapping.csv, config/conditions.json, and the indicated generating code in run_all.md."
data/processed/bootstrap_csf/p01_l072.csv.gz,contrast_sensitivity,"Reciprocal of the across-staircase mean threshold, or a current-helper fitted interpolant when in a curve table",number,reciprocal normalized source contrast,,Unknown/not recorded or not applicable; never zero. See description.,"See source_to_output_mapping.csv, config/conditions.json, and the indicated generating code in run_all.md."
data/processed/bootstrap_csf/p01_l100.csv.gz,source_input_index,Zero-based CSF file number; 0 is deterministic primary CSF; 1-9999 are available resampled inputs; linkage to saved fits unresolved,integer,file index,0..9999,Unknown/not recorded or not applicable; never zero. See description.,"See source_to_output_mapping.csv, config/conditions.json, and the indicated generating code in run_all.md."
data/processed/bootstrap_csf/p01_l100.csv.gz,source_point_index,Zero-based row in the original two-column CSF source file; used for exclusions,integer,row index,>=0,Unknown/not recorded or not applicable; never zero. See description.,"See source_to_output_mapping.csv, config/conditions.json, and the indicated generating code in run_all.md."
data/processed/bootstrap_csf/p01_l100.csv.gz,spatial_frequency_cpd,"Ordinary spatial frequency; raw trial value is round(source_col_15 / 31.5, 3)",number,cycles/degree,>0,Unknown/not recorded or not applicable; never zero. See description.,"See source_to_output_mapping.csv, config/conditions.json, and the indicated generating code in run_all.md."
data/processed/bootstrap_csf/p01_l100.csv.gz,contrast_sensitivity,"Reciprocal of the across-staircase mean threshold, or a current-helper fitted interpolant when in a curve table",number,reciprocal normalized source contrast,,Unknown/not recorded or not applicable; never zero. See description.,"See source_to_output_mapping.csv, config/conditions.json, and the indicated generating code in run_all.md."
data/processed/bootstrap_csf/p01_l149.csv.gz,source_input_index,Zero-based CSF file number; 0 is deterministic primary CSF; 1-9999 are available resampled inputs; linkage to saved fits unresolved,integer,file index,0..9999,Unknown/not recorded or not applicable; never zero. See description.,"See source_to_output_mapping.csv, config/conditions.json, and the indicated generating code in run_all.md."
data/processed/bootstrap_csf/p01_l149.csv.gz,source_point_index,Zero-based row in the original two-column CSF source file; used for exclusions,integer,row index,>=0,Unknown/not recorded or not applicable; never zero. See description.,"See source_to_output_mapping.csv, config/conditions.json, and the indicated generating code in run_all.md."
data/processed/bootstrap_csf/p01_l149.csv.gz,spatial_frequency_cpd,"Ordinary spatial frequency; raw trial value is round(source_col_15 / 31.5, 3)",number,cycles/degree,>0,Unknown/not recorded or not applicable; never zero. See description.,"See source_to_output_mapping.csv, config/conditions.json, and the indicated generating code in run_all.md."
data/processed/bootstrap_csf/p01_l149.csv.gz,contrast_sensitivity,"Reciprocal of the across-staircase mean threshold, or a current-helper fitted interpolant when in a curve table",number,reciprocal normalized source contrast,,Unknown/not recorded or not applicable; never zero. See description.,"See source_to_output_mapping.csv, config/conditions.json, and the indicated generating code in run_all.md."
data/processed/bootstrap_csf/p01_l200.csv.gz,source_input_index,Zero-based CSF file number; 0 is deterministic primary CSF; 1-9999 are available resampled inputs; linkage to saved fits unresolved,integer,file index,0..9999,Unknown/not recorded or not applicable; never zero. See description.,"See source_to_output_mapping.csv, config/conditions.json, and the indicated generating code in run_all.md."
data/processed/bootstrap_csf/p01_l200.csv.gz,source_point_index,Zero-based row in the original two-column CSF source file; used for exclusions,integer,row index,>=0,Unknown/not recorded or not applicable; never zero. See description.,"See source_to_output_mapping.csv, config/conditions.json, and the indicated generating code in run_all.md."
data/processed/bootstrap_csf/p01_l200.csv.gz,spatial_frequency_cpd,"Ordinary spatial frequency; raw trial value is round(source_col_15 / 31.5, 3)",number,cycles/degree,>0,Unknown/not recorded or not applicable; never zero. See description.,"See source_to_output_mapping.csv, config/conditions.json, and the indicated generating code in run_all.md."
data/processed/bootstrap_csf/p01_l200.csv.gz,contrast_sensitivity,"Reciprocal of the across-staircase mean threshold, or a current-helper fitted interpolant when in a curve table",number,reciprocal normalized source contrast,,Unknown/not recorded or not applicable; never zero. See description.,"See source_to_output_mapping.csv, config/conditions.json, and the indicated generating code in run_all.md."
data/processed/bootstrap_csf/p01_l300.csv.gz,source_input_index,Zero-based CSF file number; 0 is deterministic primary CSF; 1-9999 are available resampled inputs; linkage to saved fits unresolved,integer,file index,0..9999,Unknown/not recorded or not applicable; never zero. See description.,"See source_to_output_mapping.csv, config/conditions.json, and the indicated generating code in run_all.md."
data/processed/bootstrap_csf/p01_l300.csv.gz,source_point_index,Zero-based row in the original two-column CSF source file; used for exclusions,integer,row index,>=0,Unknown/not recorded or not applicable; never zero. See description.,"See source_to_output_mapping.csv, config/conditions.json, and the indicated generating code in run_all.md."
data/processed/bootstrap_csf/p01_l300.csv.gz,spatial_frequency_cpd,"Ordinary spatial frequency; raw trial value is round(source_col_15 / 31.5, 3)",number,cycles/degree,>0,Unknown/not recorded or not applicable; never zero. See description.,"See source_to_output_mapping.csv, config/conditions.json, and the indicated generating code in run_all.md."
data/processed/bootstrap_csf/p01_l300.csv.gz,contrast_sensitivity,"Reciprocal of the across-staircase mean threshold, or a current-helper fitted interpolant when in a curve table",number,reciprocal normalized source contrast,,Unknown/not recorded or not applicable; never zero. See description.,"See source_to_output_mapping.csv, config/conditions.json, and the indicated generating code in run_all.md."
data/processed/bootstrap_csf/p01_l370.csv.gz,source_input_index,Zero-based CSF file number; 0 is deterministic primary CSF; 1-9999 are available resampled inputs; linkage to saved fits unresolved,integer,file index,0..9999,Unknown/not recorded or not applicable; never zero. See description.,"See source_to_output_mapping.csv, config/conditions.json, and the indicated generating code in run_all.md."
data/processed/bootstrap_csf/p01_l370.csv.gz,source_point_index,Zero-based row in the original two-column CSF source file; used for exclusions,integer,row index,>=0,Unknown/not recorded or not applicable; never zero. See description.,"See source_to_output_mapping.csv, config/conditions.json, and the indicated generating code in run_all.md."
data/processed/bootstrap_csf/p01_l370.csv.gz,spatial_frequency_cpd,"Ordinary spatial frequency; raw trial value is round(source_col_15 / 31.5, 3)",number,cycles/degree,>0,Unknown/not recorded or not applicable; never zero. See description.,"See source_to_output_mapping.csv, config/conditions.json, and the indicated generating code in run_all.md."
data/processed/bootstrap_csf/p01_l370.csv.gz,contrast_sensitivity,"Reciprocal of the across-staircase mean threshold, or a current-helper fitted interpolant when in a curve table",number,reciprocal normalized source contrast,,Unknown/not recorded or not applicable; never zero. See description.,"See source_to_output_mapping.csv, config/conditions.json, and the indicated generating code in run_all.md."
data/processed/bootstrap_csf/p01_l403.csv.gz,source_input_index,Zero-based CSF file number; 0 is deterministic primary CSF; 1-9999 are available resampled inputs; linkage to saved fits unresolved,integer,file index,0..9999,Unknown/not recorded or not applicable; never zero. See description.,"See source_to_output_mapping.csv, config/conditions.json, and the indicated generating code in run_all.md."
data/processed/bootstrap_csf/p01_l403.csv.gz,source_point_index,Zero-based row in the original two-column CSF source file; used for exclusions,integer,row index,>=0,Unknown/not recorded or not applicable; never zero. See description.,"See source_to_output_mapping.csv, config/conditions.json, and the indicated generating code in run_all.md."
data/processed/bootstrap_csf/p01_l403.csv.gz,spatial_frequency_cpd,"Ordinary spatial frequency; raw trial value is round(source_col_15 / 31.5, 3)",number,cycles/degree,>0,Unknown/not recorded or not applicable; never zero. See description.,"See source_to_output_mapping.csv, config/conditions.json, and the indicated generating code in run_all.md."
data/processed/bootstrap_csf/p01_l403.csv.gz,contrast_sensitivity,"Reciprocal of the across-staircase mean threshold, or a current-helper fitted interpolant when in a curve table",number,reciprocal normalized source contrast,,Unknown/not recorded or not applicable; never zero. See description.,"See source_to_output_mapping.csv, config/conditions.json, and the indicated generating code in run_all.md."
data/processed/bootstrap_csf/p02_l010.csv.gz,source_input_index,Zero-based CSF file number; 0 is deterministic primary CSF; 1-9999 are available resampled inputs; linkage to saved fits unresolved,integer,file index,0..9999,Unknown/not recorded or not applicable; never zero. See description.,"See source_to_output_mapping.csv, config/conditions.json, and the indicated generating code in run_all.md."
data/processed/bootstrap_csf/p02_l010.csv.gz,source_point_index,Zero-based row in the original two-column CSF source file; used for exclusions,integer,row index,>=0,Unknown/not recorded or not applicable; never zero. See description.,"See source_to_output_mapping.csv, config/conditions.json, and the indicated generating code in run_all.md."
data/processed/bootstrap_csf/p02_l010.csv.gz,spatial_frequency_cpd,"Ordinary spatial frequency; raw trial value is round(source_col_15 / 31.5, 3)",number,cycles/degree,>0,Unknown/not recorded or not applicable; never zero. See description.,"See source_to_output_mapping.csv, config/conditions.json, and the indicated generating code in run_all.md."
data/processed/bootstrap_csf/p02_l010.csv.gz,contrast_sensitivity,"Reciprocal of the across-staircase mean threshold, or a current-helper fitted interpolant when in a curve table",number,reciprocal normalized source contrast,,Unknown/not recorded or not applicable; never zero. See description.,"See source_to_output_mapping.csv, config/conditions.json, and the indicated generating code in run_all.md."
data/processed/bootstrap_csf/p02_l026.csv.gz,source_input_index,Zero-based CSF file number; 0 is deterministic primary CSF; 1-9999 are available resampled inputs; linkage to saved fits unresolved,integer,file index,0..9999,Unknown/not recorded or not applicable; never zero. See description.,"See source_to_output_mapping.csv, config/conditions.json, and the indicated generating code in run_all.md."
data/processed/bootstrap_csf/p02_l026.csv.gz,source_point_index,Zero-based row in the original two-column CSF source file; used for exclusions,integer,row index,>=0,Unknown/not recorded or not applicable; never zero. See description.,"See source_to_output_mapping.csv, config/conditions.json, and the indicated generating code in run_all.md."
data/processed/bootstrap_csf/p02_l026.csv.gz,spatial_frequency_cpd,"Ordinary spatial frequency; raw trial value is round(source_col_15 / 31.5, 3)",number,cycles/degree,>0,Unknown/not recorded or not applicable; never zero. See description.,"See source_to_output_mapping.csv, config/conditions.json, and the indicated generating code in run_all.md."
data/processed/bootstrap_csf/p02_l026.csv.gz,contrast_sensitivity,"Reciprocal of the across-staircase mean threshold, or a current-helper fitted interpolant when in a curve table",number,reciprocal normalized source contrast,,Unknown/not recorded or not applicable; never zero. See description.,"See source_to_output_mapping.csv, config/conditions.json, and the indicated generating code in run_all.md."
data/processed/bootstrap_csf/p02_l049.csv.gz,source_input_index,Zero-based CSF file number; 0 is deterministic primary CSF; 1-9999 are available resampled inputs; linkage to saved fits unresolved,integer,file index,0..9999,Unknown/not recorded or not applicable; never zero. See description.,"See source_to_output_mapping.csv, config/conditions.json, and the indicated generating code in run_all.md."
data/processed/bootstrap_csf/p02_l049.csv.gz,source_point_index,Zero-based row in the original two-column CSF source file; used for exclusions,integer,row index,>=0,Unknown/not recorded or not applicable; never zero. See description.,"See source_to_output_mapping.csv, config/conditions.json, and the indicated generating code in run_all.md."
data/processed/bootstrap_csf/p02_l049.csv.gz,spatial_frequency_cpd,"Ordinary spatial frequency; raw trial value is round(source_col_15 / 31.5, 3)",number,cycles/degree,>0,Unknown/not recorded or not applicable; never zero. See description.,"See source_to_output_mapping.csv, config/conditions.json, and the indicated generating code in run_all.md."
data/processed/bootstrap_csf/p02_l049.csv.gz,contrast_sensitivity,"Reciprocal of the across-staircase mean threshold, or a current-helper fitted interpolant when in a curve table",number,reciprocal normalized source contrast,,Unknown/not recorded or not applicable; never zero. See description.,"See source_to_output_mapping.csv, config/conditions.json, and the indicated generating code in run_all.md."
data/processed/bootstrap_csf/p02_l100.csv.gz,source_input_index,Zero-based CSF file number; 0 is deterministic primary CSF; 1-9999 are available resampled inputs; linkage to saved fits unresolved,integer,file index,0..9999,Unknown/not recorded or not applicable; never zero. See description.,"See source_to_output_mapping.csv, config/conditions.json, and the indicated generating code in run_all.md."
data/processed/bootstrap_csf/p02_l100.csv.gz,source_point_index,Zero-based row in the original two-column CSF source file; used for exclusions,integer,row index,>=0,Unknown/not recorded or not applicable; never zero. See description.,"See source_to_output_mapping.csv, config/conditions.json, and the indicated generating code in run_all.md."
data/processed/bootstrap_csf/p02_l100.csv.gz,spatial_frequency_cpd,"Ordinary spatial frequency; raw trial value is round(source_col_15 / 31.5, 3)",number,cycles/degree,>0,Unknown/not recorded or not applicable; never zero. See description.,"See source_to_output_mapping.csv, config/conditions.json, and the indicated generating code in run_all.md."
data/processed/bootstrap_csf/p02_l100.csv.gz,contrast_sensitivity,"Reciprocal of the across-staircase mean threshold, or a current-helper fitted interpolant when in a curve table",number,reciprocal normalized source contrast,,Unknown/not recorded or not applicable; never zero. See description.,"See source_to_output_mapping.csv, config/conditions.json, and the indicated generating code in run_all.md."
data/processed/bootstrap_csf/p02_l204.csv.gz,source_input_index,Zero-based CSF file number; 0 is deterministic primary CSF; 1-9999 are available resampled inputs; linkage to saved fits unresolved,integer,file index,0..9999,Unknown/not recorded or not applicable; never zero. See description.,"See source_to_output_mapping.csv, config/conditions.json, and the indicated generating code in run_all.md."
data/processed/bootstrap_csf/p02_l204.csv.gz,source_point_index,Zero-based row in the original two-column CSF source file; used for exclusions,integer,row index,>=0,Unknown/not recorded or not applicable; never zero. See description.,"See source_to_output_mapping.csv, config/conditions.json, and the indicated generating code in run_all.md."
data/processed/bootstrap_csf/p02_l204.csv.gz,spatial_frequency_cpd,"Ordinary spatial frequency; raw trial value is round(source_col_15 / 31.5, 3)",number,cycles/degree,>0,Unknown/not recorded or not applicable; never zero. See description.,"See source_to_output_mapping.csv, config/conditions.json, and the indicated generating code in run_all.md."
data/processed/bootstrap_csf/p02_l204.csv.gz,contrast_sensitivity,"Reciprocal of the across-staircase mean threshold, or a current-helper fitted interpolant when in a curve table",number,reciprocal normalized source contrast,,Unknown/not recorded or not applicable; never zero. See description.,"See source_to_output_mapping.csv, config/conditions.json, and the indicated generating code in run_all.md."
data/processed/bootstrap_csf/p02_l300.csv.gz,source_input_index,Zero-based CSF file number; 0 is deterministic primary CSF; 1-9999 are available resampled inputs; linkage to saved fits unresolved,integer,file index,0..9999,Unknown/not recorded or not applicable; never zero. See description.,"See source_to_output_mapping.csv, config/conditions.json, and the indicated generating code in run_all.md."
data/processed/bootstrap_csf/p02_l300.csv.gz,source_point_index,Zero-based row in the original two-column CSF source file; used for exclusions,integer,row index,>=0,Unknown/not recorded or not applicable; never zero. See description.,"See source_to_output_mapping.csv, config/conditions.json, and the indicated generating code in run_all.md."
data/processed/bootstrap_csf/p02_l300.csv.gz,spatial_frequency_cpd,"Ordinary spatial frequency; raw trial value is round(source_col_15 / 31.5, 3)",number,cycles/degree,>0,Unknown/not recorded or not applicable; never zero. See description.,"See source_to_output_mapping.csv, config/conditions.json, and the indicated generating code in run_all.md."
data/processed/bootstrap_csf/p02_l300.csv.gz,contrast_sensitivity,"Reciprocal of the across-staircase mean threshold, or a current-helper fitted interpolant when in a curve table",number,reciprocal normalized source contrast,,Unknown/not recorded or not applicable; never zero. See description.,"See source_to_output_mapping.csv, config/conditions.json, and the indicated generating code in run_all.md."
data/processed/bootstrap_csf/p03_l010.csv.gz,source_input_index,Zero-based CSF file number; 0 is deterministic primary CSF; 1-9999 are available resampled inputs; linkage to saved fits unresolved,integer,file index,0..9999,Unknown/not recorded or not applicable; never zero. See description.,"See source_to_output_mapping.csv, config/conditions.json, and the indicated generating code in run_all.md."
data/processed/bootstrap_csf/p03_l010.csv.gz,source_point_index,Zero-based row in the original two-column CSF source file; used for exclusions,integer,row index,>=0,Unknown/not recorded or not applicable; never zero. See description.,"See source_to_output_mapping.csv, config/conditions.json, and the indicated generating code in run_all.md."
data/processed/bootstrap_csf/p03_l010.csv.gz,spatial_frequency_cpd,"Ordinary spatial frequency; raw trial value is round(source_col_15 / 31.5, 3)",number,cycles/degree,>0,Unknown/not recorded or not applicable; never zero. See description.,"See source_to_output_mapping.csv, config/conditions.json, and the indicated generating code in run_all.md."
data/processed/bootstrap_csf/p03_l010.csv.gz,contrast_sensitivity,"Reciprocal of the across-staircase mean threshold, or a current-helper fitted interpolant when in a curve table",number,reciprocal normalized source contrast,,Unknown/not recorded or not applicable; never zero. See description.,"See source_to_output_mapping.csv, config/conditions.json, and the indicated generating code in run_all.md."
data/processed/bootstrap_csf/p03_l049.csv.gz,source_input_index,Zero-based CSF file number; 0 is deterministic primary CSF; 1-9999 are available resampled inputs; linkage to saved fits unresolved,integer,file index,0..9999,Unknown/not recorded or not applicable; never zero. See description.,"See source_to_output_mapping.csv, config/conditions.json, and the indicated generating code in run_all.md."
data/processed/bootstrap_csf/p03_l049.csv.gz,source_point_index,Zero-based row in the original two-column CSF source file; used for exclusions,integer,row index,>=0,Unknown/not recorded or not applicable; never zero. See description.,"See source_to_output_mapping.csv, config/conditions.json, and the indicated generating code in run_all.md."
data/processed/bootstrap_csf/p03_l049.csv.gz,spatial_frequency_cpd,"Ordinary spatial frequency; raw trial value is round(source_col_15 / 31.5, 3)",number,cycles/degree,>0,Unknown/not recorded or not applicable; never zero. See description.,"See source_to_output_mapping.csv, config/conditions.json, and the indicated generating code in run_all.md."
data/processed/bootstrap_csf/p03_l049.csv.gz,contrast_sensitivity,"Reciprocal of the across-staircase mean threshold, or a current-helper fitted interpolant when in a curve table",number,reciprocal normalized source contrast,,Unknown/not recorded or not applicable; never zero. See description.,"See source_to_output_mapping.csv, config/conditions.json, and the indicated generating code in run_all.md."
data/processed/bootstrap_csf/p03_l100.csv.gz,source_input_index,Zero-based CSF file number; 0 is deterministic primary CSF; 1-9999 are available resampled inputs; linkage to saved fits unresolved,integer,file index,0..9999,Unknown/not recorded or not applicable; never zero. See description.,"See source_to_output_mapping.csv, config/conditions.json, and the indicated generating code in run_all.md."
data/processed/bootstrap_csf/p03_l100.csv.gz,source_point_index,Zero-based row in the original two-column CSF source file; used for exclusions,integer,row index,>=0,Unknown/not recorded or not applicable; never zero. See description.,"See source_to_output_mapping.csv, config/conditions.json, and the indicated generating code in run_all.md."
data/processed/bootstrap_csf/p03_l100.csv.gz,spatial_frequency_cpd,"Ordinary spatial frequency; raw trial value is round(source_col_15 / 31.5, 3)",number,cycles/degree,>0,Unknown/not recorded or not applicable; never zero. See description.,"See source_to_output_mapping.csv, config/conditions.json, and the indicated generating code in run_all.md."
data/processed/bootstrap_csf/p03_l100.csv.gz,contrast_sensitivity,"Reciprocal of the across-staircase mean threshold, or a current-helper fitted interpolant when in a curve table",number,reciprocal normalized source contrast,,Unknown/not recorded or not applicable; never zero. See description.,"See source_to_output_mapping.csv, config/conditions.json, and the indicated generating code in run_all.md."
data/processed/bootstrap_csf/p03_l200.csv.gz,source_input_index,Zero-based CSF file number; 0 is deterministic primary CSF; 1-9999 are available resampled inputs; linkage to saved fits unresolved,integer,file index,0..9999,Unknown/not recorded or not applicable; never zero. See description.,"See source_to_output_mapping.csv, config/conditions.json, and the indicated generating code in run_all.md."
data/processed/bootstrap_csf/p03_l200.csv.gz,source_point_index,Zero-based row in the original two-column CSF source file; used for exclusions,integer,row index,>=0,Unknown/not recorded or not applicable; never zero. See description.,"See source_to_output_mapping.csv, config/conditions.json, and the indicated generating code in run_all.md."
data/processed/bootstrap_csf/p03_l200.csv.gz,spatial_frequency_cpd,"Ordinary spatial frequency; raw trial value is round(source_col_15 / 31.5, 3)",number,cycles/degree,>0,Unknown/not recorded or not applicable; never zero. See description.,"See source_to_output_mapping.csv, config/conditions.json, and the indicated generating code in run_all.md."
data/processed/bootstrap_csf/p03_l200.csv.gz,contrast_sensitivity,"Reciprocal of the across-staircase mean threshold, or a current-helper fitted interpolant when in a curve table",number,reciprocal normalized source contrast,,Unknown/not recorded or not applicable; never zero. See description.,"See source_to_output_mapping.csv, config/conditions.json, and the indicated generating code in run_all.md."
data/processed/bootstrap_csf/p03_l300.csv.gz,source_input_index,Zero-based CSF file number; 0 is deterministic primary CSF; 1-9999 are available resampled inputs; linkage to saved fits unresolved,integer,file index,0..9999,Unknown/not recorded or not applicable; never zero. See description.,"See source_to_output_mapping.csv, config/conditions.json, and the indicated generating code in run_all.md."
data/processed/bootstrap_csf/p03_l300.csv.gz,source_point_index,Zero-based row in the original two-column CSF source file; used for exclusions,integer,row index,>=0,Unknown/not recorded or not applicable; never zero. See description.,"See source_to_output_mapping.csv, config/conditions.json, and the indicated generating code in run_all.md."
data/processed/bootstrap_csf/p03_l300.csv.gz,spatial_frequency_cpd,"Ordinary spatial frequency; raw trial value is round(source_col_15 / 31.5, 3)",number,cycles/degree,>0,Unknown/not recorded or not applicable; never zero. See description.,"See source_to_output_mapping.csv, config/conditions.json, and the indicated generating code in run_all.md."
data/processed/bootstrap_csf/p03_l300.csv.gz,contrast_sensitivity,"Reciprocal of the across-staircase mean threshold, or a current-helper fitted interpolant when in a curve table",number,reciprocal normalized source contrast,,Unknown/not recorded or not applicable; never zero. See description.,"See source_to_output_mapping.csv, config/conditions.json, and the indicated generating code in run_all.md."
data/processed/bootstrap_csf/p03_l370.csv.gz,source_input_index,Zero-based CSF file number; 0 is deterministic primary CSF; 1-9999 are available resampled inputs; linkage to saved fits unresolved,integer,file index,0..9999,Unknown/not recorded or not applicable; never zero. See description.,"See source_to_output_mapping.csv, config/conditions.json, and the indicated generating code in run_all.md."
data/processed/bootstrap_csf/p03_l370.csv.gz,source_point_index,Zero-based row in the original two-column CSF source file; used for exclusions,integer,row index,>=0,Unknown/not recorded or not applicable; never zero. See description.,"See source_to_output_mapping.csv, config/conditions.json, and the indicated generating code in run_all.md."
data/processed/bootstrap_csf/p03_l370.csv.gz,spatial_frequency_cpd,"Ordinary spatial frequency; raw trial value is round(source_col_15 / 31.5, 3)",number,cycles/degree,>0,Unknown/not recorded or not applicable; never zero. See description.,"See source_to_output_mapping.csv, config/conditions.json, and the indicated generating code in run_all.md."
data/processed/bootstrap_csf/p03_l370.csv.gz,contrast_sensitivity,"Reciprocal of the across-staircase mean threshold, or a current-helper fitted interpolant when in a curve table",number,reciprocal normalized source contrast,,Unknown/not recorded or not applicable; never zero. See description.,"See source_to_output_mapping.csv, config/conditions.json, and the indicated generating code in run_all.md."
data/processed/bootstrap_csf/p03_l415.csv.gz,source_input_index,Zero-based CSF file number; 0 is deterministic primary CSF; 1-9999 are available resampled inputs; linkage to saved fits unresolved,integer,file index,0..9999,Unknown/not recorded or not applicable; never zero. See description.,"See source_to_output_mapping.csv, config/conditions.json, and the indicated generating code in run_all.md."
data/processed/bootstrap_csf/p03_l415.csv.gz,source_point_index,Zero-based row in the original two-column CSF source file; used for exclusions,integer,row index,>=0,Unknown/not recorded or not applicable; never zero. See description.,"See source_to_output_mapping.csv, config/conditions.json, and the indicated generating code in run_all.md."
data/processed/bootstrap_csf/p03_l415.csv.gz,spatial_frequency_cpd,"Ordinary spatial frequency; raw trial value is round(source_col_15 / 31.5, 3)",number,cycles/degree,>0,Unknown/not recorded or not applicable; never zero. See description.,"See source_to_output_mapping.csv, config/conditions.json, and the indicated generating code in run_all.md."
data/processed/bootstrap_csf/p03_l415.csv.gz,contrast_sensitivity,"Reciprocal of the across-staircase mean threshold, or a current-helper fitted interpolant when in a curve table",number,reciprocal normalized source contrast,,Unknown/not recorded or not applicable; never zero. See description.,"See source_to_output_mapping.csv, config/conditions.json, and the indicated generating code in run_all.md."
data/processed/bootstrap_csf/p04_l010.csv.gz,source_input_index,Zero-based CSF file number; 0 is deterministic primary CSF; 1-9999 are available resampled inputs; linkage to saved fits unresolved,integer,file index,0..9999,Unknown/not recorded or not applicable; never zero. See description.,"See source_to_output_mapping.csv, config/conditions.json, and the indicated generating code in run_all.md."
data/processed/bootstrap_csf/p04_l010.csv.gz,source_point_index,Zero-based row in the original two-column CSF source file; used for exclusions,integer,row index,>=0,Unknown/not recorded or not applicable; never zero. See description.,"See source_to_output_mapping.csv, config/conditions.json, and the indicated generating code in run_all.md."
data/processed/bootstrap_csf/p04_l010.csv.gz,spatial_frequency_cpd,"Ordinary spatial frequency; raw trial value is round(source_col_15 / 31.5, 3)",number,cycles/degree,>0,Unknown/not recorded or not applicable; never zero. See description.,"See source_to_output_mapping.csv, config/conditions.json, and the indicated generating code in run_all.md."
data/processed/bootstrap_csf/p04_l010.csv.gz,contrast_sensitivity,"Reciprocal of the across-staircase mean threshold, or a current-helper fitted interpolant when in a curve table",number,reciprocal normalized source contrast,,Unknown/not recorded or not applicable; never zero. See description.,"See source_to_output_mapping.csv, config/conditions.json, and the indicated generating code in run_all.md."
data/processed/bootstrap_csf/p04_l049.csv.gz,source_input_index,Zero-based CSF file number; 0 is deterministic primary CSF; 1-9999 are available resampled inputs; linkage to saved fits unresolved,integer,file index,0..9999,Unknown/not recorded or not applicable; never zero. See description.,"See source_to_output_mapping.csv, config/conditions.json, and the indicated generating code in run_all.md."
data/processed/bootstrap_csf/p04_l049.csv.gz,source_point_index,Zero-based row in the original two-column CSF source file; used for exclusions,integer,row index,>=0,Unknown/not recorded or not applicable; never zero. See description.,"See source_to_output_mapping.csv, config/conditions.json, and the indicated generating code in run_all.md."
data/processed/bootstrap_csf/p04_l049.csv.gz,spatial_frequency_cpd,"Ordinary spatial frequency; raw trial value is round(source_col_15 / 31.5, 3)",number,cycles/degree,>0,Unknown/not recorded or not applicable; never zero. See description.,"See source_to_output_mapping.csv, config/conditions.json, and the indicated generating code in run_all.md."
data/processed/bootstrap_csf/p04_l049.csv.gz,contrast_sensitivity,"Reciprocal of the across-staircase mean threshold, or a current-helper fitted interpolant when in a curve table",number,reciprocal normalized source contrast,,Unknown/not recorded or not applicable; never zero. See description.,"See source_to_output_mapping.csv, config/conditions.json, and the indicated generating code in run_all.md."
data/processed/bootstrap_csf/p04_l100.csv.gz,source_input_index,Zero-based CSF file number; 0 is deterministic primary CSF; 1-9999 are available resampled inputs; linkage to saved fits unresolved,integer,file index,0..9999,Unknown/not recorded or not applicable; never zero. See description.,"See source_to_output_mapping.csv, config/conditions.json, and the indicated generating code in run_all.md."
data/processed/bootstrap_csf/p04_l100.csv.gz,source_point_index,Zero-based row in the original two-column CSF source file; used for exclusions,integer,row index,>=0,Unknown/not recorded or not applicable; never zero. See description.,"See source_to_output_mapping.csv, config/conditions.json, and the indicated generating code in run_all.md."
data/processed/bootstrap_csf/p04_l100.csv.gz,spatial_frequency_cpd,"Ordinary spatial frequency; raw trial value is round(source_col_15 / 31.5, 3)",number,cycles/degree,>0,Unknown/not recorded or not applicable; never zero. See description.,"See source_to_output_mapping.csv, config/conditions.json, and the indicated generating code in run_all.md."
data/processed/bootstrap_csf/p04_l100.csv.gz,contrast_sensitivity,"Reciprocal of the across-staircase mean threshold, or a current-helper fitted interpolant when in a curve table",number,reciprocal normalized source contrast,,Unknown/not recorded or not applicable; never zero. See description.,"See source_to_output_mapping.csv, config/conditions.json, and the indicated generating code in run_all.md."
data/processed/bootstrap_csf/p04_l200.csv.gz,source_input_index,Zero-based CSF file number; 0 is deterministic primary CSF; 1-9999 are available resampled inputs; linkage to saved fits unresolved,integer,file index,0..9999,Unknown/not recorded or not applicable; never zero. See description.,"See source_to_output_mapping.csv, config/conditions.json, and the indicated generating code in run_all.md."
data/processed/bootstrap_csf/p04_l200.csv.gz,source_point_index,Zero-based row in the original two-column CSF source file; used for exclusions,integer,row index,>=0,Unknown/not recorded or not applicable; never zero. See description.,"See source_to_output_mapping.csv, config/conditions.json, and the indicated generating code in run_all.md."
data/processed/bootstrap_csf/p04_l200.csv.gz,spatial_frequency_cpd,"Ordinary spatial frequency; raw trial value is round(source_col_15 / 31.5, 3)",number,cycles/degree,>0,Unknown/not recorded or not applicable; never zero. See description.,"See source_to_output_mapping.csv, config/conditions.json, and the indicated generating code in run_all.md."
data/processed/bootstrap_csf/p04_l200.csv.gz,contrast_sensitivity,"Reciprocal of the across-staircase mean threshold, or a current-helper fitted interpolant when in a curve table",number,reciprocal normalized source contrast,,Unknown/not recorded or not applicable; never zero. See description.,"See source_to_output_mapping.csv, config/conditions.json, and the indicated generating code in run_all.md."
data/processed/bootstrap_csf/p04_l300.csv.gz,source_input_index,Zero-based CSF file number; 0 is deterministic primary CSF; 1-9999 are available resampled inputs; linkage to saved fits unresolved,integer,file index,0..9999,Unknown/not recorded or not applicable; never zero. See description.,"See source_to_output_mapping.csv, config/conditions.json, and the indicated generating code in run_all.md."
data/processed/bootstrap_csf/p04_l300.csv.gz,source_point_index,Zero-based row in the original two-column CSF source file; used for exclusions,integer,row index,>=0,Unknown/not recorded or not applicable; never zero. See description.,"See source_to_output_mapping.csv, config/conditions.json, and the indicated generating code in run_all.md."
data/processed/bootstrap_csf/p04_l300.csv.gz,spatial_frequency_cpd,"Ordinary spatial frequency; raw trial value is round(source_col_15 / 31.5, 3)",number,cycles/degree,>0,Unknown/not recorded or not applicable; never zero. See description.,"See source_to_output_mapping.csv, config/conditions.json, and the indicated generating code in run_all.md."
data/processed/bootstrap_csf/p04_l300.csv.gz,contrast_sensitivity,"Reciprocal of the across-staircase mean threshold, or a current-helper fitted interpolant when in a curve table",number,reciprocal normalized source contrast,,Unknown/not recorded or not applicable; never zero. See description.,"See source_to_output_mapping.csv, config/conditions.json, and the indicated generating code in run_all.md."
data/processed/bootstrap_csf/p04_l370.csv.gz,source_input_index,Zero-based CSF file number; 0 is deterministic primary CSF; 1-9999 are available resampled inputs; linkage to saved fits unresolved,integer,file index,0..9999,Unknown/not recorded or not applicable; never zero. See description.,"See source_to_output_mapping.csv, config/conditions.json, and the indicated generating code in run_all.md."
data/processed/bootstrap_csf/p04_l370.csv.gz,source_point_index,Zero-based row in the original two-column CSF source file; used for exclusions,integer,row index,>=0,Unknown/not recorded or not applicable; never zero. See description.,"See source_to_output_mapping.csv, config/conditions.json, and the indicated generating code in run_all.md."
data/processed/bootstrap_csf/p04_l370.csv.gz,spatial_frequency_cpd,"Ordinary spatial frequency; raw trial value is round(source_col_15 / 31.5, 3)",number,cycles/degree,>0,Unknown/not recorded or not applicable; never zero. See description.,"See source_to_output_mapping.csv, config/conditions.json, and the indicated generating code in run_all.md."
data/processed/bootstrap_csf/p04_l370.csv.gz,contrast_sensitivity,"Reciprocal of the across-staircase mean threshold, or a current-helper fitted interpolant when in a curve table",number,reciprocal normalized source contrast,,Unknown/not recorded or not applicable; never zero. See description.,"See source_to_output_mapping.csv, config/conditions.json, and the indicated generating code in run_all.md."
data/processed/bootstrap_fpref.csv.gz,condition_id,"Pseudonymous participant-luminance identifier, not chronological session order",string,,conditions.json,Unknown/not recorded or not applicable; never zero. See description.,"See source_to_output_mapping.csv, config/conditions.json, and the indicated generating code in run_all.md."
data/processed/bootstrap_fpref.csv.gz,participant_id,Public participant identifier; P01-P04 correspond to manuscript Subjects 1-4,string,,P01|P02|P03|P04,Unknown/not recorded or not applicable; never zero. See description.,"See source_to_output_mapping.csv, config/conditions.json, and the indicated generating code in run_all.md."
data/processed/bootstrap_fpref.csv.gz,luminance_cd_m2,Luminance condition used by the supplied plotting/analysis configuration,number,cd/m^2,>0,Unknown/not recorded or not applicable; never zero. See description.,"See source_to_output_mapping.csv, config/conditions.json, and the indicated generating code in run_all.md."
data/processed/bootstrap_fpref.csv.gz,saved_fit_row,One-based row in original saved AoE fitted list; not a verified original bootstrap iteration ID,integer,row index,1..10000,Unknown/not recorded or not applicable; never zero. See description.,"See source_to_output_mapping.csv, config/conditions.json, and the indicated generating code in run_all.md."
data/processed/bootstrap_fpref.csv.gz,f_pref_cpd,Preferred ordinary spatial frequency in the original saved fitted list; source precision is four decimals,number,cycles/degree,,Unknown/not recorded or not applicable; never zero. See description.,"See source_to_output_mapping.csv, config/conditions.json, and the indicated generating code in run_all.md."
data/processed/bootstrap_fpref.csv.gz,nrmse,RMSE divided by mean observed sensitivity; source metric uses interpolated fitted values at observed frequencies,number,dimensionless,,Unknown/not recorded or not applicable; never zero. See description.,"See source_to_output_mapping.csv, config/conditions.json, and the indicated generating code in run_all.md."
data/processed/bootstrap_fpref.csv.gz,mape_percent,Mean absolute percentage error from original saved fit-quality column,number,percent,,Unknown/not recorded or not applicable; never zero. See description.,"See source_to_output_mapping.csv, config/conditions.json, and the indicated generating code in run_all.md."
data/processed/bootstrap_fpref.csv.gz,rmse,Root mean square error in original saved fit-quality column,number,contrast sensitivity units,,Unknown/not recorded or not applicable; never zero. See description.,"See source_to_output_mapping.csv, config/conditions.json, and the indicated generating code in run_all.md."
data/processed/bootstrap_fpref.csv.gz,mae,Mean absolute error in original saved fit-quality column,number,contrast sensitivity units,,Unknown/not recorded or not applicable; never zero. See description.,"See source_to_output_mapping.csv, config/conditions.json, and the indicated generating code in run_all.md."
data/processed/bootstrap_fpref.csv.gz,retained_for_summary,Passes inclusive NRMSE range 0-0.3 and f_pref strictly greater than 1.05 cpd,boolean,,True|False,Unknown/not recorded or not applicable; never zero. See description.,"See source_to_output_mapping.csv, config/conditions.json, and the indicated generating code in run_all.md."
data/processed/bootstrap_fpref.csv.gz,exclusion_reason,Applied exclusion rule or explicit marker that the author rationale was not recorded; blank means no exclusion for this row,string,,,No exclusion/warning/error for this row; unknown rationale is explicitly labelled.,"See source_to_output_mapping.csv, config/conditions.json, and the indicated generating code in run_all.md."
data/processed/bootstrap_fpref.csv.gz,fit_success_recorded,Historical fit-success flag was not supplied; no value has been invented,boolean or missing,,empty in every archived row,Historical success metadata absent for every saved fit; deliberately blank.,"See source_to_output_mapping.csv, config/conditions.json, and the indicated generating code in run_all.md."
data/processed/bootstrap_fpref.csv.gz,source_id,Opaque source identifier linking to source_manifest or bootstrap source manifests,string,,,Unknown/not recorded or not applicable; never zero. See description.,"See source_to_output_mapping.csv, config/conditions.json, and the indicated generating code in run_all.md."
data/processed/csf_curves_recomputed.csv,condition_id,"Pseudonymous participant-luminance identifier, not chronological session order",string,,conditions.json,Unknown/not recorded or not applicable; never zero. See description.,"See source_to_output_mapping.csv, config/conditions.json, and the indicated generating code in run_all.md."
data/processed/csf_curves_recomputed.csv,curve_index,Zero-based numerical curve sample index,integer,index,>=0,Unknown/not recorded or not applicable; never zero. See description.,"See source_to_output_mapping.csv, config/conditions.json, and the indicated generating code in run_all.md."
data/processed/csf_curves_recomputed.csv,spatial_frequency_cpd,"Ordinary spatial frequency; raw trial value is round(source_col_15 / 31.5, 3)",number,cycles/degree,>0,Unknown/not recorded or not applicable; never zero. See description.,"See source_to_output_mapping.csv, config/conditions.json, and the indicated generating code in run_all.md."
data/processed/csf_curves_recomputed.csv,contrast_sensitivity,"Reciprocal of the across-staircase mean threshold, or a current-helper fitted interpolant when in a curve table",number,reciprocal normalized source contrast,,Unknown/not recorded or not applicable; never zero. See description.,"See source_to_output_mapping.csv, config/conditions.json, and the indicated generating code in run_all.md."
data/processed/csf_fit_metrics_recomputed.csv,condition_id,"Pseudonymous participant-luminance identifier, not chronological session order",string,,conditions.json,Unknown/not recorded or not applicable; never zero. See description.,"See source_to_output_mapping.csv, config/conditions.json, and the indicated generating code in run_all.md."
data/processed/csf_fit_metrics_recomputed.csv,baseline_fit_peak_cpd,Maximum-grid location of a primary CSF fitted by the current helper,number,cycles/degree,,Unknown/not recorded or not applicable; never zero. See description.,"See source_to_output_mapping.csv, config/conditions.json, and the indicated generating code in run_all.md."
data/processed/csf_fit_metrics_recomputed.csv,nrmse,RMSE divided by mean observed sensitivity; source metric uses interpolated fitted values at observed frequencies,number,dimensionless,,Unknown/not recorded or not applicable; never zero. See description.,"See source_to_output_mapping.csv, config/conditions.json, and the indicated generating code in run_all.md."
data/processed/csf_fit_metrics_recomputed.csv,n_fit_points,Number of retained primary measurements used in current CSF fit,integer,count,,Unknown/not recorded or not applicable; never zero. See description.,"See source_to_output_mapping.csv, config/conditions.json, and the indicated generating code in run_all.md."
data/processed/csf_fit_metrics_recomputed.csv,grid_min_cpd,Lower endpoint of current-helper fitted-frequency grid,number,cycles/degree,0.1,Unknown/not recorded or not applicable; never zero. See description.,"See source_to_output_mapping.csv, config/conditions.json, and the indicated generating code in run_all.md."
data/processed/csf_fit_metrics_recomputed.csv,grid_max_exclusive_cpd,Exclusive upper endpoint of current-helper arange frequency grid,number,cycles/degree,,Unknown/not recorded or not applicable; never zero. See description.,"See source_to_output_mapping.csv, config/conditions.json, and the indicated generating code in run_all.md."
data/processed/csf_fit_metrics_recomputed.csv,warning_count,Number of numerical warnings captured during the fit; repeated messages are summarized separately,integer,count,>=0,Unknown/not recorded or not applicable; never zero. See description.,"See source_to_output_mapping.csv, config/conditions.json, and the indicated generating code in run_all.md."
data/processed/csf_fit_metrics_recomputed.csv,warnings,Distinct numerical warning messages or recorded exception text,string,,,No exclusion/warning/error for this row; unknown rationale is explicitly labelled.,"See source_to_output_mapping.csv, config/conditions.json, and the indicated generating code in run_all.md."
data/processed/csf_fit_metrics_recomputed.csv,status,"Provenance, execution or verification status; execution is not certification of historical agreement",string,,,Unknown/not recorded or not applicable; never zero. See description.,"See source_to_output_mapping.csv, config/conditions.json, and the indicated generating code in run_all.md."
data/processed/csf_fit_parameters_recomputed.csv,condition_id,"Pseudonymous participant-luminance identifier, not chronological session order",string,,conditions.json,Unknown/not recorded or not applicable; never zero. See description.,"See source_to_output_mapping.csv, config/conditions.json, and the indicated generating code in run_all.md."
data/processed/csf_fit_parameters_recomputed.csv,parameter,Empirical CSF parameter name; see config/analysis_config.json,string,,,Unknown/not recorded or not applicable; never zero. See description.,"See source_to_output_mapping.csv, config/conditions.json, and the indicated generating code in run_all.md."
data/processed/csf_fit_parameters_recomputed.csv,value,"Parameter value, without added rounding; status identifies whether it is literal source metadata or newly recomputed",number,units column or model-specific parameterization,,Unknown/not recorded or not applicable; never zero. See description.,"See source_to_output_mapping.csv, config/conditions.json, and the indicated generating code in run_all.md."
data/processed/csf_fit_parameters_recomputed.csv,units,Documented unit string; unconfirmed means no definitive unit was established,string,,,Unknown/not recorded or not applicable; never zero. See description.,"See source_to_output_mapping.csv, config/conditions.json, and the indicated generating code in run_all.md."
data/processed/csf_fit_parameters_recomputed.csv,status,"Provenance, execution or verification status; execution is not certification of historical agreement",string,,,Unknown/not recorded or not applicable; never zero. See description.,"See source_to_output_mapping.csv, config/conditions.json, and the indicated generating code in run_all.md."
data/processed/csf_thresholds.csv,condition_id,"Pseudonymous participant-luminance identifier, not chronological session order",string,,conditions.json,Unknown/not recorded or not applicable; never zero. See description.,"See source_to_output_mapping.csv, config/conditions.json, and the indicated generating code in run_all.md."
data/processed/csf_thresholds.csv,participant_id,Public participant identifier; P01-P04 correspond to manuscript Subjects 1-4,string,,P01|P02|P03|P04,Unknown/not recorded or not applicable; never zero. See description.,"See source_to_output_mapping.csv, config/conditions.json, and the indicated generating code in run_all.md."
data/processed/csf_thresholds.csv,luminance_cd_m2,Luminance condition used by the supplied plotting/analysis configuration,number,cd/m^2,>0,Unknown/not recorded or not applicable; never zero. See description.,"See source_to_output_mapping.csv, config/conditions.json, and the indicated generating code in run_all.md."
data/processed/csf_thresholds.csv,source_point_index,Zero-based row in the original two-column CSF source file; used for exclusions,integer,row index,>=0,Unknown/not recorded or not applicable; never zero. See description.,"See source_to_output_mapping.csv, config/conditions.json, and the indicated generating code in run_all.md."
data/processed/csf_thresholds.csv,spatial_frequency_cpd,"Ordinary spatial frequency; raw trial value is round(source_col_15 / 31.5, 3)",number,cycles/degree,>0,Unknown/not recorded or not applicable; never zero. See description.,"See source_to_output_mapping.csv, config/conditions.json, and the indicated generating code in run_all.md."
data/processed/csf_thresholds.csv,contrast_sensitivity,"Reciprocal of the across-staircase mean threshold, or a current-helper fitted interpolant when in a curve table",number,reciprocal normalized source contrast,,Unknown/not recorded or not applicable; never zero. See description.,"See source_to_output_mapping.csv, config/conditions.json, and the indicated generating code in run_all.md."
data/processed/csf_thresholds.csv,contrast_threshold,Reciprocal of the archived primary contrast sensitivity,number,normalized source contrast,>0,Unknown/not recorded or not applicable; never zero. See description.,"See source_to_output_mapping.csv, config/conditions.json, and the indicated generating code in run_all.md."
data/processed/csf_thresholds.csv,included_in_csf_fit,Primary point is retained by the supplied final plotting driver for empirical curve fitting; all points remain deposited/plotted,boolean,,True|False,Unknown/not recorded or not applicable; never zero. See description.,"See source_to_output_mapping.csv, config/conditions.json, and the indicated generating code in run_all.md."
data/processed/csf_thresholds.csv,source_id,Opaque source identifier linking to source_manifest or bootstrap source manifests,string,,,Unknown/not recorded or not applicable; never zero. See description.,"See source_to_output_mapping.csv, config/conditions.json, and the indicated generating code in run_all.md."
data/processed/figure_source_data/figure2_csf_curves_recomputed.csv,figure,Manuscript figure identifier or coverage group,string,,,Unknown/not recorded or not applicable; never zero. See description.,"See source_to_output_mapping.csv, config/conditions.json, and the indicated generating code in run_all.md."
data/processed/figure_source_data/figure2_csf_curves_recomputed.csv,panel,Manuscript panel intended by the supplied plotting selection; see source_status,string,,,Unknown/not recorded or not applicable; never zero. See description.,"See source_to_output_mapping.csv, config/conditions.json, and the indicated generating code in run_all.md."
data/processed/figure_source_data/figure2_csf_curves_recomputed.csv,condition_id,"Pseudonymous participant-luminance identifier, not chronological session order",string,,conditions.json,Unknown/not recorded or not applicable; never zero. See description.,"See source_to_output_mapping.csv, config/conditions.json, and the indicated generating code in run_all.md."
data/processed/figure_source_data/figure2_csf_curves_recomputed.csv,curve_index,Zero-based numerical curve sample index,integer,index,>=0,Unknown/not recorded or not applicable; never zero. See description.,"See source_to_output_mapping.csv, config/conditions.json, and the indicated generating code in run_all.md."
data/processed/figure_source_data/figure2_csf_curves_recomputed.csv,spatial_frequency_cpd,"Ordinary spatial frequency; raw trial value is round(source_col_15 / 31.5, 3)",number,cycles/degree,>0,Unknown/not recorded or not applicable; never zero. See description.,"See source_to_output_mapping.csv, config/conditions.json, and the indicated generating code in run_all.md."
data/processed/figure_source_data/figure2_csf_curves_recomputed.csv,contrast_sensitivity,"Reciprocal of the across-staircase mean threshold, or a current-helper fitted interpolant when in a curve table",number,reciprocal normalized source contrast,,Unknown/not recorded or not applicable; never zero. See description.,"See source_to_output_mapping.csv, config/conditions.json, and the indicated generating code in run_all.md."
data/processed/figure_source_data/figure2_csf_curves_recomputed.csv,source_status,Distinguishes archived source selection from recomputed curves not certified against the embedded manuscript figure,string,,,Unknown/not recorded or not applicable; never zero. See description.,"See source_to_output_mapping.csv, config/conditions.json, and the indicated generating code in run_all.md."
data/processed/figure_source_data/figure2_csf_points.csv,figure,Manuscript figure identifier or coverage group,string,,,Unknown/not recorded or not applicable; never zero. See description.,"See source_to_output_mapping.csv, config/conditions.json, and the indicated generating code in run_all.md."
data/processed/figure_source_data/figure2_csf_points.csv,panel,Manuscript panel intended by the supplied plotting selection; see source_status,string,,,Unknown/not recorded or not applicable; never zero. See description.,"See source_to_output_mapping.csv, config/conditions.json, and the indicated generating code in run_all.md."
data/processed/figure_source_data/figure2_csf_points.csv,condition_id,"Pseudonymous participant-luminance identifier, not chronological session order",string,,conditions.json,Unknown/not recorded or not applicable; never zero. See description.,"See source_to_output_mapping.csv, config/conditions.json, and the indicated generating code in run_all.md."
data/processed/figure_source_data/figure2_csf_points.csv,participant_id,Public participant identifier; P01-P04 correspond to manuscript Subjects 1-4,string,,P01|P02|P03|P04,Unknown/not recorded or not applicable; never zero. See description.,"See source_to_output_mapping.csv, config/conditions.json, and the indicated generating code in run_all.md."
data/processed/figure_source_data/figure2_csf_points.csv,luminance_cd_m2,Luminance condition used by the supplied plotting/analysis configuration,number,cd/m^2,>0,Unknown/not recorded or not applicable; never zero. See description.,"See source_to_output_mapping.csv, config/conditions.json, and the indicated generating code in run_all.md."
data/processed/figure_source_data/figure2_csf_points.csv,source_point_index,Zero-based row in the original two-column CSF source file; used for exclusions,integer,row index,>=0,Unknown/not recorded or not applicable; never zero. See description.,"See source_to_output_mapping.csv, config/conditions.json, and the indicated generating code in run_all.md."
data/processed/figure_source_data/figure2_csf_points.csv,spatial_frequency_cpd,"Ordinary spatial frequency; raw trial value is round(source_col_15 / 31.5, 3)",number,cycles/degree,>0,Unknown/not recorded or not applicable; never zero. See description.,"See source_to_output_mapping.csv, config/conditions.json, and the indicated generating code in run_all.md."
data/processed/figure_source_data/figure2_csf_points.csv,contrast_sensitivity,"Reciprocal of the across-staircase mean threshold, or a current-helper fitted interpolant when in a curve table",number,reciprocal normalized source contrast,,Unknown/not recorded or not applicable; never zero. See description.,"See source_to_output_mapping.csv, config/conditions.json, and the indicated generating code in run_all.md."
data/processed/figure_source_data/figure2_csf_points.csv,contrast_threshold,Reciprocal of the archived primary contrast sensitivity,number,normalized source contrast,>0,Unknown/not recorded or not applicable; never zero. See description.,"See source_to_output_mapping.csv, config/conditions.json, and the indicated generating code in run_all.md."
data/processed/figure_source_data/figure2_csf_points.csv,included_in_csf_fit,Primary point is retained by the supplied final plotting driver for empirical curve fitting; all points remain deposited/plotted,boolean,,True|False,Unknown/not recorded or not applicable; never zero. See description.,"See source_to_output_mapping.csv, config/conditions.json, and the indicated generating code in run_all.md."
data/processed/figure_source_data/figure2_csf_points.csv,source_id,Opaque source identifier linking to source_manifest or bootstrap source manifests,string,,,Unknown/not recorded or not applicable; never zero. See description.,"See source_to_output_mapping.csv, config/conditions.json, and the indicated generating code in run_all.md."
data/processed/figure_source_data/figure2_csf_points.csv,source_status,Distinguishes archived source selection from recomputed curves not certified against the embedded manuscript figure,string,,,Unknown/not recorded or not applicable; never zero. See description.,"See source_to_output_mapping.csv, config/conditions.json, and the indicated generating code in run_all.md."
data/processed/figure_source_data/figure2_psf_points.csv,figure,Manuscript figure identifier or coverage group,string,,,Unknown/not recorded or not applicable; never zero. See description.,"See source_to_output_mapping.csv, config/conditions.json, and the indicated generating code in run_all.md."
data/processed/figure_source_data/figure2_psf_points.csv,panel,Manuscript panel intended by the supplied plotting selection; see source_status,string,,,Unknown/not recorded or not applicable; never zero. See description.,"See source_to_output_mapping.csv, config/conditions.json, and the indicated generating code in run_all.md."
data/processed/figure_source_data/figure2_psf_points.csv,condition_id,"Pseudonymous participant-luminance identifier, not chronological session order",string,,conditions.json,Unknown/not recorded or not applicable; never zero. See description.,"See source_to_output_mapping.csv, config/conditions.json, and the indicated generating code in run_all.md."
data/processed/figure_source_data/figure2_psf_points.csv,participant_id,Public participant identifier; P01-P04 correspond to manuscript Subjects 1-4,string,,P01|P02|P03|P04,Unknown/not recorded or not applicable; never zero. See description.,"See source_to_output_mapping.csv, config/conditions.json, and the indicated generating code in run_all.md."
data/processed/figure_source_data/figure2_psf_points.csv,luminance_cd_m2,Luminance condition used by the supplied plotting/analysis configuration,number,cd/m^2,>0,Unknown/not recorded or not applicable; never zero. See description.,"See source_to_output_mapping.csv, config/conditions.json, and the indicated generating code in run_all.md."
data/processed/figure_source_data/figure2_psf_points.csv,f_pref_mean_cpd,Arithmetic mean of saved preferred frequencies retained by supplied quality rules,number,cycles/degree,>1.05,Unknown/not recorded or not applicable; never zero. See description.,"See source_to_output_mapping.csv, config/conditions.json, and the indicated generating code in run_all.md."
data/processed/figure_source_data/figure2_psf_points.csv,percentile_2_5_cpd,"2.5th percentile of retained saved preferred-frequency values, NumPy linear method",number,cycles/degree,,Unknown/not recorded or not applicable; never zero. See description.,"See source_to_output_mapping.csv, config/conditions.json, and the indicated generating code in run_all.md."
data/processed/figure_source_data/figure2_psf_points.csv,percentile_97_5_cpd,"97.5th percentile of retained saved preferred-frequency values, NumPy linear method",number,cycles/degree,,Unknown/not recorded or not applicable; never zero. See description.,"See source_to_output_mapping.csv, config/conditions.json, and the indicated generating code in run_all.md."
data/processed/figure_source_data/figure2_psf_points.csv,n_saved_fits,Number of rows available in original saved fit file,integer,count,10000,Unknown/not recorded or not applicable; never zero. See description.,"See source_to_output_mapping.csv, config/conditions.json, and the indicated generating code in run_all.md."
data/processed/figure_source_data/figure2_psf_points.csv,n_pass_nrmse,Number of saved rows satisfying 0 <= NRMSE <= 0.3,integer,count,0..10000,Unknown/not recorded or not applicable; never zero. See description.,"See source_to_output_mapping.csv, config/conditions.json, and the indicated generating code in run_all.md."
data/processed/figure_source_data/figure2_psf_points.csv,n_retained,Number of saved rows retained after both PSF quality rules,integer,count,0..10000,Unknown/not recorded or not applicable; never zero. See description.,"See source_to_output_mapping.csv, config/conditions.json, and the indicated generating code in run_all.md."
data/processed/figure_source_data/figure2_psf_points.csv,n_excluded,Number of saved rows rejected by either PSF quality rule,integer,count,0..10000,Unknown/not recorded or not applicable; never zero. See description.,"See source_to_output_mapping.csv, config/conditions.json, and the indicated generating code in run_all.md."
data/processed/figure_source_data/figure2_psf_points.csv,source_id,Opaque source identifier linking to source_manifest or bootstrap source manifests,string,,,Unknown/not recorded or not applicable; never zero. See description.,"See source_to_output_mapping.csv, config/conditions.json, and the indicated generating code in run_all.md."
data/processed/figure_source_data/figure2_psf_points.csv,source_status,Distinguishes archived source selection from recomputed curves not certified against the embedded manuscript figure,string,,,Unknown/not recorded or not applicable; never zero. See description.,"See source_to_output_mapping.csv, config/conditions.json, and the indicated generating code in run_all.md."
data/processed/figure_source_data/figure3_psf_points.csv,figure,Manuscript figure identifier or coverage group,string,,,Unknown/not recorded or not applicable; never zero. See description.,"See source_to_output_mapping.csv, config/conditions.json, and the indicated generating code in run_all.md."
data/processed/figure_source_data/figure3_psf_points.csv,panel,Manuscript panel intended by the supplied plotting selection; see source_status,string,,,Unknown/not recorded or not applicable; never zero. See description.,"See source_to_output_mapping.csv, config/conditions.json, and the indicated generating code in run_all.md."
data/processed/figure_source_data/figure3_psf_points.csv,condition_id,"Pseudonymous participant-luminance identifier, not chronological session order",string,,conditions.json,Unknown/not recorded or not applicable; never zero. See description.,"See source_to_output_mapping.csv, config/conditions.json, and the indicated generating code in run_all.md."
data/processed/figure_source_data/figure3_psf_points.csv,participant_id,Public participant identifier; P01-P04 correspond to manuscript Subjects 1-4,string,,P01|P02|P03|P04,Unknown/not recorded or not applicable; never zero. See description.,"See source_to_output_mapping.csv, config/conditions.json, and the indicated generating code in run_all.md."
data/processed/figure_source_data/figure3_psf_points.csv,luminance_cd_m2,Luminance condition used by the supplied plotting/analysis configuration,number,cd/m^2,>0,Unknown/not recorded or not applicable; never zero. See description.,"See source_to_output_mapping.csv, config/conditions.json, and the indicated generating code in run_all.md."
data/processed/figure_source_data/figure3_psf_points.csv,f_pref_mean_cpd,Arithmetic mean of saved preferred frequencies retained by supplied quality rules,number,cycles/degree,>1.05,Unknown/not recorded or not applicable; never zero. See description.,"See source_to_output_mapping.csv, config/conditions.json, and the indicated generating code in run_all.md."
data/processed/figure_source_data/figure3_psf_points.csv,percentile_2_5_cpd,"2.5th percentile of retained saved preferred-frequency values, NumPy linear method",number,cycles/degree,,Unknown/not recorded or not applicable; never zero. See description.,"See source_to_output_mapping.csv, config/conditions.json, and the indicated generating code in run_all.md."
data/processed/figure_source_data/figure3_psf_points.csv,percentile_97_5_cpd,"97.5th percentile of retained saved preferred-frequency values, NumPy linear method",number,cycles/degree,,Unknown/not recorded or not applicable; never zero. See description.,"See source_to_output_mapping.csv, config/conditions.json, and the indicated generating code in run_all.md."
data/processed/figure_source_data/figure3_psf_points.csv,n_saved_fits,Number of rows available in original saved fit file,integer,count,10000,Unknown/not recorded or not applicable; never zero. See description.,"See source_to_output_mapping.csv, config/conditions.json, and the indicated generating code in run_all.md."
data/processed/figure_source_data/figure3_psf_points.csv,n_pass_nrmse,Number of saved rows satisfying 0 <= NRMSE <= 0.3,integer,count,0..10000,Unknown/not recorded or not applicable; never zero. See description.,"See source_to_output_mapping.csv, config/conditions.json, and the indicated generating code in run_all.md."
data/processed/figure_source_data/figure3_psf_points.csv,n_retained,Number of saved rows retained after both PSF quality rules,integer,count,0..10000,Unknown/not recorded or not applicable; never zero. See description.,"See source_to_output_mapping.csv, config/conditions.json, and the indicated generating code in run_all.md."
data/processed/figure_source_data/figure3_psf_points.csv,n_excluded,Number of saved rows rejected by either PSF quality rule,integer,count,0..10000,Unknown/not recorded or not applicable; never zero. See description.,"See source_to_output_mapping.csv, config/conditions.json, and the indicated generating code in run_all.md."
data/processed/figure_source_data/figure3_psf_points.csv,source_id,Opaque source identifier linking to source_manifest or bootstrap source manifests,string,,,Unknown/not recorded or not applicable; never zero. See description.,"See source_to_output_mapping.csv, config/conditions.json, and the indicated generating code in run_all.md."
data/processed/figure_source_data/figure3_psf_points.csv,source_status,Distinguishes archived source selection from recomputed curves not certified against the embedded manuscript figure,string,,,Unknown/not recorded or not applicable; never zero. See description.,"See source_to_output_mapping.csv, config/conditions.json, and the indicated generating code in run_all.md."
data/processed/participants.csv,participant_id,Public participant identifier; P01-P04 correspond to manuscript Subjects 1-4,string,,P01|P02|P03|P04,Unknown/not recorded or not applicable; never zero. See description.,"See source_to_output_mapping.csv, config/conditions.json, and the indicated generating code in run_all.md."
data/processed/participants.csv,manuscript_subject,Subject number in the manuscript,integer,,1|2|3|4,Unknown/not recorded or not applicable; never zero. See description.,"See source_to_output_mapping.csv, config/conditions.json, and the indicated generating code in run_all.md."
data/processed/participants.csv,luminance_conditions,Number of selected luminance conditions for the public subject,integer,count,12|6|7,Unknown/not recorded or not applicable; never zero. See description.,"See source_to_output_mapping.csv, config/conditions.json, and the indicated generating code in run_all.md."
data/processed/preferred_frequency.csv,condition_id,"Pseudonymous participant-luminance identifier, not chronological session order",string,,conditions.json,Unknown/not recorded or not applicable; never zero. See description.,"See source_to_output_mapping.csv, config/conditions.json, and the indicated generating code in run_all.md."
data/processed/preferred_frequency.csv,participant_id,Public participant identifier; P01-P04 correspond to manuscript Subjects 1-4,string,,P01|P02|P03|P04,Unknown/not recorded or not applicable; never zero. See description.,"See source_to_output_mapping.csv, config/conditions.json, and the indicated generating code in run_all.md."
data/processed/preferred_frequency.csv,luminance_cd_m2,Luminance condition used by the supplied plotting/analysis configuration,number,cd/m^2,>0,Unknown/not recorded or not applicable; never zero. See description.,"See source_to_output_mapping.csv, config/conditions.json, and the indicated generating code in run_all.md."
data/processed/preferred_frequency.csv,f_pref_mean_cpd,Arithmetic mean of saved preferred frequencies retained by supplied quality rules,number,cycles/degree,>1.05,Unknown/not recorded or not applicable; never zero. See description.,"See source_to_output_mapping.csv, config/conditions.json, and the indicated generating code in run_all.md."
data/processed/preferred_frequency.csv,percentile_2_5_cpd,"2.5th percentile of retained saved preferred-frequency values, NumPy linear method",number,cycles/degree,,Unknown/not recorded or not applicable; never zero. See description.,"See source_to_output_mapping.csv, config/conditions.json, and the indicated generating code in run_all.md."
data/processed/preferred_frequency.csv,percentile_97_5_cpd,"97.5th percentile of retained saved preferred-frequency values, NumPy linear method",number,cycles/degree,,Unknown/not recorded or not applicable; never zero. See description.,"See source_to_output_mapping.csv, config/conditions.json, and the indicated generating code in run_all.md."
data/processed/preferred_frequency.csv,n_saved_fits,Number of rows available in original saved fit file,integer,count,10000,Unknown/not recorded or not applicable; never zero. See description.,"See source_to_output_mapping.csv, config/conditions.json, and the indicated generating code in run_all.md."
data/processed/preferred_frequency.csv,n_pass_nrmse,Number of saved rows satisfying 0 <= NRMSE <= 0.3,integer,count,0..10000,Unknown/not recorded or not applicable; never zero. See description.,"See source_to_output_mapping.csv, config/conditions.json, and the indicated generating code in run_all.md."
data/processed/preferred_frequency.csv,n_retained,Number of saved rows retained after both PSF quality rules,integer,count,0..10000,Unknown/not recorded or not applicable; never zero. See description.,"See source_to_output_mapping.csv, config/conditions.json, and the indicated generating code in run_all.md."
data/processed/preferred_frequency.csv,n_excluded,Number of saved rows rejected by either PSF quality rule,integer,count,0..10000,Unknown/not recorded or not applicable; never zero. See description.,"See source_to_output_mapping.csv, config/conditions.json, and the indicated generating code in run_all.md."
data/processed/preferred_frequency.csv,source_id,Opaque source identifier linking to source_manifest or bootstrap source manifests,string,,,Unknown/not recorded or not applicable; never zero. See description.,"See source_to_output_mapping.csv, config/conditions.json, and the indicated generating code in run_all.md."
data/raw/display_calibration.csv,condition_id,"Pseudonymous participant-luminance identifier, not chronological session order",string,,conditions.json,Unknown/not recorded or not applicable; never zero. See description.,"See source_to_output_mapping.csv, config/conditions.json, and the indicated generating code in run_all.md."
data/raw/display_calibration.csv,participant_id,Public participant identifier; P01-P04 correspond to manuscript Subjects 1-4,string,,P01|P02|P03|P04,Unknown/not recorded or not applicable; never zero. See description.,"See source_to_output_mapping.csv, config/conditions.json, and the indicated generating code in run_all.md."
data/raw/display_calibration.csv,luminance_cd_m2,Luminance condition used by the supplied plotting/analysis configuration,number,cd/m^2,>0,Unknown/not recorded or not applicable; never zero. See description.,"See source_to_output_mapping.csv, config/conditions.json, and the indicated generating code in run_all.md."
data/raw/display_calibration.csv,background_intensity_source,Background display intensity used in operational contrast normalization,number,dimensionless source intensity,,Unknown/not recorded or not applicable; never zero. See description.,"See source_to_output_mapping.csv, config/conditions.json, and the indicated generating code in run_all.md."
data/raw/display_calibration.csv,max_monitor_cd_m2_source,Source maximum-monitor setting; not an independently verified per-trial calibration measurement,number,cd/m^2,400|500 observed,Unknown/not recorded or not applicable; never zero. See description.,"See source_to_output_mapping.csv, config/conditions.json, and the indicated generating code in run_all.md."
data/raw/display_calibration.csv,raw_frequency_divisor,Divisor converting trial source_col_15 to ordinary cycles/degree before existing three-decimal rounding,number,source frequency units per cycles/degree,31.5,Unknown/not recorded or not applicable; never zero. See description.,"See source_to_output_mapping.csv, config/conditions.json, and the indicated generating code in run_all.md."
data/raw/staircase_reversals.csv,condition_id,"Pseudonymous participant-luminance identifier, not chronological session order",string,,conditions.json,Unknown/not recorded or not applicable; never zero. See description.,"See source_to_output_mapping.csv, config/conditions.json, and the indicated generating code in run_all.md."
data/raw/staircase_reversals.csv,participant_id,Public participant identifier; P01-P04 correspond to manuscript Subjects 1-4,string,,P01|P02|P03|P04,Unknown/not recorded or not applicable; never zero. See description.,"See source_to_output_mapping.csv, config/conditions.json, and the indicated generating code in run_all.md."
data/raw/staircase_reversals.csv,staircase_id,Unique public staircase identifier combining source file and within-file code,string,,,Unknown/not recorded or not applicable; never zero. See description.,"See source_to_output_mapping.csv, config/conditions.json, and the indicated generating code in run_all.md."
data/raw/staircase_reversals.csv,source_id,Opaque source identifier linking to source_manifest or bootstrap source manifests,string,,,Unknown/not recorded or not applicable; never zero. See description.,"See source_to_output_mapping.csv, config/conditions.json, and the indicated generating code in run_all.md."
data/raw/staircase_reversals.csv,reversal_number_detected,"One-based ordinal from supplied count_reversals_HighLow, including additional detected reversals",integer,reversal index,>=1,Unknown/not recorded or not applicable; never zero. See description.,"See source_to_output_mapping.csv, config/conditions.json, and the indicated generating code in run_all.md."
data/raw/staircase_reversals.csv,trial_within_staircase,One-based trial position after grouping a file by staircase code; not a global trial ID,integer,trial index,>=1,Unknown/not recorded or not applicable; never zero. See description.,"See source_to_output_mapping.csv, config/conditions.json, and the indicated generating code in run_all.md."
data/raw/staircase_reversals.csv,source_row,Original one-based row in the source numeric trial matrix,integer,row index,>=1,Unknown/not recorded or not applicable; never zero. See description.,"See source_to_output_mapping.csv, config/conditions.json, and the indicated generating code in run_all.md."
data/raw/staircase_reversals.csv,contrast_normalized_source,Operational source contrast: (source_col_06 - background_intensity_source)/(1-background_intensity_source); physical calibration not assumed,number,dimensionless source contrast,,Unknown/not recorded or not applicable; never zero. See description.,"See source_to_output_mapping.csv, config/conditions.json, and the indicated generating code in run_all.md."
data/raw/staircase_reversals.csv,in_last8_point_estimate,Detected reversal lies among the final eight; independent of whether staircase was excluded,boolean,,True|False,Unknown/not recorded or not applicable; never zero. See description.,"See source_to_output_mapping.csv, config/conditions.json, and the indicated generating code in run_all.md."
data/raw/staircase_reversals.csv,staircase_included,Staircase contributes to the primary CSF,boolean,,True|False,Unknown/not recorded or not applicable; never zero. See description.,"See source_to_output_mapping.csv, config/conditions.json, and the indicated generating code in run_all.md."
data/raw/staircase_summary.csv,condition_id,"Pseudonymous participant-luminance identifier, not chronological session order",string,,conditions.json,Unknown/not recorded or not applicable; never zero. See description.,"See source_to_output_mapping.csv, config/conditions.json, and the indicated generating code in run_all.md."
data/raw/staircase_summary.csv,participant_id,Public participant identifier; P01-P04 correspond to manuscript Subjects 1-4,string,,P01|P02|P03|P04,Unknown/not recorded or not applicable; never zero. See description.,"See source_to_output_mapping.csv, config/conditions.json, and the indicated generating code in run_all.md."
data/raw/staircase_summary.csv,staircase_id,Unique public staircase identifier combining source file and within-file code,string,,,Unknown/not recorded or not applicable; never zero. See description.,"See source_to_output_mapping.csv, config/conditions.json, and the indicated generating code in run_all.md."
data/raw/staircase_summary.csv,source_id,Opaque source identifier linking to source_manifest or bootstrap source manifests,string,,,Unknown/not recorded or not applicable; never zero. See description.,"See source_to_output_mapping.csv, config/conditions.json, and the indicated generating code in run_all.md."
data/raw/staircase_summary.csv,staircase_code_source,"Local staircase identifier from source_col_04, unique only within source file",integer,source code,,Unknown/not recorded or not applicable; never zero. See description.,"See source_to_output_mapping.csv, config/conditions.json, and the indicated generating code in run_all.md."
data/raw/staircase_summary.csv,spatial_frequency_cpd,"Ordinary spatial frequency; raw trial value is round(source_col_15 / 31.5, 3)",number,cycles/degree,>0,Unknown/not recorded or not applicable; never zero. See description.,"See source_to_output_mapping.csv, config/conditions.json, and the indicated generating code in run_all.md."
data/raw/staircase_summary.csv,n_trials,Number of recorded trials in the staircase,integer,count,>=1,Unknown/not recorded or not applicable; never zero. See description.,"See source_to_output_mapping.csv, config/conditions.json, and the indicated generating code in run_all.md."
data/raw/staircase_summary.csv,n_trials_used,Number of trials passed to detector after original 200-trial cap,integer,count,<=200,Unknown/not recorded or not applicable; never zero. See description.,"See source_to_output_mapping.csv, config/conditions.json, and the indicated generating code in run_all.md."
data/raw/staircase_summary.csv,n_detected_reversals,Number of turning points returned by the original reversal detector,integer,count,9|10|11|12 observed,Unknown/not recorded or not applicable; never zero. See description.,"See source_to_output_mapping.csv, config/conditions.json, and the indicated generating code in run_all.md."
data/raw/staircase_summary.csv,threshold_last8_median,Median of final eight detected normalized source contrasts,number,dimensionless source contrast,>0,Unknown/not recorded or not applicable; never zero. See description.,"See source_to_output_mapping.csv, config/conditions.json, and the indicated generating code in run_all.md."
data/raw/staircase_summary.csv,included_in_primary_csf,Record contributes to the reconstructed primary CSF after recorded staircase exclusion and 200-trial cap,boolean,,True|False,Unknown/not recorded or not applicable; never zero. See description.,"See source_to_output_mapping.csv, config/conditions.json, and the indicated generating code in run_all.md."
data/raw/staircase_summary.csv,exclusion_reason,Applied exclusion rule or explicit marker that the author rationale was not recorded; blank means no exclusion for this row,string,,,No exclusion/warning/error for this row; unknown rationale is explicitly labelled.,"See source_to_output_mapping.csv, config/conditions.json, and the indicated generating code in run_all.md."
data/raw/stimulus_metadata.csv,condition_id,"Pseudonymous participant-luminance identifier, not chronological session order",string,,conditions.json,Unknown/not recorded or not applicable; never zero. See description.,"See source_to_output_mapping.csv, config/conditions.json, and the indicated generating code in run_all.md."
data/raw/stimulus_metadata.csv,participant_id,Public participant identifier; P01-P04 correspond to manuscript Subjects 1-4,string,,P01|P02|P03|P04,Unknown/not recorded or not applicable; never zero. See description.,"See source_to_output_mapping.csv, config/conditions.json, and the indicated generating code in run_all.md."
data/raw/stimulus_metadata.csv,source_id,Opaque source identifier linking to source_manifest or bootstrap source manifests,string,,,Unknown/not recorded or not applicable; never zero. See description.,"See source_to_output_mapping.csv, config/conditions.json, and the indicated generating code in run_all.md."
data/raw/stimulus_metadata.csv,source_key,Original stimulus metadata key with exact dates/linkage fields omitted,string,,metadata_key_dictionary.csv,Unknown/not recorded or not applicable; never zero. See description.,"See source_to_output_mapping.csv, config/conditions.json, and the indicated generating code in run_all.md."
data/raw/stimulus_metadata.csv,source_value,Original retained metadata value as text; expressions are not evaluated,string,see metadata_key_dictionary.csv,,Unknown/not recorded or not applicable; never zero. See description.,"See source_to_output_mapping.csv, config/conditions.json, and the indicated generating code in run_all.md."
data/raw/trials.csv.gz,condition_id,"Pseudonymous participant-luminance identifier, not chronological session order",string,,conditions.json,Unknown/not recorded or not applicable; never zero. See description.,"See source_to_output_mapping.csv, config/conditions.json, and the indicated generating code in run_all.md."
data/raw/trials.csv.gz,participant_id,Public participant identifier; P01-P04 correspond to manuscript Subjects 1-4,string,,P01|P02|P03|P04,Unknown/not recorded or not applicable; never zero. See description.,"See source_to_output_mapping.csv, config/conditions.json, and the indicated generating code in run_all.md."
data/raw/trials.csv.gz,session_id,"Pseudonymous selected source-folder session label, not an acquisition date",string,,condition_id plus S01,Unknown/not recorded or not applicable; never zero. See description.,"See source_to_output_mapping.csv, config/conditions.json, and the indicated generating code in run_all.md."
data/raw/trials.csv.gz,staircase_id,Unique public staircase identifier combining source file and within-file code,string,,,Unknown/not recorded or not applicable; never zero. See description.,"See source_to_output_mapping.csv, config/conditions.json, and the indicated generating code in run_all.md."
data/raw/trials.csv.gz,source_id,Opaque source identifier linking to source_manifest or bootstrap source manifests,string,,,Unknown/not recorded or not applicable; never zero. See description.,"See source_to_output_mapping.csv, config/conditions.json, and the indicated generating code in run_all.md."
data/raw/trials.csv.gz,source_row,Original one-based row in the source numeric trial matrix,integer,row index,>=1,Unknown/not recorded or not applicable; never zero. See description.,"See source_to_output_mapping.csv, config/conditions.json, and the indicated generating code in run_all.md."
data/raw/trials.csv.gz,trial_within_staircase,One-based trial position after grouping a file by staircase code; not a global trial ID,integer,trial index,>=1,Unknown/not recorded or not applicable; never zero. See description.,"See source_to_output_mapping.csv, config/conditions.json, and the indicated generating code in run_all.md."
data/raw/trials.csv.gz,luminance_cd_m2,Luminance condition used by the supplied plotting/analysis configuration,number,cd/m^2,>0,Unknown/not recorded or not applicable; never zero. See description.,"See source_to_output_mapping.csv, config/conditions.json, and the indicated generating code in run_all.md."
data/raw/trials.csv.gz,spatial_frequency_cpd,"Ordinary spatial frequency; raw trial value is round(source_col_15 / 31.5, 3)",number,cycles/degree,>0,Unknown/not recorded or not applicable; never zero. See description.,"See source_to_output_mapping.csv, config/conditions.json, and the indicated generating code in run_all.md."
data/raw/trials.csv.gz,contrast_normalized_source,Operational source contrast: (source_col_06 - background_intensity_source)/(1-background_intensity_source); physical calibration not assumed,number,dimensionless source contrast,,Unknown/not recorded or not applicable; never zero. See description.,"See source_to_output_mapping.csv, config/conditions.json, and the indicated generating code in run_all.md."
data/raw/trials.csv.gz,correct,Derived equality of stimulus side code source_col_01 and response code source_col_02,boolean,,True|False,Unknown/not recorded or not applicable; never zero. See description.,"See source_to_output_mapping.csv, config/conditions.json, and the indicated generating code in run_all.md."
data/raw/trials.csv.gz,included_in_primary_csf,Record contributes to the reconstructed primary CSF after recorded staircase exclusion and 200-trial cap,boolean,,True|False,Unknown/not recorded or not applicable; never zero. See description.,"See source_to_output_mapping.csv, config/conditions.json, and the indicated generating code in run_all.md."
data/raw/trials.csv.gz,source_col_00,Signed probe position stored in source matrix; definitive coordinate units unconfirmed,number,source coordinate units,source values,Unknown/not recorded or not applicable; never zero. See description.,"See source_to_output_mapping.csv, config/conditions.json, and the indicated generating code in run_all.md."
data/raw/trials.csv.gz,source_col_01,Stimulus side code from source matrix; binary codes preserved without assigning left/right labels,number,code,source values,Unknown/not recorded or not applicable; never zero. See description.,"See source_to_output_mapping.csv, config/conditions.json, and the indicated generating code in run_all.md."
data/raw/trials.csv.gz,source_col_02,Participant response side code from source matrix; compared with source_col_01 to derive correct,number,code,source values,Unknown/not recorded or not applicable; never zero. See description.,"See source_to_output_mapping.csv, config/conditions.json, and the indicated generating code in run_all.md."
data/raw/trials.csv.gz,source_col_03,Unmodified raw numeric column; meaning was not established by the supplied analysis loader. Retained to avoid information loss.,number,unconfirmed,source values,Unknown/not recorded or not applicable; never zero. See description.,"See source_to_output_mapping.csv, config/conditions.json, and the indicated generating code in run_all.md."
data/raw/trials.csv.gz,source_col_04,Within-file staircase identifier used for grouping trials,number,code,source values,Unknown/not recorded or not applicable; never zero. See description.,"See source_to_output_mapping.csv, config/conditions.json, and the indicated generating code in run_all.md."
data/raw/trials.csv.gz,source_col_05,Unmodified raw numeric column; meaning was not established by the supplied analysis loader. Retained to avoid information loss.,number,unconfirmed,source values,Unknown/not recorded or not applicable; never zero. See description.,"See source_to_output_mapping.csv, config/conditions.json, and the indicated generating code in run_all.md."
data/raw/trials.csv.gz,source_col_06,Displayed probe intensity in source coordinates; used by operational contrast-normalization helper,number,source display intensity,source values,Unknown/not recorded or not applicable; never zero. See description.,"See source_to_output_mapping.csv, config/conditions.json, and the indicated generating code in run_all.md."
data/raw/trials.csv.gz,source_col_07,Unmodified raw numeric column; meaning was not established by the supplied analysis loader. Retained to avoid information loss.,number,unconfirmed,source values,Unknown/not recorded or not applicable; never zero. See description.,"See source_to_output_mapping.csv, config/conditions.json, and the indicated generating code in run_all.md."
data/raw/trials.csv.gz,source_col_08,Unmodified raw numeric column; meaning was not established by the supplied analysis loader. Retained to avoid information loss.,number,unconfirmed,source values,Unknown/not recorded or not applicable; never zero. See description.,"See source_to_output_mapping.csv, config/conditions.json, and the indicated generating code in run_all.md."
data/raw/trials.csv.gz,source_col_09,Unmodified raw numeric column; meaning was not established by the supplied analysis loader. Retained to avoid information loss.,number,unconfirmed,source values,Unknown/not recorded or not applicable; never zero. See description.,"See source_to_output_mapping.csv, config/conditions.json, and the indicated generating code in run_all.md."
data/raw/trials.csv.gz,source_col_10,Source correctTick/counter field read by supplied loader; not relabelled as binary correctness,number,source code/counter,source values,Unknown/not recorded or not applicable; never zero. See description.,"See source_to_output_mapping.csv, config/conditions.json, and the indicated generating code in run_all.md."
data/raw/trials.csv.gz,source_col_11,Unmodified raw numeric column; meaning was not established by the supplied analysis loader. Retained to avoid information loss.,number,unconfirmed,source values,Unknown/not recorded or not applicable; never zero. See description.,"See source_to_output_mapping.csv, config/conditions.json, and the indicated generating code in run_all.md."
data/raw/trials.csv.gz,source_col_12,Unmodified raw numeric column; meaning was not established by the supplied analysis loader. Retained to avoid information loss.,number,unconfirmed,source values,Unknown/not recorded or not applicable; never zero. See description.,"See source_to_output_mapping.csv, config/conditions.json, and the indicated generating code in run_all.md."
data/raw/trials.csv.gz,source_col_13,Unmodified raw numeric column; meaning was not established by the supplied analysis loader. Retained to avoid information loss.,number,unconfirmed,source values,Unknown/not recorded or not applicable; never zero. See description.,"See source_to_output_mapping.csv, config/conditions.json, and the indicated generating code in run_all.md."
data/raw/trials.csv.gz,source_col_14,Unmodified raw numeric column; meaning was not established by the supplied analysis loader. Retained to avoid information loss.,number,unconfirmed,source values,Unknown/not recorded or not applicable; never zero. See description.,"See source_to_output_mapping.csv, config/conditions.json, and the indicated generating code in run_all.md."
data/raw/trials.csv.gz,source_col_15,Source frequency parameter used by supplied loader; divide by 31.5 and round to three decimals to obtain cycles/degree,number,source frequency units,source values,Unknown/not recorded or not applicable; never zero. See description.,"See source_to_output_mapping.csv, config/conditions.json, and the indicated generating code in run_all.md."
figure_coverage.csv,figure,Manuscript figure identifier or coverage group,string,,,Unknown/not recorded or not applicable; never zero. See description.,"See source_to_output_mapping.csv, config/conditions.json, and the indicated generating code in run_all.md."
figure_coverage.csv,panels,Panel group covered by a figure-coverage row,string,,,Unknown/not recorded or not applicable; never zero. See description.,"See source_to_output_mapping.csv, config/conditions.json, and the indicated generating code in run_all.md."
figure_coverage.csv,status,"Provenance, execution or verification status; execution is not certification of historical agreement",string,,,Unknown/not recorded or not applicable; never zero. See description.,"See source_to_output_mapping.csv, config/conditions.json, and the indicated generating code in run_all.md."
figure_coverage.csv,files,Relative data locations for a figure coverage group,string,,,Unknown/not recorded or not applicable; never zero. See description.,"See source_to_output_mapping.csv, config/conditions.json, and the indicated generating code in run_all.md."
figure_coverage.csv,limitation,Explicit boundary on figure or scientific reproduction,string,,,Unknown/not recorded or not applicable; never zero. See description.,"See source_to_output_mapping.csv, config/conditions.json, and the indicated generating code in run_all.md."
metadata_key_dictionary.csv,source_key,Original stimulus metadata key with exact dates/linkage fields omitted,string,,metadata_key_dictionary.csv,Unknown/not recorded or not applicable; never zero. See description.,"See source_to_output_mapping.csv, config/conditions.json, and the indicated generating code in run_all.md."
metadata_key_dictionary.csv,description,"Human-readable file, field, or metadata definition",string,,,Unknown/not recorded or not applicable; never zero. See description.,"See source_to_output_mapping.csv, config/conditions.json, and the indicated generating code in run_all.md."
metadata_key_dictionary.csv,units,Documented unit string; unconfirmed means no definitive unit was established,string,,,Unknown/not recorded or not applicable; never zero. See description.,"See source_to_output_mapping.csv, config/conditions.json, and the indicated generating code in run_all.md."
metadata_key_dictionary.csv,observed_values,Distinct observed metadata strings; not a declared allowable range,string,,,Unknown/not recorded or not applicable; never zero. See description.,"See source_to_output_mapping.csv, config/conditions.json, and the indicated generating code in run_all.md."
metadata_key_dictionary.csv,interpretation_status,Evidence or limitation for the metadata interpretation,string,,,Unknown/not recorded or not applicable; never zero. See description.,"See source_to_output_mapping.csv, config/conditions.json, and the indicated generating code in run_all.md."
source_manifest.csv,source_id,Opaque source identifier linking to source_manifest or bootstrap source manifests,string,,,Unknown/not recorded or not applicable; never zero. See description.,"See source_to_output_mapping.csv, config/conditions.json, and the indicated generating code in run_all.md."
source_manifest.csv,source_bytes,Size in bytes of the original source file before standardized transformation/compression,integer,bytes,>=0,Unknown/not recorded or not applicable; never zero. See description.,"See source_to_output_mapping.csv, config/conditions.json, and the indicated generating code in run_all.md."
source_manifest.csv,source_sha256,SHA-256 digest of original source bytes,string,,64 lowercase hexadecimal characters,Unknown/not recorded or not applicable; never zero. See description.,"See source_to_output_mapping.csv, config/conditions.json, and the indicated generating code in run_all.md."
source_manifest.csv,output_file,Relative package path containing a transformed/copied source,string,,relative path or empty for private-only source context,Unknown/not recorded or not applicable; never zero. See description.,"See source_to_output_mapping.csv, config/conditions.json, and the indicated generating code in run_all.md."
source_manifest.csv,role,Role of source or file in the archived workflow,string,,,Unknown/not recorded or not applicable; never zero. See description.,"See source_to_output_mapping.csv, config/conditions.json, and the indicated generating code in run_all.md."
source_to_output_mapping.csv,source_family,Logical group of related original sources,string,,,Unknown/not recorded or not applicable; never zero. See description.,"See source_to_output_mapping.csv, config/conditions.json, and the indicated generating code in run_all.md."
source_to_output_mapping.csv,source_ids,Source-ID convention or list for this family,string,,,Unknown/not recorded or not applicable; never zero. See description.,"See source_to_output_mapping.csv, config/conditions.json, and the indicated generating code in run_all.md."
source_to_output_mapping.csv,public_files,Relative public outputs receiving this source family,string,,,Unknown/not recorded or not applicable; never zero. See description.,"See source_to_output_mapping.csv, config/conditions.json, and the indicated generating code in run_all.md."
source_to_output_mapping.csv,transformation,Documented mapping from source values to public data,string,,,Unknown/not recorded or not applicable; never zero. See description.,"See source_to_output_mapping.csv, config/conditions.json, and the indicated generating code in run_all.md."
supplied_materials.csv,source_id,Opaque source identifier linking to source_manifest or bootstrap source manifests,string,,,Unknown/not recorded or not applicable; never zero. See description.,"See source_to_output_mapping.csv, config/conditions.json, and the indicated generating code in run_all.md."
supplied_materials.csv,supplied_file_name,Original supplied document/code basename; private directories omitted,string,,,Unknown/not recorded or not applicable; never zero. See description.,"See source_to_output_mapping.csv, config/conditions.json, and the indicated generating code in run_all.md."
supplied_materials.csv,role,Role of source or file in the archived workflow,string,,,Unknown/not recorded or not applicable; never zero. See description.,"See source_to_output_mapping.csv, config/conditions.json, and the indicated generating code in run_all.md."
supplied_materials.csv,source_bytes,Size in bytes of the original source file before standardized transformation/compression,integer,bytes,>=0,Unknown/not recorded or not applicable; never zero. See description.,"See source_to_output_mapping.csv, config/conditions.json, and the indicated generating code in run_all.md."
supplied_materials.csv,source_sha256,SHA-256 digest of original source bytes,string,,64 lowercase hexadecimal characters,Unknown/not recorded or not applicable; never zero. See description.,"See source_to_output_mapping.csv, config/conditions.json, and the indicated generating code in run_all.md."
supplied_materials.csv,public_derivative,"Relative derivative path, or empty when original supplied context is private-only",string,,,Unknown/not recorded or not applicable; never zero. See description.,"See source_to_output_mapping.csv, config/conditions.json, and the indicated generating code in run_all.md."
validation/bootstrap_source_manifest/p01_l010.csv.gz,source_id,Opaque source identifier linking to source_manifest or bootstrap source manifests,string,,,Unknown/not recorded or not applicable; never zero. See description.,"See source_to_output_mapping.csv, config/conditions.json, and the indicated generating code in run_all.md."
validation/bootstrap_source_manifest/p01_l010.csv.gz,source_bytes,Size in bytes of the original source file before standardized transformation/compression,integer,bytes,>=0,Unknown/not recorded or not applicable; never zero. See description.,"See source_to_output_mapping.csv, config/conditions.json, and the indicated generating code in run_all.md."
validation/bootstrap_source_manifest/p01_l010.csv.gz,source_sha256,SHA-256 digest of original source bytes,string,,64 lowercase hexadecimal characters,Unknown/not recorded or not applicable; never zero. See description.,"See source_to_output_mapping.csv, config/conditions.json, and the indicated generating code in run_all.md."
validation/bootstrap_source_manifest/p01_l010.csv.gz,output_file,Relative package path containing a transformed/copied source,string,,relative path or empty for private-only source context,Unknown/not recorded or not applicable; never zero. See description.,"See source_to_output_mapping.csv, config/conditions.json, and the indicated generating code in run_all.md."
validation/bootstrap_source_manifest/p01_l010.csv.gz,source_input_index,Zero-based CSF file number; 0 is deterministic primary CSF; 1-9999 are available resampled inputs; linkage to saved fits unresolved,integer,file index,0..9999,Unknown/not recorded or not applicable; never zero. See description.,"See source_to_output_mapping.csv, config/conditions.json, and the indicated generating code in run_all.md."
validation/bootstrap_source_manifest/p01_l020.csv.gz,source_id,Opaque source identifier linking to source_manifest or bootstrap source manifests,string,,,Unknown/not recorded or not applicable; never zero. See description.,"See source_to_output_mapping.csv, config/conditions.json, and the indicated generating code in run_all.md."
validation/bootstrap_source_manifest/p01_l020.csv.gz,source_bytes,Size in bytes of the original source file before standardized transformation/compression,integer,bytes,>=0,Unknown/not recorded or not applicable; never zero. See description.,"See source_to_output_mapping.csv, config/conditions.json, and the indicated generating code in run_all.md."
validation/bootstrap_source_manifest/p01_l020.csv.gz,source_sha256,SHA-256 digest of original source bytes,string,,64 lowercase hexadecimal characters,Unknown/not recorded or not applicable; never zero. See description.,"See source_to_output_mapping.csv, config/conditions.json, and the indicated generating code in run_all.md."
validation/bootstrap_source_manifest/p01_l020.csv.gz,output_file,Relative package path containing a transformed/copied source,string,,relative path or empty for private-only source context,Unknown/not recorded or not applicable; never zero. See description.,"See source_to_output_mapping.csv, config/conditions.json, and the indicated generating code in run_all.md."
validation/bootstrap_source_manifest/p01_l020.csv.gz,source_input_index,Zero-based CSF file number; 0 is deterministic primary CSF; 1-9999 are available resampled inputs; linkage to saved fits unresolved,integer,file index,0..9999,Unknown/not recorded or not applicable; never zero. See description.,"See source_to_output_mapping.csv, config/conditions.json, and the indicated generating code in run_all.md."
validation/bootstrap_source_manifest/p01_l025.csv.gz,source_id,Opaque source identifier linking to source_manifest or bootstrap source manifests,string,,,Unknown/not recorded or not applicable; never zero. See description.,"See source_to_output_mapping.csv, config/conditions.json, and the indicated generating code in run_all.md."
validation/bootstrap_source_manifest/p01_l025.csv.gz,source_bytes,Size in bytes of the original source file before standardized transformation/compression,integer,bytes,>=0,Unknown/not recorded or not applicable; never zero. See description.,"See source_to_output_mapping.csv, config/conditions.json, and the indicated generating code in run_all.md."
validation/bootstrap_source_manifest/p01_l025.csv.gz,source_sha256,SHA-256 digest of original source bytes,string,,64 lowercase hexadecimal characters,Unknown/not recorded or not applicable; never zero. See description.,"See source_to_output_mapping.csv, config/conditions.json, and the indicated generating code in run_all.md."
validation/bootstrap_source_manifest/p01_l025.csv.gz,output_file,Relative package path containing a transformed/copied source,string,,relative path or empty for private-only source context,Unknown/not recorded or not applicable; never zero. See description.,"See source_to_output_mapping.csv, config/conditions.json, and the indicated generating code in run_all.md."
validation/bootstrap_source_manifest/p01_l025.csv.gz,source_input_index,Zero-based CSF file number; 0 is deterministic primary CSF; 1-9999 are available resampled inputs; linkage to saved fits unresolved,integer,file index,0..9999,Unknown/not recorded or not applicable; never zero. See description.,"See source_to_output_mapping.csv, config/conditions.json, and the indicated generating code in run_all.md."
validation/bootstrap_source_manifest/p01_l038.csv.gz,source_id,Opaque source identifier linking to source_manifest or bootstrap source manifests,string,,,Unknown/not recorded or not applicable; never zero. See description.,"See source_to_output_mapping.csv, config/conditions.json, and the indicated generating code in run_all.md."
validation/bootstrap_source_manifest/p01_l038.csv.gz,source_bytes,Size in bytes of the original source file before standardized transformation/compression,integer,bytes,>=0,Unknown/not recorded or not applicable; never zero. See description.,"See source_to_output_mapping.csv, config/conditions.json, and the indicated generating code in run_all.md."
validation/bootstrap_source_manifest/p01_l038.csv.gz,source_sha256,SHA-256 digest of original source bytes,string,,64 lowercase hexadecimal characters,Unknown/not recorded or not applicable; never zero. See description.,"See source_to_output_mapping.csv, config/conditions.json, and the indicated generating code in run_all.md."
validation/bootstrap_source_manifest/p01_l038.csv.gz,output_file,Relative package path containing a transformed/copied source,string,,relative path or empty for private-only source context,Unknown/not recorded or not applicable; never zero. See description.,"See source_to_output_mapping.csv, config/conditions.json, and the indicated generating code in run_all.md."
validation/bootstrap_source_manifest/p01_l038.csv.gz,source_input_index,Zero-based CSF file number; 0 is deterministic primary CSF; 1-9999 are available resampled inputs; linkage to saved fits unresolved,integer,file index,0..9999,Unknown/not recorded or not applicable; never zero. See description.,"See source_to_output_mapping.csv, config/conditions.json, and the indicated generating code in run_all.md."
validation/bootstrap_source_manifest/p01_l050.csv.gz,source_id,Opaque source identifier linking to source_manifest or bootstrap source manifests,string,,,Unknown/not recorded or not applicable; never zero. See description.,"See source_to_output_mapping.csv, config/conditions.json, and the indicated generating code in run_all.md."
validation/bootstrap_source_manifest/p01_l050.csv.gz,source_bytes,Size in bytes of the original source file before standardized transformation/compression,integer,bytes,>=0,Unknown/not recorded or not applicable; never zero. See description.,"See source_to_output_mapping.csv, config/conditions.json, and the indicated generating code in run_all.md."
validation/bootstrap_source_manifest/p01_l050.csv.gz,source_sha256,SHA-256 digest of original source bytes,string,,64 lowercase hexadecimal characters,Unknown/not recorded or not applicable; never zero. See description.,"See source_to_output_mapping.csv, config/conditions.json, and the indicated generating code in run_all.md."
validation/bootstrap_source_manifest/p01_l050.csv.gz,output_file,Relative package path containing a transformed/copied source,string,,relative path or empty for private-only source context,Unknown/not recorded or not applicable; never zero. See description.,"See source_to_output_mapping.csv, config/conditions.json, and the indicated generating code in run_all.md."
validation/bootstrap_source_manifest/p01_l050.csv.gz,source_input_index,Zero-based CSF file number; 0 is deterministic primary CSF; 1-9999 are available resampled inputs; linkage to saved fits unresolved,integer,file index,0..9999,Unknown/not recorded or not applicable; never zero. See description.,"See source_to_output_mapping.csv, config/conditions.json, and the indicated generating code in run_all.md."
validation/bootstrap_source_manifest/p01_l072.csv.gz,source_id,Opaque source identifier linking to source_manifest or bootstrap source manifests,string,,,Unknown/not recorded or not applicable; never zero. See description.,"See source_to_output_mapping.csv, config/conditions.json, and the indicated generating code in run_all.md."
validation/bootstrap_source_manifest/p01_l072.csv.gz,source_bytes,Size in bytes of the original source file before standardized transformation/compression,integer,bytes,>=0,Unknown/not recorded or not applicable; never zero. See description.,"See source_to_output_mapping.csv, config/conditions.json, and the indicated generating code in run_all.md."
validation/bootstrap_source_manifest/p01_l072.csv.gz,source_sha256,SHA-256 digest of original source bytes,string,,64 lowercase hexadecimal characters,Unknown/not recorded or not applicable; never zero. See description.,"See source_to_output_mapping.csv, config/conditions.json, and the indicated generating code in run_all.md."
validation/bootstrap_source_manifest/p01_l072.csv.gz,output_file,Relative package path containing a transformed/copied source,string,,relative path or empty for private-only source context,Unknown/not recorded or not applicable; never zero. See description.,"See source_to_output_mapping.csv, config/conditions.json, and the indicated generating code in run_all.md."
validation/bootstrap_source_manifest/p01_l072.csv.gz,source_input_index,Zero-based CSF file number; 0 is deterministic primary CSF; 1-9999 are available resampled inputs; linkage to saved fits unresolved,integer,file index,0..9999,Unknown/not recorded or not applicable; never zero. See description.,"See source_to_output_mapping.csv, config/conditions.json, and the indicated generating code in run_all.md."
validation/bootstrap_source_manifest/p01_l100.csv.gz,source_id,Opaque source identifier linking to source_manifest or bootstrap source manifests,string,,,Unknown/not recorded or not applicable; never zero. See description.,"See source_to_output_mapping.csv, config/conditions.json, and the indicated generating code in run_all.md."
validation/bootstrap_source_manifest/p01_l100.csv.gz,source_bytes,Size in bytes of the original source file before standardized transformation/compression,integer,bytes,>=0,Unknown/not recorded or not applicable; never zero. See description.,"See source_to_output_mapping.csv, config/conditions.json, and the indicated generating code in run_all.md."
validation/bootstrap_source_manifest/p01_l100.csv.gz,source_sha256,SHA-256 digest of original source bytes,string,,64 lowercase hexadecimal characters,Unknown/not recorded or not applicable; never zero. See description.,"See source_to_output_mapping.csv, config/conditions.json, and the indicated generating code in run_all.md."
validation/bootstrap_source_manifest/p01_l100.csv.gz,output_file,Relative package path containing a transformed/copied source,string,,relative path or empty for private-only source context,Unknown/not recorded or not applicable; never zero. See description.,"See source_to_output_mapping.csv, config/conditions.json, and the indicated generating code in run_all.md."
validation/bootstrap_source_manifest/p01_l100.csv.gz,source_input_index,Zero-based CSF file number; 0 is deterministic primary CSF; 1-9999 are available resampled inputs; linkage to saved fits unresolved,integer,file index,0..9999,Unknown/not recorded or not applicable; never zero. See description.,"See source_to_output_mapping.csv, config/conditions.json, and the indicated generating code in run_all.md."
validation/bootstrap_source_manifest/p01_l149.csv.gz,source_id,Opaque source identifier linking to source_manifest or bootstrap source manifests,string,,,Unknown/not recorded or not applicable; never zero. See description.,"See source_to_output_mapping.csv, config/conditions.json, and the indicated generating code in run_all.md."
validation/bootstrap_source_manifest/p01_l149.csv.gz,source_bytes,Size in bytes of the original source file before standardized transformation/compression,integer,bytes,>=0,Unknown/not recorded or not applicable; never zero. See description.,"See source_to_output_mapping.csv, config/conditions.json, and the indicated generating code in run_all.md."
validation/bootstrap_source_manifest/p01_l149.csv.gz,source_sha256,SHA-256 digest of original source bytes,string,,64 lowercase hexadecimal characters,Unknown/not recorded or not applicable; never zero. See description.,"See source_to_output_mapping.csv, config/conditions.json, and the indicated generating code in run_all.md."
validation/bootstrap_source_manifest/p01_l149.csv.gz,output_file,Relative package path containing a transformed/copied source,string,,relative path or empty for private-only source context,Unknown/not recorded or not applicable; never zero. See description.,"See source_to_output_mapping.csv, config/conditions.json, and the indicated generating code in run_all.md."
validation/bootstrap_source_manifest/p01_l149.csv.gz,source_input_index,Zero-based CSF file number; 0 is deterministic primary CSF; 1-9999 are available resampled inputs; linkage to saved fits unresolved,integer,file index,0..9999,Unknown/not recorded or not applicable; never zero. See description.,"See source_to_output_mapping.csv, config/conditions.json, and the indicated generating code in run_all.md."
validation/bootstrap_source_manifest/p01_l200.csv.gz,source_id,Opaque source identifier linking to source_manifest or bootstrap source manifests,string,,,Unknown/not recorded or not applicable; never zero. See description.,"See source_to_output_mapping.csv, config/conditions.json, and the indicated generating code in run_all.md."
validation/bootstrap_source_manifest/p01_l200.csv.gz,source_bytes,Size in bytes of the original source file before standardized transformation/compression,integer,bytes,>=0,Unknown/not recorded or not applicable; never zero. See description.,"See source_to_output_mapping.csv, config/conditions.json, and the indicated generating code in run_all.md."
validation/bootstrap_source_manifest/p01_l200.csv.gz,source_sha256,SHA-256 digest of original source bytes,string,,64 lowercase hexadecimal characters,Unknown/not recorded or not applicable; never zero. See description.,"See source_to_output_mapping.csv, config/conditions.json, and the indicated generating code in run_all.md."
validation/bootstrap_source_manifest/p01_l200.csv.gz,output_file,Relative package path containing a transformed/copied source,string,,relative path or empty for private-only source context,Unknown/not recorded or not applicable; never zero. See description.,"See source_to_output_mapping.csv, config/conditions.json, and the indicated generating code in run_all.md."
validation/bootstrap_source_manifest/p01_l200.csv.gz,source_input_index,Zero-based CSF file number; 0 is deterministic primary CSF; 1-9999 are available resampled inputs; linkage to saved fits unresolved,integer,file index,0..9999,Unknown/not recorded or not applicable; never zero. See description.,"See source_to_output_mapping.csv, config/conditions.json, and the indicated generating code in run_all.md."
validation/bootstrap_source_manifest/p01_l300.csv.gz,source_id,Opaque source identifier linking to source_manifest or bootstrap source manifests,string,,,Unknown/not recorded or not applicable; never zero. See description.,"See source_to_output_mapping.csv, config/conditions.json, and the indicated generating code in run_all.md."
validation/bootstrap_source_manifest/p01_l300.csv.gz,source_bytes,Size in bytes of the original source file before standardized transformation/compression,integer,bytes,>=0,Unknown/not recorded or not applicable; never zero. See description.,"See source_to_output_mapping.csv, config/conditions.json, and the indicated generating code in run_all.md."
validation/bootstrap_source_manifest/p01_l300.csv.gz,source_sha256,SHA-256 digest of original source bytes,string,,64 lowercase hexadecimal characters,Unknown/not recorded or not applicable; never zero. See description.,"See source_to_output_mapping.csv, config/conditions.json, and the indicated generating code in run_all.md."
validation/bootstrap_source_manifest/p01_l300.csv.gz,output_file,Relative package path containing a transformed/copied source,string,,relative path or empty for private-only source context,Unknown/not recorded or not applicable; never zero. See description.,"See source_to_output_mapping.csv, config/conditions.json, and the indicated generating code in run_all.md."
validation/bootstrap_source_manifest/p01_l300.csv.gz,source_input_index,Zero-based CSF file number; 0 is deterministic primary CSF; 1-9999 are available resampled inputs; linkage to saved fits unresolved,integer,file index,0..9999,Unknown/not recorded or not applicable; never zero. See description.,"See source_to_output_mapping.csv, config/conditions.json, and the indicated generating code in run_all.md."
validation/bootstrap_source_manifest/p01_l370.csv.gz,source_id,Opaque source identifier linking to source_manifest or bootstrap source manifests,string,,,Unknown/not recorded or not applicable; never zero. See description.,"See source_to_output_mapping.csv, config/conditions.json, and the indicated generating code in run_all.md."
validation/bootstrap_source_manifest/p01_l370.csv.gz,source_bytes,Size in bytes of the original source file before standardized transformation/compression,integer,bytes,>=0,Unknown/not recorded or not applicable; never zero. See description.,"See source_to_output_mapping.csv, config/conditions.json, and the indicated generating code in run_all.md."
validation/bootstrap_source_manifest/p01_l370.csv.gz,source_sha256,SHA-256 digest of original source bytes,string,,64 lowercase hexadecimal characters,Unknown/not recorded or not applicable; never zero. See description.,"See source_to_output_mapping.csv, config/conditions.json, and the indicated generating code in run_all.md."
validation/bootstrap_source_manifest/p01_l370.csv.gz,output_file,Relative package path containing a transformed/copied source,string,,relative path or empty for private-only source context,Unknown/not recorded or not applicable; never zero. See description.,"See source_to_output_mapping.csv, config/conditions.json, and the indicated generating code in run_all.md."
validation/bootstrap_source_manifest/p01_l370.csv.gz,source_input_index,Zero-based CSF file number; 0 is deterministic primary CSF; 1-9999 are available resampled inputs; linkage to saved fits unresolved,integer,file index,0..9999,Unknown/not recorded or not applicable; never zero. See description.,"See source_to_output_mapping.csv, config/conditions.json, and the indicated generating code in run_all.md."
validation/bootstrap_source_manifest/p01_l403.csv.gz,source_id,Opaque source identifier linking to source_manifest or bootstrap source manifests,string,,,Unknown/not recorded or not applicable; never zero. See description.,"See source_to_output_mapping.csv, config/conditions.json, and the indicated generating code in run_all.md."
validation/bootstrap_source_manifest/p01_l403.csv.gz,source_bytes,Size in bytes of the original source file before standardized transformation/compression,integer,bytes,>=0,Unknown/not recorded or not applicable; never zero. See description.,"See source_to_output_mapping.csv, config/conditions.json, and the indicated generating code in run_all.md."
validation/bootstrap_source_manifest/p01_l403.csv.gz,source_sha256,SHA-256 digest of original source bytes,string,,64 lowercase hexadecimal characters,Unknown/not recorded or not applicable; never zero. See description.,"See source_to_output_mapping.csv, config/conditions.json, and the indicated generating code in run_all.md."
validation/bootstrap_source_manifest/p01_l403.csv.gz,output_file,Relative package path containing a transformed/copied source,string,,relative path or empty for private-only source context,Unknown/not recorded or not applicable; never zero. See description.,"See source_to_output_mapping.csv, config/conditions.json, and the indicated generating code in run_all.md."
validation/bootstrap_source_manifest/p01_l403.csv.gz,source_input_index,Zero-based CSF file number; 0 is deterministic primary CSF; 1-9999 are available resampled inputs; linkage to saved fits unresolved,integer,file index,0..9999,Unknown/not recorded or not applicable; never zero. See description.,"See source_to_output_mapping.csv, config/conditions.json, and the indicated generating code in run_all.md."
validation/bootstrap_source_manifest/p02_l010.csv.gz,source_id,Opaque source identifier linking to source_manifest or bootstrap source manifests,string,,,Unknown/not recorded or not applicable; never zero. See description.,"See source_to_output_mapping.csv, config/conditions.json, and the indicated generating code in run_all.md."
validation/bootstrap_source_manifest/p02_l010.csv.gz,source_bytes,Size in bytes of the original source file before standardized transformation/compression,integer,bytes,>=0,Unknown/not recorded or not applicable; never zero. See description.,"See source_to_output_mapping.csv, config/conditions.json, and the indicated generating code in run_all.md."
validation/bootstrap_source_manifest/p02_l010.csv.gz,source_sha256,SHA-256 digest of original source bytes,string,,64 lowercase hexadecimal characters,Unknown/not recorded or not applicable; never zero. See description.,"See source_to_output_mapping.csv, config/conditions.json, and the indicated generating code in run_all.md."
validation/bootstrap_source_manifest/p02_l010.csv.gz,output_file,Relative package path containing a transformed/copied source,string,,relative path or empty for private-only source context,Unknown/not recorded or not applicable; never zero. See description.,"See source_to_output_mapping.csv, config/conditions.json, and the indicated generating code in run_all.md."
validation/bootstrap_source_manifest/p02_l010.csv.gz,source_input_index,Zero-based CSF file number; 0 is deterministic primary CSF; 1-9999 are available resampled inputs; linkage to saved fits unresolved,integer,file index,0..9999,Unknown/not recorded or not applicable; never zero. See description.,"See source_to_output_mapping.csv, config/conditions.json, and the indicated generating code in run_all.md."
validation/bootstrap_source_manifest/p02_l026.csv.gz,source_id,Opaque source identifier linking to source_manifest or bootstrap source manifests,string,,,Unknown/not recorded or not applicable; never zero. See description.,"See source_to_output_mapping.csv, config/conditions.json, and the indicated generating code in run_all.md."
validation/bootstrap_source_manifest/p02_l026.csv.gz,source_bytes,Size in bytes of the original source file before standardized transformation/compression,integer,bytes,>=0,Unknown/not recorded or not applicable; never zero. See description.,"See source_to_output_mapping.csv, config/conditions.json, and the indicated generating code in run_all.md."
validation/bootstrap_source_manifest/p02_l026.csv.gz,source_sha256,SHA-256 digest of original source bytes,string,,64 lowercase hexadecimal characters,Unknown/not recorded or not applicable; never zero. See description.,"See source_to_output_mapping.csv, config/conditions.json, and the indicated generating code in run_all.md."
validation/bootstrap_source_manifest/p02_l026.csv.gz,output_file,Relative package path containing a transformed/copied source,string,,relative path or empty for private-only source context,Unknown/not recorded or not applicable; never zero. See description.,"See source_to_output_mapping.csv, config/conditions.json, and the indicated generating code in run_all.md."
validation/bootstrap_source_manifest/p02_l026.csv.gz,source_input_index,Zero-based CSF file number; 0 is deterministic primary CSF; 1-9999 are available resampled inputs; linkage to saved fits unresolved,integer,file index,0..9999,Unknown/not recorded or not applicable; never zero. See description.,"See source_to_output_mapping.csv, config/conditions.json, and the indicated generating code in run_all.md."
validation/bootstrap_source_manifest/p02_l049.csv.gz,source_id,Opaque source identifier linking to source_manifest or bootstrap source manifests,string,,,Unknown/not recorded or not applicable; never zero. See description.,"See source_to_output_mapping.csv, config/conditions.json, and the indicated generating code in run_all.md."
validation/bootstrap_source_manifest/p02_l049.csv.gz,source_bytes,Size in bytes of the original source file before standardized transformation/compression,integer,bytes,>=0,Unknown/not recorded or not applicable; never zero. See description.,"See source_to_output_mapping.csv, config/conditions.json, and the indicated generating code in run_all.md."
validation/bootstrap_source_manifest/p02_l049.csv.gz,source_sha256,SHA-256 digest of original source bytes,string,,64 lowercase hexadecimal characters,Unknown/not recorded or not applicable; never zero. See description.,"See source_to_output_mapping.csv, config/conditions.json, and the indicated generating code in run_all.md."
validation/bootstrap_source_manifest/p02_l049.csv.gz,output_file,Relative package path containing a transformed/copied source,string,,relative path or empty for private-only source context,Unknown/not recorded or not applicable; never zero. See description.,"See source_to_output_mapping.csv, config/conditions.json, and the indicated generating code in run_all.md."
validation/bootstrap_source_manifest/p02_l049.csv.gz,source_input_index,Zero-based CSF file number; 0 is deterministic primary CSF; 1-9999 are available resampled inputs; linkage to saved fits unresolved,integer,file index,0..9999,Unknown/not recorded or not applicable; never zero. See description.,"See source_to_output_mapping.csv, config/conditions.json, and the indicated generating code in run_all.md."
validation/bootstrap_source_manifest/p02_l100.csv.gz,source_id,Opaque source identifier linking to source_manifest or bootstrap source manifests,string,,,Unknown/not recorded or not applicable; never zero. See description.,"See source_to_output_mapping.csv, config/conditions.json, and the indicated generating code in run_all.md."
validation/bootstrap_source_manifest/p02_l100.csv.gz,source_bytes,Size in bytes of the original source file before standardized transformation/compression,integer,bytes,>=0,Unknown/not recorded or not applicable; never zero. See description.,"See source_to_output_mapping.csv, config/conditions.json, and the indicated generating code in run_all.md."
validation/bootstrap_source_manifest/p02_l100.csv.gz,source_sha256,SHA-256 digest of original source bytes,string,,64 lowercase hexadecimal characters,Unknown/not recorded or not applicable; never zero. See description.,"See source_to_output_mapping.csv, config/conditions.json, and the indicated generating code in run_all.md."
validation/bootstrap_source_manifest/p02_l100.csv.gz,output_file,Relative package path containing a transformed/copied source,string,,relative path or empty for private-only source context,Unknown/not recorded or not applicable; never zero. See description.,"See source_to_output_mapping.csv, config/conditions.json, and the indicated generating code in run_all.md."
validation/bootstrap_source_manifest/p02_l100.csv.gz,source_input_index,Zero-based CSF file number; 0 is deterministic primary CSF; 1-9999 are available resampled inputs; linkage to saved fits unresolved,integer,file index,0..9999,Unknown/not recorded or not applicable; never zero. See description.,"See source_to_output_mapping.csv, config/conditions.json, and the indicated generating code in run_all.md."
validation/bootstrap_source_manifest/p02_l204.csv.gz,source_id,Opaque source identifier linking to source_manifest or bootstrap source manifests,string,,,Unknown/not recorded or not applicable; never zero. See description.,"See source_to_output_mapping.csv, config/conditions.json, and the indicated generating code in run_all.md."
validation/bootstrap_source_manifest/p02_l204.csv.gz,source_bytes,Size in bytes of the original source file before standardized transformation/compression,integer,bytes,>=0,Unknown/not recorded or not applicable; never zero. See description.,"See source_to_output_mapping.csv, config/conditions.json, and the indicated generating code in run_all.md."
validation/bootstrap_source_manifest/p02_l204.csv.gz,source_sha256,SHA-256 digest of original source bytes,string,,64 lowercase hexadecimal characters,Unknown/not recorded or not applicable; never zero. See description.,"See source_to_output_mapping.csv, config/conditions.json, and the indicated generating code in run_all.md."
validation/bootstrap_source_manifest/p02_l204.csv.gz,output_file,Relative package path containing a transformed/copied source,string,,relative path or empty for private-only source context,Unknown/not recorded or not applicable; never zero. See description.,"See source_to_output_mapping.csv, config/conditions.json, and the indicated generating code in run_all.md."
validation/bootstrap_source_manifest/p02_l204.csv.gz,source_input_index,Zero-based CSF file number; 0 is deterministic primary CSF; 1-9999 are available resampled inputs; linkage to saved fits unresolved,integer,file index,0..9999,Unknown/not recorded or not applicable; never zero. See description.,"See source_to_output_mapping.csv, config/conditions.json, and the indicated generating code in run_all.md."
validation/bootstrap_source_manifest/p02_l300.csv.gz,source_id,Opaque source identifier linking to source_manifest or bootstrap source manifests,string,,,Unknown/not recorded or not applicable; never zero. See description.,"See source_to_output_mapping.csv, config/conditions.json, and the indicated generating code in run_all.md."
validation/bootstrap_source_manifest/p02_l300.csv.gz,source_bytes,Size in bytes of the original source file before standardized transformation/compression,integer,bytes,>=0,Unknown/not recorded or not applicable; never zero. See description.,"See source_to_output_mapping.csv, config/conditions.json, and the indicated generating code in run_all.md."
validation/bootstrap_source_manifest/p02_l300.csv.gz,source_sha256,SHA-256 digest of original source bytes,string,,64 lowercase hexadecimal characters,Unknown/not recorded or not applicable; never zero. See description.,"See source_to_output_mapping.csv, config/conditions.json, and the indicated generating code in run_all.md."
validation/bootstrap_source_manifest/p02_l300.csv.gz,output_file,Relative package path containing a transformed/copied source,string,,relative path or empty for private-only source context,Unknown/not recorded or not applicable; never zero. See description.,"See source_to_output_mapping.csv, config/conditions.json, and the indicated generating code in run_all.md."
validation/bootstrap_source_manifest/p02_l300.csv.gz,source_input_index,Zero-based CSF file number; 0 is deterministic primary CSF; 1-9999 are available resampled inputs; linkage to saved fits unresolved,integer,file index,0..9999,Unknown/not recorded or not applicable; never zero. See description.,"See source_to_output_mapping.csv, config/conditions.json, and the indicated generating code in run_all.md."
validation/bootstrap_source_manifest/p03_l010.csv.gz,source_id,Opaque source identifier linking to source_manifest or bootstrap source manifests,string,,,Unknown/not recorded or not applicable; never zero. See description.,"See source_to_output_mapping.csv, config/conditions.json, and the indicated generating code in run_all.md."
validation/bootstrap_source_manifest/p03_l010.csv.gz,source_bytes,Size in bytes of the original source file before standardized transformation/compression,integer,bytes,>=0,Unknown/not recorded or not applicable; never zero. See description.,"See source_to_output_mapping.csv, config/conditions.json, and the indicated generating code in run_all.md."
validation/bootstrap_source_manifest/p03_l010.csv.gz,source_sha256,SHA-256 digest of original source bytes,string,,64 lowercase hexadecimal characters,Unknown/not recorded or not applicable; never zero. See description.,"See source_to_output_mapping.csv, config/conditions.json, and the indicated generating code in run_all.md."
validation/bootstrap_source_manifest/p03_l010.csv.gz,output_file,Relative package path containing a transformed/copied source,string,,relative path or empty for private-only source context,Unknown/not recorded or not applicable; never zero. See description.,"See source_to_output_mapping.csv, config/conditions.json, and the indicated generating code in run_all.md."
validation/bootstrap_source_manifest/p03_l010.csv.gz,source_input_index,Zero-based CSF file number; 0 is deterministic primary CSF; 1-9999 are available resampled inputs; linkage to saved fits unresolved,integer,file index,0..9999,Unknown/not recorded or not applicable; never zero. See description.,"See source_to_output_mapping.csv, config/conditions.json, and the indicated generating code in run_all.md."
validation/bootstrap_source_manifest/p03_l049.csv.gz,source_id,Opaque source identifier linking to source_manifest or bootstrap source manifests,string,,,Unknown/not recorded or not applicable; never zero. See description.,"See source_to_output_mapping.csv, config/conditions.json, and the indicated generating code in run_all.md."
validation/bootstrap_source_manifest/p03_l049.csv.gz,source_bytes,Size in bytes of the original source file before standardized transformation/compression,integer,bytes,>=0,Unknown/not recorded or not applicable; never zero. See description.,"See source_to_output_mapping.csv, config/conditions.json, and the indicated generating code in run_all.md."
validation/bootstrap_source_manifest/p03_l049.csv.gz,source_sha256,SHA-256 digest of original source bytes,string,,64 lowercase hexadecimal characters,Unknown/not recorded or not applicable; never zero. See description.,"See source_to_output_mapping.csv, config/conditions.json, and the indicated generating code in run_all.md."
validation/bootstrap_source_manifest/p03_l049.csv.gz,output_file,Relative package path containing a transformed/copied source,string,,relative path or empty for private-only source context,Unknown/not recorded or not applicable; never zero. See description.,"See source_to_output_mapping.csv, config/conditions.json, and the indicated generating code in run_all.md."
validation/bootstrap_source_manifest/p03_l049.csv.gz,source_input_index,Zero-based CSF file number; 0 is deterministic primary CSF; 1-9999 are available resampled inputs; linkage to saved fits unresolved,integer,file index,0..9999,Unknown/not recorded or not applicable; never zero. See description.,"See source_to_output_mapping.csv, config/conditions.json, and the indicated generating code in run_all.md."
validation/bootstrap_source_manifest/p03_l100.csv.gz,source_id,Opaque source identifier linking to source_manifest or bootstrap source manifests,string,,,Unknown/not recorded or not applicable; never zero. See description.,"See source_to_output_mapping.csv, config/conditions.json, and the indicated generating code in run_all.md."
validation/bootstrap_source_manifest/p03_l100.csv.gz,source_bytes,Size in bytes of the original source file before standardized transformation/compression,integer,bytes,>=0,Unknown/not recorded or not applicable; never zero. See description.,"See source_to_output_mapping.csv, config/conditions.json, and the indicated generating code in run_all.md."
validation/bootstrap_source_manifest/p03_l100.csv.gz,source_sha256,SHA-256 digest of original source bytes,string,,64 lowercase hexadecimal characters,Unknown/not recorded or not applicable; never zero. See description.,"See source_to_output_mapping.csv, config/conditions.json, and the indicated generating code in run_all.md."
validation/bootstrap_source_manifest/p03_l100.csv.gz,output_file,Relative package path containing a transformed/copied source,string,,relative path or empty for private-only source context,Unknown/not recorded or not applicable; never zero. See description.,"See source_to_output_mapping.csv, config/conditions.json, and the indicated generating code in run_all.md."
validation/bootstrap_source_manifest/p03_l100.csv.gz,source_input_index,Zero-based CSF file number; 0 is deterministic primary CSF; 1-9999 are available resampled inputs; linkage to saved fits unresolved,integer,file index,0..9999,Unknown/not recorded or not applicable; never zero. See description.,"See source_to_output_mapping.csv, config/conditions.json, and the indicated generating code in run_all.md."
validation/bootstrap_source_manifest/p03_l200.csv.gz,source_id,Opaque source identifier linking to source_manifest or bootstrap source manifests,string,,,Unknown/not recorded or not applicable; never zero. See description.,"See source_to_output_mapping.csv, config/conditions.json, and the indicated generating code in run_all.md."
validation/bootstrap_source_manifest/p03_l200.csv.gz,source_bytes,Size in bytes of the original source file before standardized transformation/compression,integer,bytes,>=0,Unknown/not recorded or not applicable; never zero. See description.,"See source_to_output_mapping.csv, config/conditions.json, and the indicated generating code in run_all.md."
validation/bootstrap_source_manifest/p03_l200.csv.gz,source_sha256,SHA-256 digest of original source bytes,string,,64 lowercase hexadecimal characters,Unknown/not recorded or not applicable; never zero. See description.,"See source_to_output_mapping.csv, config/conditions.json, and the indicated generating code in run_all.md."
validation/bootstrap_source_manifest/p03_l200.csv.gz,output_file,Relative package path containing a transformed/copied source,string,,relative path or empty for private-only source context,Unknown/not recorded or not applicable; never zero. See description.,"See source_to_output_mapping.csv, config/conditions.json, and the indicated generating code in run_all.md."
validation/bootstrap_source_manifest/p03_l200.csv.gz,source_input_index,Zero-based CSF file number; 0 is deterministic primary CSF; 1-9999 are available resampled inputs; linkage to saved fits unresolved,integer,file index,0..9999,Unknown/not recorded or not applicable; never zero. See description.,"See source_to_output_mapping.csv, config/conditions.json, and the indicated generating code in run_all.md."
validation/bootstrap_source_manifest/p03_l300.csv.gz,source_id,Opaque source identifier linking to source_manifest or bootstrap source manifests,string,,,Unknown/not recorded or not applicable; never zero. See description.,"See source_to_output_mapping.csv, config/conditions.json, and the indicated generating code in run_all.md."
validation/bootstrap_source_manifest/p03_l300.csv.gz,source_bytes,Size in bytes of the original source file before standardized transformation/compression,integer,bytes,>=0,Unknown/not recorded or not applicable; never zero. See description.,"See source_to_output_mapping.csv, config/conditions.json, and the indicated generating code in run_all.md."
validation/bootstrap_source_manifest/p03_l300.csv.gz,source_sha256,SHA-256 digest of original source bytes,string,,64 lowercase hexadecimal characters,Unknown/not recorded or not applicable; never zero. See description.,"See source_to_output_mapping.csv, config/conditions.json, and the indicated generating code in run_all.md."
validation/bootstrap_source_manifest/p03_l300.csv.gz,output_file,Relative package path containing a transformed/copied source,string,,relative path or empty for private-only source context,Unknown/not recorded or not applicable; never zero. See description.,"See source_to_output_mapping.csv, config/conditions.json, and the indicated generating code in run_all.md."
validation/bootstrap_source_manifest/p03_l300.csv.gz,source_input_index,Zero-based CSF file number; 0 is deterministic primary CSF; 1-9999 are available resampled inputs; linkage to saved fits unresolved,integer,file index,0..9999,Unknown/not recorded or not applicable; never zero. See description.,"See source_to_output_mapping.csv, config/conditions.json, and the indicated generating code in run_all.md."
validation/bootstrap_source_manifest/p03_l370.csv.gz,source_id,Opaque source identifier linking to source_manifest or bootstrap source manifests,string,,,Unknown/not recorded or not applicable; never zero. See description.,"See source_to_output_mapping.csv, config/conditions.json, and the indicated generating code in run_all.md."
validation/bootstrap_source_manifest/p03_l370.csv.gz,source_bytes,Size in bytes of the original source file before standardized transformation/compression,integer,bytes,>=0,Unknown/not recorded or not applicable; never zero. See description.,"See source_to_output_mapping.csv, config/conditions.json, and the indicated generating code in run_all.md."
validation/bootstrap_source_manifest/p03_l370.csv.gz,source_sha256,SHA-256 digest of original source bytes,string,,64 lowercase hexadecimal characters,Unknown/not recorded or not applicable; never zero. See description.,"See source_to_output_mapping.csv, config/conditions.json, and the indicated generating code in run_all.md."
validation/bootstrap_source_manifest/p03_l370.csv.gz,output_file,Relative package path containing a transformed/copied source,string,,relative path or empty for private-only source context,Unknown/not recorded or not applicable; never zero. See description.,"See source_to_output_mapping.csv, config/conditions.json, and the indicated generating code in run_all.md."
validation/bootstrap_source_manifest/p03_l370.csv.gz,source_input_index,Zero-based CSF file number; 0 is deterministic primary CSF; 1-9999 are available resampled inputs; linkage to saved fits unresolved,integer,file index,0..9999,Unknown/not recorded or not applicable; never zero. See description.,"See source_to_output_mapping.csv, config/conditions.json, and the indicated generating code in run_all.md."
validation/bootstrap_source_manifest/p03_l415.csv.gz,source_id,Opaque source identifier linking to source_manifest or bootstrap source manifests,string,,,Unknown/not recorded or not applicable; never zero. See description.,"See source_to_output_mapping.csv, config/conditions.json, and the indicated generating code in run_all.md."
validation/bootstrap_source_manifest/p03_l415.csv.gz,source_bytes,Size in bytes of the original source file before standardized transformation/compression,integer,bytes,>=0,Unknown/not recorded or not applicable; never zero. See description.,"See source_to_output_mapping.csv, config/conditions.json, and the indicated generating code in run_all.md."
validation/bootstrap_source_manifest/p03_l415.csv.gz,source_sha256,SHA-256 digest of original source bytes,string,,64 lowercase hexadecimal characters,Unknown/not recorded or not applicable; never zero. See description.,"See source_to_output_mapping.csv, config/conditions.json, and the indicated generating code in run_all.md."
validation/bootstrap_source_manifest/p03_l415.csv.gz,output_file,Relative package path containing a transformed/copied source,string,,relative path or empty for private-only source context,Unknown/not recorded or not applicable; never zero. See description.,"See source_to_output_mapping.csv, config/conditions.json, and the indicated generating code in run_all.md."
validation/bootstrap_source_manifest/p03_l415.csv.gz,source_input_index,Zero-based CSF file number; 0 is deterministic primary CSF; 1-9999 are available resampled inputs; linkage to saved fits unresolved,integer,file index,0..9999,Unknown/not recorded or not applicable; never zero. See description.,"See source_to_output_mapping.csv, config/conditions.json, and the indicated generating code in run_all.md."
validation/bootstrap_source_manifest/p04_l010.csv.gz,source_id,Opaque source identifier linking to source_manifest or bootstrap source manifests,string,,,Unknown/not recorded or not applicable; never zero. See description.,"See source_to_output_mapping.csv, config/conditions.json, and the indicated generating code in run_all.md."
validation/bootstrap_source_manifest/p04_l010.csv.gz,source_bytes,Size in bytes of the original source file before standardized transformation/compression,integer,bytes,>=0,Unknown/not recorded or not applicable; never zero. See description.,"See source_to_output_mapping.csv, config/conditions.json, and the indicated generating code in run_all.md."
validation/bootstrap_source_manifest/p04_l010.csv.gz,source_sha256,SHA-256 digest of original source bytes,string,,64 lowercase hexadecimal characters,Unknown/not recorded or not applicable; never zero. See description.,"See source_to_output_mapping.csv, config/conditions.json, and the indicated generating code in run_all.md."
validation/bootstrap_source_manifest/p04_l010.csv.gz,output_file,Relative package path containing a transformed/copied source,string,,relative path or empty for private-only source context,Unknown/not recorded or not applicable; never zero. See description.,"See source_to_output_mapping.csv, config/conditions.json, and the indicated generating code in run_all.md."
validation/bootstrap_source_manifest/p04_l010.csv.gz,source_input_index,Zero-based CSF file number; 0 is deterministic primary CSF; 1-9999 are available resampled inputs; linkage to saved fits unresolved,integer,file index,0..9999,Unknown/not recorded or not applicable; never zero. See description.,"See source_to_output_mapping.csv, config/conditions.json, and the indicated generating code in run_all.md."
validation/bootstrap_source_manifest/p04_l049.csv.gz,source_id,Opaque source identifier linking to source_manifest or bootstrap source manifests,string,,,Unknown/not recorded or not applicable; never zero. See description.,"See source_to_output_mapping.csv, config/conditions.json, and the indicated generating code in run_all.md."
validation/bootstrap_source_manifest/p04_l049.csv.gz,source_bytes,Size in bytes of the original source file before standardized transformation/compression,integer,bytes,>=0,Unknown/not recorded or not applicable; never zero. See description.,"See source_to_output_mapping.csv, config/conditions.json, and the indicated generating code in run_all.md."
validation/bootstrap_source_manifest/p04_l049.csv.gz,source_sha256,SHA-256 digest of original source bytes,string,,64 lowercase hexadecimal characters,Unknown/not recorded or not applicable; never zero. See description.,"See source_to_output_mapping.csv, config/conditions.json, and the indicated generating code in run_all.md."
validation/bootstrap_source_manifest/p04_l049.csv.gz,output_file,Relative package path containing a transformed/copied source,string,,relative path or empty for private-only source context,Unknown/not recorded or not applicable; never zero. See description.,"See source_to_output_mapping.csv, config/conditions.json, and the indicated generating code in run_all.md."
validation/bootstrap_source_manifest/p04_l049.csv.gz,source_input_index,Zero-based CSF file number; 0 is deterministic primary CSF; 1-9999 are available resampled inputs; linkage to saved fits unresolved,integer,file index,0..9999,Unknown/not recorded or not applicable; never zero. See description.,"See source_to_output_mapping.csv, config/conditions.json, and the indicated generating code in run_all.md."
validation/bootstrap_source_manifest/p04_l100.csv.gz,source_id,Opaque source identifier linking to source_manifest or bootstrap source manifests,string,,,Unknown/not recorded or not applicable; never zero. See description.,"See source_to_output_mapping.csv, config/conditions.json, and the indicated generating code in run_all.md."
validation/bootstrap_source_manifest/p04_l100.csv.gz,source_bytes,Size in bytes of the original source file before standardized transformation/compression,integer,bytes,>=0,Unknown/not recorded or not applicable; never zero. See description.,"See source_to_output_mapping.csv, config/conditions.json, and the indicated generating code in run_all.md."
validation/bootstrap_source_manifest/p04_l100.csv.gz,source_sha256,SHA-256 digest of original source bytes,string,,64 lowercase hexadecimal characters,Unknown/not recorded or not applicable; never zero. See description.,"See source_to_output_mapping.csv, config/conditions.json, and the indicated generating code in run_all.md."
validation/bootstrap_source_manifest/p04_l100.csv.gz,output_file,Relative package path containing a transformed/copied source,string,,relative path or empty for private-only source context,Unknown/not recorded or not applicable; never zero. See description.,"See source_to_output_mapping.csv, config/conditions.json, and the indicated generating code in run_all.md."
validation/bootstrap_source_manifest/p04_l100.csv.gz,source_input_index,Zero-based CSF file number; 0 is deterministic primary CSF; 1-9999 are available resampled inputs; linkage to saved fits unresolved,integer,file index,0..9999,Unknown/not recorded or not applicable; never zero. See description.,"See source_to_output_mapping.csv, config/conditions.json, and the indicated generating code in run_all.md."
validation/bootstrap_source_manifest/p04_l200.csv.gz,source_id,Opaque source identifier linking to source_manifest or bootstrap source manifests,string,,,Unknown/not recorded or not applicable; never zero. See description.,"See source_to_output_mapping.csv, config/conditions.json, and the indicated generating code in run_all.md."
validation/bootstrap_source_manifest/p04_l200.csv.gz,source_bytes,Size in bytes of the original source file before standardized transformation/compression,integer,bytes,>=0,Unknown/not recorded or not applicable; never zero. See description.,"See source_to_output_mapping.csv, config/conditions.json, and the indicated generating code in run_all.md."
validation/bootstrap_source_manifest/p04_l200.csv.gz,source_sha256,SHA-256 digest of original source bytes,string,,64 lowercase hexadecimal characters,Unknown/not recorded or not applicable; never zero. See description.,"See source_to_output_mapping.csv, config/conditions.json, and the indicated generating code in run_all.md."
validation/bootstrap_source_manifest/p04_l200.csv.gz,output_file,Relative package path containing a transformed/copied source,string,,relative path or empty for private-only source context,Unknown/not recorded or not applicable; never zero. See description.,"See source_to_output_mapping.csv, config/conditions.json, and the indicated generating code in run_all.md."
validation/bootstrap_source_manifest/p04_l200.csv.gz,source_input_index,Zero-based CSF file number; 0 is deterministic primary CSF; 1-9999 are available resampled inputs; linkage to saved fits unresolved,integer,file index,0..9999,Unknown/not recorded or not applicable; never zero. See description.,"See source_to_output_mapping.csv, config/conditions.json, and the indicated generating code in run_all.md."
validation/bootstrap_source_manifest/p04_l300.csv.gz,source_id,Opaque source identifier linking to source_manifest or bootstrap source manifests,string,,,Unknown/not recorded or not applicable; never zero. See description.,"See source_to_output_mapping.csv, config/conditions.json, and the indicated generating code in run_all.md."
validation/bootstrap_source_manifest/p04_l300.csv.gz,source_bytes,Size in bytes of the original source file before standardized transformation/compression,integer,bytes,>=0,Unknown/not recorded or not applicable; never zero. See description.,"See source_to_output_mapping.csv, config/conditions.json, and the indicated generating code in run_all.md."
validation/bootstrap_source_manifest/p04_l300.csv.gz,source_sha256,SHA-256 digest of original source bytes,string,,64 lowercase hexadecimal characters,Unknown/not recorded or not applicable; never zero. See description.,"See source_to_output_mapping.csv, config/conditions.json, and the indicated generating code in run_all.md."
validation/bootstrap_source_manifest/p04_l300.csv.gz,output_file,Relative package path containing a transformed/copied source,string,,relative path or empty for private-only source context,Unknown/not recorded or not applicable; never zero. See description.,"See source_to_output_mapping.csv, config/conditions.json, and the indicated generating code in run_all.md."
validation/bootstrap_source_manifest/p04_l300.csv.gz,source_input_index,Zero-based CSF file number; 0 is deterministic primary CSF; 1-9999 are available resampled inputs; linkage to saved fits unresolved,integer,file index,0..9999,Unknown/not recorded or not applicable; never zero. See description.,"See source_to_output_mapping.csv, config/conditions.json, and the indicated generating code in run_all.md."
validation/bootstrap_source_manifest/p04_l370.csv.gz,source_id,Opaque source identifier linking to source_manifest or bootstrap source manifests,string,,,Unknown/not recorded or not applicable; never zero. See description.,"See source_to_output_mapping.csv, config/conditions.json, and the indicated generating code in run_all.md."
validation/bootstrap_source_manifest/p04_l370.csv.gz,source_bytes,Size in bytes of the original source file before standardized transformation/compression,integer,bytes,>=0,Unknown/not recorded or not applicable; never zero. See description.,"See source_to_output_mapping.csv, config/conditions.json, and the indicated generating code in run_all.md."
validation/bootstrap_source_manifest/p04_l370.csv.gz,source_sha256,SHA-256 digest of original source bytes,string,,64 lowercase hexadecimal characters,Unknown/not recorded or not applicable; never zero. See description.,"See source_to_output_mapping.csv, config/conditions.json, and the indicated generating code in run_all.md."
validation/bootstrap_source_manifest/p04_l370.csv.gz,output_file,Relative package path containing a transformed/copied source,string,,relative path or empty for private-only source context,Unknown/not recorded or not applicable; never zero. See description.,"See source_to_output_mapping.csv, config/conditions.json, and the indicated generating code in run_all.md."
validation/bootstrap_source_manifest/p04_l370.csv.gz,source_input_index,Zero-based CSF file number; 0 is deterministic primary CSF; 1-9999 are available resampled inputs; linkage to saved fits unresolved,integer,file index,0..9999,Unknown/not recorded or not applicable; never zero. See description.,"See source_to_output_mapping.csv, config/conditions.json, and the indicated generating code in run_all.md."
validation/recomputed/csf_curves.csv,condition_id,"Pseudonymous participant-luminance identifier, not chronological session order",string,,conditions.json,Unknown/not recorded or not applicable; never zero. See description.,"See source_to_output_mapping.csv, config/conditions.json, and the indicated generating code in run_all.md."
validation/recomputed/csf_curves.csv,curve_index,Zero-based numerical curve sample index,integer,index,>=0,Unknown/not recorded or not applicable; never zero. See description.,"See source_to_output_mapping.csv, config/conditions.json, and the indicated generating code in run_all.md."
validation/recomputed/csf_curves.csv,spatial_frequency_cpd,"Ordinary spatial frequency; raw trial value is round(source_col_15 / 31.5, 3)",number,cycles/degree,>0,Unknown/not recorded or not applicable; never zero. See description.,"See source_to_output_mapping.csv, config/conditions.json, and the indicated generating code in run_all.md."
validation/recomputed/csf_curves.csv,contrast_sensitivity,"Reciprocal of the across-staircase mean threshold, or a current-helper fitted interpolant when in a curve table",number,reciprocal normalized source contrast,,Unknown/not recorded or not applicable; never zero. See description.,"See source_to_output_mapping.csv, config/conditions.json, and the indicated generating code in run_all.md."
validation/recomputed/csf_fit_metrics.csv,condition_id,"Pseudonymous participant-luminance identifier, not chronological session order",string,,conditions.json,Unknown/not recorded or not applicable; never zero. See description.,"See source_to_output_mapping.csv, config/conditions.json, and the indicated generating code in run_all.md."
validation/recomputed/csf_fit_metrics.csv,baseline_fit_peak_cpd,Maximum-grid location of a primary CSF fitted by the current helper,number,cycles/degree,,Unknown/not recorded or not applicable; never zero. See description.,"See source_to_output_mapping.csv, config/conditions.json, and the indicated generating code in run_all.md."
validation/recomputed/csf_fit_metrics.csv,nrmse,RMSE divided by mean observed sensitivity; source metric uses interpolated fitted values at observed frequencies,number,dimensionless,,Unknown/not recorded or not applicable; never zero. See description.,"See source_to_output_mapping.csv, config/conditions.json, and the indicated generating code in run_all.md."
validation/recomputed/csf_fit_metrics.csv,n_fit_points,Number of retained primary measurements used in current CSF fit,integer,count,,Unknown/not recorded or not applicable; never zero. See description.,"See source_to_output_mapping.csv, config/conditions.json, and the indicated generating code in run_all.md."
validation/recomputed/csf_fit_metrics.csv,grid_min_cpd,Lower endpoint of current-helper fitted-frequency grid,number,cycles/degree,0.1,Unknown/not recorded or not applicable; never zero. See description.,"See source_to_output_mapping.csv, config/conditions.json, and the indicated generating code in run_all.md."
validation/recomputed/csf_fit_metrics.csv,grid_max_exclusive_cpd,Exclusive upper endpoint of current-helper arange frequency grid,number,cycles/degree,,Unknown/not recorded or not applicable; never zero. See description.,"See source_to_output_mapping.csv, config/conditions.json, and the indicated generating code in run_all.md."
validation/recomputed/csf_fit_metrics.csv,warning_count,Number of numerical warnings captured during the fit; repeated messages are summarized separately,integer,count,>=0,Unknown/not recorded or not applicable; never zero. See description.,"See source_to_output_mapping.csv, config/conditions.json, and the indicated generating code in run_all.md."
validation/recomputed/csf_fit_metrics.csv,warnings,Distinct numerical warning messages or recorded exception text,string,,,No exclusion/warning/error for this row; unknown rationale is explicitly labelled.,"See source_to_output_mapping.csv, config/conditions.json, and the indicated generating code in run_all.md."
validation/recomputed/csf_fit_metrics.csv,status,"Provenance, execution or verification status; execution is not certification of historical agreement",string,,,Unknown/not recorded or not applicable; never zero. See description.,"See source_to_output_mapping.csv, config/conditions.json, and the indicated generating code in run_all.md."
validation/recomputed/csf_fit_parameters.csv,condition_id,"Pseudonymous participant-luminance identifier, not chronological session order",string,,conditions.json,Unknown/not recorded or not applicable; never zero. See description.,"See source_to_output_mapping.csv, config/conditions.json, and the indicated generating code in run_all.md."
validation/recomputed/csf_fit_parameters.csv,parameter,Empirical CSF parameter name; see config/analysis_config.json,string,,,Unknown/not recorded or not applicable; never zero. See description.,"See source_to_output_mapping.csv, config/conditions.json, and the indicated generating code in run_all.md."
validation/recomputed/csf_fit_parameters.csv,value,"Parameter value, without added rounding; status identifies whether it is literal source metadata or newly recomputed",number,units column or model-specific parameterization,,Unknown/not recorded or not applicable; never zero. See description.,"See source_to_output_mapping.csv, config/conditions.json, and the indicated generating code in run_all.md."
validation/recomputed/csf_fit_parameters.csv,units,Documented unit string; unconfirmed means no definitive unit was established,string,,,Unknown/not recorded or not applicable; never zero. See description.,"See source_to_output_mapping.csv, config/conditions.json, and the indicated generating code in run_all.md."
validation/recomputed/csf_fit_parameters.csv,status,"Provenance, execution or verification status; execution is not certification of historical agreement",string,,,Unknown/not recorded or not applicable; never zero. See description.,"See source_to_output_mapping.csv, config/conditions.json, and the indicated generating code in run_all.md."
validation/recomputed/preferred_frequency.csv,condition_id,"Pseudonymous participant-luminance identifier, not chronological session order",string,,conditions.json,Unknown/not recorded or not applicable; never zero. See description.,"See source_to_output_mapping.csv, config/conditions.json, and the indicated generating code in run_all.md."
validation/recomputed/preferred_frequency.csv,participant_id,Public participant identifier; P01-P04 correspond to manuscript Subjects 1-4,string,,P01|P02|P03|P04,Unknown/not recorded or not applicable; never zero. See description.,"See source_to_output_mapping.csv, config/conditions.json, and the indicated generating code in run_all.md."
validation/recomputed/preferred_frequency.csv,luminance_cd_m2,Luminance condition used by the supplied plotting/analysis configuration,number,cd/m^2,>0,Unknown/not recorded or not applicable; never zero. See description.,"See source_to_output_mapping.csv, config/conditions.json, and the indicated generating code in run_all.md."
validation/recomputed/preferred_frequency.csv,f_pref_mean_cpd,Arithmetic mean of saved preferred frequencies retained by supplied quality rules,number,cycles/degree,>1.05,Unknown/not recorded or not applicable; never zero. See description.,"See source_to_output_mapping.csv, config/conditions.json, and the indicated generating code in run_all.md."
validation/recomputed/preferred_frequency.csv,percentile_2_5_cpd,"2.5th percentile of retained saved preferred-frequency values, NumPy linear method",number,cycles/degree,,Unknown/not recorded or not applicable; never zero. See description.,"See source_to_output_mapping.csv, config/conditions.json, and the indicated generating code in run_all.md."
validation/recomputed/preferred_frequency.csv,percentile_97_5_cpd,"97.5th percentile of retained saved preferred-frequency values, NumPy linear method",number,cycles/degree,,Unknown/not recorded or not applicable; never zero. See description.,"See source_to_output_mapping.csv, config/conditions.json, and the indicated generating code in run_all.md."
validation/recomputed/preferred_frequency.csv,n_saved_fits,Number of rows available in original saved fit file,integer,count,10000,Unknown/not recorded or not applicable; never zero. See description.,"See source_to_output_mapping.csv, config/conditions.json, and the indicated generating code in run_all.md."
validation/recomputed/preferred_frequency.csv,n_pass_nrmse,Number of saved rows satisfying 0 <= NRMSE <= 0.3,integer,count,0..10000,Unknown/not recorded or not applicable; never zero. See description.,"See source_to_output_mapping.csv, config/conditions.json, and the indicated generating code in run_all.md."
validation/recomputed/preferred_frequency.csv,n_retained,Number of saved rows retained after both PSF quality rules,integer,count,0..10000,Unknown/not recorded or not applicable; never zero. See description.,"See source_to_output_mapping.csv, config/conditions.json, and the indicated generating code in run_all.md."
validation/recomputed/preferred_frequency.csv,n_excluded,Number of saved rows rejected by either PSF quality rule,integer,count,0..10000,Unknown/not recorded or not applicable; never zero. See description.,"See source_to_output_mapping.csv, config/conditions.json, and the indicated generating code in run_all.md."
validation/recomputed/preferred_frequency.csv,source_id,Opaque source identifier linking to source_manifest or bootstrap source manifests,string,,,Unknown/not recorded or not applicable; never zero. See description.,"See source_to_output_mapping.csv, config/conditions.json, and the indicated generating code in run_all.md."
validation/recomputed/raw_to_csf_checks.csv,condition_id,"Pseudonymous participant-luminance identifier, not chronological session order",string,,conditions.json,Unknown/not recorded or not applicable; never zero. See description.,"See source_to_output_mapping.csv, config/conditions.json, and the indicated generating code in run_all.md."
validation/recomputed/raw_to_csf_checks.csv,spatial_frequency_cpd,"Ordinary spatial frequency; raw trial value is round(source_col_15 / 31.5, 3)",number,cycles/degree,>0,Unknown/not recorded or not applicable; never zero. See description.,"See source_to_output_mapping.csv, config/conditions.json, and the indicated generating code in run_all.md."
validation/recomputed/raw_to_csf_checks.csv,n_staircases,Count of included staircases supporting a primary CSF point,integer,count,>=1,Unknown/not recorded or not applicable; never zero. See description.,"See source_to_output_mapping.csv, config/conditions.json, and the indicated generating code in run_all.md."
validation/recomputed/raw_to_csf_checks.csv,recomputed_sensitivity,Sensitivity recomputed from deposited trials and source detector,number,contrast sensitivity units,,Unknown/not recorded or not applicable; never zero. See description.,"See source_to_output_mapping.csv, config/conditions.json, and the indicated generating code in run_all.md."
validation/recomputed/raw_to_csf_checks.csv,saved_sensitivity,Reference primary sensitivity read from saved source file,number,contrast sensitivity units,,Unknown/not recorded or not applicable; never zero. See description.,"See source_to_output_mapping.csv, config/conditions.json, and the indicated generating code in run_all.md."
validation/recomputed/raw_to_csf_checks.csv,absolute_difference,Absolute difference between recomputed and saved primary sensitivity,number,contrast sensitivity units,>=0,Unknown/not recorded or not applicable; never zero. See description.,"See source_to_output_mapping.csv, config/conditions.json, and the indicated generating code in run_all.md."
validation/recomputed/raw_to_csf_checks.csv,matches_tolerance_1e_12,Raw reconstruction matches the archived CSF at rtol=atol=1e-12,boolean,,True|False,Unknown/not recorded or not applicable; never zero. See description.,"See source_to_output_mapping.csv, config/conditions.json, and the indicated generating code in run_all.md."
validation/recomputed/staircase_checks.csv,staircase_id,Unique public staircase identifier combining source file and within-file code,string,,,Unknown/not recorded or not applicable; never zero. See description.,"See source_to_output_mapping.csv, config/conditions.json, and the indicated generating code in run_all.md."
validation/recomputed/staircase_checks.csv,n_reversals,Count returned by the source reversal detector during replay,integer,count,,Unknown/not recorded or not applicable; never zero. See description.,"See source_to_output_mapping.csv, config/conditions.json, and the indicated generating code in run_all.md."
validation/recomputed/staircase_checks.csv,threshold_last8_median,Median of final eight detected normalized source contrasts,number,dimensionless source contrast,>0,Unknown/not recorded or not applicable; never zero. See description.,"See source_to_output_mapping.csv, config/conditions.json, and the indicated generating code in run_all.md."
validation/recomputed/staircase_checks.csv,included,Staircase included in the primary CSF calculation,boolean,,True|False,Unknown/not recorded or not applicable; never zero. See description.,"See source_to_output_mapping.csv, config/conditions.json, and the indicated generating code in run_all.md."
validation/sample_saved_fit_checks.csv,condition_id,"Pseudonymous participant-luminance identifier, not chronological session order",string,,conditions.json,Unknown/not recorded or not applicable; never zero. See description.,"See source_to_output_mapping.csv, config/conditions.json, and the indicated generating code in run_all.md."
validation/sample_saved_fit_checks.csv,source_input_index,Zero-based CSF file number; 0 is deterministic primary CSF; 1-9999 are available resampled inputs; linkage to saved fits unresolved,integer,file index,0..9999,Unknown/not recorded or not applicable; never zero. See description.,"See source_to_output_mapping.csv, config/conditions.json, and the indicated generating code in run_all.md."
validation/sample_saved_fit_checks.csv,saved_fit_row_compared,"Unverified positional fit-row candidate, source_input_index+1; used diagnostically, not asserted linkage",integer,row index,1..10000,Unknown/not recorded or not applicable; never zero. See description.,"See source_to_output_mapping.csv, config/conditions.json, and the indicated generating code in run_all.md."
validation/sample_saved_fit_checks.csv,saved_f_pref_cpd,Preferred frequency at the candidate positional row in the saved fit table,number,cycles/degree,,Unknown/not recorded or not applicable; never zero. See description.,"See source_to_output_mapping.csv, config/conditions.json, and the indicated generating code in run_all.md."
validation/sample_saved_fit_checks.csv,current_grid_f_pref_cpd,Preferred frequency from replay with current 0.1-cpd lower grid bound,number,cycles/degree,,Unknown/not recorded or not applicable; never zero. See description.,"See source_to_output_mapping.csv, config/conditions.json, and the indicated generating code in run_all.md."
validation/sample_saved_fit_checks.csv,historical_grid_candidate_f_pref_cpd,Replay peak using explicitly inferred historical grid candidate beginning at min(retained measured frequency),number,cycles/degree,,Unknown/not recorded or not applicable; never zero. See description.,"See source_to_output_mapping.csv, config/conditions.json, and the indicated generating code in run_all.md."
validation/sample_saved_fit_checks.csv,f_pref_absolute_difference_cpd,Absolute difference between historical-grid candidate replay and candidate positional saved row,number,cycles/degree,>=0,Unknown/not recorded or not applicable; never zero. See description.,"See source_to_output_mapping.csv, config/conditions.json, and the indicated generating code in run_all.md."
validation/sample_saved_fit_checks.csv,all_5_metrics_match_after_4dp_rounding,All five replay metrics rounded to four decimals exactly match the candidate positional saved row,boolean,,True|False,Unknown/not recorded or not applicable; never zero. See description.,"See source_to_output_mapping.csv, config/conditions.json, and the indicated generating code in run_all.md."
validation/sample_saved_fit_checks.csv,all_5_metrics_within_0_0001,All five replay metrics are within absolute 0.0001 of candidate positional saved row,boolean,,True|False,Unknown/not recorded or not applicable; never zero. See description.,"See source_to_output_mapping.csv, config/conditions.json, and the indicated generating code in run_all.md."
validation/sample_saved_fit_checks.csv,max_metric_absolute_difference,"Maximum numerical absolute discrepancy across five differently scaled metrics; a fingerprint diagnostic, not a physical distance",number,mixed source metric units,>=0,Unknown/not recorded or not applicable; never zero. See description.,"See source_to_output_mapping.csv, config/conditions.json, and the indicated generating code in run_all.md."
validation/sample_saved_fit_checks.csv,nearest_saved_fit_row,Saved row minimizing maximum absolute numerical discrepancy across five metrics; not a proven generating-row link,integer,row index,1..10000,Unknown/not recorded or not applicable; never zero. See description.,"See source_to_output_mapping.csv, config/conditions.json, and the indicated generating code in run_all.md."
validation/sample_saved_fit_checks.csv,nearest_row_max_metric_absolute_difference,Smallest five-metric max-absolute discrepancy over all saved rows; fingerprint diagnostic only,number,mixed source metric units,>=0,Unknown/not recorded or not applicable; never zero. See description.,"See source_to_output_mapping.csv, config/conditions.json, and the indicated generating code in run_all.md."
validation/sample_saved_fit_checks.csv,any_saved_row_matches_all_5_metrics_4dp,At least one saved row matches all five replay metrics rounded to four decimals,boolean,,True|False,Unknown/not recorded or not applicable; never zero. See description.,"See source_to_output_mapping.csv, config/conditions.json, and the indicated generating code in run_all.md."
validation/sample_saved_fit_checks.csv,status,"Provenance, execution or verification status; execution is not certification of historical agreement",string,,,Unknown/not recorded or not applicable; never zero. See description.,"See source_to_output_mapping.csv, config/conditions.json, and the indicated generating code in run_all.md."
validation/sample_saved_fit_checks.csv,error,Exception type/message for a failed attempted fit; empty on execution success,string,,,No exclusion/warning/error for this row; unknown rationale is explicitly labelled.,"See source_to_output_mapping.csv, config/conditions.json, and the indicated generating code in run_all.md."
manifest.csv,file_name,Relative package filename or documented source-file pattern,string,,,Unknown/not recorded or not applicable; never zero. See description.,"See source_to_output_mapping.csv, config/conditions.json, and the indicated generating code in run_all.md."
manifest.csv,description,"Human-readable file, field, or metadata definition",string,,,Unknown/not recorded or not applicable; never zero. See description.,"See source_to_output_mapping.csv, config/conditions.json, and the indicated generating code in run_all.md."
manifest.csv,role,Role of source or file in the archived workflow,string,,,Unknown/not recorded or not applicable; never zero. See description.,"See source_to_output_mapping.csv, config/conditions.json, and the indicated generating code in run_all.md."
manifest.csv,size_bytes,Exact size of the packaged file including compression if applicable,integer,bytes,>=0,Unknown/not recorded or not applicable; never zero. See description.,"See source_to_output_mapping.csv, config/conditions.json, and the indicated generating code in run_all.md."
manifest.csv,sha256,SHA-256 digest of packaged file bytes,string,,64 lowercase hexadecimal characters,Unknown/not recorded or not applicable; never zero. See description.,"See source_to_output_mapping.csv, config/conditions.json, and the indicated generating code in run_all.md."
data/raw/source_trials/*.tsv.gz,source_col_00,Signed probe position stored in source matrix; definitive coordinate units unconfirmed,number,source coordinate units,source values,Unknown/not recorded or not applicable; never zero. See description.,Original saved values preserved; source_manifest and source_id give provenance.
data/raw/source_trials/*.tsv.gz,source_col_01,Stimulus side code from source matrix; binary codes preserved without assigning left/right labels,number,code,source values,Unknown/not recorded or not applicable; never zero. See description.,Original saved values preserved; source_manifest and source_id give provenance.
data/raw/source_trials/*.tsv.gz,source_col_02,Participant response side code from source matrix; compared with source_col_01 to derive correct,number,code,source values,Unknown/not recorded or not applicable; never zero. See description.,Original saved values preserved; source_manifest and source_id give provenance.
data/raw/source_trials/*.tsv.gz,source_col_03,Unmodified raw numeric column; meaning was not established by the supplied analysis loader. Retained to avoid information loss.,number,unconfirmed,source values,Unknown/not recorded or not applicable; never zero. See description.,Original saved values preserved; source_manifest and source_id give provenance.
data/raw/source_trials/*.tsv.gz,source_col_04,Within-file staircase identifier used for grouping trials,number,code,source values,Unknown/not recorded or not applicable; never zero. See description.,Original saved values preserved; source_manifest and source_id give provenance.
data/raw/source_trials/*.tsv.gz,source_col_05,Unmodified raw numeric column; meaning was not established by the supplied analysis loader. Retained to avoid information loss.,number,unconfirmed,source values,Unknown/not recorded or not applicable; never zero. See description.,Original saved values preserved; source_manifest and source_id give provenance.
data/raw/source_trials/*.tsv.gz,source_col_06,Displayed probe intensity in source coordinates; used by operational contrast-normalization helper,number,source display intensity,source values,Unknown/not recorded or not applicable; never zero. See description.,Original saved values preserved; source_manifest and source_id give provenance.
data/raw/source_trials/*.tsv.gz,source_col_07,Unmodified raw numeric column; meaning was not established by the supplied analysis loader. Retained to avoid information loss.,number,unconfirmed,source values,Unknown/not recorded or not applicable; never zero. See description.,Original saved values preserved; source_manifest and source_id give provenance.
data/raw/source_trials/*.tsv.gz,source_col_08,Unmodified raw numeric column; meaning was not established by the supplied analysis loader. Retained to avoid information loss.,number,unconfirmed,source values,Unknown/not recorded or not applicable; never zero. See description.,Original saved values preserved; source_manifest and source_id give provenance.
data/raw/source_trials/*.tsv.gz,source_col_09,Unmodified raw numeric column; meaning was not established by the supplied analysis loader. Retained to avoid information loss.,number,unconfirmed,source values,Unknown/not recorded or not applicable; never zero. See description.,Original saved values preserved; source_manifest and source_id give provenance.
data/raw/source_trials/*.tsv.gz,source_col_10,Source correctTick/counter field read by supplied loader; not relabelled as binary correctness,number,source code/counter,source values,Unknown/not recorded or not applicable; never zero. See description.,Original saved values preserved; source_manifest and source_id give provenance.
data/raw/source_trials/*.tsv.gz,source_col_11,Unmodified raw numeric column; meaning was not established by the supplied analysis loader. Retained to avoid information loss.,number,unconfirmed,source values,Unknown/not recorded or not applicable; never zero. See description.,Original saved values preserved; source_manifest and source_id give provenance.
data/raw/source_trials/*.tsv.gz,source_col_12,Unmodified raw numeric column; meaning was not established by the supplied analysis loader. Retained to avoid information loss.,number,unconfirmed,source values,Unknown/not recorded or not applicable; never zero. See description.,Original saved values preserved; source_manifest and source_id give provenance.
data/raw/source_trials/*.tsv.gz,source_col_13,Unmodified raw numeric column; meaning was not established by the supplied analysis loader. Retained to avoid information loss.,number,unconfirmed,source values,Unknown/not recorded or not applicable; never zero. See description.,Original saved values preserved; source_manifest and source_id give provenance.
data/raw/source_trials/*.tsv.gz,source_col_14,Unmodified raw numeric column; meaning was not established by the supplied analysis loader. Retained to avoid information loss.,number,unconfirmed,source values,Unknown/not recorded or not applicable; never zero. See description.,Original saved values preserved; source_manifest and source_id give provenance.
data/raw/source_trials/*.tsv.gz,source_col_15,Source frequency parameter used by supplied loader; divide by 31.5 and round to three decimals to obtain cycles/degree,number,source frequency units,source values,Unknown/not recorded or not applicable; never zero. See description.,Original saved values preserved; source_manifest and source_id give provenance.
data/source/csf_baseline/*.tsv.gz,spatial_frequency_cpd,"Ordinary spatial frequency; raw trial value is round(source_col_15 / 31.5, 3)",number,cycles/degree,>0,Unknown/not recorded or not applicable; never zero. See description.,Original saved values preserved; source_manifest and source_id give provenance.
data/source/csf_baseline/*.tsv.gz,contrast_sensitivity,"Reciprocal of the across-staircase mean threshold, or a current-helper fitted interpolant when in a curve table",number,reciprocal normalized source contrast,,Unknown/not recorded or not applicable; never zero. See description.,Original saved values preserved; source_manifest and source_id give provenance.
data/source/fitted_psf/*.tsv.gz,f_pref_cpd,Preferred ordinary spatial frequency in the original saved fitted list; source precision is four decimals,number,cycles/degree,,Unknown/not recorded or not applicable; never zero. See description.,Original saved values preserved; source_manifest and source_id give provenance.
data/source/fitted_psf/*.tsv.gz,nrmse,RMSE divided by mean observed sensitivity; source metric uses interpolated fitted values at observed frequencies,number,dimensionless,,Unknown/not recorded or not applicable; never zero. See description.,Original saved values preserved; source_manifest and source_id give provenance.
data/source/fitted_psf/*.tsv.gz,mape_percent,Mean absolute percentage error from original saved fit-quality column,number,percent,,Unknown/not recorded or not applicable; never zero. See description.,Original saved values preserved; source_manifest and source_id give provenance.
data/source/fitted_psf/*.tsv.gz,rmse,Root mean square error in original saved fit-quality column,number,contrast sensitivity units,,Unknown/not recorded or not applicable; never zero. See description.,Original saved values preserved; source_manifest and source_id give provenance.
data/source/fitted_psf/*.tsv.gz,mae,Mean absolute error in original saved fit-quality column,number,contrast sensitivity units,,Unknown/not recorded or not applicable; never zero. See description.,Original saved values preserved; source_manifest and source_id give provenance.
data/raw/source_metadata/*.tsv.gz,source_key,Original stimulus metadata key with exact dates/linkage fields omitted,string,,metadata_key_dictionary.csv,Unknown/not recorded or not applicable; never zero. See description.,"See source_to_output_mapping.csv, config/conditions.json, and the indicated generating code in run_all.md."
data/raw/source_metadata/*.tsv.gz,source_value,Original retained metadata value as text; expressions are not evaluated,string,see metadata_key_dictionary.csv,,Unknown/not recorded or not applicable; never zero. See description.,"See source_to_output_mapping.csv, config/conditions.json, and the indicated generating code in run_all.md."
data_dictionary.csv,file_name,Definition field in this dictionary: file_name,string,,,Unknown/not recorded or not applicable; never zero. See description.,"See source_to_output_mapping.csv, config/conditions.json, and the indicated generating code in run_all.md."
data_dictionary.csv,column_name,Definition field in this dictionary: column_name,string,,,Unknown/not recorded or not applicable; never zero. See description.,"See source_to_output_mapping.csv, config/conditions.json, and the indicated generating code in run_all.md."
data_dictionary.csv,description,Definition field in this dictionary: description,string,,,Unknown/not recorded or not applicable; never zero. See description.,"See source_to_output_mapping.csv, config/conditions.json, and the indicated generating code in run_all.md."
data_dictionary.csv,data_type,Definition field in this dictionary: data_type,string,,,Unknown/not recorded or not applicable; never zero. See description.,"See source_to_output_mapping.csv, config/conditions.json, and the indicated generating code in run_all.md."
data_dictionary.csv,units,Definition field in this dictionary: units,string,,,Unknown/not recorded or not applicable; never zero. See description.,"See source_to_output_mapping.csv, config/conditions.json, and the indicated generating code in run_all.md."
data_dictionary.csv,allowed_values_or_range,Definition field in this dictionary: allowed_values_or_range,string,,,Unknown/not recorded or not applicable; never zero. See description.,"See source_to_output_mapping.csv, config/conditions.json, and the indicated generating code in run_all.md."
data_dictionary.csv,missing_value_meaning,Definition field in this dictionary: missing_value_meaning,string,,,Unknown/not recorded or not applicable; never zero. See description.,"See source_to_output_mapping.csv, config/conditions.json, and the indicated generating code in run_all.md."
data_dictionary.csv,source_or_derivation,Definition field in this dictionary: source_or_derivation,string,,,Unknown/not recorded or not applicable; never zero. See description.,"See source_to_output_mapping.csv, config/conditions.json, and the indicated generating code in run_all.md."
