file_name,description,role,size_bytes,sha256
.gitattributes,"Package documentation, configuration, provenance or citation information",documentation,137,0bb363db8ef4c817af97ea6ad43ffc905ff70f569180c185c5e95eeb2a02381d
.gitignore,"Package documentation, data dictionary, provenance, environment, citation or release preparation information",documentation,114,201cd50dbcae827044fdcc867c34aed9fb2d87e19e7252eb9acef6243bb782a4
CITATION.cff,"Package documentation, data dictionary, provenance, environment, citation or release preparation information",documentation,1717,f9b1408dd036f40042edc4ab8fb56a14d396665af960f4eddd0d1670b9230971
DATA_AVAILABILITY.md,"Package documentation, data dictionary, provenance, environment, citation or release preparation information",documentation,1405,b9a7d06132ae078356743fdae671d29a0027aedadb10c5a8726775cfdc01e252
EMPIRICAL_METHODS.md,"Package documentation, configuration, provenance or citation information",documentation,5672,c63fec9e48333d2ed4cc2ab527176402ce5c9dd97d34e369820e3b5c39311b2c
JOURNAL_DATA_CHECKLIST.md,"Package documentation, data dictionary, provenance, environment, citation or release preparation information",documentation,1849,c5b6f708833ebdd000b9be2fdc7a4645982e806e5b1c584acf8b81abdf15d12d
LICENSE_CODE.txt,"Package documentation, data dictionary, provenance, environment, citation or release preparation information",documentation,581,7683a089ac80234c4959849d16902f461022f811933fa40582bb420afef3df1b
LICENSE_DATA.txt,"Package documentation, data dictionary, provenance, environment, citation or release preparation information",documentation,571,e7a3ba8af9046de406ad4acaaf86eae23a5af62f14bd955654cc955932758213
README.md,"Package documentation, data dictionary, provenance, environment, citation or release preparation information",documentation,5795,c8c50985a1f55c9aa699948658d1cfc1a37fbe286104a94ce27a859e56aac0bb
RELEASE_NOTES.md,"Package documentation, configuration, provenance or citation information",documentation,1991,3aa1b914a52342572a0230545db4ea6d5fa1035b0bd34696e451224b407022b4
STAIRCASE_NOTES.md,"Package documentation, data dictionary, provenance, environment, citation or release preparation information",documentation,1312,6c46318b7a002e9becd976632a0cb8c4be93a9b73bfe6bafa000125ebd46c7bc
VALIDATION_REPORT.md,"Package documentation, data dictionary, provenance, environment, citation or release preparation information",documentation,7348,97ae538d32441b7328084189aa6afc4268f12f850c85bf0cea38c42e5cad54aa
code/analysis/reproduce.py,"Relative-path analysis, reproduction, plotting, resampling or validation code",analysis_code,8260,5c5ee35b4031a0377cdec6cfb83e776813b5c73a01a52881c60c5dd1247284dc
code/analysis/source_helpers.py,"Relative-path analysis, reproduction, plotting, resampling or validation code",analysis_code,7618,766ba974e26f060d4080a7045dca0581139ddb46ea7dc31c7fb5a2632f2096ba
code/bootstrap/audit_saved_fits.py,"Relative-path analysis, reproduction, plotting, resampling or validation code",analysis_code,4829,4ab55b14bed3890e25efae6f3c522e7d70b07ba9bc31026d483a2679140b6ea5
code/bootstrap/resample_from_reversals.py,"Relative-path analysis, reproduction, plotting, resampling or validation code",analysis_code,3773,bcc52e944be1e948c43331132be319d0faa0625f3f2759c91e4deb119e5d3c4f
code/bootstrap/supplied_bootstrap_helpers.py,"Relative-path analysis, reproduction, plotting, resampling or validation code",analysis_code,7865,46bcb2ba698b7d1d6465fc204fb28fbad2128a38033fd0fc84c489adbf265587
code/make_figures/plot_data.py,"Relative-path analysis, reproduction, plotting, resampling or validation code",analysis_code,3896,1ceb0c5071370e90714cd2f6a998470ad2a4ac6060f58310b8ef5e8711b519d0
code/make_figures/plot_staircases.py,"Relative-path analysis, reproduction, plotting, resampling or validation code",analysis_code,3433,7a1660a964d54aef6a8619d7316901cf30e4d4331ee833c1a274612fd4bf4dc8
code/run_all.py,"Relative-path analysis, reproduction, plotting, resampling or validation code",analysis_code,581,d8952d82564cf25f88e239e639a5f12fdbad30de133ccf639c2116f30b7ed43b
code/tests/verify_package.py,"Relative-path analysis, reproduction, plotting, resampling or validation code",analysis_code,6153,17a3a62b14a8dc8d46dfe88f5f1267d1d15a6972952e8a38b3bb1e29d52d1270
code/tools/build_manifest.py,"Empirical analysis, plotting, resampling or package verification code",analysis_code,2521,1d2967bcc7bb57bd0a59a06f39b78bfa49ea79a1a1ef3e5f4b6abe10a1d442dd
config/analysis_config.json,"Documented source-derived analysis settings, provenance or unresolved historical random seed",configuration,1100,0a3e22747f454adefbd8cb166aaabe31b5226c746cbcc82674a6ae1bf3eb3697
config/conditions.json,"Documented source-derived analysis settings, provenance or unresolved historical random seed",configuration,17344,14b2922ce6b888fcbf802478a57d9077e9b5d37cb13fef8d71fec3ec63151e55
config/document_provenance.json,"Package documentation, configuration, provenance or citation information",documentation,1332,07beb44d769697e69eacf947177aee8832c02c84555268381cf650f8cc6194a3
config/function_provenance.json,"Documented source-derived analysis settings, provenance or unresolved historical random seed",configuration,3518,b210d572584645efbdd034adc3ee0ed8a3922254c65c007354b5e250f385a256
config/publication.json,"Package documentation, configuration, provenance or citation information",documentation,689,b80af80a6c506bcfce4158cdbe407ed3386805eef78a56277c6e9fe3ff2f97d4
config/random_seed.txt,"Documented source-derived analysis settings, provenance or unresolved historical random seed",configuration,281,3602a8bf080017b10be90bfad640eb4f2350c8d8fcb993ebdcb53f67423c656f
data/calibration_reference/cal01.csv,Candidate source calibration values with unconfirmed session association and column meanings,calibration_reference,937,c1c53b3277cc9b45aa3bde04f128280b2cc7c245022a1eb0596853a1c902b713
data/calibration_reference/cal02.csv,Candidate source calibration values with unconfirmed session association and column meanings,calibration_reference,348,b27fd5a885c042996b19d40ae1633674c99f4c5d5325c9a67646d0729ca46a73
data/calibration_reference/cal03.csv,Candidate source calibration values with unconfirmed session association and column meanings,calibration_reference,574,3fdc6225ce01eec835e51ac159899fc3dff3c8d6b1980b4b7a38aff1c32eb64f
data/calibration_reference/cal04.csv,Candidate source calibration values with unconfirmed session association and column meanings,calibration_reference,560,ad2cd089cf7c5d3f72a3109cc3318d646c3cf6c8cdf47af9d6cf25ee035dbf49
data/exclusions/exclusions_log.csv,"Recorded staircase and fit-point exclusions, including inactive indices and unrecorded rationales",analysis_exclusions,2222,aac3ac3bcb6b019956f8970012bc9b5549a439870ed1eb16f905cd4c89ebd617
data/processed/bootstrap_csf/p01_l010.csv.gz,"Consolidated original CSF inputs with original numeric strings, input indices and point indices",preserved_resampling_inputs,258502,910e2a6be749ed21dfeafb75d21eb6bd1868d46f011f8d06cebaacc3fcf69323
data/processed/bootstrap_csf/p01_l020.csv.gz,"Consolidated original CSF inputs with original numeric strings, input indices and point indices",preserved_resampling_inputs,254364,44623464377873f441b07a5c75a024bb1c766a158f66b13a7156c6177dc9fbdd
data/processed/bootstrap_csf/p01_l025.csv.gz,"Consolidated original CSF inputs with original numeric strings, input indices and point indices",preserved_resampling_inputs,348358,be162545b66e47a4ddb9b50902ab2b7e949e59a6880ae3b155e443111ff0c0ba
data/processed/bootstrap_csf/p01_l038.csv.gz,"Consolidated original CSF inputs with original numeric strings, input indices and point indices",preserved_resampling_inputs,247014,f6e103843ae72eba09ff6cb00c582c8037a9febdf312bf19502b6f3a39c70682
data/processed/bootstrap_csf/p01_l050.csv.gz,"Consolidated original CSF inputs with original numeric strings, input indices and point indices",preserved_resampling_inputs,246920,8b13ed81722f38c9d77706ac8fdf3fe5bebdb9fc802d77042d64387c9b86f16c
data/processed/bootstrap_csf/p01_l072.csv.gz,"Consolidated original CSF inputs with original numeric strings, input indices and point indices",preserved_resampling_inputs,243996,1b908eb76842aa10d5337e28f5440b1804d0924c179b840410a306cf8a6d0937
data/processed/bootstrap_csf/p01_l100.csv.gz,"Consolidated original CSF inputs with original numeric strings, input indices and point indices",preserved_resampling_inputs,251030,285cc41974f558fcefb491045962f703d5db7b4066259ebed85332af89d113f8
data/processed/bootstrap_csf/p01_l149.csv.gz,"Consolidated original CSF inputs with original numeric strings, input indices and point indices",preserved_resampling_inputs,246953,dd2aaeeb9a3c5499787e8b1334f7206befc6e35705a61906529b8ddbbd411365
data/processed/bootstrap_csf/p01_l200.csv.gz,"Consolidated original CSF inputs with original numeric strings, input indices and point indices",preserved_resampling_inputs,235489,f151fb43844fc6568192a4b54e239aca851ba179dd067bfb607ef325bd595031
data/processed/bootstrap_csf/p01_l300.csv.gz,"Consolidated original CSF inputs with original numeric strings, input indices and point indices",preserved_resampling_inputs,226450,c022be6ed81252417be8ffd6fbae586e475d0fa927dd79258cd47794880c754b
data/processed/bootstrap_csf/p01_l370.csv.gz,"Consolidated original CSF inputs with original numeric strings, input indices and point indices",preserved_resampling_inputs,242524,1242270fd742d0c64674f09a4cf8178309a3780ee37c73315032a0146f1f9e7e
data/processed/bootstrap_csf/p01_l403.csv.gz,"Consolidated original CSF inputs with original numeric strings, input indices and point indices",preserved_resampling_inputs,244842,6fb54af62b6673f2b846e11e1de4792fe39e70b7f4001d8d3a4fd69df7cf0860
data/processed/bootstrap_csf/p02_l010.csv.gz,"Consolidated original CSF inputs with original numeric strings, input indices and point indices",preserved_resampling_inputs,279898,7bebca43b24513abf919fff294b3a77c6221bf7edbcdcd0832e53e352f03b828
data/processed/bootstrap_csf/p02_l026.csv.gz,"Consolidated original CSF inputs with original numeric strings, input indices and point indices",preserved_resampling_inputs,215987,ed7776b9c5adf95a65e86e1c610f08525029afe18c8ed100e3603f798b221cdc
data/processed/bootstrap_csf/p02_l049.csv.gz,"Consolidated original CSF inputs with original numeric strings, input indices and point indices",preserved_resampling_inputs,258232,0202794a2beb68a5ac2421565e047098f63da0bae85ef71c44f74b5cf3cd43ff
data/processed/bootstrap_csf/p02_l100.csv.gz,"Consolidated original CSF inputs with original numeric strings, input indices and point indices",preserved_resampling_inputs,268687,8a9bab23a9726975881ade783343f10e7abc00ba94799f9ae8fc6e1dd0523093
data/processed/bootstrap_csf/p02_l204.csv.gz,"Consolidated original CSF inputs with original numeric strings, input indices and point indices",preserved_resampling_inputs,253015,d3218004469dbf1257332609a4d10c0ace2f47e6486cac3d231aeee283bd713d
data/processed/bootstrap_csf/p02_l300.csv.gz,"Consolidated original CSF inputs with original numeric strings, input indices and point indices",preserved_resampling_inputs,241394,19319c571f7ddf60d0931512abdc747f426552ebfe974b85d6a38782bf0f24b8
data/processed/bootstrap_csf/p03_l010.csv.gz,"Consolidated original CSF inputs with original numeric strings, input indices and point indices",preserved_resampling_inputs,256080,0fe5be12f131e51fd382e27ee7f1f5f42b3accff9d0d1b933415b68e41c670e9
data/processed/bootstrap_csf/p03_l049.csv.gz,"Consolidated original CSF inputs with original numeric strings, input indices and point indices",preserved_resampling_inputs,268276,22e357f38380b6a0d945bcf42a6168c3e41581e697d2e91f2e8c0878baa572df
data/processed/bootstrap_csf/p03_l100.csv.gz,"Consolidated original CSF inputs with original numeric strings, input indices and point indices",preserved_resampling_inputs,259446,1c311894b1b96aef8679d8557f06af18e9f6300a0c543c28f5826bf5b005e895
data/processed/bootstrap_csf/p03_l200.csv.gz,"Consolidated original CSF inputs with original numeric strings, input indices and point indices",preserved_resampling_inputs,263945,1aa4f1db76b6fedee2b4f3a4ae61b04e156f2b95990a74998e41324ec5e6f7a6
data/processed/bootstrap_csf/p03_l300.csv.gz,"Consolidated original CSF inputs with original numeric strings, input indices and point indices",preserved_resampling_inputs,254526,299b2e75859baf360b8838d5366cc97c8fd22585abd7ac0a1fc68a63b941fc12
data/processed/bootstrap_csf/p03_l370.csv.gz,"Consolidated original CSF inputs with original numeric strings, input indices and point indices",preserved_resampling_inputs,247336,85174965268af77693d43a90094dcdaecee1e37579ccd12815c212365f11b37a
data/processed/bootstrap_csf/p03_l415.csv.gz,"Consolidated original CSF inputs with original numeric strings, input indices and point indices",preserved_resampling_inputs,254711,d12117a1ee6f132a6295f98a295f7e263cabb5651595ba94ddd1cdd0b1665bb7
data/processed/bootstrap_csf/p04_l010.csv.gz,"Consolidated original CSF inputs with original numeric strings, input indices and point indices",preserved_resampling_inputs,258533,0e8c5a351734797b9c71aff26bb94d3b94c2cbd6e53ab5a18e64eb02483df688
data/processed/bootstrap_csf/p04_l049.csv.gz,"Consolidated original CSF inputs with original numeric strings, input indices and point indices",preserved_resampling_inputs,260869,5592d6d331e94f2ffd249fe5276989ebdfa9d6287756268ea1b1e0c92a17d0ce
data/processed/bootstrap_csf/p04_l100.csv.gz,"Consolidated original CSF inputs with original numeric strings, input indices and point indices",preserved_resampling_inputs,386174,651b35e1851d71b8663ad0669b8d19a922b378a04d8b6551321c715ffb0038ac
data/processed/bootstrap_csf/p04_l200.csv.gz,"Consolidated original CSF inputs with original numeric strings, input indices and point indices",preserved_resampling_inputs,265967,1fa228318f710bf46eec5452b6541d55d499d1489d62ba4be8b1d5235969ffd1
data/processed/bootstrap_csf/p04_l300.csv.gz,"Consolidated original CSF inputs with original numeric strings, input indices and point indices",preserved_resampling_inputs,248385,5f46bd38ac73f39ebf7c10938f7a5d92c66da5d6715f65673c4320378c61f07d
data/processed/bootstrap_csf/p04_l370.csv.gz,"Consolidated original CSF inputs with original numeric strings, input indices and point indices",preserved_resampling_inputs,248412,c299bee38c62c14894e411e529be7318092fffdd5083823559dee3b2e566c432
data/processed/bootstrap_fpref.csv.gz,Archived psychophysical results or explicitly labelled current-helper recomputation,processed_data,5543413,6cb636e8b467a8b9004705818d5aff8569d8515a1ee7b6a72d25c25f52056db1
data/processed/csf_curves_recomputed.csv,Archived psychophysical results or explicitly labelled current-helper recomputation,processed_data,1546289,d39aba1d89530c2d7204e1b9fddbe7287216a544ef7cf46517914116305c80f3
data/processed/csf_fit_metrics_recomputed.csv,Archived psychophysical results or explicitly labelled current-helper recomputation,processed_data,3745,a66973c29fb97d8ed37fb6caebb8632116dd1930471a802c4614676357a2a95c
data/processed/csf_fit_parameters_recomputed.csv,Archived psychophysical results or explicitly labelled current-helper recomputation,processed_data,12888,cf9ff13331a935949acda958451ee5940d2f52b113dd33e58c2a2c52bb6fd34a
data/processed/csf_thresholds.csv,Archived psychophysical results or explicitly labelled current-helper recomputation,processed_data,20920,cdd9a7490ba68b4e383890050a548557b82585575e9cc9fbe88dbb6139f44d50
data/processed/figure_source_data/figure2_csf_curves_recomputed.csv,Figure 2 or Figure 3 data selected by supplied plotting code; recomputed curves labelled separately,figure_source_data,1263679,9a062187c69ea3786e08618541bf38f181ec9365b01b4e715d78aed3fe27e6a4
data/processed/figure_source_data/figure2_csf_points.csv,Figure 2 or Figure 3 data selected by supplied plotting code; recomputed curves labelled separately,figure_source_data,12118,08f92350f3e12cc8963b93ef51e4e9d97e0b51e4f8ca6e2795568b2946e3291d
data/processed/figure_source_data/figure2_psf_points.csv,Figure 2 or Figure 3 data selected by supplied plotting code; recomputed curves labelled separately,figure_source_data,1721,d7027e77fea76e7c3a042ddc1ca2aa59effa47b4a0dd7bafa7914e3a9ce39bac
data/processed/figure_source_data/figure3_psf_points.csv,Figure 2 or Figure 3 data selected by supplied plotting code; recomputed curves labelled separately,figure_source_data,2407,aa6b1170be32a4bc2359ea07dd10c4f90b099724739a41d714e0104706debb02
data/processed/participants.csv,Archived psychophysical results or explicitly labelled current-helper recomputation,processed_data,88,3ef3accb06bdb182c5176d71f3755dedc971efdada05a2d8716cac469a7f5974
data/processed/preferred_frequency.csv,Archived psychophysical results or explicitly labelled current-helper recomputation,processed_data,2612,ab2a987fecbfa1390df84b5514c36dd6690a0d6c8a808d9077ec714fe8657fd4
data/raw/display_calibration.csv,"Standardized raw trial, stimulus, display or derived staircase table",raw_and_staircase_data,1074,59a6054c38afa2a802c51249a2b6b248a7c67d322c460bbf1ac72aea72742de3
data/raw/source_metadata/p01_l010_m001.tsv.gz,Recorded key/value metadata with exact dates and private linkage removed,sanitized_source,574,3e6b289594a10b1e457cff35f25ce0532add87bdea373f51f8a82c1bdc63c2f9
data/raw/source_metadata/p01_l010_m002.tsv.gz,Recorded key/value metadata with exact dates and private linkage removed,sanitized_source,574,545d80a1cdc51704a59767160e6346b843a3aa9041237f3c426331ff1a29a2ff
data/raw/source_metadata/p01_l010_m003.tsv.gz,Recorded key/value metadata with exact dates and private linkage removed,sanitized_source,574,545d80a1cdc51704a59767160e6346b843a3aa9041237f3c426331ff1a29a2ff
data/raw/source_metadata/p01_l010_m004.tsv.gz,Recorded key/value metadata with exact dates and private linkage removed,sanitized_source,574,545d80a1cdc51704a59767160e6346b843a3aa9041237f3c426331ff1a29a2ff
data/raw/source_metadata/p01_l010_m005.tsv.gz,Recorded key/value metadata with exact dates and private linkage removed,sanitized_source,574,545d80a1cdc51704a59767160e6346b843a3aa9041237f3c426331ff1a29a2ff
data/raw/source_metadata/p01_l010_m006.tsv.gz,Recorded key/value metadata with exact dates and private linkage removed,sanitized_source,574,545d80a1cdc51704a59767160e6346b843a3aa9041237f3c426331ff1a29a2ff
data/raw/source_metadata/p01_l010_m007.tsv.gz,Recorded key/value metadata with exact dates and private linkage removed,sanitized_source,574,545d80a1cdc51704a59767160e6346b843a3aa9041237f3c426331ff1a29a2ff
data/raw/source_metadata/p01_l010_m008.tsv.gz,Recorded key/value metadata with exact dates and private linkage removed,sanitized_source,574,3e6b289594a10b1e457cff35f25ce0532add87bdea373f51f8a82c1bdc63c2f9
data/raw/source_metadata/p01_l020_m001.tsv.gz,Recorded key/value metadata with exact dates and private linkage removed,sanitized_source,574,42da97f765127af18cdd1a0c90ca5ebeaf0a40e867c5137e02aa69b79a554169
data/raw/source_metadata/p01_l020_m002.tsv.gz,Recorded key/value metadata with exact dates and private linkage removed,sanitized_source,574,42da97f765127af18cdd1a0c90ca5ebeaf0a40e867c5137e02aa69b79a554169
data/raw/source_metadata/p01_l020_m003.tsv.gz,Recorded key/value metadata with exact dates and private linkage removed,sanitized_source,574,42da97f765127af18cdd1a0c90ca5ebeaf0a40e867c5137e02aa69b79a554169
data/raw/source_metadata/p01_l020_m004.tsv.gz,Recorded key/value metadata with exact dates and private linkage removed,sanitized_source,574,42da97f765127af18cdd1a0c90ca5ebeaf0a40e867c5137e02aa69b79a554169
data/raw/source_metadata/p01_l020_m005.tsv.gz,Recorded key/value metadata with exact dates and private linkage removed,sanitized_source,574,42da97f765127af18cdd1a0c90ca5ebeaf0a40e867c5137e02aa69b79a554169
data/raw/source_metadata/p01_l020_m006.tsv.gz,Recorded key/value metadata with exact dates and private linkage removed,sanitized_source,574,42da97f765127af18cdd1a0c90ca5ebeaf0a40e867c5137e02aa69b79a554169
data/raw/source_metadata/p01_l020_m007.tsv.gz,Recorded key/value metadata with exact dates and private linkage removed,sanitized_source,574,42da97f765127af18cdd1a0c90ca5ebeaf0a40e867c5137e02aa69b79a554169
data/raw/source_metadata/p01_l020_m008.tsv.gz,Recorded key/value metadata with exact dates and private linkage removed,sanitized_source,574,42da97f765127af18cdd1a0c90ca5ebeaf0a40e867c5137e02aa69b79a554169
data/raw/source_metadata/p01_l025_m001.tsv.gz,Recorded key/value metadata with exact dates and private linkage removed,sanitized_source,573,cf2076b5d4acfb88e9c28100c60444594d3e8ca36cc4f568d42260d9e10645f7
data/raw/source_metadata/p01_l025_m002.tsv.gz,Recorded key/value metadata with exact dates and private linkage removed,sanitized_source,573,cf2076b5d4acfb88e9c28100c60444594d3e8ca36cc4f568d42260d9e10645f7
data/raw/source_metadata/p01_l025_m003.tsv.gz,Recorded key/value metadata with exact dates and private linkage removed,sanitized_source,573,cf2076b5d4acfb88e9c28100c60444594d3e8ca36cc4f568d42260d9e10645f7
data/raw/source_metadata/p01_l025_m004.tsv.gz,Recorded key/value metadata with exact dates and private linkage removed,sanitized_source,573,cf2076b5d4acfb88e9c28100c60444594d3e8ca36cc4f568d42260d9e10645f7
data/raw/source_metadata/p01_l025_m005.tsv.gz,Recorded key/value metadata with exact dates and private linkage removed,sanitized_source,573,cf2076b5d4acfb88e9c28100c60444594d3e8ca36cc4f568d42260d9e10645f7
data/raw/source_metadata/p01_l025_m006.tsv.gz,Recorded key/value metadata with exact dates and private linkage removed,sanitized_source,573,4dc05ca962948bc2730c1accd833f05ef262a55593c7b878c6d585a43d99b765
data/raw/source_metadata/p01_l025_m007.tsv.gz,Recorded key/value metadata with exact dates and private linkage removed,sanitized_source,573,cf2076b5d4acfb88e9c28100c60444594d3e8ca36cc4f568d42260d9e10645f7
data/raw/source_metadata/p01_l025_m008.tsv.gz,Recorded key/value metadata with exact dates and private linkage removed,sanitized_source,573,cf2076b5d4acfb88e9c28100c60444594d3e8ca36cc4f568d42260d9e10645f7
data/raw/source_metadata/p01_l025_m009.tsv.gz,Recorded key/value metadata with exact dates and private linkage removed,sanitized_source,573,cf2076b5d4acfb88e9c28100c60444594d3e8ca36cc4f568d42260d9e10645f7
data/raw/source_metadata/p01_l025_m010.tsv.gz,Recorded key/value metadata with exact dates and private linkage removed,sanitized_source,573,cf2076b5d4acfb88e9c28100c60444594d3e8ca36cc4f568d42260d9e10645f7
data/raw/source_metadata/p01_l025_m011.tsv.gz,Recorded key/value metadata with exact dates and private linkage removed,sanitized_source,573,cf2076b5d4acfb88e9c28100c60444594d3e8ca36cc4f568d42260d9e10645f7
data/raw/source_metadata/p01_l038_m001.tsv.gz,Recorded key/value metadata with exact dates and private linkage removed,sanitized_source,573,dd52eb57d62fd0c05a8b73461cb1c6ce9189df13279ffa5b835ec5b2d62006ac
data/raw/source_metadata/p01_l038_m002.tsv.gz,Recorded key/value metadata with exact dates and private linkage removed,sanitized_source,573,87a60d17ffd0ad7b1d6b6abdfd88742753a568b649aef4a17d42e20915a5138b
data/raw/source_metadata/p01_l038_m003.tsv.gz,Recorded key/value metadata with exact dates and private linkage removed,sanitized_source,572,70bb0570faf0a75f9e656b3e2df4f77ecee5c4d945668f0eee798e00de0546b3
data/raw/source_metadata/p01_l038_m004.tsv.gz,Recorded key/value metadata with exact dates and private linkage removed,sanitized_source,572,70bb0570faf0a75f9e656b3e2df4f77ecee5c4d945668f0eee798e00de0546b3
data/raw/source_metadata/p01_l050_m001.tsv.gz,Recorded key/value metadata with exact dates and private linkage removed,sanitized_source,574,71a76687286ef36904272c6a633acd2bb54395d96efa98e2efb7337e973213f8
data/raw/source_metadata/p01_l050_m002.tsv.gz,Recorded key/value metadata with exact dates and private linkage removed,sanitized_source,574,71a76687286ef36904272c6a633acd2bb54395d96efa98e2efb7337e973213f8
data/raw/source_metadata/p01_l050_m003.tsv.gz,Recorded key/value metadata with exact dates and private linkage removed,sanitized_source,575,dbc0f4a68fff22550e57fb8c6f3caf6a2bc44d24135912687abb266cfabb41de
data/raw/source_metadata/p01_l050_m004.tsv.gz,Recorded key/value metadata with exact dates and private linkage removed,sanitized_source,575,dbc0f4a68fff22550e57fb8c6f3caf6a2bc44d24135912687abb266cfabb41de
data/raw/source_metadata/p01_l050_m005.tsv.gz,Recorded key/value metadata with exact dates and private linkage removed,sanitized_source,575,dbc0f4a68fff22550e57fb8c6f3caf6a2bc44d24135912687abb266cfabb41de
data/raw/source_metadata/p01_l050_m006.tsv.gz,Recorded key/value metadata with exact dates and private linkage removed,sanitized_source,575,dbc0f4a68fff22550e57fb8c6f3caf6a2bc44d24135912687abb266cfabb41de
data/raw/source_metadata/p01_l072_m001.tsv.gz,Recorded key/value metadata with exact dates and private linkage removed,sanitized_source,573,fd30981cf18b30fd76c926d08caeb95e9a0df708a0dfd7dccb5e37435612248f
data/raw/source_metadata/p01_l072_m002.tsv.gz,Recorded key/value metadata with exact dates and private linkage removed,sanitized_source,573,fd30981cf18b30fd76c926d08caeb95e9a0df708a0dfd7dccb5e37435612248f
data/raw/source_metadata/p01_l072_m003.tsv.gz,Recorded key/value metadata with exact dates and private linkage removed,sanitized_source,573,fd30981cf18b30fd76c926d08caeb95e9a0df708a0dfd7dccb5e37435612248f
data/raw/source_metadata/p01_l072_m004.tsv.gz,Recorded key/value metadata with exact dates and private linkage removed,sanitized_source,573,fd30981cf18b30fd76c926d08caeb95e9a0df708a0dfd7dccb5e37435612248f
data/raw/source_metadata/p01_l100_m001.tsv.gz,Recorded key/value metadata with exact dates and private linkage removed,sanitized_source,573,161edced3786d101c894f2193a2f553f324e07acc0b9eb7e5676639578db8da3
data/raw/source_metadata/p01_l100_m002.tsv.gz,Recorded key/value metadata with exact dates and private linkage removed,sanitized_source,573,161edced3786d101c894f2193a2f553f324e07acc0b9eb7e5676639578db8da3
data/raw/source_metadata/p01_l100_m003.tsv.gz,Recorded key/value metadata with exact dates and private linkage removed,sanitized_source,571,c9dec5e9e3e8cb3240b4167270b9734b736b35b24fa5746997516f1adbc689dd
data/raw/source_metadata/p01_l100_m004.tsv.gz,Recorded key/value metadata with exact dates and private linkage removed,sanitized_source,571,c9dec5e9e3e8cb3240b4167270b9734b736b35b24fa5746997516f1adbc689dd
data/raw/source_metadata/p01_l149_m001.tsv.gz,Recorded key/value metadata with exact dates and private linkage removed,sanitized_source,574,ed11b5914745b432b09d466b14dace580b99ed2e698e4ff56fabe9b055a74370
data/raw/source_metadata/p01_l149_m002.tsv.gz,Recorded key/value metadata with exact dates and private linkage removed,sanitized_source,574,ed11b5914745b432b09d466b14dace580b99ed2e698e4ff56fabe9b055a74370
data/raw/source_metadata/p01_l149_m003.tsv.gz,Recorded key/value metadata with exact dates and private linkage removed,sanitized_source,574,ed11b5914745b432b09d466b14dace580b99ed2e698e4ff56fabe9b055a74370
data/raw/source_metadata/p01_l149_m004.tsv.gz,Recorded key/value metadata with exact dates and private linkage removed,sanitized_source,574,ed11b5914745b432b09d466b14dace580b99ed2e698e4ff56fabe9b055a74370
data/raw/source_metadata/p01_l200_m001.tsv.gz,Recorded key/value metadata with exact dates and private linkage removed,sanitized_source,453,126e1e1a5c159490b44a0330c76cf403d0229577764aca39aaec9e879b88967e
data/raw/source_metadata/p01_l200_m002.tsv.gz,Recorded key/value metadata with exact dates and private linkage removed,sanitized_source,445,9bc13d1462aef9efa4d990227065137f1c06c6f870ef25bb83b48a2b3b832448
data/raw/source_metadata/p01_l200_m003.tsv.gz,Recorded key/value metadata with exact dates and private linkage removed,sanitized_source,445,9bc13d1462aef9efa4d990227065137f1c06c6f870ef25bb83b48a2b3b832448
data/raw/source_metadata/p01_l200_m004.tsv.gz,Recorded key/value metadata with exact dates and private linkage removed,sanitized_source,446,0526f24f1ab9d9809f5ea12266d4d9c5631a2d5c85686c1bac3cdbfd688bc7b9
data/raw/source_metadata/p01_l200_m005.tsv.gz,Recorded key/value metadata with exact dates and private linkage removed,sanitized_source,448,f838265aebc63ffc2fd2bf57022a39498f61d4957e653c60b9c9633c7fbf0a27
data/raw/source_metadata/p01_l300_m001.tsv.gz,Recorded key/value metadata with exact dates and private linkage removed,sanitized_source,453,bc419791e9481db5bfc68bc93c27a3a96add18e834e3cc784e3f6c46e38753d3
data/raw/source_metadata/p01_l300_m002.tsv.gz,Recorded key/value metadata with exact dates and private linkage removed,sanitized_source,445,aa46412db7c41ab581472b15369e958140d37e678ca372d00a6f6c3755e014af
data/raw/source_metadata/p01_l300_m003.tsv.gz,Recorded key/value metadata with exact dates and private linkage removed,sanitized_source,445,aa46412db7c41ab581472b15369e958140d37e678ca372d00a6f6c3755e014af
data/raw/source_metadata/p01_l300_m004.tsv.gz,Recorded key/value metadata with exact dates and private linkage removed,sanitized_source,455,273c78bfdf8e95a81b7a1d99c1799489dae9964d741c0860ca46613b76ecc93e
data/raw/source_metadata/p01_l300_m005.tsv.gz,Recorded key/value metadata with exact dates and private linkage removed,sanitized_source,455,71661fc02c4251b1be2ea59a692ebe7cda4b037cdf4f0c4e85a06aaa7f6188b8
data/raw/source_metadata/p01_l370_m001.tsv.gz,Recorded key/value metadata with exact dates and private linkage removed,sanitized_source,574,e1515dd7adc81cadb3490aaa91375d9ac4d29f9b4898f787364bd38b39c55ed8
data/raw/source_metadata/p01_l370_m002.tsv.gz,Recorded key/value metadata with exact dates and private linkage removed,sanitized_source,574,e1515dd7adc81cadb3490aaa91375d9ac4d29f9b4898f787364bd38b39c55ed8
data/raw/source_metadata/p01_l370_m003.tsv.gz,Recorded key/value metadata with exact dates and private linkage removed,sanitized_source,574,e1515dd7adc81cadb3490aaa91375d9ac4d29f9b4898f787364bd38b39c55ed8
data/raw/source_metadata/p01_l370_m004.tsv.gz,Recorded key/value metadata with exact dates and private linkage removed,sanitized_source,574,e1515dd7adc81cadb3490aaa91375d9ac4d29f9b4898f787364bd38b39c55ed8
data/raw/source_metadata/p01_l403_m001.tsv.gz,Recorded key/value metadata with exact dates and private linkage removed,sanitized_source,575,697631b1e169dd007a2dd1b9057db870f3b7b32a553052ca1a63a34975c844b7
data/raw/source_metadata/p01_l403_m002.tsv.gz,Recorded key/value metadata with exact dates and private linkage removed,sanitized_source,575,8ea04768cd1d5c0a36467601f1dec50bc878529c851865f44e6c99e29f169cb9
data/raw/source_metadata/p01_l403_m003.tsv.gz,Recorded key/value metadata with exact dates and private linkage removed,sanitized_source,575,8ea04768cd1d5c0a36467601f1dec50bc878529c851865f44e6c99e29f169cb9
data/raw/source_metadata/p01_l403_m004.tsv.gz,Recorded key/value metadata with exact dates and private linkage removed,sanitized_source,575,8ea04768cd1d5c0a36467601f1dec50bc878529c851865f44e6c99e29f169cb9
data/raw/source_metadata/p02_l010_m001.tsv.gz,Recorded key/value metadata with exact dates and private linkage removed,sanitized_source,534,663d6a8e960a97fceccfb80bb4f00c7e4b68ff62545bc2059a68edf2a7e05bde
data/raw/source_metadata/p02_l010_m002.tsv.gz,Recorded key/value metadata with exact dates and private linkage removed,sanitized_source,534,663d6a8e960a97fceccfb80bb4f00c7e4b68ff62545bc2059a68edf2a7e05bde
data/raw/source_metadata/p02_l010_m003.tsv.gz,Recorded key/value metadata with exact dates and private linkage removed,sanitized_source,534,663d6a8e960a97fceccfb80bb4f00c7e4b68ff62545bc2059a68edf2a7e05bde
data/raw/source_metadata/p02_l010_m004.tsv.gz,Recorded key/value metadata with exact dates and private linkage removed,sanitized_source,534,663d6a8e960a97fceccfb80bb4f00c7e4b68ff62545bc2059a68edf2a7e05bde
data/raw/source_metadata/p02_l010_m005.tsv.gz,Recorded key/value metadata with exact dates and private linkage removed,sanitized_source,534,663d6a8e960a97fceccfb80bb4f00c7e4b68ff62545bc2059a68edf2a7e05bde
data/raw/source_metadata/p02_l010_m006.tsv.gz,Recorded key/value metadata with exact dates and private linkage removed,sanitized_source,534,663d6a8e960a97fceccfb80bb4f00c7e4b68ff62545bc2059a68edf2a7e05bde
data/raw/source_metadata/p02_l010_m007.tsv.gz,Recorded key/value metadata with exact dates and private linkage removed,sanitized_source,534,663d6a8e960a97fceccfb80bb4f00c7e4b68ff62545bc2059a68edf2a7e05bde
data/raw/source_metadata/p02_l010_m008.tsv.gz,Recorded key/value metadata with exact dates and private linkage removed,sanitized_source,534,663d6a8e960a97fceccfb80bb4f00c7e4b68ff62545bc2059a68edf2a7e05bde
data/raw/source_metadata/p02_l010_m009.tsv.gz,Recorded key/value metadata with exact dates and private linkage removed,sanitized_source,534,663d6a8e960a97fceccfb80bb4f00c7e4b68ff62545bc2059a68edf2a7e05bde
data/raw/source_metadata/p02_l010_m010.tsv.gz,Recorded key/value metadata with exact dates and private linkage removed,sanitized_source,534,663d6a8e960a97fceccfb80bb4f00c7e4b68ff62545bc2059a68edf2a7e05bde
data/raw/source_metadata/p02_l010_m011.tsv.gz,Recorded key/value metadata with exact dates and private linkage removed,sanitized_source,534,663d6a8e960a97fceccfb80bb4f00c7e4b68ff62545bc2059a68edf2a7e05bde
data/raw/source_metadata/p02_l010_m012.tsv.gz,Recorded key/value metadata with exact dates and private linkage removed,sanitized_source,534,663d6a8e960a97fceccfb80bb4f00c7e4b68ff62545bc2059a68edf2a7e05bde
data/raw/source_metadata/p02_l026_m001.tsv.gz,Recorded key/value metadata with exact dates and private linkage removed,sanitized_source,532,1ae1d4eb2574eba44ce075b90c118691892b92a8723410a5d39721aa98ca38cf
data/raw/source_metadata/p02_l026_m002.tsv.gz,Recorded key/value metadata with exact dates and private linkage removed,sanitized_source,532,1ae1d4eb2574eba44ce075b90c118691892b92a8723410a5d39721aa98ca38cf
data/raw/source_metadata/p02_l026_m003.tsv.gz,Recorded key/value metadata with exact dates and private linkage removed,sanitized_source,532,1ae1d4eb2574eba44ce075b90c118691892b92a8723410a5d39721aa98ca38cf
data/raw/source_metadata/p02_l026_m004.tsv.gz,Recorded key/value metadata with exact dates and private linkage removed,sanitized_source,532,1ae1d4eb2574eba44ce075b90c118691892b92a8723410a5d39721aa98ca38cf
data/raw/source_metadata/p02_l026_m005.tsv.gz,Recorded key/value metadata with exact dates and private linkage removed,sanitized_source,532,1ae1d4eb2574eba44ce075b90c118691892b92a8723410a5d39721aa98ca38cf
data/raw/source_metadata/p02_l026_m006.tsv.gz,Recorded key/value metadata with exact dates and private linkage removed,sanitized_source,532,1ae1d4eb2574eba44ce075b90c118691892b92a8723410a5d39721aa98ca38cf
data/raw/source_metadata/p02_l026_m007.tsv.gz,Recorded key/value metadata with exact dates and private linkage removed,sanitized_source,532,1ae1d4eb2574eba44ce075b90c118691892b92a8723410a5d39721aa98ca38cf
data/raw/source_metadata/p02_l026_m008.tsv.gz,Recorded key/value metadata with exact dates and private linkage removed,sanitized_source,532,1ae1d4eb2574eba44ce075b90c118691892b92a8723410a5d39721aa98ca38cf
data/raw/source_metadata/p02_l049_m001.tsv.gz,Recorded key/value metadata with exact dates and private linkage removed,sanitized_source,574,cb612b06f0aa8d5d23e8a50daf05b1f4b139320f0f67c4612cf1b6d36ecc04bd
data/raw/source_metadata/p02_l049_m002.tsv.gz,Recorded key/value metadata with exact dates and private linkage removed,sanitized_source,574,cb612b06f0aa8d5d23e8a50daf05b1f4b139320f0f67c4612cf1b6d36ecc04bd
data/raw/source_metadata/p02_l049_m003.tsv.gz,Recorded key/value metadata with exact dates and private linkage removed,sanitized_source,574,5b51acc0e2b476a92b2e875e1b5cedc09316ba7200d0b6a40ba0019a8e6b6136
data/raw/source_metadata/p02_l049_m004.tsv.gz,Recorded key/value metadata with exact dates and private linkage removed,sanitized_source,574,5b51acc0e2b476a92b2e875e1b5cedc09316ba7200d0b6a40ba0019a8e6b6136
data/raw/source_metadata/p02_l049_m005.tsv.gz,Recorded key/value metadata with exact dates and private linkage removed,sanitized_source,574,5b51acc0e2b476a92b2e875e1b5cedc09316ba7200d0b6a40ba0019a8e6b6136
data/raw/source_metadata/p02_l049_m006.tsv.gz,Recorded key/value metadata with exact dates and private linkage removed,sanitized_source,574,b7a4c41843c38c7b8a82102ca3ccbb117f58c1900d0cc63681521d1039ba1bf3
data/raw/source_metadata/p02_l049_m007.tsv.gz,Recorded key/value metadata with exact dates and private linkage removed,sanitized_source,574,cb612b06f0aa8d5d23e8a50daf05b1f4b139320f0f67c4612cf1b6d36ecc04bd
data/raw/source_metadata/p02_l049_m008.tsv.gz,Recorded key/value metadata with exact dates and private linkage removed,sanitized_source,574,cb612b06f0aa8d5d23e8a50daf05b1f4b139320f0f67c4612cf1b6d36ecc04bd
data/raw/source_metadata/p02_l100_m001.tsv.gz,Recorded key/value metadata with exact dates and private linkage removed,sanitized_source,573,549a56c8c557f9b0df738a60f7f1b09f2467165f62b6370df399a8ffda60206e
data/raw/source_metadata/p02_l100_m002.tsv.gz,Recorded key/value metadata with exact dates and private linkage removed,sanitized_source,573,549a56c8c557f9b0df738a60f7f1b09f2467165f62b6370df399a8ffda60206e
data/raw/source_metadata/p02_l100_m003.tsv.gz,Recorded key/value metadata with exact dates and private linkage removed,sanitized_source,573,549a56c8c557f9b0df738a60f7f1b09f2467165f62b6370df399a8ffda60206e
data/raw/source_metadata/p02_l100_m004.tsv.gz,Recorded key/value metadata with exact dates and private linkage removed,sanitized_source,573,549a56c8c557f9b0df738a60f7f1b09f2467165f62b6370df399a8ffda60206e
data/raw/source_metadata/p02_l100_m005.tsv.gz,Recorded key/value metadata with exact dates and private linkage removed,sanitized_source,573,549a56c8c557f9b0df738a60f7f1b09f2467165f62b6370df399a8ffda60206e
data/raw/source_metadata/p02_l100_m006.tsv.gz,Recorded key/value metadata with exact dates and private linkage removed,sanitized_source,573,549a56c8c557f9b0df738a60f7f1b09f2467165f62b6370df399a8ffda60206e
data/raw/source_metadata/p02_l100_m007.tsv.gz,Recorded key/value metadata with exact dates and private linkage removed,sanitized_source,573,549a56c8c557f9b0df738a60f7f1b09f2467165f62b6370df399a8ffda60206e
data/raw/source_metadata/p02_l100_m008.tsv.gz,Recorded key/value metadata with exact dates and private linkage removed,sanitized_source,573,549a56c8c557f9b0df738a60f7f1b09f2467165f62b6370df399a8ffda60206e
data/raw/source_metadata/p02_l204_m001.tsv.gz,Recorded key/value metadata with exact dates and private linkage removed,sanitized_source,575,43ea7a434bae1b94c0c09122de8bb43022bd803a11f56e1c227f663494acaa7a
data/raw/source_metadata/p02_l204_m002.tsv.gz,Recorded key/value metadata with exact dates and private linkage removed,sanitized_source,575,43ea7a434bae1b94c0c09122de8bb43022bd803a11f56e1c227f663494acaa7a
data/raw/source_metadata/p02_l204_m003.tsv.gz,Recorded key/value metadata with exact dates and private linkage removed,sanitized_source,575,43ea7a434bae1b94c0c09122de8bb43022bd803a11f56e1c227f663494acaa7a
data/raw/source_metadata/p02_l204_m004.tsv.gz,Recorded key/value metadata with exact dates and private linkage removed,sanitized_source,575,43ea7a434bae1b94c0c09122de8bb43022bd803a11f56e1c227f663494acaa7a
data/raw/source_metadata/p02_l300_m001.tsv.gz,Recorded key/value metadata with exact dates and private linkage removed,sanitized_source,575,83a84a39fdcc20fe1eb1b576833155763defec84fbfbd4ea9c46ff1bcb82ebc2
data/raw/source_metadata/p02_l300_m002.tsv.gz,Recorded key/value metadata with exact dates and private linkage removed,sanitized_source,575,83a84a39fdcc20fe1eb1b576833155763defec84fbfbd4ea9c46ff1bcb82ebc2
data/raw/source_metadata/p02_l300_m003.tsv.gz,Recorded key/value metadata with exact dates and private linkage removed,sanitized_source,575,83a84a39fdcc20fe1eb1b576833155763defec84fbfbd4ea9c46ff1bcb82ebc2
data/raw/source_metadata/p02_l300_m004.tsv.gz,Recorded key/value metadata with exact dates and private linkage removed,sanitized_source,575,83a84a39fdcc20fe1eb1b576833155763defec84fbfbd4ea9c46ff1bcb82ebc2
data/raw/source_metadata/p03_l010_m001.tsv.gz,Recorded key/value metadata with exact dates and private linkage removed,sanitized_source,573,2e69d779fb61c8cbb2b5a958375c8a1063dd0f022faeb6fa9ffb230eeb13f3a7
data/raw/source_metadata/p03_l010_m002.tsv.gz,Recorded key/value metadata with exact dates and private linkage removed,sanitized_source,573,7429a697d25ef5a1c4aa0b01844ff70949ceae0dd83797a2bcdfebe1b0fd60f3
data/raw/source_metadata/p03_l010_m003.tsv.gz,Recorded key/value metadata with exact dates and private linkage removed,sanitized_source,573,10ed9f884d5176e727184456e648a9121723eeb1d94c32ae0507bc5a5d3cda97
data/raw/source_metadata/p03_l010_m004.tsv.gz,Recorded key/value metadata with exact dates and private linkage removed,sanitized_source,573,2e69d779fb61c8cbb2b5a958375c8a1063dd0f022faeb6fa9ffb230eeb13f3a7
data/raw/source_metadata/p03_l010_m005.tsv.gz,Recorded key/value metadata with exact dates and private linkage removed,sanitized_source,573,2e69d779fb61c8cbb2b5a958375c8a1063dd0f022faeb6fa9ffb230eeb13f3a7
data/raw/source_metadata/p03_l010_m006.tsv.gz,Recorded key/value metadata with exact dates and private linkage removed,sanitized_source,573,2e69d779fb61c8cbb2b5a958375c8a1063dd0f022faeb6fa9ffb230eeb13f3a7
data/raw/source_metadata/p03_l010_m007.tsv.gz,Recorded key/value metadata with exact dates and private linkage removed,sanitized_source,573,2e69d779fb61c8cbb2b5a958375c8a1063dd0f022faeb6fa9ffb230eeb13f3a7
data/raw/source_metadata/p03_l010_m008.tsv.gz,Recorded key/value metadata with exact dates and private linkage removed,sanitized_source,573,2e69d779fb61c8cbb2b5a958375c8a1063dd0f022faeb6fa9ffb230eeb13f3a7
data/raw/source_metadata/p03_l049_m001.tsv.gz,Recorded key/value metadata with exact dates and private linkage removed,sanitized_source,574,cb612b06f0aa8d5d23e8a50daf05b1f4b139320f0f67c4612cf1b6d36ecc04bd
data/raw/source_metadata/p03_l049_m002.tsv.gz,Recorded key/value metadata with exact dates and private linkage removed,sanitized_source,574,5d81598075c543437ca487e9426341635b0797c661582a75724d2a326c3b5bac
data/raw/source_metadata/p03_l049_m003.tsv.gz,Recorded key/value metadata with exact dates and private linkage removed,sanitized_source,574,5d81598075c543437ca487e9426341635b0797c661582a75724d2a326c3b5bac
data/raw/source_metadata/p03_l049_m004.tsv.gz,Recorded key/value metadata with exact dates and private linkage removed,sanitized_source,574,5d81598075c543437ca487e9426341635b0797c661582a75724d2a326c3b5bac
data/raw/source_metadata/p03_l049_m005.tsv.gz,Recorded key/value metadata with exact dates and private linkage removed,sanitized_source,574,5d81598075c543437ca487e9426341635b0797c661582a75724d2a326c3b5bac
data/raw/source_metadata/p03_l049_m006.tsv.gz,Recorded key/value metadata with exact dates and private linkage removed,sanitized_source,574,cb612b06f0aa8d5d23e8a50daf05b1f4b139320f0f67c4612cf1b6d36ecc04bd
data/raw/source_metadata/p03_l049_m007.tsv.gz,Recorded key/value metadata with exact dates and private linkage removed,sanitized_source,574,cb612b06f0aa8d5d23e8a50daf05b1f4b139320f0f67c4612cf1b6d36ecc04bd
data/raw/source_metadata/p03_l049_m008.tsv.gz,Recorded key/value metadata with exact dates and private linkage removed,sanitized_source,574,cb612b06f0aa8d5d23e8a50daf05b1f4b139320f0f67c4612cf1b6d36ecc04bd
data/raw/source_metadata/p03_l100_m001.tsv.gz,Recorded key/value metadata with exact dates and private linkage removed,sanitized_source,573,549a56c8c557f9b0df738a60f7f1b09f2467165f62b6370df399a8ffda60206e
data/raw/source_metadata/p03_l100_m002.tsv.gz,Recorded key/value metadata with exact dates and private linkage removed,sanitized_source,573,549a56c8c557f9b0df738a60f7f1b09f2467165f62b6370df399a8ffda60206e
data/raw/source_metadata/p03_l100_m003.tsv.gz,Recorded key/value metadata with exact dates and private linkage removed,sanitized_source,573,549a56c8c557f9b0df738a60f7f1b09f2467165f62b6370df399a8ffda60206e
data/raw/source_metadata/p03_l100_m004.tsv.gz,Recorded key/value metadata with exact dates and private linkage removed,sanitized_source,573,549a56c8c557f9b0df738a60f7f1b09f2467165f62b6370df399a8ffda60206e
data/raw/source_metadata/p03_l100_m005.tsv.gz,Recorded key/value metadata with exact dates and private linkage removed,sanitized_source,573,549a56c8c557f9b0df738a60f7f1b09f2467165f62b6370df399a8ffda60206e
data/raw/source_metadata/p03_l100_m006.tsv.gz,Recorded key/value metadata with exact dates and private linkage removed,sanitized_source,573,549a56c8c557f9b0df738a60f7f1b09f2467165f62b6370df399a8ffda60206e
data/raw/source_metadata/p03_l100_m007.tsv.gz,Recorded key/value metadata with exact dates and private linkage removed,sanitized_source,573,549a56c8c557f9b0df738a60f7f1b09f2467165f62b6370df399a8ffda60206e
data/raw/source_metadata/p03_l100_m008.tsv.gz,Recorded key/value metadata with exact dates and private linkage removed,sanitized_source,573,549a56c8c557f9b0df738a60f7f1b09f2467165f62b6370df399a8ffda60206e
data/raw/source_metadata/p03_l200_m001.tsv.gz,Recorded key/value metadata with exact dates and private linkage removed,sanitized_source,576,91c9b8e0e373332539e0998f27c0db69ecba8a74d8e01370d6bc887630e77af8
data/raw/source_metadata/p03_l200_m002.tsv.gz,Recorded key/value metadata with exact dates and private linkage removed,sanitized_source,576,a372737567be2fc2d40e2954b4847329c22d7d17a0bf13741434a1f07696308f
data/raw/source_metadata/p03_l200_m003.tsv.gz,Recorded key/value metadata with exact dates and private linkage removed,sanitized_source,576,91c9b8e0e373332539e0998f27c0db69ecba8a74d8e01370d6bc887630e77af8
data/raw/source_metadata/p03_l200_m004.tsv.gz,Recorded key/value metadata with exact dates and private linkage removed,sanitized_source,576,91c9b8e0e373332539e0998f27c0db69ecba8a74d8e01370d6bc887630e77af8
data/raw/source_metadata/p03_l200_m005.tsv.gz,Recorded key/value metadata with exact dates and private linkage removed,sanitized_source,576,91c9b8e0e373332539e0998f27c0db69ecba8a74d8e01370d6bc887630e77af8
data/raw/source_metadata/p03_l200_m006.tsv.gz,Recorded key/value metadata with exact dates and private linkage removed,sanitized_source,576,91c9b8e0e373332539e0998f27c0db69ecba8a74d8e01370d6bc887630e77af8
data/raw/source_metadata/p03_l200_m007.tsv.gz,Recorded key/value metadata with exact dates and private linkage removed,sanitized_source,576,91c9b8e0e373332539e0998f27c0db69ecba8a74d8e01370d6bc887630e77af8
data/raw/source_metadata/p03_l200_m008.tsv.gz,Recorded key/value metadata with exact dates and private linkage removed,sanitized_source,576,91c9b8e0e373332539e0998f27c0db69ecba8a74d8e01370d6bc887630e77af8
data/raw/source_metadata/p03_l300_m001.tsv.gz,Recorded key/value metadata with exact dates and private linkage removed,sanitized_source,575,0c868b82408ee314c7e9e07e11f18e872fd871f3a8420ed1658d9ccb82ceb838
data/raw/source_metadata/p03_l300_m002.tsv.gz,Recorded key/value metadata with exact dates and private linkage removed,sanitized_source,575,0c868b82408ee314c7e9e07e11f18e872fd871f3a8420ed1658d9ccb82ceb838
data/raw/source_metadata/p03_l300_m003.tsv.gz,Recorded key/value metadata with exact dates and private linkage removed,sanitized_source,575,0c868b82408ee314c7e9e07e11f18e872fd871f3a8420ed1658d9ccb82ceb838
data/raw/source_metadata/p03_l300_m004.tsv.gz,Recorded key/value metadata with exact dates and private linkage removed,sanitized_source,575,0c868b82408ee314c7e9e07e11f18e872fd871f3a8420ed1658d9ccb82ceb838
data/raw/source_metadata/p03_l370_m001.tsv.gz,Recorded key/value metadata with exact dates and private linkage removed,sanitized_source,574,1ac8d909de560514f6732d4f58e3738206d77cfd7963eb2fb7093e92ffcb0ecb
data/raw/source_metadata/p03_l370_m002.tsv.gz,Recorded key/value metadata with exact dates and private linkage removed,sanitized_source,574,1ac8d909de560514f6732d4f58e3738206d77cfd7963eb2fb7093e92ffcb0ecb
data/raw/source_metadata/p03_l370_m003.tsv.gz,Recorded key/value metadata with exact dates and private linkage removed,sanitized_source,574,1ac8d909de560514f6732d4f58e3738206d77cfd7963eb2fb7093e92ffcb0ecb
data/raw/source_metadata/p03_l370_m004.tsv.gz,Recorded key/value metadata with exact dates and private linkage removed,sanitized_source,574,1ac8d909de560514f6732d4f58e3738206d77cfd7963eb2fb7093e92ffcb0ecb
data/raw/source_metadata/p03_l415_m001.tsv.gz,Recorded key/value metadata with exact dates and private linkage removed,sanitized_source,574,019f996a02cba7b282b1f1d4c05cd186c45607ee97e9cce59413c8eb3a235c21
data/raw/source_metadata/p03_l415_m002.tsv.gz,Recorded key/value metadata with exact dates and private linkage removed,sanitized_source,574,019f996a02cba7b282b1f1d4c05cd186c45607ee97e9cce59413c8eb3a235c21
data/raw/source_metadata/p03_l415_m003.tsv.gz,Recorded key/value metadata with exact dates and private linkage removed,sanitized_source,574,019f996a02cba7b282b1f1d4c05cd186c45607ee97e9cce59413c8eb3a235c21
data/raw/source_metadata/p03_l415_m004.tsv.gz,Recorded key/value metadata with exact dates and private linkage removed,sanitized_source,574,019f996a02cba7b282b1f1d4c05cd186c45607ee97e9cce59413c8eb3a235c21
data/raw/source_metadata/p04_l010_m001.tsv.gz,Recorded key/value metadata with exact dates and private linkage removed,sanitized_source,573,e15954a8c97fa1c441e90521df52c5d6d63420e8396f536654c9094a001e1319
data/raw/source_metadata/p04_l010_m002.tsv.gz,Recorded key/value metadata with exact dates and private linkage removed,sanitized_source,573,8c1d9c45da69413e41eb3d684ed238ec2f74cd49d9ded75b71983e5bcb588598
data/raw/source_metadata/p04_l010_m003.tsv.gz,Recorded key/value metadata with exact dates and private linkage removed,sanitized_source,573,e15954a8c97fa1c441e90521df52c5d6d63420e8396f536654c9094a001e1319
data/raw/source_metadata/p04_l010_m004.tsv.gz,Recorded key/value metadata with exact dates and private linkage removed,sanitized_source,573,e15954a8c97fa1c441e90521df52c5d6d63420e8396f536654c9094a001e1319
data/raw/source_metadata/p04_l010_m005.tsv.gz,Recorded key/value metadata with exact dates and private linkage removed,sanitized_source,573,e15954a8c97fa1c441e90521df52c5d6d63420e8396f536654c9094a001e1319
data/raw/source_metadata/p04_l010_m006.tsv.gz,Recorded key/value metadata with exact dates and private linkage removed,sanitized_source,573,e15954a8c97fa1c441e90521df52c5d6d63420e8396f536654c9094a001e1319
data/raw/source_metadata/p04_l010_m007.tsv.gz,Recorded key/value metadata with exact dates and private linkage removed,sanitized_source,573,e15954a8c97fa1c441e90521df52c5d6d63420e8396f536654c9094a001e1319
data/raw/source_metadata/p04_l010_m008.tsv.gz,Recorded key/value metadata with exact dates and private linkage removed,sanitized_source,573,e15954a8c97fa1c441e90521df52c5d6d63420e8396f536654c9094a001e1319
data/raw/source_metadata/p04_l049_m001.tsv.gz,Recorded key/value metadata with exact dates and private linkage removed,sanitized_source,575,d76bd1c2ebfcf6b1f8841d06a7c3657ad11f6a3605b97144dfd7afca5c46026a
data/raw/source_metadata/p04_l049_m002.tsv.gz,Recorded key/value metadata with exact dates and private linkage removed,sanitized_source,575,d76bd1c2ebfcf6b1f8841d06a7c3657ad11f6a3605b97144dfd7afca5c46026a
data/raw/source_metadata/p04_l049_m003.tsv.gz,Recorded key/value metadata with exact dates and private linkage removed,sanitized_source,575,a0c56b83899c8fe5aabe9d73f835135d9b7929993708beb6386cc78f9e95f80b
data/raw/source_metadata/p04_l049_m004.tsv.gz,Recorded key/value metadata with exact dates and private linkage removed,sanitized_source,575,d76bd1c2ebfcf6b1f8841d06a7c3657ad11f6a3605b97144dfd7afca5c46026a
data/raw/source_metadata/p04_l049_m005.tsv.gz,Recorded key/value metadata with exact dates and private linkage removed,sanitized_source,575,d76bd1c2ebfcf6b1f8841d06a7c3657ad11f6a3605b97144dfd7afca5c46026a
data/raw/source_metadata/p04_l049_m006.tsv.gz,Recorded key/value metadata with exact dates and private linkage removed,sanitized_source,575,d76bd1c2ebfcf6b1f8841d06a7c3657ad11f6a3605b97144dfd7afca5c46026a
data/raw/source_metadata/p04_l049_m007.tsv.gz,Recorded key/value metadata with exact dates and private linkage removed,sanitized_source,575,d76bd1c2ebfcf6b1f8841d06a7c3657ad11f6a3605b97144dfd7afca5c46026a
data/raw/source_metadata/p04_l049_m008.tsv.gz,Recorded key/value metadata with exact dates and private linkage removed,sanitized_source,575,d76bd1c2ebfcf6b1f8841d06a7c3657ad11f6a3605b97144dfd7afca5c46026a
data/raw/source_metadata/p04_l100_m001.tsv.gz,Recorded key/value metadata with exact dates and private linkage removed,sanitized_source,575,e74f25b495a0b93b73042f2264a37498019908640c1bd419162f5370f58725a5
data/raw/source_metadata/p04_l100_m002.tsv.gz,Recorded key/value metadata with exact dates and private linkage removed,sanitized_source,575,e74f25b495a0b93b73042f2264a37498019908640c1bd419162f5370f58725a5
data/raw/source_metadata/p04_l100_m003.tsv.gz,Recorded key/value metadata with exact dates and private linkage removed,sanitized_source,575,e74f25b495a0b93b73042f2264a37498019908640c1bd419162f5370f58725a5
data/raw/source_metadata/p04_l100_m004.tsv.gz,Recorded key/value metadata with exact dates and private linkage removed,sanitized_source,575,e74f25b495a0b93b73042f2264a37498019908640c1bd419162f5370f58725a5
data/raw/source_metadata/p04_l100_m005.tsv.gz,Recorded key/value metadata with exact dates and private linkage removed,sanitized_source,575,e74f25b495a0b93b73042f2264a37498019908640c1bd419162f5370f58725a5
data/raw/source_metadata/p04_l100_m006.tsv.gz,Recorded key/value metadata with exact dates and private linkage removed,sanitized_source,575,e74f25b495a0b93b73042f2264a37498019908640c1bd419162f5370f58725a5
data/raw/source_metadata/p04_l100_m007.tsv.gz,Recorded key/value metadata with exact dates and private linkage removed,sanitized_source,575,e74f25b495a0b93b73042f2264a37498019908640c1bd419162f5370f58725a5
data/raw/source_metadata/p04_l100_m008.tsv.gz,Recorded key/value metadata with exact dates and private linkage removed,sanitized_source,575,e74f25b495a0b93b73042f2264a37498019908640c1bd419162f5370f58725a5
data/raw/source_metadata/p04_l100_m009.tsv.gz,Recorded key/value metadata with exact dates and private linkage removed,sanitized_source,575,e74f25b495a0b93b73042f2264a37498019908640c1bd419162f5370f58725a5
data/raw/source_metadata/p04_l100_m010.tsv.gz,Recorded key/value metadata with exact dates and private linkage removed,sanitized_source,575,e74f25b495a0b93b73042f2264a37498019908640c1bd419162f5370f58725a5
data/raw/source_metadata/p04_l100_m011.tsv.gz,Recorded key/value metadata with exact dates and private linkage removed,sanitized_source,575,e74f25b495a0b93b73042f2264a37498019908640c1bd419162f5370f58725a5
data/raw/source_metadata/p04_l100_m012.tsv.gz,Recorded key/value metadata with exact dates and private linkage removed,sanitized_source,575,e74f25b495a0b93b73042f2264a37498019908640c1bd419162f5370f58725a5
data/raw/source_metadata/p04_l200_m001.tsv.gz,Recorded key/value metadata with exact dates and private linkage removed,sanitized_source,576,91c9b8e0e373332539e0998f27c0db69ecba8a74d8e01370d6bc887630e77af8
data/raw/source_metadata/p04_l200_m002.tsv.gz,Recorded key/value metadata with exact dates and private linkage removed,sanitized_source,576,91c9b8e0e373332539e0998f27c0db69ecba8a74d8e01370d6bc887630e77af8
data/raw/source_metadata/p04_l200_m003.tsv.gz,Recorded key/value metadata with exact dates and private linkage removed,sanitized_source,576,91c9b8e0e373332539e0998f27c0db69ecba8a74d8e01370d6bc887630e77af8
data/raw/source_metadata/p04_l200_m004.tsv.gz,Recorded key/value metadata with exact dates and private linkage removed,sanitized_source,576,91c9b8e0e373332539e0998f27c0db69ecba8a74d8e01370d6bc887630e77af8
data/raw/source_metadata/p04_l200_m005.tsv.gz,Recorded key/value metadata with exact dates and private linkage removed,sanitized_source,576,91c9b8e0e373332539e0998f27c0db69ecba8a74d8e01370d6bc887630e77af8
data/raw/source_metadata/p04_l200_m006.tsv.gz,Recorded key/value metadata with exact dates and private linkage removed,sanitized_source,576,91c9b8e0e373332539e0998f27c0db69ecba8a74d8e01370d6bc887630e77af8
data/raw/source_metadata/p04_l200_m007.tsv.gz,Recorded key/value metadata with exact dates and private linkage removed,sanitized_source,576,91c9b8e0e373332539e0998f27c0db69ecba8a74d8e01370d6bc887630e77af8
data/raw/source_metadata/p04_l200_m008.tsv.gz,Recorded key/value metadata with exact dates and private linkage removed,sanitized_source,576,91c9b8e0e373332539e0998f27c0db69ecba8a74d8e01370d6bc887630e77af8
data/raw/source_metadata/p04_l300_m001.tsv.gz,Recorded key/value metadata with exact dates and private linkage removed,sanitized_source,575,0c868b82408ee314c7e9e07e11f18e872fd871f3a8420ed1658d9ccb82ceb838
data/raw/source_metadata/p04_l300_m002.tsv.gz,Recorded key/value metadata with exact dates and private linkage removed,sanitized_source,575,83a84a39fdcc20fe1eb1b576833155763defec84fbfbd4ea9c46ff1bcb82ebc2
data/raw/source_metadata/p04_l300_m003.tsv.gz,Recorded key/value metadata with exact dates and private linkage removed,sanitized_source,575,83a84a39fdcc20fe1eb1b576833155763defec84fbfbd4ea9c46ff1bcb82ebc2
data/raw/source_metadata/p04_l300_m004.tsv.gz,Recorded key/value metadata with exact dates and private linkage removed,sanitized_source,575,83a84a39fdcc20fe1eb1b576833155763defec84fbfbd4ea9c46ff1bcb82ebc2
data/raw/source_metadata/p04_l370_m001.tsv.gz,Recorded key/value metadata with exact dates and private linkage removed,sanitized_source,574,1ac8d909de560514f6732d4f58e3738206d77cfd7963eb2fb7093e92ffcb0ecb
data/raw/source_metadata/p04_l370_m002.tsv.gz,Recorded key/value metadata with exact dates and private linkage removed,sanitized_source,574,1ac8d909de560514f6732d4f58e3738206d77cfd7963eb2fb7093e92ffcb0ecb
data/raw/source_metadata/p04_l370_m003.tsv.gz,Recorded key/value metadata with exact dates and private linkage removed,sanitized_source,574,1ac8d909de560514f6732d4f58e3738206d77cfd7963eb2fb7093e92ffcb0ecb
data/raw/source_metadata/p04_l370_m004.tsv.gz,Recorded key/value metadata with exact dates and private linkage removed,sanitized_source,574,1ac8d909de560514f6732d4f58e3738206d77cfd7963eb2fb7093e92ffcb0ecb
data/raw/source_trials/p01_l010_t001.tsv.gz,"Original numeric trial matrix, gzip-compressed without byte changes",preserved_source,2688,733bd8a849a07750b6e46bc2476496fdaa9995322e35141926c0edec849b2f61
data/raw/source_trials/p01_l010_t002.tsv.gz,"Original numeric trial matrix, gzip-compressed without byte changes",preserved_source,2530,3aa78928ab093ddef90dede18a70d25bc20a3e912c040545189b6089aa941cee
data/raw/source_trials/p01_l010_t003.tsv.gz,"Original numeric trial matrix, gzip-compressed without byte changes",preserved_source,2050,4d4fc9e70711c5945b1ce17a2d02b871230ccec8b5a28bf1a5b848cba0e2a9dc
data/raw/source_trials/p01_l010_t004.tsv.gz,"Original numeric trial matrix, gzip-compressed without byte changes",preserved_source,2746,3bb0b62e9345c9486db6980a4bfa719fcad6d8c999efb0d6ea162fcad3394848
data/raw/source_trials/p01_l010_t005.tsv.gz,"Original numeric trial matrix, gzip-compressed without byte changes",preserved_source,2095,16333bd0dd0dc525fe9e466a60aabdb839203718d58c9cd336bcf147c342a193
data/raw/source_trials/p01_l010_t006.tsv.gz,"Original numeric trial matrix, gzip-compressed without byte changes",preserved_source,2258,c2070ce45aa1f35d0bde0472058ed8a07a44b6ef553b14bf3149b78e4bab19dd
data/raw/source_trials/p01_l010_t007.tsv.gz,"Original numeric trial matrix, gzip-compressed without byte changes",preserved_source,2389,c98ebf60c966bd3b544f2fb7836ca9fbcd81c8f236c22d68f85556db2674732f
data/raw/source_trials/p01_l010_t008.tsv.gz,"Original numeric trial matrix, gzip-compressed without byte changes",preserved_source,2473,3e23c51c87748e1fcd97865c06b71221ebd382b3943c525d9906d493c79e54e1
data/raw/source_trials/p01_l020_t001.tsv.gz,"Original numeric trial matrix, gzip-compressed without byte changes",preserved_source,2349,57619f804d869abb68cbb273ac22ab347f6a9eca68a6ce30c62d1245eb9e3c06
data/raw/source_trials/p01_l020_t002.tsv.gz,"Original numeric trial matrix, gzip-compressed without byte changes",preserved_source,2276,4fd3ff1f155834285926b828fb0ea1f80fd98365e9ec70f56aecd0fa6bb9ea16
data/raw/source_trials/p01_l020_t003.tsv.gz,"Original numeric trial matrix, gzip-compressed without byte changes",preserved_source,2479,8ea6d8481c82ea215584033c8bad0bdc840efca0cbba451bf74d9833a045acc1
data/raw/source_trials/p01_l020_t004.tsv.gz,"Original numeric trial matrix, gzip-compressed without byte changes",preserved_source,2412,9d13f2de8381949ec6581c1db39687a5fa685a00ec6f5ad2d50280ff02d7962d
data/raw/source_trials/p01_l020_t005.tsv.gz,"Original numeric trial matrix, gzip-compressed without byte changes",preserved_source,2386,eafdde1c7d30c09a41ed93a8be0b4e35555aa6f1987adc0849e8a33699b56f51
data/raw/source_trials/p01_l020_t006.tsv.gz,"Original numeric trial matrix, gzip-compressed without byte changes",preserved_source,2141,a69ec6d36ab8f23994a89589ef14e027c7773bb37f29815223848eb493e2b41e
data/raw/source_trials/p01_l020_t007.tsv.gz,"Original numeric trial matrix, gzip-compressed without byte changes",preserved_source,2381,561a144d7bfe15ebe71ba144461dfe059537a4e5db85cbddcbd8d6674e0bee4d
data/raw/source_trials/p01_l020_t008.tsv.gz,"Original numeric trial matrix, gzip-compressed without byte changes",preserved_source,2202,7b8a577627c0dd87f0b7b4ce0781fd5800dbc182ac639f536421bd07abd4fb19
data/raw/source_trials/p01_l025_t001.tsv.gz,"Original numeric trial matrix, gzip-compressed without byte changes",preserved_source,1979,165be8473e9c06163146dc46e1596a6a0afc15291a769e670904cc7096d85168
data/raw/source_trials/p01_l025_t002.tsv.gz,"Original numeric trial matrix, gzip-compressed without byte changes",preserved_source,2435,f6735ac483c3f216e53f0f3ff8b5b5e9a218d084e7a302e3c9400caf83116bbc
data/raw/source_trials/p01_l025_t003.tsv.gz,"Original numeric trial matrix, gzip-compressed without byte changes",preserved_source,2013,a19f1c72bf48bd62874d0d2a2bbe577650c36102b8e06c54bb9f125b26d6196a
data/raw/source_trials/p01_l025_t004.tsv.gz,"Original numeric trial matrix, gzip-compressed without byte changes",preserved_source,2114,94efcb85d20b7ca9fddf3a447554a872754ae32c57d96b75f98fef891d03eb74
data/raw/source_trials/p01_l025_t005.tsv.gz,"Original numeric trial matrix, gzip-compressed without byte changes",preserved_source,1974,10bac34c5c1cf9612f49dd3e1d1e903c41e9e59d8e4186a48395f2fa1b8ccec9
data/raw/source_trials/p01_l025_t006.tsv.gz,"Original numeric trial matrix, gzip-compressed without byte changes",preserved_source,2120,4fcde043115373b2ad64a5a9a4ec35ecd5ba810d5ed182a83873d84005c66164
data/raw/source_trials/p01_l025_t007.tsv.gz,"Original numeric trial matrix, gzip-compressed without byte changes",preserved_source,2185,d9ebc841c642af7fb102d241648778f1c6e28e0a087de4338f1453bba45d1a0e
data/raw/source_trials/p01_l025_t008.tsv.gz,"Original numeric trial matrix, gzip-compressed without byte changes",preserved_source,2087,b5b42335643ec1d74aaf83e30ab2e24f623356b0a996e333d3a57a053dbe566f
data/raw/source_trials/p01_l025_t009.tsv.gz,"Original numeric trial matrix, gzip-compressed without byte changes",preserved_source,2063,3ed3e2eb372db435c73558e9fd808958d3b0d673471ebfd1d1e3da86fe15296e
data/raw/source_trials/p01_l025_t010.tsv.gz,"Original numeric trial matrix, gzip-compressed without byte changes",preserved_source,2224,67f9bf9291480418aa7c5f1276f9f93105eda69a3423ad0daab1b96d5c6e1300
data/raw/source_trials/p01_l025_t011.tsv.gz,"Original numeric trial matrix, gzip-compressed without byte changes",preserved_source,2278,aecfff6d6c75d3a418fd6ad005b4f5d7b6a3903359bb92c242ae82dd573fbbce
data/raw/source_trials/p01_l038_t001.tsv.gz,"Original numeric trial matrix, gzip-compressed without byte changes",preserved_source,2637,aefd3a7480c6fe942a196c0441f3af7d1aa1b0b52a95d30d00012a76a552be0d
data/raw/source_trials/p01_l038_t002.tsv.gz,"Original numeric trial matrix, gzip-compressed without byte changes",preserved_source,2275,700c7556fb18bae31d2316a71a7e12b00072b54b38051fb018c92c6147bfa559
data/raw/source_trials/p01_l038_t003.tsv.gz,"Original numeric trial matrix, gzip-compressed without byte changes",preserved_source,2202,aea0cabaf51ca8e9329a0a0579a67785bf52689a1494e351821807b95d1989d3
data/raw/source_trials/p01_l038_t004.tsv.gz,"Original numeric trial matrix, gzip-compressed without byte changes",preserved_source,2252,bb33e8d08dad2cdfbeddffcfe03efbff415b5cc1e16f72209915714fefe1a010
data/raw/source_trials/p01_l050_t001.tsv.gz,"Original numeric trial matrix, gzip-compressed without byte changes",preserved_source,2280,ce2f76ca0d793ff05c67b4513e72b89577342c99b2893cf87a13f197516b1e9a
data/raw/source_trials/p01_l050_t002.tsv.gz,"Original numeric trial matrix, gzip-compressed without byte changes",preserved_source,1983,7f7ec99b9461af252e4b07b85b77b298b9a651d57f3070e39fa507c83860b445
data/raw/source_trials/p01_l050_t003.tsv.gz,"Original numeric trial matrix, gzip-compressed without byte changes",preserved_source,2347,14b8adf896cfacf4f8d9f5b1c73b496f396f240c2ddd04eb937b4610e9cf2774
data/raw/source_trials/p01_l050_t004.tsv.gz,"Original numeric trial matrix, gzip-compressed without byte changes",preserved_source,2268,a0083f7f3a40933729b2250ff50a61710a76e06a714b2a7fd6599c149e4afd62
data/raw/source_trials/p01_l050_t005.tsv.gz,"Original numeric trial matrix, gzip-compressed without byte changes",preserved_source,2159,d956fe87bf507e9540787de94f2e7ad2a4133c3d478b5540913255c89fe49726
data/raw/source_trials/p01_l050_t006.tsv.gz,"Original numeric trial matrix, gzip-compressed without byte changes",preserved_source,2426,356036f9442441e51240c2f7ac44d2c2cd0e0da178b817b45ed8e73a4b901d41
data/raw/source_trials/p01_l072_t001.tsv.gz,"Original numeric trial matrix, gzip-compressed without byte changes",preserved_source,2379,075edd5521ec0f767b5bd8b11531766873def6630199ca411bf952b3a1aacb4f
data/raw/source_trials/p01_l072_t002.tsv.gz,"Original numeric trial matrix, gzip-compressed without byte changes",preserved_source,2315,dfc158a3d12594e4c5e7d2f3a3dfa7bd1c2fcaec3fdcd78b1e7a863139abfb45
data/raw/source_trials/p01_l072_t003.tsv.gz,"Original numeric trial matrix, gzip-compressed without byte changes",preserved_source,2460,060d38fa6e62b80e4bb1a19ab9936f57b658b3395640692a5784c682eb7d66a7
data/raw/source_trials/p01_l072_t004.tsv.gz,"Original numeric trial matrix, gzip-compressed without byte changes",preserved_source,2554,40760d0e18da6c1e68f6a81b3cb1136fcb45d3376c1ad45179feaaa439f37f2d
data/raw/source_trials/p01_l100_t001.tsv.gz,"Original numeric trial matrix, gzip-compressed without byte changes",preserved_source,2496,3bea7ed82df959ea2f0d05e270c6f1880a4db484658ca9238b6deef16dd8cbf5
data/raw/source_trials/p01_l100_t002.tsv.gz,"Original numeric trial matrix, gzip-compressed without byte changes",preserved_source,2752,155618e944ffef36a764270a33c85a3c78965df8da4d847101e2eac9eeb3774a
data/raw/source_trials/p01_l100_t003.tsv.gz,"Original numeric trial matrix, gzip-compressed without byte changes",preserved_source,2494,ed67e3f34c80ada2fc94772c39f0a23f186bc280c16de585fc2e58c892d4330c
data/raw/source_trials/p01_l100_t004.tsv.gz,"Original numeric trial matrix, gzip-compressed without byte changes",preserved_source,2577,bd085374e1dc84fb6a40b55117bb02ac84ad2905f1f8e27be49691e94a97a54b
data/raw/source_trials/p01_l149_t001.tsv.gz,"Original numeric trial matrix, gzip-compressed without byte changes",preserved_source,2883,61a9c4005aebab8336d1b76aa2f9f13bb88a9ac4f06a0881d04a984eaa522a44
data/raw/source_trials/p01_l149_t002.tsv.gz,"Original numeric trial matrix, gzip-compressed without byte changes",preserved_source,2738,17de4156e074df22a1ad1c50de0d9de705ef393094d8fc3e8704f7bcb41e0977
data/raw/source_trials/p01_l149_t003.tsv.gz,"Original numeric trial matrix, gzip-compressed without byte changes",preserved_source,2652,a4682f67616a6004222230f49fde351096934d023d7b386bacbd404257f67b54
data/raw/source_trials/p01_l149_t004.tsv.gz,"Original numeric trial matrix, gzip-compressed without byte changes",preserved_source,2817,5a319e78b74563e30c80a9bbe9f82937fe5e1949cf446e70437bf049005633eb
data/raw/source_trials/p01_l200_t001.tsv.gz,"Original numeric trial matrix, gzip-compressed without byte changes",preserved_source,4090,a6d5c3334db293466ce3a32f25bace5f37c872ab05eac87c458d393ae3a59974
data/raw/source_trials/p01_l200_t002.tsv.gz,"Original numeric trial matrix, gzip-compressed without byte changes",preserved_source,4081,d8fe61d8a15c12954dac6c55c39c8252c3b031d26267232aa3856ce3d7831d51
data/raw/source_trials/p01_l200_t003.tsv.gz,"Original numeric trial matrix, gzip-compressed without byte changes",preserved_source,4135,aa008efc099ceceebf4fd6b4de2ca99ec602968c0ceab99bcae5ceeae27e0c92
data/raw/source_trials/p01_l200_t004.tsv.gz,"Original numeric trial matrix, gzip-compressed without byte changes",preserved_source,3442,982ef666203b8a5f9671dc7a7223481572c0fca1a6d663a74ab22497df864842
data/raw/source_trials/p01_l200_t005.tsv.gz,"Original numeric trial matrix, gzip-compressed without byte changes",preserved_source,3607,0be2acffe587ab399419adf87d956ea4b4a73e8155554e91235b9916cae8e984
data/raw/source_trials/p01_l300_t001.tsv.gz,"Original numeric trial matrix, gzip-compressed without byte changes",preserved_source,2625,8c8b9819a9f36183854be9f6f19673c7778991951e2a72e85676b178062ed1c3
data/raw/source_trials/p01_l300_t002.tsv.gz,"Original numeric trial matrix, gzip-compressed without byte changes",preserved_source,3055,8f65d4de0bbf92a68be34a7dc29b32ba812fc8e587d91dfafee3a3ca1c2a8e61
data/raw/source_trials/p01_l300_t003.tsv.gz,"Original numeric trial matrix, gzip-compressed without byte changes",preserved_source,3167,aa7f740d8761b96b98b0499f1fd0793da39c956b25fdc58eeb7cc19dcd237ea9
data/raw/source_trials/p01_l300_t004.tsv.gz,"Original numeric trial matrix, gzip-compressed without byte changes",preserved_source,2073,a9a859f044f45253511286059db65c1b10d48448d81ae16e4c76b1be4b361934
data/raw/source_trials/p01_l300_t005.tsv.gz,"Original numeric trial matrix, gzip-compressed without byte changes",preserved_source,2111,722764c4b615138cb457a17657e1ae4a2263894b26e7f4b31b48eefc4f82bd01
data/raw/source_trials/p01_l370_t001.tsv.gz,"Original numeric trial matrix, gzip-compressed without byte changes",preserved_source,2293,bf4cdb5a420a2835839afb246fca6e5cb788903a2d65add49e5b2e07df6dc9d0
data/raw/source_trials/p01_l370_t002.tsv.gz,"Original numeric trial matrix, gzip-compressed without byte changes",preserved_source,2395,a05209fb295a81ecdb01f7cd9eacb76f2f1c70019535ba3862a6d7c8508f9339
data/raw/source_trials/p01_l370_t003.tsv.gz,"Original numeric trial matrix, gzip-compressed without byte changes",preserved_source,2520,866a532d0cd98e291ece43dcf362e0f2fe6f40d52c881afeb275433424ef31db
data/raw/source_trials/p01_l370_t004.tsv.gz,"Original numeric trial matrix, gzip-compressed without byte changes",preserved_source,2276,3062f415faca1aee4b687672db904011f2adc1db468f9e510d5000237767e6a8
data/raw/source_trials/p01_l403_t001.tsv.gz,"Original numeric trial matrix, gzip-compressed without byte changes",preserved_source,2331,d6dcc4f778f1889da3d9f94a07e84d538a9cdbdbe75e798b6eabb69b80de3aad
data/raw/source_trials/p01_l403_t002.tsv.gz,"Original numeric trial matrix, gzip-compressed without byte changes",preserved_source,2164,ceeaf5263a21b6748a5069f3caf8404ea35f877ea49f6ecac891e5ee869dfb34
data/raw/source_trials/p01_l403_t003.tsv.gz,"Original numeric trial matrix, gzip-compressed without byte changes",preserved_source,2035,7eff0232c8e00023767dc5e60c12ec845bb34f0f81a5bf0f5164db26ab01a1c5
data/raw/source_trials/p01_l403_t004.tsv.gz,"Original numeric trial matrix, gzip-compressed without byte changes",preserved_source,2301,60a095a1d09242538f97b327f18edc64cce0146b780f2c6dd95c06c42c7fc52e
data/raw/source_trials/p02_l010_t001.tsv.gz,"Original numeric trial matrix, gzip-compressed without byte changes",preserved_source,1489,487b8154dea15bf5c21c97b5c7f047788ee88086df6debbe0ce0fc512a4f4bcf
data/raw/source_trials/p02_l010_t002.tsv.gz,"Original numeric trial matrix, gzip-compressed without byte changes",preserved_source,1864,5fdcedf2b4c2d4a538a1a7822bb0923644e9018e1f6bf297247f1fffab9544d6
data/raw/source_trials/p02_l010_t003.tsv.gz,"Original numeric trial matrix, gzip-compressed without byte changes",preserved_source,1383,94898710badaa21fc00ef6cd5b17bd20a0488491c4c46660ba71b8416b9089b7
data/raw/source_trials/p02_l010_t004.tsv.gz,"Original numeric trial matrix, gzip-compressed without byte changes",preserved_source,1370,2e1c4cf6a45d7ddbcb6245b6ddaea1ec65f53c5d711d00f5e9a7cd710bf42250
data/raw/source_trials/p02_l010_t005.tsv.gz,"Original numeric trial matrix, gzip-compressed without byte changes",preserved_source,1091,6f1443bf177d91f2cdcd797d3ca9e53bee9d7afa7a769b1aa68dbd7ba650f934
data/raw/source_trials/p02_l010_t006.tsv.gz,"Original numeric trial matrix, gzip-compressed without byte changes",preserved_source,1934,d1defc1f6696bc67a24f3f2ebd3873c3e16d6d8bf0276890d3d6fb5fda2d3574
data/raw/source_trials/p02_l010_t007.tsv.gz,"Original numeric trial matrix, gzip-compressed without byte changes",preserved_source,1878,d452e9291e7b863f3b23ce8b1f3fd1fd5ba4a90018f7c81f2397e04e32b23a2b
data/raw/source_trials/p02_l010_t008.tsv.gz,"Original numeric trial matrix, gzip-compressed without byte changes",preserved_source,2340,22b1e5c1e517a8a5e1671cac085ea602881ac95068a27a96e29bc836398717ff
data/raw/source_trials/p02_l010_t009.tsv.gz,"Original numeric trial matrix, gzip-compressed without byte changes",preserved_source,2452,30d06bd0e702dda5cde4f9fab3d28df1aa8fe2d69bbde658904deec99cdb52a6
data/raw/source_trials/p02_l010_t010.tsv.gz,"Original numeric trial matrix, gzip-compressed without byte changes",preserved_source,1787,4366d3073cf5dc20f0fedd98716e843b81f9a49a2dab50ed13c846df84d2f7b3
data/raw/source_trials/p02_l010_t011.tsv.gz,"Original numeric trial matrix, gzip-compressed without byte changes",preserved_source,1603,dd90b961431bc5e1f7300639d97462a66270b38d230251bc16b0871465a775c8
data/raw/source_trials/p02_l010_t012.tsv.gz,"Original numeric trial matrix, gzip-compressed without byte changes",preserved_source,1578,5489aeb520ad5a4059d5be66f825dbd386a4bd368a3feac402d50b9617857afa
data/raw/source_trials/p02_l026_t001.tsv.gz,"Original numeric trial matrix, gzip-compressed without byte changes",preserved_source,1675,20694187ae571029e03888d1fb4c5bf466ec07f20c79c1e1de9551641e5595c2
data/raw/source_trials/p02_l026_t002.tsv.gz,"Original numeric trial matrix, gzip-compressed without byte changes",preserved_source,2481,763bcc689c3409c35d5598e4e33191aeca1dc763d7be26fc24cacfbf6718fb63
data/raw/source_trials/p02_l026_t003.tsv.gz,"Original numeric trial matrix, gzip-compressed without byte changes",preserved_source,2357,7fcf48c44a6d450aeb303034fd7b7cd6ff0fa6a35bd980242c495d80286b7fa3
data/raw/source_trials/p02_l026_t004.tsv.gz,"Original numeric trial matrix, gzip-compressed without byte changes",preserved_source,1946,f50e3dfa3cddd2b58004229a97d8b3ac40b9774c87718169e1ca73e38e02b86e
data/raw/source_trials/p02_l026_t005.tsv.gz,"Original numeric trial matrix, gzip-compressed without byte changes",preserved_source,1931,86b4ef857795e5e9f23d8567d216b4619beab2e3f957667b043d58b9a7e34c9a
data/raw/source_trials/p02_l026_t006.tsv.gz,"Original numeric trial matrix, gzip-compressed without byte changes",preserved_source,1548,0ea6cb7c89402730e97fedf910d84dc2fe0060e640a60ebbe347979d029c8fca
data/raw/source_trials/p02_l026_t007.tsv.gz,"Original numeric trial matrix, gzip-compressed without byte changes",preserved_source,1616,4411784cac2ad31e87c8cf083d0c43a4da813e793708a11e8ff79b9ecedc796a
data/raw/source_trials/p02_l026_t008.tsv.gz,"Original numeric trial matrix, gzip-compressed without byte changes",preserved_source,1376,1903d35c9dfd58c7d6ff2cc1b134856a2a36a7f1ae2dbad9dd475c1513b2cb93
data/raw/source_trials/p02_l049_t001.tsv.gz,"Original numeric trial matrix, gzip-compressed without byte changes",preserved_source,2676,e3074266cdc1227ab3f19418dc4bdfca78c06c310aa71d2f00534f15e11bd096
data/raw/source_trials/p02_l049_t002.tsv.gz,"Original numeric trial matrix, gzip-compressed without byte changes",preserved_source,2717,e412c15ed8a99a426af9017c9f30bb0efffc05f5b505fdd44bcd8ef047fbbff9
data/raw/source_trials/p02_l049_t003.tsv.gz,"Original numeric trial matrix, gzip-compressed without byte changes",preserved_source,2971,c36f47fcc97b2aee054d516831f236631ea0f6a537029d9043e93028b987bd7a
data/raw/source_trials/p02_l049_t004.tsv.gz,"Original numeric trial matrix, gzip-compressed without byte changes",preserved_source,2462,7d594cb0ea8d2c4d0f376e4466a7464db6f311e3eab973412a76f64657d02919
data/raw/source_trials/p02_l049_t005.tsv.gz,"Original numeric trial matrix, gzip-compressed without byte changes",preserved_source,2769,b561f9fe3c748eb8f0076d46c2b2ebafa20dceddf0bb01a454ee94dd23fc1fc7
data/raw/source_trials/p02_l049_t006.tsv.gz,"Original numeric trial matrix, gzip-compressed without byte changes",preserved_source,2484,516e67d9a95bde347961c17c72bc7a230f3d7997a552680a1451627ce1f29f3e
data/raw/source_trials/p02_l049_t007.tsv.gz,"Original numeric trial matrix, gzip-compressed without byte changes",preserved_source,2682,2135bef0fc5aeb493a746e9cdcf97dd441d6afc302046ebadf432cf0933e47a7
data/raw/source_trials/p02_l049_t008.tsv.gz,"Original numeric trial matrix, gzip-compressed without byte changes",preserved_source,2893,e94f9286dc113d22ed48a6b888f4dbb568d641dc211efaee27618a678dea4391
data/raw/source_trials/p02_l100_t001.tsv.gz,"Original numeric trial matrix, gzip-compressed without byte changes",preserved_source,2662,7f09da7f35001be9a51fe5b3957024e6b839e98309c444a6825d55151b42aaab
data/raw/source_trials/p02_l100_t002.tsv.gz,"Original numeric trial matrix, gzip-compressed without byte changes",preserved_source,2610,e61673cbc82d885e78a04de2e6b568520e603fe01dc6d6b033a56e87ebe80f51
data/raw/source_trials/p02_l100_t003.tsv.gz,"Original numeric trial matrix, gzip-compressed without byte changes",preserved_source,2589,c7a535db5f3ef87ec8e125ce152f2a21a248883e2df0dfe86557634d73e80503
data/raw/source_trials/p02_l100_t004.tsv.gz,"Original numeric trial matrix, gzip-compressed without byte changes",preserved_source,3025,55f318cae81bf16c03df93a352a0871262a94c9e5f00ca695843d706f7a6750f
data/raw/source_trials/p02_l100_t005.tsv.gz,"Original numeric trial matrix, gzip-compressed without byte changes",preserved_source,2612,02babb9d8dbbfc95ee629b419f23a542cd620db8d0c1750bbd5dde73e6741579
data/raw/source_trials/p02_l100_t006.tsv.gz,"Original numeric trial matrix, gzip-compressed without byte changes",preserved_source,2666,745d18e85ba5d8fa78753bc8b29b0ec099031e12a5fe537ce126a22aabc9a016
data/raw/source_trials/p02_l100_t007.tsv.gz,"Original numeric trial matrix, gzip-compressed without byte changes",preserved_source,2667,2bc6c0c083702d401493e957dba39d32d06eb1c89b81bc83421534caaa6a2bcf
data/raw/source_trials/p02_l100_t008.tsv.gz,"Original numeric trial matrix, gzip-compressed without byte changes",preserved_source,2528,ee1a0a566c9b4fe9cff05951766ba6bac17ed4ab1bc9f42413d1f993af33c159
data/raw/source_trials/p02_l204_t001.tsv.gz,"Original numeric trial matrix, gzip-compressed without byte changes",preserved_source,2622,aeaa8a80d5329b0f897ba32cbd29f723d77c45f75c7096e2257b6c230debd8a8
data/raw/source_trials/p02_l204_t002.tsv.gz,"Original numeric trial matrix, gzip-compressed without byte changes",preserved_source,2907,a920a7d892cbddaa42a8060fd48cfa356e64ad41b1f3e7bb5790aa2073b3a1ca
data/raw/source_trials/p02_l204_t003.tsv.gz,"Original numeric trial matrix, gzip-compressed without byte changes",preserved_source,3054,5a9a8ba65b75cdc0aff24c8b9675ef25e1cf28a7b28a1962ffabdb5e9940632f
data/raw/source_trials/p02_l204_t004.tsv.gz,"Original numeric trial matrix, gzip-compressed without byte changes",preserved_source,2697,53b5635c39bd47ae8054c737c1ec39d7d349291b7c3b10ae9741c85c763da014
data/raw/source_trials/p02_l300_t001.tsv.gz,"Original numeric trial matrix, gzip-compressed without byte changes",preserved_source,2385,77d0d58b2341907fddeb38ca762729dce808438ab6c3b58d0b5d4c8a65846e77
data/raw/source_trials/p02_l300_t002.tsv.gz,"Original numeric trial matrix, gzip-compressed without byte changes",preserved_source,2688,50ff03db32eb2da044cb9f372307989e83c543cece233eea871c85eb8430429f
data/raw/source_trials/p02_l300_t003.tsv.gz,"Original numeric trial matrix, gzip-compressed without byte changes",preserved_source,2403,ec67cbf9010f3e60753eb1576347e2ad8fe197350074496277cec8a736227393
data/raw/source_trials/p02_l300_t004.tsv.gz,"Original numeric trial matrix, gzip-compressed without byte changes",preserved_source,2667,51afc7164ce5725f5ee7468a65b68fd11ee70b743529e0cc21060e573ba5db12
data/raw/source_trials/p03_l010_t001.tsv.gz,"Original numeric trial matrix, gzip-compressed without byte changes",preserved_source,2015,1582bc5aa6828d9ef276c850921ea42bde37831ef2dacb563180eb03cfb4b499
data/raw/source_trials/p03_l010_t002.tsv.gz,"Original numeric trial matrix, gzip-compressed without byte changes",preserved_source,2597,a7c6b46bf1459a31cd998768a71063b1bdb1d923a15e080ac6fc6f8aa439b50e
data/raw/source_trials/p03_l010_t003.tsv.gz,"Original numeric trial matrix, gzip-compressed without byte changes",preserved_source,1967,5378a7ca450908dd8341475819bbb0c1a10099bf2d588bb06c7a16949bdd8934
data/raw/source_trials/p03_l010_t004.tsv.gz,"Original numeric trial matrix, gzip-compressed without byte changes",preserved_source,2420,fefd339630284eae565de7e8fe7486d61011ead0c97790e90ce1a1a4b67e25ec
data/raw/source_trials/p03_l010_t005.tsv.gz,"Original numeric trial matrix, gzip-compressed without byte changes",preserved_source,2295,dfa5117cafce4d6d64ee775bf1f8c774164b188ec8e47affb512e676862f702d
data/raw/source_trials/p03_l010_t006.tsv.gz,"Original numeric trial matrix, gzip-compressed without byte changes",preserved_source,2051,a85dbaf942caf1cd227d409b2a3fded59019eac1c2d7330afeaa5ad53229ff3b
data/raw/source_trials/p03_l010_t007.tsv.gz,"Original numeric trial matrix, gzip-compressed without byte changes",preserved_source,2558,f3eba0841f3672cafa0f416025d88963b48e37a586dbc6902d6b23256f5467fa
data/raw/source_trials/p03_l010_t008.tsv.gz,"Original numeric trial matrix, gzip-compressed without byte changes",preserved_source,2054,e94922f00a9e1be616fdfb48141a82b7042260e80b1333f69cbdedbf4d65ba3b
data/raw/source_trials/p03_l049_t001.tsv.gz,"Original numeric trial matrix, gzip-compressed without byte changes",preserved_source,2543,853ff300c6e846d33c797f3461c044090c7a1fd366e92d44659970a1a23a76a3
data/raw/source_trials/p03_l049_t002.tsv.gz,"Original numeric trial matrix, gzip-compressed without byte changes",preserved_source,2799,55d3f3c13e63282a193ee4de09f4d139858292d7f537b82c0d8df32f46a470fe
data/raw/source_trials/p03_l049_t003.tsv.gz,"Original numeric trial matrix, gzip-compressed without byte changes",preserved_source,2909,e40fc42fdbd81bf962751a9a7c4382d6e8b83d35cf09df4cf54527cfa5042f44
data/raw/source_trials/p03_l049_t004.tsv.gz,"Original numeric trial matrix, gzip-compressed without byte changes",preserved_source,3102,8b800017b030d4b9db2ed3b7271173baff5f2e68bd4d5224554c30364bea76cd
data/raw/source_trials/p03_l049_t005.tsv.gz,"Original numeric trial matrix, gzip-compressed without byte changes",preserved_source,2933,f04ac4c8c8ff93135c58252090ffbc39b5eb7ba64b84590d9dda9f8f10d568e2
data/raw/source_trials/p03_l049_t006.tsv.gz,"Original numeric trial matrix, gzip-compressed without byte changes",preserved_source,3189,d0519e998eb2cc58e4aa7d722be89630f94b41aaff2c656968773c4b3de664b1
data/raw/source_trials/p03_l049_t007.tsv.gz,"Original numeric trial matrix, gzip-compressed without byte changes",preserved_source,2791,85e67e6cde657c1d0bb27e2130c34f8d6ced664a8f1c4efe16f2db210c17bd16
data/raw/source_trials/p03_l049_t008.tsv.gz,"Original numeric trial matrix, gzip-compressed without byte changes",preserved_source,2526,fb2b133d52cc6d75052db3f1ea6af6ea313ea941a6377ac0ba38c326babd5db0
data/raw/source_trials/p03_l100_t001.tsv.gz,"Original numeric trial matrix, gzip-compressed without byte changes",preserved_source,3330,1e7b96f2d6ef011edc3eff98bae8549d771bb53bb5b2901e1c6089497d958b04
data/raw/source_trials/p03_l100_t002.tsv.gz,"Original numeric trial matrix, gzip-compressed without byte changes",preserved_source,2615,95367faca63c2a9979cc1f008ed6094a6e4863c2db472a2b1ce20f7635dfa863
data/raw/source_trials/p03_l100_t003.tsv.gz,"Original numeric trial matrix, gzip-compressed without byte changes",preserved_source,2639,e7808484b06169e338280c4e0a283c622aa852fa4c36303518358706132c2981
data/raw/source_trials/p03_l100_t004.tsv.gz,"Original numeric trial matrix, gzip-compressed without byte changes",preserved_source,2574,2494a83bf32fe6d20ff7ebf18d8d4ad24097ee72c793d5ec6bacbd3e0c7a9a74
data/raw/source_trials/p03_l100_t005.tsv.gz,"Original numeric trial matrix, gzip-compressed without byte changes",preserved_source,3138,55bae12af2ff746a73181ed81caba626965d0b5967c11b339bbd4bfb8b527620
data/raw/source_trials/p03_l100_t006.tsv.gz,"Original numeric trial matrix, gzip-compressed without byte changes",preserved_source,2649,d8764fcb5334a1142fcc489c0c13d5c02a263b25d63e4da300219506d3f649e1
data/raw/source_trials/p03_l100_t007.tsv.gz,"Original numeric trial matrix, gzip-compressed without byte changes",preserved_source,2499,f2f1a971f4e44d40cd1071a961ebde25e726f31b763abc78d1b7877468327299
data/raw/source_trials/p03_l100_t008.tsv.gz,"Original numeric trial matrix, gzip-compressed without byte changes",preserved_source,3211,a3365a2aebef4a8bcc3d223cb0e552a07cf56056be54db0e0017e559bfca5271
data/raw/source_trials/p03_l200_t001.tsv.gz,"Original numeric trial matrix, gzip-compressed without byte changes",preserved_source,2916,4a1f0a0aeb676f6e47fe23e5e480c4ccafee8311e0bffd0b8003278634957e31
data/raw/source_trials/p03_l200_t002.tsv.gz,"Original numeric trial matrix, gzip-compressed without byte changes",preserved_source,3793,18a88cacdabd9432900a70b12a13703090839d9147ca945d4137db6a9ed8de6d
data/raw/source_trials/p03_l200_t003.tsv.gz,"Original numeric trial matrix, gzip-compressed without byte changes",preserved_source,2840,8d075d64d9dc3cde4a5af17ebfd6c6c949755847c288cc7d4e8658437c392bd5
data/raw/source_trials/p03_l200_t004.tsv.gz,"Original numeric trial matrix, gzip-compressed without byte changes",preserved_source,3384,97908f8e13bd14262996e8874b2d744947a04432c3ea1d5932376d378f2cbba1
data/raw/source_trials/p03_l200_t005.tsv.gz,"Original numeric trial matrix, gzip-compressed without byte changes",preserved_source,3058,992b5ca060e0624b759be4094e94f5da2b8f91198646dc7e4fbf68117d3753eb
data/raw/source_trials/p03_l200_t006.tsv.gz,"Original numeric trial matrix, gzip-compressed without byte changes",preserved_source,2690,b9a1125719c167ec8780989c792bd7359a3fde36a00631bfbae52f34afc5c3eb
data/raw/source_trials/p03_l200_t007.tsv.gz,"Original numeric trial matrix, gzip-compressed without byte changes",preserved_source,2656,10894783c046e2e526427be3cbc399884310373f553cb50ccd4a4403c6819d96
data/raw/source_trials/p03_l200_t008.tsv.gz,"Original numeric trial matrix, gzip-compressed without byte changes",preserved_source,2874,5374355f6e8a0887fa386fb87be4a68ef8b9445f7a26e6132762007e5c2334cc
data/raw/source_trials/p03_l300_t001.tsv.gz,"Original numeric trial matrix, gzip-compressed without byte changes",preserved_source,3131,750c7ff6a23822c93e790fba0d9979b6015e4f19be49486eed6628275c96e167
data/raw/source_trials/p03_l300_t002.tsv.gz,"Original numeric trial matrix, gzip-compressed without byte changes",preserved_source,2587,5abf22db98710f795ad7e3dd54628156aa3179283962a62446d390b55c44ca2f
data/raw/source_trials/p03_l300_t003.tsv.gz,"Original numeric trial matrix, gzip-compressed without byte changes",preserved_source,2889,8149b62e4e0f7591eb9083471e5732a0916d976ca496c610d81074cf0f1d6b94
data/raw/source_trials/p03_l300_t004.tsv.gz,"Original numeric trial matrix, gzip-compressed without byte changes",preserved_source,3066,2b22a571de6e7649a897f2cd519046cc780ef5bc8bb67431864e6787ab4cf30b
data/raw/source_trials/p03_l370_t001.tsv.gz,"Original numeric trial matrix, gzip-compressed without byte changes",preserved_source,2625,3d70dd691c8814e7170e08963b04415bd231ade95137c02607f133d6c2b3cea9
data/raw/source_trials/p03_l370_t002.tsv.gz,"Original numeric trial matrix, gzip-compressed without byte changes",preserved_source,2897,3859d59668b9c5db99d3d26ffbc26a2e65de66f85a3e8071c6c504f0e5deebf9
data/raw/source_trials/p03_l370_t003.tsv.gz,"Original numeric trial matrix, gzip-compressed without byte changes",preserved_source,2530,54dcab107e4644251e681f3dbae1a519268f4ba1c6b5b5cebe46e3ff94232597
data/raw/source_trials/p03_l370_t004.tsv.gz,"Original numeric trial matrix, gzip-compressed without byte changes",preserved_source,2650,be3155c7ba26cd16c1c6ef1040c4880fcfed66ad65db08b95016d46af01cb168
data/raw/source_trials/p03_l415_t001.tsv.gz,"Original numeric trial matrix, gzip-compressed without byte changes",preserved_source,2755,9fe9a0697080560bc936bb8cd7ef30c23ed15332e7997a849f87dca16880d5cc
data/raw/source_trials/p03_l415_t002.tsv.gz,"Original numeric trial matrix, gzip-compressed without byte changes",preserved_source,3034,0b9a1ab92b1dea646385daffc4031a659ae4c074183a02c152f54d16a9983279
data/raw/source_trials/p03_l415_t003.tsv.gz,"Original numeric trial matrix, gzip-compressed without byte changes",preserved_source,2637,587746305ad74a9f931e0133bc936b30a555f7b95c9469bb3c99806f8a447df7
data/raw/source_trials/p03_l415_t004.tsv.gz,"Original numeric trial matrix, gzip-compressed without byte changes",preserved_source,3221,299834e86bf624d6eb0171bf209aec1f94b963db6eae483c9d7a0ee3835a2d6c
data/raw/source_trials/p04_l010_t001.tsv.gz,"Original numeric trial matrix, gzip-compressed without byte changes",preserved_source,2570,524a76c86a3cbc5ae563a811dabc1ce6d18cf4051497983706b5de4d49e01a56
data/raw/source_trials/p04_l010_t002.tsv.gz,"Original numeric trial matrix, gzip-compressed without byte changes",preserved_source,2646,6b3166f8adec3d2d6825a6a5b7de52a0fc69821f17c7fdd8dfd29e80106d68f0
data/raw/source_trials/p04_l010_t003.tsv.gz,"Original numeric trial matrix, gzip-compressed without byte changes",preserved_source,2554,23fa10694140889f5061fea7bf4b41851e83957aa5331c44dfc72572df9dd8e3
data/raw/source_trials/p04_l010_t004.tsv.gz,"Original numeric trial matrix, gzip-compressed without byte changes",preserved_source,2510,da1c6bb4a0cbf27b160dccf5ad4e7c31ecd11ef87a76c197e85a3ff19e034312
data/raw/source_trials/p04_l010_t005.tsv.gz,"Original numeric trial matrix, gzip-compressed without byte changes",preserved_source,2357,51af211f29b4abc7899e86aceab0a55a52ccd2587faf8dd9048e4e09fb4b4190
data/raw/source_trials/p04_l010_t006.tsv.gz,"Original numeric trial matrix, gzip-compressed without byte changes",preserved_source,2375,25cacf594e269aedb9e925e6ccb63d7ef8a4310131c97af0bae8e779c5f10798
data/raw/source_trials/p04_l010_t007.tsv.gz,"Original numeric trial matrix, gzip-compressed without byte changes",preserved_source,2214,ab42fab11acb19bfadc06319d886eb863ca3b648f78cf88700facbec3b3aa65b
data/raw/source_trials/p04_l010_t008.tsv.gz,"Original numeric trial matrix, gzip-compressed without byte changes",preserved_source,2180,c9fd2b1e91e2a968ebeb5d8cebf8225eea7eeb17f5ac46b3c32c8e89ecd8d1eb
data/raw/source_trials/p04_l049_t001.tsv.gz,"Original numeric trial matrix, gzip-compressed without byte changes",preserved_source,2887,f0fa806369494ea2ac4be0b4ca88cfcfc9118e8f3cb6552ae356cc525986318e
data/raw/source_trials/p04_l049_t002.tsv.gz,"Original numeric trial matrix, gzip-compressed without byte changes",preserved_source,2475,82cbda83c48b1db1513221417569c4a0d7e03d36a20154b5bafc21eaa1944139
data/raw/source_trials/p04_l049_t003.tsv.gz,"Original numeric trial matrix, gzip-compressed without byte changes",preserved_source,3159,da78d3ba128a690394b7e171d215b271fd5dca4d459e85e8d1693b5d6f42c01b
data/raw/source_trials/p04_l049_t004.tsv.gz,"Original numeric trial matrix, gzip-compressed without byte changes",preserved_source,2614,6cf432f4d6d99b18348ad152bc01bfbbf316584d2d9a428179e3cab2e89f769d
data/raw/source_trials/p04_l049_t005.tsv.gz,"Original numeric trial matrix, gzip-compressed without byte changes",preserved_source,2597,9de45d0d32abd347a5004921466881fb7fc9d16d73b617d8ad0595398c6ff99c
data/raw/source_trials/p04_l049_t006.tsv.gz,"Original numeric trial matrix, gzip-compressed without byte changes",preserved_source,2508,d67389c3eeeb5dd582f76160874395e6cee70b3f66e9873e9a872f54a02fbf6e
data/raw/source_trials/p04_l049_t007.tsv.gz,"Original numeric trial matrix, gzip-compressed without byte changes",preserved_source,3018,b44a56576509167b04cb62d9f517cad854bded1b8576bf9fa605582c141c94b2
data/raw/source_trials/p04_l049_t008.tsv.gz,"Original numeric trial matrix, gzip-compressed without byte changes",preserved_source,2424,9124d0d225fdcf135018a5c2a2de53db3d2fb6a815fcc3cae2ee486af6e9e1f0
data/raw/source_trials/p04_l100_t001.tsv.gz,"Original numeric trial matrix, gzip-compressed without byte changes",preserved_source,2723,c4a40d011ee74573f26ce65a14d6d4862fbbc4cf7adbf46189b49db3c90fb307
data/raw/source_trials/p04_l100_t002.tsv.gz,"Original numeric trial matrix, gzip-compressed without byte changes",preserved_source,2415,2211533d671167ef4af8dfae0e30cd576c2f2b9500d819ca75d669df0e1ae182
data/raw/source_trials/p04_l100_t003.tsv.gz,"Original numeric trial matrix, gzip-compressed without byte changes",preserved_source,2578,2155f4f5749c590c4bf464bb9b8211202b77d780972841c0b0c402bc81d395d1
data/raw/source_trials/p04_l100_t004.tsv.gz,"Original numeric trial matrix, gzip-compressed without byte changes",preserved_source,2364,d1953e036091af0ff44a5ad34b93ec0b65ea94bb135ab2730232c2078401ad45
data/raw/source_trials/p04_l100_t005.tsv.gz,"Original numeric trial matrix, gzip-compressed without byte changes",preserved_source,2676,27bec73eb9b536d445c691c0c02d6a839d0067dc7e4331ca79ed30d7bced2618
data/raw/source_trials/p04_l100_t006.tsv.gz,"Original numeric trial matrix, gzip-compressed without byte changes",preserved_source,2485,d865adcadc8a06f87e071acc50082ccc599c5aa63d831b41b360d6b2cf3d05bf
data/raw/source_trials/p04_l100_t007.tsv.gz,"Original numeric trial matrix, gzip-compressed without byte changes",preserved_source,2848,c2afe2089bd6d68ce7f69e250ca05f5eb5ec2d44b7e8170d79c178577399fc7f
data/raw/source_trials/p04_l100_t008.tsv.gz,"Original numeric trial matrix, gzip-compressed without byte changes",preserved_source,3266,6e34287e1ba63b02d68c75e818e051946c258a7e0b794b6e2abf2b2af5f7fe00
data/raw/source_trials/p04_l100_t009.tsv.gz,"Original numeric trial matrix, gzip-compressed without byte changes",preserved_source,2423,5a376941481cb5c060bf60bbf9cdd51ee0dcb10b0862e64475532296443bdfb9
data/raw/source_trials/p04_l100_t010.tsv.gz,"Original numeric trial matrix, gzip-compressed without byte changes",preserved_source,2440,4676ac403f3abf4ba1f494f5b1c604dd5a86d2039755f4bc52159fd3896cf23a
data/raw/source_trials/p04_l100_t011.tsv.gz,"Original numeric trial matrix, gzip-compressed without byte changes",preserved_source,3580,1f1a17dcdfbd9f530fcc792c60375fe0e8c376e603849115c253f4e235307bcc
data/raw/source_trials/p04_l100_t012.tsv.gz,"Original numeric trial matrix, gzip-compressed without byte changes",preserved_source,2586,a1d2860482b6add51886423a6e647dbfef6be76f1d1718354c15773ebf46e7f6
data/raw/source_trials/p04_l200_t001.tsv.gz,"Original numeric trial matrix, gzip-compressed without byte changes",preserved_source,3275,00d85b1be0b802b92cf5a1ba609ca57771494fcf054a4fc7bcf9ac5a73255039
data/raw/source_trials/p04_l200_t002.tsv.gz,"Original numeric trial matrix, gzip-compressed without byte changes",preserved_source,3244,7cc779e8cf5b5a8a89c2bb6224147b2310ce5949a7ba59be6c202575f8c6c964
data/raw/source_trials/p04_l200_t003.tsv.gz,"Original numeric trial matrix, gzip-compressed without byte changes",preserved_source,2882,ba4118b68fa7038438bc2b4e1491e7858a2e3c5e7480eaefcd5535fcdc96f102
data/raw/source_trials/p04_l200_t004.tsv.gz,"Original numeric trial matrix, gzip-compressed without byte changes",preserved_source,3183,b4cbaa7091779811fa13c47a3e8d4abd9e45ee8549b4184765f8ab151af40328
data/raw/source_trials/p04_l200_t005.tsv.gz,"Original numeric trial matrix, gzip-compressed without byte changes",preserved_source,3512,e356a44a83f897e72dd54758986179a32b4651beec14f9851c3584af0703727b
data/raw/source_trials/p04_l200_t006.tsv.gz,"Original numeric trial matrix, gzip-compressed without byte changes",preserved_source,3311,a3ca2959d7cb865312cd09f13c389a695fdae3059d01d6933b1b78363b4b85a3
data/raw/source_trials/p04_l200_t007.tsv.gz,"Original numeric trial matrix, gzip-compressed without byte changes",preserved_source,2878,ee67c3250b960e928fc7fbbdb406b7a1c7e8cda7d77157db82571e2e22b25a05
data/raw/source_trials/p04_l200_t008.tsv.gz,"Original numeric trial matrix, gzip-compressed without byte changes",preserved_source,2707,a44acf667870d7987d2c0d8aaa669c8d578106c1753e3c7319b598c11808435e
data/raw/source_trials/p04_l300_t001.tsv.gz,"Original numeric trial matrix, gzip-compressed without byte changes",preserved_source,2578,8296c5427959c6101ef1c765ddcfff42c862987c16fb9bbe55d0673c009d1263
data/raw/source_trials/p04_l300_t002.tsv.gz,"Original numeric trial matrix, gzip-compressed without byte changes",preserved_source,2675,fb853ca9adf5b9f997413221b5473f26f456767c0b0cb308d12563f7a78c6c2b
data/raw/source_trials/p04_l300_t003.tsv.gz,"Original numeric trial matrix, gzip-compressed without byte changes",preserved_source,2388,baf0f67b03f3ad2ae83593ae9f239d4e10a82dcc31c9b56b1584b0bb02238a1d
data/raw/source_trials/p04_l300_t004.tsv.gz,"Original numeric trial matrix, gzip-compressed without byte changes",preserved_source,2477,d1bd8261ed5a014a86a4e5ca8e0a8c8d6f37d35fa7e374697833aa7968f1a471
data/raw/source_trials/p04_l370_t001.tsv.gz,"Original numeric trial matrix, gzip-compressed without byte changes",preserved_source,2531,4453f964c5d33e9029068004a69b86ef15ccbf3d25813d6ff0213ffb5bab453f
data/raw/source_trials/p04_l370_t002.tsv.gz,"Original numeric trial matrix, gzip-compressed without byte changes",preserved_source,2580,253ff22d573b0aba1d16a21601675d19962a875ac49ee858a6d74b6d43a9057f
data/raw/source_trials/p04_l370_t003.tsv.gz,"Original numeric trial matrix, gzip-compressed without byte changes",preserved_source,2590,1fb79d06e773888e996d0f0baa6f917761a97e4e83b17aeb73ed5390fae0dc6e
data/raw/source_trials/p04_l370_t004.tsv.gz,"Original numeric trial matrix, gzip-compressed without byte changes",preserved_source,2858,384bfedfcd05bb10a3a7c4f98f66dcaea79173c1016e9231be568acdce968225
data/raw/staircase_reversals.csv,"Standardized raw trial, stimulus, display or derived staircase table",raw_and_staircase_data,695979,bc90978462e83ec7b9555a73ae9e4ed4c8d9cc0503e59641ac6e84f37d877494
data/raw/staircase_summary.csv,"Standardized raw trial, stimulus, display or derived staircase table",raw_and_staircase_data,70598,420b1b29bba9549c90ab4ac32a39bfb402bdafc6e1433b75463b3d76291a4e9b
data/raw/stimulus_metadata.csv,"Standardized raw trial, stimulus, display or derived staircase table",raw_and_staircase_data,509833,cce75f954a1a3cddec50f6721d958688860ca2b6e672eb2756440a69f72ec3c1
data/raw/trials.csv.gz,"Standardized raw trial, stimulus, display or derived staircase table",raw_and_staircase_data,620286,1a7155e466165b1fc08350dd21aafe6c4a206e362d5071f0f0a3bbc41eca3f9b
data/source/csf_baseline/p01_l010.tsv.gz,"Original saved deterministic primary CSF, gzip-compressed without byte changes",preserved_source,128,ca95722734c678a804ad83bac1970584a27312a72d3ee352b52855b4bb5a5f34
data/source/csf_baseline/p01_l020.tsv.gz,"Original saved deterministic primary CSF, gzip-compressed without byte changes",preserved_source,129,3bb242f76f2dee24d02d8f5bded0af1a569240ee099687c9653df7f817e4a619
data/source/csf_baseline/p01_l025.tsv.gz,"Original saved deterministic primary CSF, gzip-compressed without byte changes",preserved_source,172,b62386d58b63fe5bfb4e19fba3d201362a53177cd6d6c0b3f01fcad0d456666d
data/source/csf_baseline/p01_l038.tsv.gz,"Original saved deterministic primary CSF, gzip-compressed without byte changes",preserved_source,129,cb1a491cd4e29c3378f0f2f7f12acb371f826720682a1c31375673a3675ffdeb
data/source/csf_baseline/p01_l050.tsv.gz,"Original saved deterministic primary CSF, gzip-compressed without byte changes",preserved_source,129,0e1959a376cd1c362a52d2b098ad6ac9bf0916495d5865409c49db2a8795e49a
data/source/csf_baseline/p01_l072.tsv.gz,"Original saved deterministic primary CSF, gzip-compressed without byte changes",preserved_source,128,7c1cf89c18a37926c94a6a341a321984a34e6ea47b6a44cfe2effbfc8a856bba
data/source/csf_baseline/p01_l100.tsv.gz,"Original saved deterministic primary CSF, gzip-compressed without byte changes",preserved_source,132,442338573dc7e894040434f81eb05800b1e802148ae0ae234608579b5abce2d8
data/source/csf_baseline/p01_l149.tsv.gz,"Original saved deterministic primary CSF, gzip-compressed without byte changes",preserved_source,122,ba125646dbe9536034dc399eee71faf5269e33c069d4a048f923c361de99c7c1
data/source/csf_baseline/p01_l200.tsv.gz,"Original saved deterministic primary CSF, gzip-compressed without byte changes",preserved_source,126,0a0e809c8cee4b245c0ece1125b417d910d43ca7dac830deb3edc7ea464ad2b1
data/source/csf_baseline/p01_l300.tsv.gz,"Original saved deterministic primary CSF, gzip-compressed without byte changes",preserved_source,125,9bdacd61daed948c606369c76ed0e8cf6aa89c1a39b4d18548a84fd1b725228d
data/source/csf_baseline/p01_l370.tsv.gz,"Original saved deterministic primary CSF, gzip-compressed without byte changes",preserved_source,130,b1993db5457888119194fa9ca81db44a5bb536895d2e91719b3dd116e084e0ea
data/source/csf_baseline/p01_l403.tsv.gz,"Original saved deterministic primary CSF, gzip-compressed without byte changes",preserved_source,128,08d6b1d8d67ed45d0c0884beb0305edb37c67b4c62f34cb178d166ab7a11a6f2
data/source/csf_baseline/p02_l010.tsv.gz,"Original saved deterministic primary CSF, gzip-compressed without byte changes",preserved_source,140,a354638f6f51983bfc3c154a29b59ab45243ff98343cc1f1ec1fdb3be8a38d21
data/source/csf_baseline/p02_l026.tsv.gz,"Original saved deterministic primary CSF, gzip-compressed without byte changes",preserved_source,117,7081ee3c17b4a429d38e848faf83966814ab62b28bd1e0308b55ac1311a042d2
data/source/csf_baseline/p02_l049.tsv.gz,"Original saved deterministic primary CSF, gzip-compressed without byte changes",preserved_source,129,ff096518791daa34c2d29ca4347331c5138f51977d59d704128032c3109503a6
data/source/csf_baseline/p02_l100.tsv.gz,"Original saved deterministic primary CSF, gzip-compressed without byte changes",preserved_source,130,a6d69f5fe9676babed704e527287e30fe8083a0aadb0fad293ac2be325013fef
data/source/csf_baseline/p02_l204.tsv.gz,"Original saved deterministic primary CSF, gzip-compressed without byte changes",preserved_source,131,4682246741d0e41b6efe041f5b3f3e7d5d3154e2c77b35597c399be33e2ed7ac
data/source/csf_baseline/p02_l300.tsv.gz,"Original saved deterministic primary CSF, gzip-compressed without byte changes",preserved_source,130,9ff87431afbc31c5ab71a808c5d55ede8591084dbde76c63e4bcbd0f4a1cffb8
data/source/csf_baseline/p03_l010.tsv.gz,"Original saved deterministic primary CSF, gzip-compressed without byte changes",preserved_source,127,43fb2fe900f98ce265137e85ee1156016e89d56f2d9e89133f6accc953ac09bf
data/source/csf_baseline/p03_l049.tsv.gz,"Original saved deterministic primary CSF, gzip-compressed without byte changes",preserved_source,127,2acaa4ec5caca7a0a29fe038b1f62de80d21e8f437b256404e06e540aa3be004
data/source/csf_baseline/p03_l100.tsv.gz,"Original saved deterministic primary CSF, gzip-compressed without byte changes",preserved_source,131,218dea3b60a3bccc12952a014c306da501097d80aac977f7981b1b7291e1a434
data/source/csf_baseline/p03_l200.tsv.gz,"Original saved deterministic primary CSF, gzip-compressed without byte changes",preserved_source,128,cce8b76b371dd9c4918b156be4e7df2c881df57e6521a767f1fec1479fbadf31
data/source/csf_baseline/p03_l300.tsv.gz,"Original saved deterministic primary CSF, gzip-compressed without byte changes",preserved_source,129,97d002376e362b3b07e4ee4b0a50b26eb5072893c9c32b72bca5e37f40db48b6
data/source/csf_baseline/p03_l370.tsv.gz,"Original saved deterministic primary CSF, gzip-compressed without byte changes",preserved_source,128,1e465a83d4449520249b9d3fab218d2471cbed497b5fbaa08b08f05305e9d86b
data/source/csf_baseline/p03_l415.tsv.gz,"Original saved deterministic primary CSF, gzip-compressed without byte changes",preserved_source,129,0abea10319d93c914d35860993573ba05061ac7695a99a6a497a41731ed62748
data/source/csf_baseline/p04_l010.tsv.gz,"Original saved deterministic primary CSF, gzip-compressed without byte changes",preserved_source,127,c4e465d1194bc2360101d205c84ed70ff9a7abc5a6b9f2aa51af11005e6e876f
data/source/csf_baseline/p04_l049.tsv.gz,"Original saved deterministic primary CSF, gzip-compressed without byte changes",preserved_source,128,10c892f30c405fa3d06a4ab7da6ce09ab15e03ba1048488299261e7493f94535
data/source/csf_baseline/p04_l100.tsv.gz,"Original saved deterministic primary CSF, gzip-compressed without byte changes",preserved_source,183,5e84f083b1a82015e0c2f1743440e2b4fff3e4917f897c1c9e12eaa563f24fe5
data/source/csf_baseline/p04_l200.tsv.gz,"Original saved deterministic primary CSF, gzip-compressed without byte changes",preserved_source,130,0a2a43f61b9d710544742f0408aeb5ad9c1a732f97c30ae24ef1d699b28c7c23
data/source/csf_baseline/p04_l300.tsv.gz,"Original saved deterministic primary CSF, gzip-compressed without byte changes",preserved_source,128,16fce558839f649d0e8c6333f584b6574aa7f24c4a7f1cf4c096e44ee629b64b
data/source/csf_baseline/p04_l370.tsv.gz,"Original saved deterministic primary CSF, gzip-compressed without byte changes",preserved_source,131,d0228bfcc349efdd2c446e80b97538ccdecc627bb845f4dee342a5177586ae7f
data/source/fitted_psf/p01_l010.tsv.gz,"Original 10,000-row preferred-frequency and fit-quality table, gzip-compressed without byte changes",preserved_source,141063,03b2e2d872d23ed49b4b7e0abc66e2080d1e5953688c9a4b6b4de919aea12e4a
data/source/fitted_psf/p01_l020.tsv.gz,"Original 10,000-row preferred-frequency and fit-quality table, gzip-compressed without byte changes",preserved_source,142144,4b4b557dd221d29a490cb2889229d710d3b2f8246c05845ea6b46abbe120fc01
data/source/fitted_psf/p01_l025.tsv.gz,"Original 10,000-row preferred-frequency and fit-quality table, gzip-compressed without byte changes",preserved_source,139473,16a8258479aa41eb2d3d7cbe5b7c9c3aebf0e765d88cfa9bc9662e0640eb3020
data/source/fitted_psf/p01_l038.tsv.gz,"Original 10,000-row preferred-frequency and fit-quality table, gzip-compressed without byte changes",preserved_source,134215,217b11ebadfbfd820b980dc2e197e419c6563b5997fd206e4d55318126bab5b4
data/source/fitted_psf/p01_l050.tsv.gz,"Original 10,000-row preferred-frequency and fit-quality table, gzip-compressed without byte changes",preserved_source,132500,d5fc31114f6426d8f46bd47dacdc38a4d1f9a904b2c6e6bbab8bbbcd099f3b8d
data/source/fitted_psf/p01_l072.tsv.gz,"Original 10,000-row preferred-frequency and fit-quality table, gzip-compressed without byte changes",preserved_source,137245,ae4ffa3570a810a06221b68bedc4446e50a203086bc65f4d2d7d092715e45c5d
data/source/fitted_psf/p01_l100.tsv.gz,"Original 10,000-row preferred-frequency and fit-quality table, gzip-compressed without byte changes",preserved_source,142072,89b207c196253dc660df96b9ca2011aed6997cbd932b25f00b8b92546bf83138
data/source/fitted_psf/p01_l149.tsv.gz,"Original 10,000-row preferred-frequency and fit-quality table, gzip-compressed without byte changes",preserved_source,142384,ebe22f40493329fdc8720a7eabb8746b3df9f143ae932657ede4ef4f43868a27
data/source/fitted_psf/p01_l200.tsv.gz,"Original 10,000-row preferred-frequency and fit-quality table, gzip-compressed without byte changes",preserved_source,145427,1116598786a46369ee66ebcc4e1622cc462fad429a5f58da7141336cd8f8fd59
data/source/fitted_psf/p01_l300.tsv.gz,"Original 10,000-row preferred-frequency and fit-quality table, gzip-compressed without byte changes",preserved_source,132360,3f7673a193c3c4d149a94ba67475b80d1ee2f83f27c5e3367c4c92e56be2f717
data/source/fitted_psf/p01_l370.tsv.gz,"Original 10,000-row preferred-frequency and fit-quality table, gzip-compressed without byte changes",preserved_source,128640,84e6edaf1aeb4422f80be29ee79935ec2cfd810e48ba83001c9570fa3e69915f
data/source/fitted_psf/p01_l403.tsv.gz,"Original 10,000-row preferred-frequency and fit-quality table, gzip-compressed without byte changes",preserved_source,128915,3fd6f25bc3a48c0b60b420ae3faf38db6361fefe76851c171728b4cd3176d627
data/source/fitted_psf/p02_l010.tsv.gz,"Original 10,000-row preferred-frequency and fit-quality table, gzip-compressed without byte changes",preserved_source,134842,7504317f02527fc88e0d513758621455ef70f4f046be4ce36c9346faf5210354
data/source/fitted_psf/p02_l026.tsv.gz,"Original 10,000-row preferred-frequency and fit-quality table, gzip-compressed without byte changes",preserved_source,108345,f1025fea421e42e75f629450ea66dc5556a46253e1e4e08704156c56912b2740
data/source/fitted_psf/p02_l049.tsv.gz,"Original 10,000-row preferred-frequency and fit-quality table, gzip-compressed without byte changes",preserved_source,150057,19169fc18b19a7f6bc718f457c71b04d0f07cc3a6d4962e30277998a74986492
data/source/fitted_psf/p02_l100.tsv.gz,"Original 10,000-row preferred-frequency and fit-quality table, gzip-compressed without byte changes",preserved_source,153617,96b526327b61d6e25811845f01b7f7b4b245a1270d27f84ebd81607c5fe824b3
data/source/fitted_psf/p02_l204.tsv.gz,"Original 10,000-row preferred-frequency and fit-quality table, gzip-compressed without byte changes",preserved_source,143487,5868c4338fda244fb257561016869a8886a6a64848aa2a01ace0277f9eb7b94f
data/source/fitted_psf/p02_l300.tsv.gz,"Original 10,000-row preferred-frequency and fit-quality table, gzip-compressed without byte changes",preserved_source,125718,f1e15e54227313fafb397d65ddd1b6c055231c13c9dae43586151cbfd7b3b582
data/source/fitted_psf/p03_l010.tsv.gz,"Original 10,000-row preferred-frequency and fit-quality table, gzip-compressed without byte changes",preserved_source,148142,d36cf2383ae69c1e50e355c73c34f574db2b910b8b3ef644465559627b69f827
data/source/fitted_psf/p03_l049.tsv.gz,"Original 10,000-row preferred-frequency and fit-quality table, gzip-compressed without byte changes",preserved_source,147536,62a1bd6a4ac40c9d3487c87bbf6905db98c4419eebe2089570cbc3f7ac1338a5
data/source/fitted_psf/p03_l100.tsv.gz,"Original 10,000-row preferred-frequency and fit-quality table, gzip-compressed without byte changes",preserved_source,141644,91c009a842967b5b93dfc541c49f2bde6c5cf4d7cbc3062c9123383849b20f8e
data/source/fitted_psf/p03_l200.tsv.gz,"Original 10,000-row preferred-frequency and fit-quality table, gzip-compressed without byte changes",preserved_source,150883,2f80e50db7496312a68a8a1e2e1ceae464a13455bd5d4fc4cc94dc2b266b3ecb
data/source/fitted_psf/p03_l300.tsv.gz,"Original 10,000-row preferred-frequency and fit-quality table, gzip-compressed without byte changes",preserved_source,141630,d62d4b34eef1fd17ddb2c97d2b72eee289765c4cc3e8940451d2930eb507e8c1
data/source/fitted_psf/p03_l370.tsv.gz,"Original 10,000-row preferred-frequency and fit-quality table, gzip-compressed without byte changes",preserved_source,139717,a1575c1a02de94be175d58b3f5ef363a5da11b060ba4f9d708fb9a63c7312a13
data/source/fitted_psf/p03_l415.tsv.gz,"Original 10,000-row preferred-frequency and fit-quality table, gzip-compressed without byte changes",preserved_source,146555,81cf676cf5c633b16ca76866a7b6238f4d223c72c6855e2eab47a82122de0f61
data/source/fitted_psf/p04_l010.tsv.gz,"Original 10,000-row preferred-frequency and fit-quality table, gzip-compressed without byte changes",preserved_source,148469,0b68a852d6c48209497bbe08527dbc099506cc120246ae81f374c6cc4020d040
data/source/fitted_psf/p04_l049.tsv.gz,"Original 10,000-row preferred-frequency and fit-quality table, gzip-compressed without byte changes",preserved_source,149289,5e90a97d1deaa441a0d39899497df64f9c13878ca37cb86944e4337fc3210005
data/source/fitted_psf/p04_l100.tsv.gz,"Original 10,000-row preferred-frequency and fit-quality table, gzip-compressed without byte changes",preserved_source,142461,ef9458b96ded5d0023c47da7947e8b5fb6166b95bea89d12ae41bf0c91ffc343
data/source/fitted_psf/p04_l200.tsv.gz,"Original 10,000-row preferred-frequency and fit-quality table, gzip-compressed without byte changes",preserved_source,137327,643f597e9c848b813f4dd9588ef02d9e098bbc13451b5a3cd0516ed8357b9fae
data/source/fitted_psf/p04_l300.tsv.gz,"Original 10,000-row preferred-frequency and fit-quality table, gzip-compressed without byte changes",preserved_source,136000,c798022f036adfbaa337d36ef27c1b8191a4d380fec575fe93fad134e2f0e7cd
data/source/fitted_psf/p04_l370.tsv.gz,"Original 10,000-row preferred-frequency and fit-quality table, gzip-compressed without byte changes",preserved_source,134093,3fe96970168bde4aa55d5903921f78ed8add96cd412246143d38a01af7134574
data_dictionary.csv,"Package documentation, data dictionary, provenance, environment, citation or release preparation information",documentation,201359,a36bd94e749918b8b053f272332ea0364698329a2d9d861b69d50bf1b2e89b8e
environment_provenance.json,"Package documentation, data dictionary, provenance, environment, citation or release preparation information",documentation,699,fe3adec4b0c5cb623281b6f6dd08a080aaef0825f88f57cac59d0db2eea8ce3c
figure_coverage.csv,"Package documentation, data dictionary, provenance, environment, citation or release preparation information",documentation,786,65a7433bdf69cf1a1c3138cb1a63a329ec816cb012175b0a2f79907c10b3c590
metadata_key_dictionary.csv,"Package documentation, data dictionary, provenance, environment, citation or release preparation information",documentation,17407,20a727d058771cd669afa5502b55a4ba613539cb79e7d94019142da1d964598e
requirements.txt,"Package documentation, data dictionary, provenance, environment, citation or release preparation information",documentation,284,c713cdbc64ecef02d6f45882726dfa559538951d822704d1d86ff11c85546eb3
run_all.md,"Package documentation, data dictionary, provenance, environment, citation or release preparation information",documentation,3418,f0639b93a5a0af76435afca72e7c8b31a8c302e2cd716711eba0fe11e552a999
source_manifest.csv,"Package documentation, data dictionary, provenance, environment, citation or release preparation information",documentation,71542,c78d4cff7adfd7f413ab9ea2dcdeea62ea4cd971db9060d684312c42fcb105ec
source_to_output_mapping.csv,"Package documentation, data dictionary, provenance, environment, citation or release preparation information",documentation,1551,4f53bc711c41948d1d4e9fb9f9ad1c8840e87effd35d8cf4e2ea1f2a9d197d75
supplied_materials.csv,"Package documentation, data dictionary, provenance, environment, citation or release preparation information",documentation,1701,a7206ee08e03faa151cd025e97b27e8bda26735653baa21189aec0333fb573ea
validation/bootstrap_source_manifest/p01_l010.csv.gz,"Sizes and SHA-256 checksums of 10,000 original CSF input files",source_integrity,467408,44642ac4c79a4d146876f8bdf3403bb6cb662d5eb3a74987c0ac01cef6746fcc
validation/bootstrap_source_manifest/p01_l020.csv.gz,"Sizes and SHA-256 checksums of 10,000 original CSF input files",source_integrity,465052,f6d7298cd25bbf8179d61cae6b835635ec37122f57dd99317990d319c5a550d8
validation/bootstrap_source_manifest/p01_l025.csv.gz,"Sizes and SHA-256 checksums of 10,000 original CSF input files",source_integrity,468034,c857f1d4fd197482e1597e39aaed31f10e0dfffe43ac605c798aa42a8ef47eab
validation/bootstrap_source_manifest/p01_l038.csv.gz,"Sizes and SHA-256 checksums of 10,000 original CSF input files",source_integrity,457930,ba893bc678f2318fa6d6e09d89a9f470d8dceeec8e50daa625b094f5314ce9bf
validation/bootstrap_source_manifest/p01_l050.csv.gz,"Sizes and SHA-256 checksums of 10,000 original CSF input files",source_integrity,456538,04845bf19eabf51b6446b1ed7b6860513e998a3cd75285c9584de4389bf406c6
validation/bootstrap_source_manifest/p01_l072.csv.gz,"Sizes and SHA-256 checksums of 10,000 original CSF input files",source_integrity,455159,c96ed34275d683a37f9ce13b61679f841b83fe249e696ba63b6889624a1c7d65
validation/bootstrap_source_manifest/p01_l100.csv.gz,"Sizes and SHA-256 checksums of 10,000 original CSF input files",source_integrity,462396,e49cba0e9a918adf978780247cc23b8aac8b5647eb65627a6ed367a0d3608e95
validation/bootstrap_source_manifest/p01_l149.csv.gz,"Sizes and SHA-256 checksums of 10,000 original CSF input files",source_integrity,457781,7ca5d7f8c792f8c063f1431136d968987067a458a83520d3488109c30e8c49fc
validation/bootstrap_source_manifest/p01_l200.csv.gz,"Sizes and SHA-256 checksums of 10,000 original CSF input files",source_integrity,465517,d541bd9254251d5daad6bcc3216ce5e85ee285e0d337524938859629da59b457
validation/bootstrap_source_manifest/p01_l300.csv.gz,"Sizes and SHA-256 checksums of 10,000 original CSF input files",source_integrity,457335,faf96838eb0a7be924f6fcd50f98f685e5a83d26cc239bc7d89d90c4fa02e81f
validation/bootstrap_source_manifest/p01_l370.csv.gz,"Sizes and SHA-256 checksums of 10,000 original CSF input files",source_integrity,446944,4fd6209a197e6bf3af5672bbb7047dd076686064ef196478cc0927292ed7e29e
validation/bootstrap_source_manifest/p01_l403.csv.gz,"Sizes and SHA-256 checksums of 10,000 original CSF input files",source_integrity,450646,cf38150eea5f48e99ad05474d62242d867e1d1d45ba8d7287a245499feb60c90
validation/bootstrap_source_manifest/p02_l010.csv.gz,"Sizes and SHA-256 checksums of 10,000 original CSF input files",source_integrity,464725,a99362ec8bf348d5904191e70984371bcafc74bd9067e86e874c5559814af60c
validation/bootstrap_source_manifest/p02_l026.csv.gz,"Sizes and SHA-256 checksums of 10,000 original CSF input files",source_integrity,447613,a191586aec10e8ad2287f3fd702ed726ad5c4177663d906a1e295577785c9bc3
validation/bootstrap_source_manifest/p02_l049.csv.gz,"Sizes and SHA-256 checksums of 10,000 original CSF input files",source_integrity,465009,5ed50ef2fd298a79fac522c2f7f386dd9f7debb09781c884ef7abe82fc406207
validation/bootstrap_source_manifest/p02_l100.csv.gz,"Sizes and SHA-256 checksums of 10,000 original CSF input files",source_integrity,466982,075501e8aaa4287f9e21db819d3867f98ec724b2eda5c913b9b91c77a0261f1f
validation/bootstrap_source_manifest/p02_l204.csv.gz,"Sizes and SHA-256 checksums of 10,000 original CSF input files",source_integrity,464783,091593d349031b77414081e87b4bacd040156b16f9c29dbb400c70a711865768
validation/bootstrap_source_manifest/p02_l300.csv.gz,"Sizes and SHA-256 checksums of 10,000 original CSF input files",source_integrity,445492,17227e6e228e8e7aa5b21959f722e45707738c5733c5fa8a73cfe2243d6e1159
validation/bootstrap_source_manifest/p03_l010.csv.gz,"Sizes and SHA-256 checksums of 10,000 original CSF input files",source_integrity,464080,4a075c86491c53c42aabcb6de3e961c19fbf9680f9bf7ca13cf87ed28384753d
validation/bootstrap_source_manifest/p03_l049.csv.gz,"Sizes and SHA-256 checksums of 10,000 original CSF input files",source_integrity,466968,9c3f1a8f381ec655a309deb6914de7e106c1f9f75f5d5528c2c257f19702e27d
validation/bootstrap_source_manifest/p03_l100.csv.gz,"Sizes and SHA-256 checksums of 10,000 original CSF input files",source_integrity,466553,6eab69c114a0aeaf2a5c0d2b9172837ecb26cdb67fb418052218e338b9622062
validation/bootstrap_source_manifest/p03_l200.csv.gz,"Sizes and SHA-256 checksums of 10,000 original CSF input files",source_integrity,466952,7f8600deaa45aad729701e40f4562619298f7e103675838c7c1b0368cd44103c
validation/bootstrap_source_manifest/p03_l300.csv.gz,"Sizes and SHA-256 checksums of 10,000 original CSF input files",source_integrity,464750,c1bf657b43c6ba7698c2155530ea045aff01c8e80ab5ca99ce34d334857765df
validation/bootstrap_source_manifest/p03_l370.csv.gz,"Sizes and SHA-256 checksums of 10,000 original CSF input files",source_integrity,461869,2acd522b617e24431153376c7e1f78df2ede2b85585f9cda72cc7c2183a08190
validation/bootstrap_source_manifest/p03_l415.csv.gz,"Sizes and SHA-256 checksums of 10,000 original CSF input files",source_integrity,465195,59ffd5e4afe38c352c14b7ceb76dad6f1fdc290a6f10add5cd6d9e7eedd8ff60
validation/bootstrap_source_manifest/p04_l010.csv.gz,"Sizes and SHA-256 checksums of 10,000 original CSF input files",source_integrity,464519,8bf5ec7b0f10c132d8874abc25b60bba673b9e97d2264188d132dab7dd474b98
validation/bootstrap_source_manifest/p04_l049.csv.gz,"Sizes and SHA-256 checksums of 10,000 original CSF input files",source_integrity,465374,4bce2e01055108bede15c010483a521065e7db3227078d3f58856cb8a0f9bf4d
validation/bootstrap_source_manifest/p04_l100.csv.gz,"Sizes and SHA-256 checksums of 10,000 original CSF input files",source_integrity,467585,add92dc7045ce364fb73e21e13dcd8fed58fdbe8496105f47455ce31186457d4
validation/bootstrap_source_manifest/p04_l200.csv.gz,"Sizes and SHA-256 checksums of 10,000 original CSF input files",source_integrity,467340,61d2d3eb780276abba77cd7acf3ea179cbaf4473501248132646885ccb10a247
validation/bootstrap_source_manifest/p04_l300.csv.gz,"Sizes and SHA-256 checksums of 10,000 original CSF input files",source_integrity,461116,fb6c54aa07b415bc6e4cd27beabfdfc16fac3797b775cd1d855aa735ddd1c7da
validation/bootstrap_source_manifest/p04_l370.csv.gz,"Sizes and SHA-256 checksums of 10,000 original CSF input files",source_integrity,459917,8b6b25a3d42653e098d6c3ee8eb718afba53345cdef23e8d83032a3bd32234f7
validation/empirical_repository_checks.json,Recorded empirical verification evidence or generated output,validation,2078,47820cc95dd5af10c35076a060171c1d49e27244f2f80e55f9f5669c739b5f53
validation/figures/csf_p01.png,Legibility-checked psychophysical verification plot; not certified final manuscript artwork,verification_figure,176879,3f5357561e3b727c21069cf2de146f5bc848c00a7453830623291bc7fb5e84e9
validation/figures/csf_p01.svg,Legibility-checked psychophysical verification plot; not certified final manuscript artwork,verification_figure,285880,41887f88b6e8bcc7b877094cfa463b5827d2b2fe8fca0e5eb602831b9d7734cd
validation/figures/csf_p02.png,Legibility-checked psychophysical verification plot; not certified final manuscript artwork,verification_figure,110343,a3e2177a0cac747b8c65bbf0cee379744a4d7092ce926c37935bff9d1f445d28
validation/figures/csf_p02.svg,Legibility-checked psychophysical verification plot; not certified final manuscript artwork,verification_figure,162417,95bf510d7285c7e351449d130176eccd295518fd909794a48c8813230d73b1c2
validation/figures/csf_p03.png,Legibility-checked psychophysical verification plot; not certified final manuscript artwork,verification_figure,118819,1736b80328882964c04f3118ab742f2c58fa87089d8f1232e7fb024f5297a00b
validation/figures/csf_p03.svg,Legibility-checked psychophysical verification plot; not certified final manuscript artwork,verification_figure,183359,4d85d8fece417719023e38b7686516951948799912711b61263d0659a18f930d
validation/figures/csf_p04.png,Legibility-checked psychophysical verification plot; not certified final manuscript artwork,verification_figure,107733,df97dcc0c6747534a6746cb554f6945b18109000414faf4ccb4403c948c5aeec
validation/figures/csf_p04.svg,Legibility-checked psychophysical verification plot; not certified final manuscript artwork,verification_figure,162361,51d003372923dd300adadd5e912cc7251d5e08bb4e634d49a900914dfefe6a93
validation/figures/preferred_frequency_all_subjects.png,Legibility-checked psychophysical verification plot; not certified final manuscript artwork,verification_figure,150430,d49701353ec535008c4542dc9ce0f54ef39caa3ea2f137563bb2a619d5bee7f8
validation/figures/preferred_frequency_all_subjects.svg,Legibility-checked psychophysical verification plot; not certified final manuscript artwork,verification_figure,130120,a26a38161abe001530a808209b60c968a079fd02bb513ef9931c3293c395c0cc
validation/figures/staircase_examples.png,Legibility-checked psychophysical verification plot; not certified final manuscript artwork,verification_figure,211341,5c4ffe787cb07b99b400f49a705de054ad620b520c80a9f54168c67cee86cc5b
validation/figures/staircase_examples.svg,Legibility-checked psychophysical verification plot; not certified final manuscript artwork,verification_figure,164159,6752d6a43c16c39d46f672215c51d4a3d45f7fed0a7f8b5858ea802ef67d3d47
validation/recomputed/csf_curves.csv,Recomputed raw-to-CSF and saved-distribution summary checks or current-helper baseline fit,recomputed_validation,1546289,d39aba1d89530c2d7204e1b9fddbe7287216a544ef7cf46517914116305c80f3
validation/recomputed/csf_fit_metrics.csv,Recomputed raw-to-CSF and saved-distribution summary checks or current-helper baseline fit,recomputed_validation,3745,a66973c29fb97d8ed37fb6caebb8632116dd1930471a802c4614676357a2a95c
validation/recomputed/csf_fit_parameters.csv,Recomputed raw-to-CSF and saved-distribution summary checks or current-helper baseline fit,recomputed_validation,12888,cf9ff13331a935949acda958451ee5940d2f52b113dd33e58c2a2c52bb6fd34a
validation/recomputed/preferred_frequency.csv,Recomputed raw-to-CSF and saved-distribution summary checks or current-helper baseline fit,recomputed_validation,2612,ab2a987fecbfa1390df84b5514c36dd6690a0d6c8a808d9077ec714fe8657fd4
validation/recomputed/raw_to_csf_checks.csv,Recomputed raw-to-CSF and saved-distribution summary checks or current-helper baseline fit,recomputed_validation,15708,fc330590bbcb962a016ce070f59f7e9d9bb3b9b139c2a2feb75e99a2b4e38726
validation/recomputed/run_result.json,Recomputed raw-to-CSF and saved-distribution summary checks or current-helper baseline fit,recomputed_validation,556,242bf9e7cb5c13339c918537131fbd1aae46b55d50daacc074c54add5311ee86
validation/recomputed/staircase_checks.csv,Recomputed raw-to-CSF and saved-distribution summary checks or current-helper baseline fit,recomputed_validation,37936,4ad85f1f4f318d97a8c0be5c9dbb6208c018efe42bc71b87dbb826f42d62afa2
validation/resampling_pool_audit.json,Recorded preparation checks or historical fit/input correspondence diagnostics,validation_evidence,10998,2dcdc0cbdd3c5dd4e783508fd71ced471513c90e07050605b3aad0898fd16cba
validation/sample_fit_summary.json,Recorded preparation checks or historical fit/input correspondence diagnostics,validation_evidence,465,9af61da2160518d41f0de56a6718ec4a8d02ed95e861f91caabd4d4f66a91a35
validation/sample_saved_fit_checks.csv,Recorded preparation checks or historical fit/input correspondence diagnostics,validation_evidence,23513,1dcf108869cdf520b63db5f7a1dda800301faa3d68946e1817535b1e55c07c2c
validation/thesis_retention_checks.json,Recorded empirical verification evidence or generated output,validation,10855,d745bd1cb39bc6eb2fc03f20d7a076da7752f0f96876d396628e48b4b1807f93
