condition_id,participant_id,staircase_id,source_id,reversal_number_detected,trial_within_staircase,source_row,contrast_normalized_source,in_last8_point_estimate,staircase_included
P01_L010,P01,P01_L010_T001_A01,P01_L010_T001,1,8,33,0.003019950678175087,False,True
P01_L010,P01,P01_L010_T001_A01,P01_L010_T001,2,18,88,0.03630781750924784,False,True
P01_L010,P01,P01_L010_T001_A01,P01_L010_T001,3,24,106,0.008997459926017266,False,True
P01_L010,P01,P01_L010_T001_A01,P01_L010_T001,4,28,131,0.02061198520345254,True,True
P01_L010,P01,P01_L010_T001_A01,P01_L010_T001,5,31,137,0.010260764488286058,True,True
P01_L010,P01,P01_L010_T001_A01,P01_L010_T001,6,38,154,0.0538492601726264,True,True
P01_L010,P01,P01_L010_T001_A01,P01_L010_T001,7,52,188,0.0033068803945745964,True,True
P01_L010,P01,P01_L010_T001_A01,P01_L010_T001,8,66,202,0.09107898890258938,True,True
P01_L010,P01,P01_L010_T001_A01,P01_L010_T001,9,75,211,0.01123564734895192,True,True
P01_L010,P01,P01_L010_T001_A01,P01_L010_T001,10,82,218,0.05896552404438966,True,True
P01_L010,P01,P01_L010_T001_A01,P01_L010_T001,11,84,220,0.02935337854500615,True,True
P01_L010,P01,P01_L010_T001_A02,P01_L010_T001,1,9,26,0.003019950678175087,False,True
P01_L010,P01,P01_L010_T001_A02,P01_L010_T001,2,13,37,0.006918310727496915,False,True
P01_L010,P01,P01_L010_T001_A02,P01_L010_T001,3,15,53,0.0034439704069050385,True,True
P01_L010,P01,P01_L010_T001_A02,P01_L010_T001,4,19,63,0.007889679408138084,True,True
P01_L010,P01,P01_L010_T001_A02,P01_L010_T001,5,23,77,0.003927533908754638,True,True
P01_L010,P01,P01_L010_T001_A02,P01_L010_T001,6,27,87,0.008997459926017266,True,True
P01_L010,P01,P01_L010_T001_A02,P01_L010_T001,7,33,102,0.0022296670776818816,True,True
P01_L010,P01,P01_L010_T001_A02,P01_L010_T001,8,37,109,0.005107866831072755,True,True
P01_L010,P01,P01_L010_T001_A02,P01_L010_T001,9,39,121,0.002542725030826122,True,True
P01_L010,P01,P01_L010_T001_A02,P01_L010_T001,10,43,129,0.005825043156596799,True,True
P01_L010,P01,P01_L010_T001_A03,P01_L010_T001,1,9,48,0.003019950678175087,False,True
P01_L010,P01,P01_L010_T001_A03,P01_L010_T001,2,13,55,0.006918310727496915,False,True
P01_L010,P01,P01_L010_T001_A03,P01_L010_T001,3,15,70,0.0034439704069050385,True,True
P01_L010,P01,P01_L010_T001_A03,P01_L010_T001,4,19,85,0.007889679408138084,True,True
P01_L010,P01,P01_L010_T001_A03,P01_L010_T001,5,21,92,0.003927533908754638,True,True
P01_L010,P01,P01_L010_T001_A03,P01_L010_T001,6,25,110,0.008997459926017266,True,True
P01_L010,P01,P01_L010_T001_A03,P01_L010_T001,7,32,140,0.0022296670776818816,True,True
P01_L010,P01,P01_L010_T001_A03,P01_L010_T001,8,36,151,0.005107866831072755,True,True
P01_L010,P01,P01_L010_T001_A03,P01_L010_T001,9,39,158,0.002542725030826122,True,True
P01_L010,P01,P01_L010_T001_A03,P01_L010_T001,10,43,174,0.005825043156596799,True,True
P01_L010,P01,P01_L010_T001_A04,P01_L010_T001,1,8,24,0.003019950678175087,False,True
P01_L010,P01,P01_L010_T001_A04,P01_L010_T001,2,12,46,0.006918310727496915,False,True
P01_L010,P01,P01_L010_T001_A04,P01_L010_T001,3,15,54,0.0034439704069050385,True,True
P01_L010,P01,P01_L010_T001_A04,P01_L010_T001,4,19,65,0.007889679408138084,True,True
P01_L010,P01,P01_L010_T001_A04,P01_L010_T001,5,24,82,0.0019551541307028415,True,True
P01_L010,P01,P01_L010_T001_A04,P01_L010_T001,6,30,130,0.010260801479654753,True,True
P01_L010,P01,P01_L010_T001_A04,P01_L010_T001,7,35,144,0.0025427373612823766,True,True
P01_L010,P01,P01_L010_T001_A04,P01_L010_T001,8,39,167,0.00582508014796546,True,True
P01_L010,P01,P01_L010_T001_A04,P01_L010_T001,9,43,177,0.0028997533908754775,True,True
P01_L010,P01,P01_L010_T001_A04,P01_L010_T001,10,47,183,0.006642946979038223,True,True
P01_L010,P01,P01_L010_T002_A01,P01_L010_T002,1,8,25,0.003019950678175087,False,True
P01_L010,P01,P01_L010_T002_A01,P01_L010_T002,2,12,33,0.006918310727496915,False,True
P01_L010,P01,P01_L010_T002_A01,P01_L010_T002,3,13,38,0.0034439704069050385,False,True
P01_L010,P01,P01_L010_T002_A01,P01_L010_T002,4,20,55,0.01807421701602958,True,True
P01_L010,P01,P01_L010_T002_A01,P01_L010_T002,5,26,88,0.004478976572133181,True,True
P01_L010,P01,P01_L010_T002_A01,P01_L010_T002,6,30,108,0.010260739827373617,True,True
P01_L010,P01,P01_L010_T002_A01,P01_L010_T002,7,39,167,0.0012657829839703913,True,True
P01_L010,P01,P01_L010_T002_A01,P01_L010_T002,8,48,193,0.015218051787916145,True,True
P01_L010,P01,P01_L010_T002_A01,P01_L010_T002,9,54,199,0.0037711960542540024,True,True
P01_L010,P01,P01_L010_T002_A01,P01_L010_T002,10,58,203,0.008639309494451308,True,True
P01_L010,P01,P01_L010_T002_A01,P01_L010_T002,11,59,204,0.004300702836004937,True,True
P01_L010,P01,P01_L010_T002_A02,P01_L010_T002,1,10,35,0.003019950678175087,False,True
P01_L010,P01,P01_L010_T002_A02,P01_L010_T002,2,18,82,0.015848939580764485,False,True
P01_L010,P01,P01_L010_T002_A02,P01_L010_T002,3,23,96,0.003927533908754638,True,True
P01_L010,P01,P01_L010_T002_A02,P01_L010_T002,4,27,109,0.008997459926017266,True,True
P01_L010,P01,P01_L010_T002_A02,P01_L010_T002,5,31,132,0.004478988902589401,True,True
P01_L010,P01,P01_L010_T002_A02,P01_L010_T002,6,38,155,0.023506078914919844,True,True
P01_L010,P01,P01_L010_T002_A02,P01_L010_T002,7,43,170,0.005825055487053019,True,True
P01_L010,P01,P01_L010_T002_A02,P01_L010_T002,8,47,179,0.01334442663378544,True,True
P01_L010,P01,P01_L010_T002_A02,P01_L010_T002,9,49,181,0.006642934648582003,True,True
P01_L010,P01,P01_L010_T002_A02,P01_L010_T002,10,53,188,0.015218088779284841,True,True
P01_L010,P01,P01_L010_T002_A03,P01_L010_T002,1,10,36,0.003019950678175087,False,True
P01_L010,P01,P01_L010_T002_A03,P01_L010_T002,2,14,65,0.006918310727496915,False,True
P01_L010,P01,P01_L010_T002_A03,P01_L010_T002,3,15,67,0.0034439704069050385,True,True
P01_L010,P01,P01_L010_T002_A03,P01_L010_T002,4,19,80,0.007889679408138084,True,True
P01_L010,P01,P01_L010_T002_A03,P01_L010_T002,5,24,104,0.0019551541307028415,True,True
P01_L010,P01,P01_L010_T002_A03,P01_L010_T002,6,28,124,0.004479001233045622,True,True
P01_L010,P01,P01_L010_T002_A03,P01_L010_T002,7,29,125,0.0022296670776818816,True,True
P01_L010,P01,P01_L010_T002_A03,P01_L010_T002,8,33,134,0.005107866831072755,True,True
P01_L010,P01,P01_L010_T002_A03,P01_L010_T002,9,37,142,0.002542725030826122,True,True
P01_L010,P01,P01_L010_T002_A03,P01_L010_T002,10,41,153,0.005825043156596799,True,True
P01_L010,P01,P01_L010_T002_A04,P01_L010_T002,1,8,52,0.003019950678175087,False,True
P01_L010,P01,P01_L010_T002_A04,P01_L010_T002,2,12,60,0.006918310727496915,False,True
P01_L010,P01,P01_L010_T002_A04,P01_L010_T002,3,13,63,0.0034439704069050385,True,True
P01_L010,P01,P01_L010_T002_A04,P01_L010_T002,4,17,73,0.007889679408138084,True,True
P01_L010,P01,P01_L010_T002_A04,P01_L010_T002,5,29,111,0.0009732922318125765,True,True
P01_L010,P01,P01_L010_T002_A04,P01_L010_T002,6,35,126,0.005107903822441416,True,True
P01_L010,P01,P01_L010_T002_A04,P01_L010_T002,7,36,129,0.002542749691738597,True,True
P01_L010,P01,P01_L010_T002_A04,P01_L010_T002,8,40,141,0.005825104808877935,True,True
P01_L010,P01,P01_L010_T002_A04,P01_L010_T002,9,42,158,0.002899765721331698,True,True
P01_L010,P01,P01_L010_T002_A04,P01_L010_T002,10,46,174,0.006642983970406919,True,True
P01_L010,P01,P01_L010_T003_A01,P01_L010_T003,1,8,34,0.003019950678175087,False,True
P01_L010,P01,P01_L010_T003_A01,P01_L010_T003,2,12,54,0.006918310727496915,False,True
P01_L010,P01,P01_L010_T003_A01,P01_L010_T003,3,13,57,0.0034439704069050385,True,True
P01_L010,P01,P01_L010_T003_A01,P01_L010_T003,4,17,71,0.007889679408138084,True,True
P01_L010,P01,P01_L010_T003_A01,P01_L010_T003,5,19,82,0.003927533908754638,True,True
P01_L010,P01,P01_L010_T003_A01,P01_L010_T003,6,23,96,0.008997459926017266,True,True
P01_L010,P01,P01_L010_T003_A01,P01_L010_T003,7,28,115,0.0022296670776818816,True,True
P01_L010,P01,P01_L010_T003_A01,P01_L010_T003,8,32,140,0.005107866831072755,True,True
P01_L010,P01,P01_L010_T003_A01,P01_L010_T003,9,33,144,0.002542725030826122,True,True
P01_L010,P01,P01_L010_T003_A01,P01_L010_T003,10,37,157,0.005825043156596799,True,True
P01_L010,P01,P01_L010_T003_A02,P01_L010_T003,1,8,19,0.003019950678175087,False,True
P01_L010,P01,P01_L010_T003_A02,P01_L010_T003,2,13,39,0.015848939580764485,False,True
P01_L010,P01,P01_L010_T003_A02,P01_L010_T003,3,18,55,0.003927533908754638,True,True
P01_L010,P01,P01_L010_T003_A02,P01_L010_T003,4,22,69,0.008997459926017266,True,True
P01_L010,P01,P01_L010_T003_A02,P01_L010_T003,5,23,75,0.004478988902589401,True,True
P01_L010,P01,P01_L010_T003_A02,P01_L010_T003,6,27,86,0.010260776818742278,True,True
P01_L010,P01,P01_L010_T003_A02,P01_L010_T003,7,31,103,0.005107879161528975,True,True
P01_L010,P01,P01_L010_T003_A02,P01_L010_T003,8,35,117,0.01170147965474722,True,True
P01_L010,P01,P01_L010_T003_A02,P01_L010_T003,9,38,123,0.00582506781750924,True,True
P01_L010,P01,P01_L010_T003_A02,P01_L010_T003,10,42,133,0.013344463625154136,True,True
P01_L010,P01,P01_L010_T003_A03,P01_L010_T003,1,9,31,0.003019950678175087,False,True
P01_L010,P01,P01_L010_T003_A03,P01_L010_T003,2,15,58,0.015848939580764485,False,True
P01_L010,P01,P01_L010_T003_A03,P01_L010_T003,3,20,78,0.003927533908754638,False,True
P01_L010,P01,P01_L010_T003_A03,P01_L010_T003,4,24,94,0.008997459926017266,True,True
P01_L010,P01,P01_L010_T003_A03,P01_L010_T003,5,26,100,0.004478988902589401,True,True
P01_L010,P01,P01_L010_T003_A03,P01_L010_T003,6,30,116,0.010260776818742278,True,True
P01_L010,P01,P01_L010_T003_A03,P01_L010_T003,7,36,143,0.0025427373612823766,True,True
P01_L010,P01,P01_L010_T003_A03,P01_L010_T003,8,41,152,0.013344488286066577,True,True
P01_L010,P01,P01_L010_T003_A03,P01_L010_T003,9,42,155,0.0066429593094944435,True,True
P01_L010,P01,P01_L010_T003_A03,P01_L010_T003,10,46,165,0.015218138101109757,True,True
P01_L010,P01,P01_L010_T003_A03,P01_L010_T003,11,47,166,0.007575684340320581,True,True
P01_L010,P01,P01_L010_T003_A04,P01_L010_T003,1,10,48,0.003019950678175087,False,True
P01_L010,P01,P01_L010_T003_A04,P01_L010_T003,2,14,68,0.006918310727496915,False,True
P01_L010,P01,P01_L010_T003_A04,P01_L010_T003,3,16,73,0.0034439704069050385,True,True
P01_L010,P01,P01_L010_T003_A04,P01_L010_T003,4,20,98,0.007889679408138084,True,True
P01_L010,P01,P01_L010_T003_A04,P01_L010_T003,5,21,104,0.003927533908754638,True,True
P01_L010,P01,P01_L010_T003_A04,P01_L010_T003,6,25,118,0.008997459926017266,True,True
P01_L010,P01,P01_L010_T003_A04,P01_L010_T003,7,31,135,0.0022296670776818816,True,True
P01_L010,P01,P01_L010_T003_A04,P01_L010_T003,8,35,156,0.005107866831072755,True,True
P01_L010,P01,P01_L010_T003_A04,P01_L010_T003,9,36,159,0.002542725030826122,True,True
P01_L010,P01,P01_L010_T003_A04,P01_L010_T003,10,40,169,0.005825043156596799,True,True
P01_L010,P01,P01_L010_T004_A01,P01_L010_T004,1,7,37,0.006918310727496915,False,True
P01_L010,P01,P01_L010_T004_A01,P01_L010_T004,2,11,46,0.015848939580764485,False,True
P01_L010,P01,P01_L010_T004_A01,P01_L010_T004,3,25,97,0.0009732922318125765,False,True
P01_L010,P01,P01_L010_T004_A01,P01_L010_T004,4,31,134,0.011701528976572137,True,True
P01_L010,P01,P01_L010_T004_A01,P01_L010_T004,5,34,147,0.005825092478421715,True,True
P01_L010,P01,P01_L010_T004_A01,P01_L010_T004,6,38,153,0.013344512946979052,True,True
P01_L010,P01,P01_L010_T004_A01,P01_L010_T004,7,41,156,0.006642971639950664,True,True
P01_L010,P01,P01_L010_T004_A01,P01_L010_T004,8,45,164,0.015218162762022197,True,True
P01_L010,P01,P01_L010_T004_A01,P01_L010_T004,9,50,179,0.003771220715166443,True,True
P01_L010,P01,P01_L010_T004_A01,P01_L010_T004,10,54,185,0.008639371146732444,True,True
P01_L010,P01,P01_L010_T004_A01,P01_L010_T004,11,55,186,0.004300727496917379,True,True
P01_L010,P01,P01_L010_T004_A02,P01_L010_T004,1,8,20,0.003019950678175087,False,True
P01_L010,P01,P01_L010_T004_A02,P01_L010_T004,2,12,42,0.006918310727496915,False,True
P01_L010,P01,P01_L010_T004_A02,P01_L010_T004,3,17,57,0.001714426633785433,True,True
P01_L010,P01,P01_L010_T004_A02,P01_L010_T004,4,21,67,0.003927521578298383,True,True
P01_L010,P01,P01_L010_T004_A02,P01_L010_T004,5,23,74,0.0019551418002466212,True,True
P01_L010,P01,P01_L010_T004_A02,P01_L010_T004,6,27,83,0.004478976572133181,True,True
P01_L010,P01,P01_L010_T004_A02,P01_L010_T004,7,32,101,0.0011099383477188793,True,True
P01_L010,P01,P01_L010_T004_A02,P01_L010_T004,8,38,131,0.005825043156596799,True,True
P01_L010,P01,P01_L010_T004_A02,P01_L010_T004,9,39,137,0.002899741060419223,True,True
P01_L010,P01,P01_L010_T004_A02,P01_L010_T004,10,43,144,0.0066429223181257826,True,True
P01_L010,P01,P01_L010_T004_A03,P01_L010_T004,1,15,36,0.001503353884093703,False,True
P01_L010,P01,P01_L010_T004_A03,P01_L010_T004,2,19,54,0.003443982737361293,False,True
P01_L010,P01,P01_L010_T004_A03,P01_L010_T004,3,20,55,0.0017144389642416876,True,True
P01_L010,P01,P01_L010_T004_A03,P01_L010_T004,4,25,68,0.008997521578298402,True,True
P01_L010,P01,P01_L010_T004_A03,P01_L010_T004,5,29,80,0.004479013563501842,True,True
P01_L010,P01,P01_L010_T004_A03,P01_L010_T004,6,33,121,0.010260826140567194,True,True
P01_L010,P01,P01_L010_T004_A03,P01_L010_T004,7,38,133,0.002542749691738597,True,True
P01_L010,P01,P01_L010_T004_A03,P01_L010_T004,8,42,171,0.005825104808877935,True,True
P01_L010,P01,P01_L010_T004_A03,P01_L010_T004,9,43,172,0.002899765721331698,True,True
P01_L010,P01,P01_L010_T004_A03,P01_L010_T004,10,47,178,0.006642983970406919,True,True
P01_L010,P01,P01_L010_T004_A04,P01_L010_T004,1,8,76,0.003019950678175087,False,True
P01_L010,P01,P01_L010_T004_A04,P01_L010_T004,2,14,98,0.015848939580764485,False,True
P01_L010,P01,P01_L010_T004_A04,P01_L010_T004,3,17,106,0.00788969173859434,False,True
P01_L010,P01,P01_L010_T004_A04,P01_L010_T004,4,21,111,0.018074241676942056,True,True
P01_L010,P01,P01_L010_T004_A04,P01_L010_T004,5,29,146,0.004478988902589401,True,True
P01_L010,P01,P01_L010_T004_A04,P01_L010_T004,6,36,170,0.023506078914919844,True,True
P01_L010,P01,P01_L010_T004_A04,P01_L010_T004,7,43,191,0.005825055487053019,True,True
P01_L010,P01,P01_L010_T004_A04,P01_L010_T004,8,47,195,0.01334442663378544,True,True
P01_L010,P01,P01_L010_T004_A04,P01_L010_T004,9,48,196,0.006642934648582003,True,True
P01_L010,P01,P01_L010_T004_A04,P01_L010_T004,10,52,200,0.015218088779284841,True,True
P01_L010,P01,P01_L010_T004_A04,P01_L010_T004,11,54,202,0.00757565967940814,True,True
P01_L010,P01,P01_L010_T005_A01,P01_L010_T005,1,10,47,0.003019950678175087,False,True
P01_L010,P01,P01_L010_T005_A01,P01_L010_T005,2,14,64,0.006918310727496915,False,True
P01_L010,P01,P01_L010_T005_A01,P01_L010_T005,3,16,73,0.0034439704069050385,False,True
P01_L010,P01,P01_L010_T005_A01,P01_L010_T005,4,20,91,0.007889679408138084,True,True
P01_L010,P01,P01_L010_T005_A01,P01_L010_T005,5,22,95,0.003927533908754638,True,True
P01_L010,P01,P01_L010_T005_A01,P01_L010_T005,6,26,113,0.008997459926017266,True,True
P01_L010,P01,P01_L010_T005_A01,P01_L010_T005,7,31,135,0.0022296670776818816,True,True
P01_L010,P01,P01_L010_T005_A01,P01_L010_T005,8,35,142,0.005107866831072755,True,True
P01_L010,P01,P01_L010_T005_A01,P01_L010_T005,9,36,143,0.002542725030826122,True,True
P01_L010,P01,P01_L010_T005_A01,P01_L010_T005,10,40,158,0.005825043156596799,True,True
P01_L010,P01,P01_L010_T005_A01,P01_L010_T005,11,41,159,0.002899741060419223,True,True
P01_L010,P01,P01_L010_T005_A02,P01_L010_T005,1,9,36,0.003019950678175087,False,True
P01_L010,P01,P01_L010_T005_A02,P01_L010_T005,2,17,54,0.015848939580764485,False,True
P01_L010,P01,P01_L010_T005_A02,P01_L010_T005,3,22,76,0.003927533908754638,True,True
P01_L010,P01,P01_L010_T005_A02,P01_L010_T005,4,28,89,0.02061198520345254,True,True
P01_L010,P01,P01_L010_T005_A02,P01_L010_T005,5,34,121,0.005107866831072755,True,True
P01_L010,P01,P01_L010_T005_A02,P01_L010_T005,6,38,137,0.01170144266337856,True,True
P01_L010,P01,P01_L010_T005_A02,P01_L010_T005,7,42,161,0.005825043156596799,True,True
P01_L010,P01,P01_L010_T005_A02,P01_L010_T005,8,46,166,0.013344401972873,True,True
P01_L010,P01,P01_L010_T005_A02,P01_L010_T005,9,48,168,0.0066429223181257826,True,True
P01_L010,P01,P01_L010_T005_A02,P01_L010_T005,10,52,172,0.015218051787916145,True,True
P01_L010,P01,P01_L010_T005_A03,P01_L010_T005,1,8,33,0.003019950678175087,False,True
P01_L010,P01,P01_L010_T005_A03,P01_L010_T005,2,12,71,0.006918310727496915,False,True
P01_L010,P01,P01_L010_T005_A03,P01_L010_T005,3,15,79,0.0034439704069050385,True,True
P01_L010,P01,P01_L010_T005_A03,P01_L010_T005,4,19,88,0.007889679408138084,True,True
P01_L010,P01,P01_L010_T005_A03,P01_L010_T005,5,24,105,0.0019551541307028415,True,True
P01_L010,P01,P01_L010_T005_A03,P01_L010_T005,6,28,112,0.004479001233045622,True,True
P01_L010,P01,P01_L010_T005_A03,P01_L010_T005,7,32,118,0.0022296670776818816,True,True
P01_L010,P01,P01_L010_T005_A03,P01_L010_T005,8,36,140,0.005107866831072755,True,True
P01_L010,P01,P01_L010_T005_A03,P01_L010_T005,9,38,146,0.002542725030826122,True,True
P01_L010,P01,P01_L010_T005_A03,P01_L010_T005,10,42,157,0.005825043156596799,True,True
P01_L010,P01,P01_L010_T005_A04,P01_L010_T005,1,9,24,0.003019950678175087,False,True
P01_L010,P01,P01_L010_T005_A04,P01_L010_T005,2,13,34,0.006918310727496915,False,True
P01_L010,P01,P01_L010_T005_A04,P01_L010_T005,3,14,37,0.0034439704069050385,True,True
P01_L010,P01,P01_L010_T005_A04,P01_L010_T005,4,18,57,0.007889679408138084,True,True
P01_L010,P01,P01_L010_T005_A04,P01_L010_T005,5,19,61,0.003927533908754638,True,True
P01_L010,P01,P01_L010_T005_A04,P01_L010_T005,6,23,70,0.008997459926017266,True,True
P01_L010,P01,P01_L010_T005_A04,P01_L010_T005,7,25,97,0.004478988902589401,True,True
P01_L010,P01,P01_L010_T005_A04,P01_L010_T005,8,29,119,0.010260776818742278,True,True
P01_L010,P01,P01_L010_T005_A04,P01_L010_T005,9,30,123,0.005107879161528975,True,True
P01_L010,P01,P01_L010_T005_A04,P01_L010_T005,10,34,151,0.01170147965474722,True,True
P01_L010,P01,P01_L010_T006_A01,P01_L010_T006,1,9,38,0.003019950678175087,False,True
P01_L010,P01,P01_L010_T006_A01,P01_L010_T006,2,13,54,0.006918310727496915,False,True
P01_L010,P01,P01_L010_T006_A01,P01_L010_T006,3,18,72,0.001714426633785433,True,True
P01_L010,P01,P01_L010_T006_A01,P01_L010_T006,4,22,100,0.003927521578298383,True,True
P01_L010,P01,P01_L010_T006_A01,P01_L010_T006,5,24,107,0.0019551418002466212,True,True
P01_L010,P01,P01_L010_T006_A01,P01_L010_T006,6,28,118,0.004478976572133181,True,True
P01_L010,P01,P01_L010_T006_A01,P01_L010_T006,7,29,124,0.0022296547472256613,True,True
P01_L010,P01,P01_L010_T006_A01,P01_L010_T006,8,33,140,0.0051078421701602796,True,True
P01_L010,P01,P01_L010_T006_A01,P01_L010_T006,9,37,155,0.0025427127003699018,True,True
P01_L010,P01,P01_L010_T006_A01,P01_L010_T006,10,41,164,0.005825018495684324,True,True
P01_L010,P01,P01_L010_T006_A02,P01_L010_T006,1,9,27,0.003019950678175087,False,True
P01_L010,P01,P01_L010_T006_A02,P01_L010_T006,2,13,34,0.006918310727496915,False,True
P01_L010,P01,P01_L010_T006_A02,P01_L010_T006,3,14,35,0.0034439704069050385,True,True
P01_L010,P01,P01_L010_T006_A02,P01_L010_T006,4,18,43,0.007889679408138084,True,True
P01_L010,P01,P01_L010_T006_A02,P01_L010_T006,5,22,68,0.003927533908754638,True,True
P01_L010,P01,P01_L010_T006_A02,P01_L010_T006,6,26,86,0.008997459926017266,True,True
P01_L010,P01,P01_L010_T006_A02,P01_L010_T006,7,31,103,0.0022296670776818816,True,True
P01_L010,P01,P01_L010_T006_A02,P01_L010_T006,8,35,116,0.005107866831072755,True,True
P01_L010,P01,P01_L010_T006_A02,P01_L010_T006,9,36,120,0.002542725030826122,True,True
P01_L010,P01,P01_L010_T006_A02,P01_L010_T006,10,40,142,0.005825043156596799,True,True
P01_L010,P01,P01_L010_T006_A03,P01_L010_T006,1,8,30,0.003019950678175087,False,True
P01_L010,P01,P01_L010_T006_A03,P01_L010_T006,2,15,53,0.03630781750924784,False,True
P01_L010,P01,P01_L010_T006_A03,P01_L010_T006,3,25,82,0.004478988902589401,True,True
P01_L010,P01,P01_L010_T006_A03,P01_L010_T006,4,30,108,0.023506078914919844,True,True
P01_L010,P01,P01_L010_T006_A03,P01_L010_T006,5,31,109,0.011701467324291,True,True
P01_L010,P01,P01_L010_T006_A03,P01_L010_T006,6,35,123,0.02680651048088779,True,True
P01_L010,P01,P01_L010_T006_A03,P01_L010_T006,7,44,154,0.0033068927250308167,True,True
P01_L010,P01,P01_L010_T006_A03,P01_L010_T006,8,48,169,0.00757565967940814,True,True
P01_L010,P01,P01_L010_T006_A03,P01_L010_T006,9,50,172,0.0037712083847102227,True,True
P01_L010,P01,P01_L010_T006_A03,P01_L010_T006,10,55,177,0.01979156596794082,True,True
P01_L010,P01,P01_L010_T006_A04,P01_L010_T006,1,8,52,0.003019950678175087,False,True
P01_L010,P01,P01_L010_T006_A04,P01_L010_T006,2,12,60,0.006918310727496915,False,True
P01_L010,P01,P01_L010_T006_A04,P01_L010_T006,3,13,64,0.0034439704069050385,True,True
P01_L010,P01,P01_L010_T006_A04,P01_L010_T006,4,17,91,0.007889679408138084,True,True
P01_L010,P01,P01_L010_T006_A04,P01_L010_T006,5,19,94,0.003927533908754638,True,True
P01_L010,P01,P01_L010_T006_A04,P01_L010_T006,6,23,121,0.008997459926017266,True,True
P01_L010,P01,P01_L010_T006_A04,P01_L010_T006,7,28,139,0.0022296670776818816,True,True
P01_L010,P01,P01_L010_T006_A04,P01_L010_T006,8,32,153,0.005107866831072755,True,True
P01_L010,P01,P01_L010_T006_A04,P01_L010_T006,9,33,160,0.002542725030826122,True,True
P01_L010,P01,P01_L010_T006_A04,P01_L010_T006,10,37,167,0.005825043156596799,True,True
P01_L010,P01,P01_L010_T007_A01,P01_L010_T007,1,9,30,0.003019950678175087,False,True
P01_L010,P01,P01_L010_T007_A01,P01_L010_T007,2,13,48,0.006918310727496915,False,True
P01_L010,P01,P01_L010_T007_A01,P01_L010_T007,3,14,49,0.0034439704069050385,False,True
P01_L010,P01,P01_L010_T007_A01,P01_L010_T007,4,18,68,0.007889679408138084,True,True
P01_L010,P01,P01_L010_T007_A01,P01_L010_T007,5,19,73,0.003927533908754638,True,True
P01_L010,P01,P01_L010_T007_A01,P01_L010_T007,6,23,92,0.008997459926017266,True,True
P01_L010,P01,P01_L010_T007_A01,P01_L010_T007,7,27,135,0.004478988902589401,True,True
P01_L010,P01,P01_L010_T007_A01,P01_L010_T007,8,31,151,0.010260776818742278,True,True
P01_L010,P01,P01_L010_T007_A01,P01_L010_T007,9,39,177,0.0025427373612823766,True,True
P01_L010,P01,P01_L010_T007_A01,P01_L010_T007,10,43,181,0.00582508014796546,True,True
P01_L010,P01,P01_L010_T007_A01,P01_L010_T007,11,45,183,0.0028997533908754775,True,True
P01_L010,P01,P01_L010_T007_A02,P01_L010_T007,1,8,21,0.003019950678175087,False,True
P01_L010,P01,P01_L010_T007_A02,P01_L010_T007,2,12,36,0.006918310727496915,False,True
P01_L010,P01,P01_L010_T007_A02,P01_L010_T007,3,13,41,0.0034439704069050385,True,True
P01_L010,P01,P01_L010_T007_A02,P01_L010_T007,4,19,66,0.01807421701602958,True,True
P01_L010,P01,P01_L010_T007_A02,P01_L010_T007,5,29,104,0.0022296547472256613,True,True
P01_L010,P01,P01_L010_T007_A02,P01_L010_T007,6,33,124,0.0051078421701602796,True,True
P01_L010,P01,P01_L010_T007_A02,P01_L010_T007,7,37,134,0.0025427127003699018,True,True
P01_L010,P01,P01_L010_T007_A02,P01_L010_T007,8,41,150,0.005825018495684324,True,True
P01_L010,P01,P01_L010_T007_A02,P01_L010_T007,9,42,152,0.0028997287299630027,True,True
P01_L010,P01,P01_L010_T007_A02,P01_L010_T007,10,48,165,0.01521800246609123,True,True
P01_L010,P01,P01_L010_T007_A03,P01_L010_T007,1,8,35,0.003019950678175087,False,True
P01_L010,P01,P01_L010_T007_A03,P01_L010_T007,2,12,51,0.006918310727496915,False,True
P01_L010,P01,P01_L010_T007_A03,P01_L010_T007,3,13,61,0.0034439704069050385,True,True
P01_L010,P01,P01_L010_T007_A03,P01_L010_T007,4,18,83,0.01807421701602958,True,True
P01_L010,P01,P01_L010_T007_A03,P01_L010_T007,5,19,86,0.008997447595561045,True,True
P01_L010,P01,P01_L010_T007_A03,P01_L010_T007,6,26,115,0.04721927250308262,True,True
P01_L010,P01,P01_L010_T007_A03,P01_L010_T007,7,32,140,0.01170144266337856,True,True
P01_L010,P01,P01_L010_T007_A03,P01_L010_T007,8,36,154,0.026806461159062874,True,True
P01_L010,P01,P01_L010_T007_A03,P01_L010_T007,9,39,167,0.01334441430332922,True,True
P01_L010,P01,P01_L010_T007_A03,P01_L010_T007,10,43,173,0.030570283600493214,True,True
P01_L010,P01,P01_L010_T007_A04,P01_L010_T007,1,12,56,0.001503353884093703,False,True
P01_L010,P01,P01_L010_T007_A04,P01_L010_T007,2,17,70,0.00788970406905056,False,True
P01_L010,P01,P01_L010_T007_A04,P01_L010_T007,3,24,88,0.0019551541307028415,True,True
P01_L010,P01,P01_L010_T007_A04,P01_L010_T007,4,28,103,0.004479001233045622,True,True
P01_L010,P01,P01_L010_T007_A04,P01_L010_T007,5,29,105,0.0022296670776818816,True,True
P01_L010,P01,P01_L010_T007_A04,P01_L010_T007,6,33,114,0.005107866831072755,True,True
P01_L010,P01,P01_L010_T007_A04,P01_L010_T007,7,34,119,0.002542725030826122,True,True
P01_L010,P01,P01_L010_T007_A04,P01_L010_T007,8,38,126,0.005825043156596799,True,True
P01_L010,P01,P01_L010_T007_A04,P01_L010_T007,9,39,127,0.002899741060419223,True,True
P01_L010,P01,P01_L010_T007_A04,P01_L010_T007,10,43,142,0.0066429223181257826,True,True
P01_L010,P01,P01_L010_T008_A01,P01_L010_T008,1,8,30,0.003019950678175087,False,True
P01_L010,P01,P01_L010_T008_A01,P01_L010_T008,2,12,52,0.006918310727496915,False,True
P01_L010,P01,P01_L010_T008_A01,P01_L010_T008,3,16,62,0.0034439704069050385,True,True
P01_L010,P01,P01_L010_T008_A01,P01_L010_T008,4,20,74,0.007889679408138084,True,True
P01_L010,P01,P01_L010_T008_A01,P01_L010_T008,5,23,100,0.003927533908754638,True,True
P01_L010,P01,P01_L010_T008_A01,P01_L010_T008,6,27,116,0.008997459926017266,True,True
P01_L010,P01,P01_L010_T008_A01,P01_L010_T008,7,32,135,0.0022296670776818816,True,True
P01_L010,P01,P01_L010_T008_A01,P01_L010_T008,8,36,157,0.005107866831072755,True,True
P01_L010,P01,P01_L010_T008_A01,P01_L010_T008,9,37,159,0.002542725030826122,True,True
P01_L010,P01,P01_L010_T008_A01,P01_L010_T008,10,41,171,0.005825043156596799,True,True
P01_L010,P01,P01_L010_T008_A02,P01_L010_T008,1,11,28,0.003019950678175087,False,True
P01_L010,P01,P01_L010_T008_A02,P01_L010_T008,2,15,44,0.006918310727496915,False,True
P01_L010,P01,P01_L010_T008_A02,P01_L010_T008,3,20,60,0.001714426633785433,True,True
P01_L010,P01,P01_L010_T008_A02,P01_L010_T008,4,25,83,0.008997435265104825,True,True
P01_L010,P01,P01_L010_T008_A02,P01_L010_T008,5,26,84,0.004478976572133181,True,True
P01_L010,P01,P01_L010_T008_A02,P01_L010_T008,6,30,93,0.010260739827373617,True,True
P01_L010,P01,P01_L010_T008_A02,P01_L010_T008,7,33,109,0.0051078545006165346,True,True
P01_L010,P01,P01_L010_T008_A02,P01_L010_T008,8,37,130,0.011701418002466085,True,True
P01_L010,P01,P01_L010_T008_A02,P01_L010_T008,9,42,143,0.0028997287299630027,True,True
P01_L010,P01,P01_L010_T008_A02,P01_L010_T008,10,46,163,0.006642897657213307,True,True
P01_L010,P01,P01_L010_T008_A03,P01_L010_T008,1,9,38,0.003019950678175087,False,True
P01_L010,P01,P01_L010_T008_A03,P01_L010_T008,2,13,65,0.006918310727496915,False,True
P01_L010,P01,P01_L010_T008_A03,P01_L010_T008,3,17,88,0.0034439704069050385,True,True
P01_L010,P01,P01_L010_T008_A03,P01_L010_T008,4,21,97,0.007889679408138084,True,True
P01_L010,P01,P01_L010_T008_A03,P01_L010_T008,5,22,101,0.003927533908754638,True,True
P01_L010,P01,P01_L010_T008_A03,P01_L010_T008,6,26,111,0.008997459926017266,True,True
P01_L010,P01,P01_L010_T008_A03,P01_L010_T008,7,30,127,0.004478988902589401,True,True
P01_L010,P01,P01_L010_T008_A03,P01_L010_T008,8,34,149,0.010260776818742278,True,True
P01_L010,P01,P01_L010_T008_A03,P01_L010_T008,9,39,165,0.0025427373612823766,True,True
P01_L010,P01,P01_L010_T008_A03,P01_L010_T008,10,43,179,0.00582508014796546,True,True
P01_L010,P01,P01_L010_T008_A04,P01_L010_T008,1,9,43,0.003019950678175087,False,True
P01_L010,P01,P01_L010_T008_A04,P01_L010_T008,2,17,75,0.03630781750924784,False,True
P01_L010,P01,P01_L010_T008_A04,P01_L010_T008,3,18,77,0.018074241676942056,False,True
P01_L010,P01,P01_L010_T008_A04,P01_L010_T008,4,22,81,0.04140569667077681,True,True
P01_L010,P01,P01_L010_T008_A04,P01_L010_T008,5,31,121,0.005107879161528975,True,True
P01_L010,P01,P01_L010_T008_A04,P01_L010_T008,6,35,133,0.01170147965474722,True,True
P01_L010,P01,P01_L010_T008_A04,P01_L010_T008,7,39,146,0.00582506781750924,True,True
P01_L010,P01,P01_L010_T008_A04,P01_L010_T008,8,46,178,0.030570394574599265,True,True
P01_L010,P01,P01_L010_T008_A04,P01_L010_T008,9,56,190,0.0037712083847102227,True,True
P01_L010,P01,P01_L010_T008_A04,P01_L010_T008,10,60,194,0.008639334155363748,True,True
P01_L010,P01,P01_L010_T008_A04,P01_L010_T008,11,61,195,0.0043007151664611575,True,True
P01_L020,P01,P01_L020_T001_A01,P01_L020_T001,1,10,33,0.003019945945945949,False,True
P01_L020,P01,P01_L020_T001_A01,P01_L020_T001,2,14,51,0.006918297297297268,False,True
P01_L020,P01,P01_L020_T001_A01,P01_L020_T001,3,20,78,0.001714432432432387,True,True
P01_L020,P01,P01_L020_T001_A01,P01_L020_T001,4,24,96,0.003927540540540522,True,True
P01_L020,P01,P01_L020_T001_A01,P01_L020_T001,5,25,99,0.0019551486486486013,True,True
P01_L020,P01,P01_L020_T001_A01,P01_L020_T001,6,29,106,0.004478986486486445,True,True
P01_L020,P01,P01_L020_T001_A01,P01_L020_T001,7,32,118,0.0022296621621621772,True,True
P01_L020,P01,P01_L020_T001_A01,P01_L020_T001,8,36,124,0.005107864864864851,True,True
P01_L020,P01,P01_L020_T001_A01,P01_L020_T001,9,39,143,0.002542729729729693,True,True
P01_L020,P01,P01_L020_T001_A01,P01_L020_T001,10,43,152,0.005825054054054019,True,True
P01_L020,P01,P01_L020_T001_A02,P01_L020_T001,1,12,35,0.0015033513513513126,False,True
P01_L020,P01,P01_L020_T001_A02,P01_L020_T001,2,16,57,0.003443972972972957,False,True
P01_L020,P01,P01_L020_T001_A02,P01_L020_T001,3,19,67,0.001714432432432387,True,True
P01_L020,P01,P01_L020_T001_A02,P01_L020_T001,4,23,89,0.003927540540540522,True,True
P01_L020,P01,P01_L020_T001_A02,P01_L020_T001,5,26,98,0.0019551486486486013,True,True
P01_L020,P01,P01_L020_T001_A02,P01_L020_T001,6,30,116,0.004478986486486445,True,True
P01_L020,P01,P01_L020_T001_A02,P01_L020_T001,7,31,119,0.0022296621621621772,True,True
P01_L020,P01,P01_L020_T001_A02,P01_L020_T001,8,35,135,0.005107864864864851,True,True
P01_L020,P01,P01_L020_T001_A02,P01_L020_T001,9,40,151,0.0012657837837837399,True,True
P01_L020,P01,P01_L020_T001_A02,P01_L020_T001,10,44,163,0.002899743243243203,True,True
P01_L020,P01,P01_L020_T001_A03,P01_L020_T001,1,8,40,0.003019945945945949,False,True
P01_L020,P01,P01_L020_T001_A03,P01_L020_T001,2,12,47,0.006918297297297268,False,True
P01_L020,P01,P01_L020_T001_A03,P01_L020_T001,3,15,59,0.003443972972972957,True,True
P01_L020,P01,P01_L020_T001_A03,P01_L020_T001,4,19,69,0.007889689189189164,True,True
P01_L020,P01,P01_L020_T001_A03,P01_L020_T001,5,20,70,0.003927527027027015,True,True
P01_L020,P01,P01_L020_T001_A03,P01_L020_T001,6,24,88,0.00899744594594594,True,True
P01_L020,P01,P01_L020_T001_A03,P01_L020_T001,7,26,94,0.004478986486486445,True,True
P01_L020,P01,P01_L020_T001_A03,P01_L020_T001,8,30,110,0.01026077027027024,True,True
P01_L020,P01,P01_L020_T001_A03,P01_L020_T001,9,37,138,0.002542729729729693,True,True
P01_L020,P01,P01_L020_T001_A03,P01_L020_T001,10,41,156,0.005825054054054019,True,True
P01_L020,P01,P01_L020_T001_A04,P01_L020_T001,1,7,34,0.006918310810810774,False,True
P01_L020,P01,P01_L020_T001_A04,P01_L020_T001,2,11,50,0.015848932432432454,False,True
P01_L020,P01,P01_L020_T001_A04,P01_L020_T001,3,20,91,0.0019551486486486013,False,True
P01_L020,P01,P01_L020_T001_A04,P01_L020_T001,4,27,127,0.01026077027027024,True,True
P01_L020,P01,P01_L020_T001_A04,P01_L020_T001,5,31,158,0.005107864864864851,True,True
P01_L020,P01,P01_L020_T001_A04,P01_L020_T001,6,35,166,0.011701445945945934,True,True
P01_L020,P01,P01_L020_T001_A04,P01_L020_T001,7,42,173,0.002899743243243203,True,True
P01_L020,P01,P01_L020_T001_A04,P01_L020_T001,8,48,179,0.015218081081081065,True,True
P01_L020,P01,P01_L020_T001_A04,P01_L020_T001,9,59,190,0.0018773243243242822,True,True
P01_L020,P01,P01_L020_T001_A04,P01_L020_T001,10,64,195,0.009852337837837795,True,True
P01_L020,P01,P01_L020_T001_A04,P01_L020_T001,11,66,197,0.004904554054054007,True,True
P01_L020,P01,P01_L020_T002_A01,P01_L020_T002,1,10,46,0.003019945945945949,False,True
P01_L020,P01,P01_L020_T002_A01,P01_L020_T002,2,17,60,0.01584890540540537,False,True
P01_L020,P01,P01_L020_T002_A01,P01_L020_T002,3,23,73,0.003927527027027015,False,True
P01_L020,P01,P01_L020_T002_A01,P01_L020_T002,4,30,128,0.02061195945945944,True,True
P01_L020,P01,P01_L020_T002_A01,P01_L020_T002,5,35,157,0.005107864864864851,True,True
P01_L020,P01,P01_L020_T002_A01,P01_L020_T002,6,41,165,0.026806459459459458,True,True
P01_L020,P01,P01_L020_T002_A01,P01_L020_T002,7,47,173,0.0066429324324324135,True,True
P01_L020,P01,P01_L020_T002_A01,P01_L020_T002,8,51,177,0.015218081081081065,True,True
P01_L020,P01,P01_L020_T002_A01,P01_L020_T002,9,53,179,0.0075756486486486625,True,True
P01_L020,P01,P01_L020_T002_A01,P01_L020_T002,10,57,183,0.017354810810810816,True,True
P01_L020,P01,P01_L020_T002_A01,P01_L020_T002,11,59,185,0.008639324324324304,True,True
P01_L020,P01,P01_L020_T002_A02,P01_L020_T002,1,14,50,0.0015033513513513126,False,True
P01_L020,P01,P01_L020_T002_A02,P01_L020_T002,2,18,68,0.003443972972972957,False,True
P01_L020,P01,P01_L020_T002_A02,P01_L020_T002,3,19,72,0.001714432432432387,True,True
P01_L020,P01,P01_L020_T002_A02,P01_L020_T002,4,23,86,0.003927540540540522,True,True
P01_L020,P01,P01_L020_T002_A02,P01_L020_T002,5,24,89,0.0019551486486486013,True,True
P01_L020,P01,P01_L020_T002_A02,P01_L020_T002,6,28,104,0.004478986486486445,True,True
P01_L020,P01,P01_L020_T002_A02,P01_L020_T002,7,29,105,0.0022296621621621772,True,True
P01_L020,P01,P01_L020_T002_A02,P01_L020_T002,8,33,118,0.005107864864864851,True,True
P01_L020,P01,P01_L020_T002_A02,P01_L020_T002,9,34,123,0.002542729729729693,True,True
P01_L020,P01,P01_L020_T002_A02,P01_L020_T002,10,38,152,0.005825054054054019,True,True
P01_L020,P01,P01_L020_T002_A03,P01_L020_T002,1,8,25,0.003019945945945949,False,True
P01_L020,P01,P01_L020_T002_A03,P01_L020_T002,2,12,39,0.006918297297297268,False,True
P01_L020,P01,P01_L020_T002_A03,P01_L020_T002,3,14,44,0.003443972972972957,True,True
P01_L020,P01,P01_L020_T002_A03,P01_L020_T002,4,18,82,0.007889689189189164,True,True
P01_L020,P01,P01_L020_T002_A03,P01_L020_T002,5,24,111,0.0019551486486486013,True,True
P01_L020,P01,P01_L020_T002_A03,P01_L020_T002,6,28,134,0.004478986486486445,True,True
P01_L020,P01,P01_L020_T002_A03,P01_L020_T002,7,29,136,0.0022296621621621772,True,True
P01_L020,P01,P01_L020_T002_A03,P01_L020_T002,8,33,143,0.005107864864864851,True,True
P01_L020,P01,P01_L020_T002_A03,P01_L020_T002,9,35,147,0.002542729729729693,True,True
P01_L020,P01,P01_L020_T002_A03,P01_L020_T002,10,41,166,0.013344432432432399,True,True
P01_L020,P01,P01_L020_T002_A04,P01_L020_T002,1,9,45,0.003019945945945949,False,True
P01_L020,P01,P01_L020_T002_A04,P01_L020_T002,2,13,64,0.006918297297297268,False,True
P01_L020,P01,P01_L020_T002_A04,P01_L020_T002,3,20,84,0.001714432432432387,True,True
P01_L020,P01,P01_L020_T002_A04,P01_L020_T002,4,24,91,0.003927540540540522,True,True
P01_L020,P01,P01_L020_T002_A04,P01_L020_T002,5,27,101,0.0019551486486486013,True,True
P01_L020,P01,P01_L020_T002_A04,P01_L020_T002,6,31,112,0.004478986486486445,True,True
P01_L020,P01,P01_L020_T002_A04,P01_L020_T002,7,34,117,0.0022296621621621772,True,True
P01_L020,P01,P01_L020_T002_A04,P01_L020_T002,8,38,130,0.005107864864864851,True,True
P01_L020,P01,P01_L020_T002_A04,P01_L020_T002,9,39,131,0.002542729729729693,True,True
P01_L020,P01,P01_L020_T002_A04,P01_L020_T002,10,43,145,0.005825054054054019,True,True
P01_L020,P01,P01_L020_T003_A01,P01_L020_T003,1,11,21,0.003019945945945949,False,True
P01_L020,P01,P01_L020_T003_A01,P01_L020_T003,2,15,36,0.006918297297297268,False,True
P01_L020,P01,P01_L020_T003_A01,P01_L020_T003,3,20,58,0.001714432432432387,True,True
P01_L020,P01,P01_L020_T003_A01,P01_L020_T003,4,26,67,0.008997472972972952,True,True
P01_L020,P01,P01_L020_T003_A01,P01_L020_T003,5,32,81,0.0022296756756756838,True,True
P01_L020,P01,P01_L020_T003_A01,P01_L020_T003,6,36,95,0.005107891891891863,True,True
P01_L020,P01,P01_L020_T003_A01,P01_L020_T003,7,39,105,0.0025427432432431995,True,True
P01_L020,P01,P01_L020_T003_A01,P01_L020_T003,8,43,121,0.005825094594594613,True,True
P01_L020,P01,P01_L020_T003_A01,P01_L020_T003,9,45,125,0.002899770270270291,True,True
P01_L020,P01,P01_L020_T003_A01,P01_L020_T003,10,49,142,0.006642986486486439,True,True
P01_L020,P01,P01_L020_T003_A02,P01_L020_T003,1,8,72,0.003019945945945949,False,True
P01_L020,P01,P01_L020_T003_A02,P01_L020_T003,2,13,97,0.01584890540540537,False,True
P01_L020,P01,P01_L020_T003_A02,P01_L020_T003,3,16,106,0.007889675675675658,False,True
P01_L020,P01,P01_L020_T003_A02,P01_L020_T003,4,22,131,0.041405608108108075,True,True
P01_L020,P01,P01_L020_T003_A02,P01_L020_T003,5,27,156,0.010260756756756733,True,True
P01_L020,P01,P01_L020_T003_A02,P01_L020_T003,6,31,171,0.023506040540540535,True,True
P01_L020,P01,P01_L020_T003_A02,P01_L020_T003,7,35,180,0.011701445945945934,True,True
P01_L020,P01,P01_L020_T003_A02,P01_L020_T003,8,39,184,0.026806459459459458,True,True
P01_L020,P01,P01_L020_T003_A02,P01_L020_T003,9,47,192,0.0066429324324324135,True,True
P01_L020,P01,P01_L020_T003_A02,P01_L020_T003,10,51,196,0.015218081081081065,True,True
P01_L020,P01,P01_L020_T003_A02,P01_L020_T003,11,52,197,0.0075756486486486625,True,True
P01_L020,P01,P01_L020_T003_A03,P01_L020_T003,1,8,39,0.003019945945945949,False,True
P01_L020,P01,P01_L020_T003_A03,P01_L020_T003,2,12,55,0.006918297297297268,False,True
P01_L020,P01,P01_L020_T003_A03,P01_L020_T003,3,14,76,0.003443972972972957,True,True
P01_L020,P01,P01_L020_T003_A03,P01_L020_T003,4,18,91,0.007889689189189164,True,True
P01_L020,P01,P01_L020_T003_A03,P01_L020_T003,5,23,108,0.0019551486486486013,True,True
P01_L020,P01,P01_L020_T003_A03,P01_L020_T003,6,27,134,0.004478986486486445,True,True
P01_L020,P01,P01_L020_T003_A03,P01_L020_T003,7,28,136,0.0022296621621621772,True,True
P01_L020,P01,P01_L020_T003_A03,P01_L020_T003,8,32,150,0.005107864864864851,True,True
P01_L020,P01,P01_L020_T003_A03,P01_L020_T003,9,35,155,0.002542729729729693,True,True
P01_L020,P01,P01_L020_T003_A03,P01_L020_T003,10,39,170,0.005825054054054019,True,True
P01_L020,P01,P01_L020_T003_A04,P01_L020_T003,1,15,44,0.0015033513513513126,False,True
P01_L020,P01,P01_L020_T003_A04,P01_L020_T003,2,19,54,0.003443972972972957,False,True
P01_L020,P01,P01_L020_T003_A04,P01_L020_T003,3,21,60,0.001714432432432387,True,True
P01_L020,P01,P01_L020_T003_A04,P01_L020_T003,4,27,84,0.008997472972972952,True,True
P01_L020,P01,P01_L020_T003_A04,P01_L020_T003,5,34,118,0.0022296756756756838,True,True
P01_L020,P01,P01_L020_T003_A04,P01_L020_T003,6,38,130,0.005107891891891863,True,True
P01_L020,P01,P01_L020_T003_A04,P01_L020_T003,7,40,138,0.0025427432432431995,True,True
P01_L020,P01,P01_L020_T003_A04,P01_L020_T003,8,44,153,0.005825094594594613,True,True
P01_L020,P01,P01_L020_T003_A04,P01_L020_T003,9,49,167,0.0014435270270270458,True,True
P01_L020,P01,P01_L020_T003_A04,P01_L020_T003,10,53,176,0.003306932432432384,True,True
P01_L020,P01,P01_L020_T004_A01,P01_L020_T004,1,9,28,0.003019945945945949,False,True
P01_L020,P01,P01_L020_T004_A01,P01_L020_T004,2,13,57,0.006918297297297268,False,True
P01_L020,P01,P01_L020_T004_A01,P01_L020_T004,3,18,73,0.001714432432432387,False,True
P01_L020,P01,P01_L020_T004_A01,P01_L020_T004,4,22,86,0.003927540540540522,True,True
P01_L020,P01,P01_L020_T004_A01,P01_L020_T004,5,23,88,0.0019551486486486013,True,True
P01_L020,P01,P01_L020_T004_A01,P01_L020_T004,6,27,101,0.004478986486486445,True,True
P01_L020,P01,P01_L020_T004_A01,P01_L020_T004,7,30,107,0.0022296621621621772,True,True
P01_L020,P01,P01_L020_T004_A01,P01_L020_T004,8,34,138,0.005107864864864851,True,True
P01_L020,P01,P01_L020_T004_A01,P01_L020_T004,9,37,147,0.002542729729729693,True,True
P01_L020,P01,P01_L020_T004_A01,P01_L020_T004,10,41,156,0.005825054054054019,True,True
P01_L020,P01,P01_L020_T004_A01,P01_L020_T004,11,42,159,0.002899743243243203,True,True
P01_L020,P01,P01_L020_T004_A02,P01_L020_T004,1,9,31,0.003019945945945949,False,True
P01_L020,P01,P01_L020_T004_A02,P01_L020_T004,2,13,52,0.006918297297297268,False,True
P01_L020,P01,P01_L020_T004_A02,P01_L020_T004,3,19,87,0.001714432432432387,True,True
P01_L020,P01,P01_L020_T004_A02,P01_L020_T004,4,23,111,0.003927540540540522,True,True
P01_L020,P01,P01_L020_T004_A02,P01_L020_T004,5,29,140,0.0009732837837837681,True,True
P01_L020,P01,P01_L020_T004_A02,P01_L020_T004,6,33,165,0.0022296621621621772,True,True
P01_L020,P01,P01_L020_T004_A02,P01_L020_T004,7,36,176,0.0011099324324324305,True,True
P01_L020,P01,P01_L020_T004_A02,P01_L020_T004,8,41,182,0.005824999999999993,True,True
P01_L020,P01,P01_L020_T004_A02,P01_L020_T004,9,42,186,0.0028997162162161905,True,True
P01_L020,P01,P01_L020_T004_A02,P01_L020_T004,10,46,190,0.006642864864864881,True,True
P01_L020,P01,P01_L020_T004_A03,P01_L020_T004,1,15,64,0.0015033513513513126,False,True
P01_L020,P01,P01_L020_T004_A03,P01_L020_T004,2,20,81,0.007889689189189164,False,True
P01_L020,P01,P01_L020_T004_A03,P01_L020_T004,3,23,90,0.003927527027027015,False,True
P01_L020,P01,P01_L020_T004_A03,P01_L020_T004,4,27,98,0.00899744594594594,True,True
P01_L020,P01,P01_L020_T004_A03,P01_L020_T004,5,32,116,0.0022296621621621772,True,True
P01_L020,P01,P01_L020_T004_A03,P01_L020_T004,6,36,129,0.005107864864864851,True,True
P01_L020,P01,P01_L020_T004_A03,P01_L020_T004,7,39,143,0.002542729729729693,True,True
P01_L020,P01,P01_L020_T004_A03,P01_L020_T004,8,43,154,0.005825054054054019,True,True
P01_L020,P01,P01_L020_T004_A03,P01_L020_T004,9,50,170,0.0014435135135134644,True,True
P01_L020,P01,P01_L020_T004_A03,P01_L020_T004,10,54,185,0.003306891891891865,True,True
P01_L020,P01,P01_L020_T004_A03,P01_L020_T004,11,55,192,0.001646189189189207,True,True
P01_L020,P01,P01_L020_T004_A04,P01_L020_T004,1,8,37,0.003019945945945949,False,True
P01_L020,P01,P01_L020_T004_A04,P01_L020_T004,2,12,44,0.006918297297297268,False,True
P01_L020,P01,P01_L020_T004_A04,P01_L020_T004,3,14,47,0.003443972972972957,True,True
P01_L020,P01,P01_L020_T004_A04,P01_L020_T004,4,20,72,0.01807422972972974,True,True
P01_L020,P01,P01_L020_T004_A04,P01_L020_T004,5,24,85,0.008997459459459446,True,True
P01_L020,P01,P01_L020_T004_A04,P01_L020_T004,6,28,108,0.02061198648648645,True,True
P01_L020,P01,P01_L020_T004_A04,P01_L020_T004,7,30,110,0.01026077027027024,True,True
P01_L020,P01,P01_L020_T004_A04,P01_L020_T004,8,34,120,0.023506067567567547,True,True
P01_L020,P01,P01_L020_T004_A04,P01_L020_T004,9,41,144,0.005825054054054019,True,True
P01_L020,P01,P01_L020_T004_A04,P01_L020_T004,10,45,172,0.013344432432432399,True,True
P01_L020,P01,P01_L020_T005_A01,P01_L020_T005,1,9,52,0.003019945945945949,False,True
P01_L020,P01,P01_L020_T005_A01,P01_L020_T005,2,13,70,0.006918297297297268,False,True
P01_L020,P01,P01_L020_T005_A01,P01_L020_T005,3,15,84,0.003443972972972957,False,True
P01_L020,P01,P01_L020_T005_A01,P01_L020_T005,4,19,107,0.007889689189189164,True,True
P01_L020,P01,P01_L020_T005_A01,P01_L020_T005,5,25,136,0.0019551486486486013,True,True
P01_L020,P01,P01_L020_T005_A01,P01_L020_T005,6,29,143,0.004478986486486445,True,True
P01_L020,P01,P01_L020_T005_A01,P01_L020_T005,7,31,147,0.0022296621621621772,True,True
P01_L020,P01,P01_L020_T005_A01,P01_L020_T005,8,35,166,0.005107864864864851,True,True
P01_L020,P01,P01_L020_T005_A01,P01_L020_T005,9,36,168,0.002542729729729693,True,True
P01_L020,P01,P01_L020_T005_A01,P01_L020_T005,10,40,174,0.005825054054054019,True,True
P01_L020,P01,P01_L020_T005_A01,P01_L020_T005,11,41,177,0.002899743243243203,True,True
P01_L020,P01,P01_L020_T005_A02,P01_L020_T005,1,5,10,0.036307810810810824,False,True
P01_L020,P01,P01_L020_T005_A02,P01_L020_T005,2,9,20,0.08317639189189188,False,True
P01_L020,P01,P01_L020_T005_A02,P01_L020_T005,3,24,76,0.005107864864864851,False,True
P01_L020,P01,P01_L020_T005_A02,P01_L020_T005,4,32,99,0.026806459459459458,True,True
P01_L020,P01,P01_L020_T005_A02,P01_L020_T005,5,37,119,0.0066429324324324135,True,True
P01_L020,P01,P01_L020_T005_A02,P01_L020_T005,6,42,127,0.03486260810810808,True,True
P01_L020,P01,P01_L020_T005_A02,P01_L020_T005,7,50,165,0.008639324324324304,True,True
P01_L020,P01,P01_L020_T005_A02,P01_L020_T005,8,54,175,0.019791554054054073,True,True
P01_L020,P01,P01_L020_T005_A02,P01_L020_T005,9,60,183,0.004904554054054007,True,True
P01_L020,P01,P01_L020_T005_A02,P01_L020_T005,10,65,188,0.025739472972972948,True,True
P01_L020,P01,P01_L020_T005_A02,P01_L020_T005,11,67,190,0.012813256756756729,True,True
P01_L020,P01,P01_L020_T005_A03,P01_L020_T005,1,8,28,0.003019945945945949,False,True
P01_L020,P01,P01_L020_T005_A03,P01_L020_T005,2,12,45,0.006918297297297268,False,True
P01_L020,P01,P01_L020_T005_A03,P01_L020_T005,3,17,61,0.001714432432432387,True,True
P01_L020,P01,P01_L020_T005_A03,P01_L020_T005,4,21,73,0.003927540540540522,True,True
P01_L020,P01,P01_L020_T005_A03,P01_L020_T005,5,23,79,0.0019551486486486013,True,True
P01_L020,P01,P01_L020_T005_A03,P01_L020_T005,6,27,96,0.004478986486486445,True,True
P01_L020,P01,P01_L020_T005_A03,P01_L020_T005,7,28,97,0.0022296621621621772,True,True
P01_L020,P01,P01_L020_T005_A03,P01_L020_T005,8,32,120,0.005107864864864851,True,True
P01_L020,P01,P01_L020_T005_A03,P01_L020_T005,9,34,132,0.002542729729729693,True,True
P01_L020,P01,P01_L020_T005_A03,P01_L020_T005,10,38,156,0.005825054054054019,True,True
P01_L020,P01,P01_L020_T005_A04,P01_L020_T005,1,8,33,0.003019945945945949,False,True
P01_L020,P01,P01_L020_T005_A04,P01_L020_T005,2,12,39,0.006918297297297268,False,True
P01_L020,P01,P01_L020_T005_A04,P01_L020_T005,3,18,78,0.001714432432432387,True,True
P01_L020,P01,P01_L020_T005_A04,P01_L020_T005,4,22,98,0.003927540540540522,True,True
P01_L020,P01,P01_L020_T005_A04,P01_L020_T005,5,25,113,0.0019551486486486013,True,True
P01_L020,P01,P01_L020_T005_A04,P01_L020_T005,6,29,118,0.004478986486486445,True,True
P01_L020,P01,P01_L020_T005_A04,P01_L020_T005,7,30,123,0.0022296621621621772,True,True
P01_L020,P01,P01_L020_T005_A04,P01_L020_T005,8,34,149,0.005107864864864851,True,True
P01_L020,P01,P01_L020_T005_A04,P01_L020_T005,9,36,151,0.002542729729729693,True,True
P01_L020,P01,P01_L020_T005_A04,P01_L020_T005,10,40,161,0.005825054054054019,True,True
P01_L020,P01,P01_L020_T006_A01,P01_L020_T006,1,10,28,0.003019945945945949,False,True
P01_L020,P01,P01_L020_T006_A01,P01_L020_T006,2,14,44,0.006918297297297268,False,True
P01_L020,P01,P01_L020_T006_A01,P01_L020_T006,3,22,62,0.001714432432432387,True,True
P01_L020,P01,P01_L020_T006_A01,P01_L020_T006,4,26,79,0.003927540540540522,True,True
P01_L020,P01,P01_L020_T006_A01,P01_L020_T006,5,27,81,0.0019551486486486013,True,True
P01_L020,P01,P01_L020_T006_A01,P01_L020_T006,6,31,102,0.004478986486486445,True,True
P01_L020,P01,P01_L020_T006_A01,P01_L020_T006,7,32,103,0.0022296621621621772,True,True
P01_L020,P01,P01_L020_T006_A01,P01_L020_T006,8,36,119,0.005107864864864851,True,True
P01_L020,P01,P01_L020_T006_A01,P01_L020_T006,9,38,130,0.002542729729729693,True,True
P01_L020,P01,P01_L020_T006_A01,P01_L020_T006,10,42,147,0.005825054054054019,True,True
P01_L020,P01,P01_L020_T006_A02,P01_L020_T006,1,13,74,0.0015033513513513126,False,True
P01_L020,P01,P01_L020_T006_A02,P01_L020_T006,2,17,85,0.003443972972972957,False,True
P01_L020,P01,P01_L020_T006_A02,P01_L020_T006,3,20,99,0.001714432432432387,True,True
P01_L020,P01,P01_L020_T006_A02,P01_L020_T006,4,24,112,0.003927540540540522,True,True
P01_L020,P01,P01_L020_T006_A02,P01_L020_T006,5,25,117,0.0019551486486486013,True,True
P01_L020,P01,P01_L020_T006_A02,P01_L020_T006,6,29,129,0.004478986486486445,True,True
P01_L020,P01,P01_L020_T006_A02,P01_L020_T006,7,31,138,0.0022296621621621772,True,True
P01_L020,P01,P01_L020_T006_A02,P01_L020_T006,8,35,152,0.005107864864864851,True,True
P01_L020,P01,P01_L020_T006_A02,P01_L020_T006,9,36,154,0.002542729729729693,True,True
P01_L020,P01,P01_L020_T006_A02,P01_L020_T006,10,40,165,0.005825054054054019,True,True
P01_L020,P01,P01_L020_T006_A03,P01_L020_T006,1,16,58,0.0007483783783783692,False,True
P01_L020,P01,P01_L020_T006_A03,P01_L020_T006,2,22,78,0.008997472972972952,False,True
P01_L020,P01,P01_L020_T006_A03,P01_L020_T006,3,25,94,0.004478999999999951,True,True
P01_L020,P01,P01_L020_T006_A03,P01_L020_T006,4,29,114,0.010260797297297251,True,True
P01_L020,P01,P01_L020_T006_A03,P01_L020_T006,5,31,122,0.005107878378378357,True,True
P01_L020,P01,P01_L020_T006_A03,P01_L020_T006,6,35,134,0.011701472972972946,True,True
P01_L020,P01,P01_L020_T006_A03,P01_L020_T006,7,37,141,0.005825067567567525,True,True
P01_L020,P01,P01_L020_T006_A03,P01_L020_T006,8,41,160,0.013344459459459411,True,True
P01_L020,P01,P01_L020_T006_A03,P01_L020_T006,9,43,162,0.00664294594594592,True,True
P01_L020,P01,P01_L020_T006_A03,P01_L020_T006,10,47,168,0.015218108108108077,True,True
P01_L020,P01,P01_L020_T006_A04,P01_L020_T006,1,8,30,0.003019945945945949,False,True
P01_L020,P01,P01_L020_T006_A04,P01_L020_T006,2,12,41,0.006918297297297268,False,True
P01_L020,P01,P01_L020_T006_A04,P01_L020_T006,3,14,63,0.003443972972972957,True,True
P01_L020,P01,P01_L020_T006_A04,P01_L020_T006,4,18,80,0.007889689189189164,True,True
P01_L020,P01,P01_L020_T006_A04,P01_L020_T006,5,19,86,0.003927527027027015,True,True
P01_L020,P01,P01_L020_T006_A04,P01_L020_T006,6,23,96,0.00899744594594594,True,True
P01_L020,P01,P01_L020_T006_A04,P01_L020_T006,7,24,97,0.004478986486486445,True,True
P01_L020,P01,P01_L020_T006_A04,P01_L020_T006,8,28,116,0.01026077027027024,True,True
P01_L020,P01,P01_L020_T006_A04,P01_L020_T006,9,31,135,0.005107864864864851,True,True
P01_L020,P01,P01_L020_T006_A04,P01_L020_T006,10,35,144,0.011701445945945934,True,True
P01_L020,P01,P01_L020_T007_A01,P01_L020_T007,1,8,33,0.003019945945945949,False,True
P01_L020,P01,P01_L020_T007_A01,P01_L020_T007,2,12,42,0.006918297297297268,False,True
P01_L020,P01,P01_L020_T007_A01,P01_L020_T007,3,13,50,0.003443972972972957,True,True
P01_L020,P01,P01_L020_T007_A01,P01_L020_T007,4,17,69,0.007889689189189164,True,True
P01_L020,P01,P01_L020_T007_A01,P01_L020_T007,5,19,76,0.003927527027027015,True,True
P01_L020,P01,P01_L020_T007_A01,P01_L020_T007,6,23,95,0.00899744594594594,True,True
P01_L020,P01,P01_L020_T007_A01,P01_L020_T007,7,24,97,0.004478986486486445,True,True
P01_L020,P01,P01_L020_T007_A01,P01_L020_T007,8,28,108,0.01026077027027024,True,True
P01_L020,P01,P01_L020_T007_A01,P01_L020_T007,9,36,128,0.002542729729729693,True,True
P01_L020,P01,P01_L020_T007_A01,P01_L020_T007,10,40,138,0.005825054054054019,True,True
P01_L020,P01,P01_L020_T007_A02,P01_L020_T007,1,8,22,0.003019945945945949,False,True
P01_L020,P01,P01_L020_T007_A02,P01_L020_T007,2,12,39,0.006918297297297268,False,True
P01_L020,P01,P01_L020_T007_A02,P01_L020_T007,3,18,59,0.001714432432432387,True,True
P01_L020,P01,P01_L020_T007_A02,P01_L020_T007,4,22,73,0.003927540540540522,True,True
P01_L020,P01,P01_L020_T007_A02,P01_L020_T007,5,23,83,0.0019551486486486013,True,True
P01_L020,P01,P01_L020_T007_A02,P01_L020_T007,6,27,106,0.004478986486486445,True,True
P01_L020,P01,P01_L020_T007_A02,P01_L020_T007,7,28,111,0.0022296621621621772,True,True
P01_L020,P01,P01_L020_T007_A02,P01_L020_T007,8,32,125,0.005107864864864851,True,True
P01_L020,P01,P01_L020_T007_A02,P01_L020_T007,9,35,142,0.002542729729729693,True,True
P01_L020,P01,P01_L020_T007_A02,P01_L020_T007,10,39,152,0.005825054054054019,True,True
P01_L020,P01,P01_L020_T007_A03,P01_L020_T007,1,8,26,0.003019945945945949,False,True
P01_L020,P01,P01_L020_T007_A03,P01_L020_T007,2,12,45,0.006918297297297268,False,True
P01_L020,P01,P01_L020_T007_A03,P01_L020_T007,3,18,71,0.001714432432432387,True,True
P01_L020,P01,P01_L020_T007_A03,P01_L020_T007,4,25,102,0.020612013513513463,True,True
P01_L020,P01,P01_L020_T007_A03,P01_L020_T007,5,36,156,0.002542729729729693,True,True
P01_L020,P01,P01_L020_T007_A03,P01_L020_T007,6,41,169,0.013344432432432399,True,True
P01_L020,P01,P01_L020_T007_A03,P01_L020_T007,7,42,171,0.0066429324324324135,True,True
P01_L020,P01,P01_L020_T007_A03,P01_L020_T007,8,46,176,0.015218081081081065,True,True
P01_L020,P01,P01_L020_T007_A03,P01_L020_T007,9,52,187,0.003771202702702682,True,True
P01_L020,P01,P01_L020_T007_A03,P01_L020_T007,10,56,191,0.008639324324324304,True,True
P01_L020,P01,P01_L020_T007_A04,P01_L020_T007,1,12,62,0.0015033513513513126,False,True
P01_L020,P01,P01_L020_T007_A04,P01_L020_T007,2,16,74,0.003443972972972957,False,True
P01_L020,P01,P01_L020_T007_A04,P01_L020_T007,3,17,75,0.001714432432432387,False,True
P01_L020,P01,P01_L020_T007_A04,P01_L020_T007,4,21,87,0.003927540540540522,True,True
P01_L020,P01,P01_L020_T007_A04,P01_L020_T007,5,26,107,0.0009732837837837681,True,True
P01_L020,P01,P01_L020_T007_A04,P01_L020_T007,6,34,135,0.005107864864864851,True,True
P01_L020,P01,P01_L020_T007_A04,P01_L020_T007,7,36,148,0.002542729729729693,True,True
P01_L020,P01,P01_L020_T007_A04,P01_L020_T007,8,40,159,0.005825054054054019,True,True
P01_L020,P01,P01_L020_T007_A04,P01_L020_T007,9,46,170,0.0014435135135134644,True,True
P01_L020,P01,P01_L020_T007_A04,P01_L020_T007,10,50,182,0.003306891891891865,True,True
P01_L020,P01,P01_L020_T007_A04,P01_L020_T007,11,51,185,0.001646189189189207,True,True
P01_L020,P01,P01_L020_T008_A01,P01_L020_T008,1,9,28,0.003019945945945949,False,True
P01_L020,P01,P01_L020_T008_A01,P01_L020_T008,2,13,42,0.006918297297297268,False,True
P01_L020,P01,P01_L020_T008_A01,P01_L020_T008,3,14,44,0.003443972972972957,True,True
P01_L020,P01,P01_L020_T008_A01,P01_L020_T008,4,18,57,0.007889689189189164,True,True
P01_L020,P01,P01_L020_T008_A01,P01_L020_T008,5,21,60,0.003927527027027015,True,True
P01_L020,P01,P01_L020_T008_A01,P01_L020_T008,6,25,72,0.00899744594594594,True,True
P01_L020,P01,P01_L020_T008_A01,P01_L020_T008,7,26,76,0.004478986486486445,True,True
P01_L020,P01,P01_L020_T008_A01,P01_L020_T008,8,30,90,0.01026077027027024,True,True
P01_L020,P01,P01_L020_T008_A01,P01_L020_T008,9,38,138,0.002542729729729693,True,True
P01_L020,P01,P01_L020_T008_A01,P01_L020_T008,10,42,143,0.005825054054054019,True,True
P01_L020,P01,P01_L020_T008_A02,P01_L020_T008,1,8,47,0.003019945945945949,False,True
P01_L020,P01,P01_L020_T008_A02,P01_L020_T008,2,12,75,0.006918297297297268,False,True
P01_L020,P01,P01_L020_T008_A02,P01_L020_T008,3,15,101,0.003443972972972957,True,True
P01_L020,P01,P01_L020_T008_A02,P01_L020_T008,4,19,118,0.007889689189189164,True,True
P01_L020,P01,P01_L020_T008_A02,P01_L020_T008,5,27,137,0.0019551486486486013,True,True
P01_L020,P01,P01_L020_T008_A02,P01_L020_T008,6,31,149,0.004478986486486445,True,True
P01_L020,P01,P01_L020_T008_A02,P01_L020_T008,7,32,150,0.0022296621621621772,True,True
P01_L020,P01,P01_L020_T008_A02,P01_L020_T008,8,36,156,0.005107864864864851,True,True
P01_L020,P01,P01_L020_T008_A02,P01_L020_T008,9,37,158,0.002542729729729693,True,True
P01_L020,P01,P01_L020_T008_A02,P01_L020_T008,10,41,162,0.005825054054054019,True,True
P01_L020,P01,P01_L020_T008_A03,P01_L020_T008,1,12,34,0.0015033513513513126,False,True
P01_L020,P01,P01_L020_T008_A03,P01_L020_T008,2,16,45,0.003443972972972957,False,True
P01_L020,P01,P01_L020_T008_A03,P01_L020_T008,3,18,54,0.001714432432432387,True,True
P01_L020,P01,P01_L020_T008_A03,P01_L020_T008,4,22,70,0.003927540540540522,True,True
P01_L020,P01,P01_L020_T008_A03,P01_L020_T008,5,23,73,0.0019551486486486013,True,True
P01_L020,P01,P01_L020_T008_A03,P01_L020_T008,6,27,81,0.004478986486486445,True,True
P01_L020,P01,P01_L020_T008_A03,P01_L020_T008,7,30,88,0.0022296621621621772,True,True
P01_L020,P01,P01_L020_T008_A03,P01_L020_T008,8,34,97,0.005107864864864851,True,True
P01_L020,P01,P01_L020_T008_A03,P01_L020_T008,9,36,103,0.002542729729729693,True,True
P01_L020,P01,P01_L020_T008_A03,P01_L020_T008,10,40,116,0.005825054054054019,True,True
P01_L020,P01,P01_L020_T008_A04,P01_L020_T008,1,14,71,0.0015033513513513126,False,True
P01_L020,P01,P01_L020_T008_A04,P01_L020_T008,2,22,111,0.007889689189189164,False,True
P01_L020,P01,P01_L020_T008_A04,P01_L020_T008,3,27,122,0.0019551486486486013,True,True
P01_L020,P01,P01_L020_T008_A04,P01_L020_T008,4,31,132,0.004478986486486445,True,True
P01_L020,P01,P01_L020_T008_A04,P01_L020_T008,5,35,151,0.0022296621621621772,True,True
P01_L020,P01,P01_L020_T008_A04,P01_L020_T008,6,40,166,0.011701445945945934,True,True
P01_L020,P01,P01_L020_T008_A04,P01_L020_T008,7,49,175,0.0014435135135134644,True,True
P01_L020,P01,P01_L020_T008_A04,P01_L020_T008,8,55,181,0.0075756486486486625,True,True
P01_L020,P01,P01_L020_T008_A04,P01_L020_T008,9,56,182,0.003771202702702682,True,True
P01_L020,P01,P01_L020_T008_A04,P01_L020_T008,10,60,186,0.008639324324324304,True,True
P01_L025,P01,P01_L025_T001_A01,P01_L025_T001,1,8,40,0.0030199439775910808,False,True
P01_L025,P01,P01_L025_T001_A01,P01_L025_T001,2,12,87,0.006918291316526629,False,True
P01_L025,P01,P01_L025_T001_A01,P01_L025_T001,3,13,88,0.0034439635854342436,True,True
P01_L025,P01,P01_L025_T001_A01,P01_L025_T001,4,17,108,0.007889663865546289,True,True
P01_L025,P01,P01_L025_T001_A01,P01_L025_T001,5,18,110,0.003927521008403373,True,True
P01_L025,P01,P01_L025_T001_A01,P01_L025_T001,6,22,124,0.008997436974789925,True,True
P01_L025,P01,P01_L025_T001_A01,P01_L025_T001,7,23,131,0.00447897759103647,True,True
P01_L025,P01,P01_L025_T001_A01,P01_L025_T001,8,27,137,0.010260742296918797,True,True
P01_L025,P01,P01_L025_T001_A01,P01_L025_T001,9,29,145,0.005107857142857152,True,True
P01_L025,P01,P01_L025_T001_A01,P01_L025_T001,10,33,159,0.011701428571428628,True,True
P01_L025,P01,P01_L025_T001_A02,P01_L025_T001,1,8,28,0.0030199439775910808,False,True
P01_L025,P01,P01_L025_T001_A02,P01_L025_T001,2,12,48,0.006918291316526629,False,True
P01_L025,P01,P01_L025_T001_A02,P01_L025_T001,3,15,57,0.0034439635854342436,True,True
P01_L025,P01,P01_L025_T001_A02,P01_L025_T001,4,19,67,0.007889663865546289,True,True
P01_L025,P01,P01_L025_T001_A02,P01_L025_T001,5,21,76,0.003927521008403373,True,True
P01_L025,P01,P01_L025_T001_A02,P01_L025_T001,6,25,90,0.008997436974789925,True,True
P01_L025,P01,P01_L025_T001_A02,P01_L025_T001,7,26,97,0.00447897759103647,True,True
P01_L025,P01,P01_L025_T001_A02,P01_L025_T001,8,30,114,0.010260742296918797,True,True
P01_L025,P01,P01_L025_T001_A02,P01_L025_T001,9,37,130,0.0025427170868347697,True,True
P01_L025,P01,P01_L025_T001_A02,P01_L025_T001,10,41,147,0.005825028011204541,True,True
P01_L025,P01,P01_L025_T001_A03,P01_L025_T001,1,9,17,0.0030199439775910808,False,True
P01_L025,P01,P01_L025_T001_A03,P01_L025_T001,2,15,32,0.015848893557423034,False,True
P01_L025,P01,P01_L025_T001_A03,P01_L025_T001,3,18,38,0.007889677871148523,True,True
P01_L025,P01,P01_L025_T001_A03,P01_L025_T001,4,26,70,0.04140560224089639,True,True
P01_L025,P01,P01_L025_T001_A03,P01_L025_T001,5,31,94,0.010260742296918797,True,True
P01_L025,P01,P01_L025_T001_A03,P01_L025_T001,6,35,109,0.023506008403361353,True,True
P01_L025,P01,P01_L025_T001_A03,P01_L025_T001,7,38,121,0.011701428571428628,True,True
P01_L025,P01,P01_L025_T001_A03,P01_L025_T001,8,42,146,0.026806428571428637,True,True
P01_L025,P01,P01_L025_T001_A03,P01_L025_T001,9,46,156,0.013344397759103689,True,True
P01_L025,P01,P01_L025_T001_A03,P01_L025_T001,10,50,161,0.030570252100840356,True,True
P01_L025,P01,P01_L025_T001_A04,P01_L025_T001,1,8,46,0.0030199439775910808,False,True
P01_L025,P01,P01_L025_T001_A04,P01_L025_T001,2,12,56,0.006918291316526629,False,True
P01_L025,P01,P01_L025_T001_A04,P01_L025_T001,3,13,60,0.0034439635854342436,True,True
P01_L025,P01,P01_L025_T001_A04,P01_L025_T001,4,17,75,0.007889663865546289,True,True
P01_L025,P01,P01_L025_T001_A04,P01_L025_T001,5,18,78,0.003927521008403373,True,True
P01_L025,P01,P01_L025_T001_A04,P01_L025_T001,6,22,83,0.008997436974789925,True,True
P01_L025,P01,P01_L025_T001_A04,P01_L025_T001,7,24,93,0.00447897759103647,True,True
P01_L025,P01,P01_L025_T001_A04,P01_L025_T001,8,28,101,0.010260742296918797,True,True
P01_L025,P01,P01_L025_T001_A04,P01_L025_T001,9,31,129,0.005107857142857152,True,True
P01_L025,P01,P01_L025_T001_A04,P01_L025_T001,10,35,144,0.011701428571428628,True,True
P01_L025,P01,P01_L025_T002_A01,P01_L025_T002,1,12,72,0.0015033473389355846,False,True
P01_L025,P01,P01_L025_T002_A01,P01_L025_T002,2,19,127,0.018074173669467817,False,True
P01_L025,P01,P01_L025_T002_A01,P01_L025_T002,3,26,146,0.0044789635854342365,True,True
P01_L025,P01,P01_L025_T002_A01,P01_L025_T002,4,30,150,0.01026071428571433,True,True
P01_L025,P01,P01_L025_T002_A01,P01_L025_T002,5,36,156,0.0025427170868347697,True,True
P01_L025,P01,P01_L025_T002_A01,P01_L025_T002,6,42,162,0.013344369747899222,True,True
P01_L025,P01,P01_L025_T002_A01,P01_L025_T002,7,45,165,0.006642899159663917,True,True
P01_L025,P01,P01_L025_T002_A01,P01_L025_T002,8,49,169,0.015217997198879559,True,True
P01_L025,P01,P01_L025_T002_A01,P01_L025_T002,9,63,183,0.0009345378151260545,True,True
P01_L025,P01,P01_L025_T002_A01,P01_L025_T002,10,72,192,0.025739243697479056,True,True
P01_L025,P01,P01_L025_T002_A02,P01_L025_T002,1,8,31,0.0030199439775910808,False,True
P01_L025,P01,P01_L025_T002_A02,P01_L025_T002,2,12,40,0.006918291316526629,False,True
P01_L025,P01,P01_L025_T002_A02,P01_L025_T002,3,13,47,0.0034439635854342436,True,True
P01_L025,P01,P01_L025_T002_A02,P01_L025_T002,4,17,60,0.007889663865546289,True,True
P01_L025,P01,P01_L025_T002_A02,P01_L025_T002,5,20,67,0.003927521008403373,True,True
P01_L025,P01,P01_L025_T002_A02,P01_L025_T002,6,24,77,0.008997436974789925,True,True
P01_L025,P01,P01_L025_T002_A02,P01_L025_T002,7,25,78,0.00447897759103647,True,True
P01_L025,P01,P01_L025_T002_A02,P01_L025_T002,8,29,100,0.010260742296918797,True,True
P01_L025,P01,P01_L025_T002_A02,P01_L025_T002,9,34,111,0.0025427170868347697,True,True
P01_L025,P01,P01_L025_T002_A02,P01_L025_T002,10,38,122,0.005825028011204541,True,True
P01_L025,P01,P01_L025_T002_A03,P01_L025_T002,1,8,33,0.0030199439775910808,False,True
P01_L025,P01,P01_L025_T002_A03,P01_L025_T002,2,12,52,0.006918291316526629,False,True
P01_L025,P01,P01_L025_T002_A03,P01_L025_T002,3,14,56,0.0034439635854342436,True,True
P01_L025,P01,P01_L025_T002_A03,P01_L025_T002,4,18,63,0.007889663865546289,True,True
P01_L025,P01,P01_L025_T002_A03,P01_L025_T002,5,19,64,0.003927521008403373,True,True
P01_L025,P01,P01_L025_T002_A03,P01_L025_T002,6,23,79,0.008997436974789925,True,True
P01_L025,P01,P01_L025_T002_A03,P01_L025_T002,7,25,87,0.00447897759103647,True,True
P01_L025,P01,P01_L025_T002_A03,P01_L025_T002,8,29,110,0.010260742296918797,True,True
P01_L025,P01,P01_L025_T002_A03,P01_L025_T002,9,32,119,0.005107857142857152,True,True
P01_L025,P01,P01_L025_T002_A03,P01_L025_T002,10,36,126,0.011701428571428628,True,True
P01_L025,P01,P01_L025_T002_A04,P01_L025_T002,1,8,25,0.0030199439775910808,False,True
P01_L025,P01,P01_L025_T002_A04,P01_L025_T002,2,12,41,0.006918291316526629,False,True
P01_L025,P01,P01_L025_T002_A04,P01_L025_T002,3,14,46,0.0034439635854342436,True,True
P01_L025,P01,P01_L025_T002_A04,P01_L025_T002,4,18,73,0.007889663865546289,True,True
P01_L025,P01,P01_L025_T002_A04,P01_L025_T002,5,19,76,0.003927521008403373,True,True
P01_L025,P01,P01_L025_T002_A04,P01_L025_T002,6,23,86,0.008997436974789925,True,True
P01_L025,P01,P01_L025_T002_A04,P01_L025_T002,7,29,99,0.0022296638655462863,True,True
P01_L025,P01,P01_L025_T002_A04,P01_L025_T002,8,34,125,0.011701456582633095,True,True
P01_L025,P01,P01_L025_T002_A04,P01_L025_T002,9,39,135,0.002899747899159688,True,True
P01_L025,P01,P01_L025_T002_A04,P01_L025_T002,10,43,143,0.006642941176470618,True,True
P01_L025,P01,P01_L025_T003_A01,P01_L025_T003,1,8,17,0.0030199439775910808,False,True
P01_L025,P01,P01_L025_T003_A01,P01_L025_T003,2,12,28,0.006918291316526629,False,True
P01_L025,P01,P01_L025_T003_A01,P01_L025_T003,3,17,51,0.0017144257703081314,False,True
P01_L025,P01,P01_L025_T003_A01,P01_L025_T003,4,23,81,0.008997436974789925,True,True
P01_L025,P01,P01_L025_T003_A01,P01_L025_T003,5,27,107,0.00447897759103647,True,True
P01_L025,P01,P01_L025_T003_A01,P01_L025_T003,6,31,119,0.010260742296918797,True,True
P01_L025,P01,P01_L025_T003_A01,P01_L025_T003,7,33,132,0.005107857142857152,True,True
P01_L025,P01,P01_L025_T003_A01,P01_L025_T003,8,37,146,0.011701428571428628,True,True
P01_L025,P01,P01_L025_T003_A01,P01_L025_T003,9,43,163,0.0028997338935574544,True,True
P01_L025,P01,P01_L025_T003_A01,P01_L025_T003,10,47,170,0.006642913165266151,True,True
P01_L025,P01,P01_L025_T003_A01,P01_L025_T003,11,48,171,0.0033068767507002795,True,True
P01_L025,P01,P01_L025_T003_A02,P01_L025_T003,1,8,26,0.0030199439775910808,False,True
P01_L025,P01,P01_L025_T003_A02,P01_L025_T003,2,12,39,0.006918291316526629,False,True
P01_L025,P01,P01_L025_T003_A02,P01_L025_T003,3,14,47,0.0034439635854342436,True,True
P01_L025,P01,P01_L025_T003_A02,P01_L025_T003,4,18,74,0.007889663865546289,True,True
P01_L025,P01,P01_L025_T003_A02,P01_L025_T003,5,19,76,0.003927521008403373,True,True
P01_L025,P01,P01_L025_T003_A02,P01_L025_T003,6,23,90,0.008997436974789925,True,True
P01_L025,P01,P01_L025_T003_A02,P01_L025_T003,7,24,92,0.00447897759103647,True,True
P01_L025,P01,P01_L025_T003_A02,P01_L025_T003,8,28,125,0.010260742296918797,True,True
P01_L025,P01,P01_L025_T003_A02,P01_L025_T003,9,30,136,0.005107857142857152,True,True
P01_L025,P01,P01_L025_T003_A02,P01_L025_T003,10,34,152,0.011701428571428628,True,True
P01_L025,P01,P01_L025_T003_A03,P01_L025_T003,1,9,52,0.0030199439775910808,False,True
P01_L025,P01,P01_L025_T003_A03,P01_L025_T003,2,13,58,0.006918291316526629,False,True
P01_L025,P01,P01_L025_T003_A03,P01_L025_T003,3,16,66,0.0034439635854342436,False,True
P01_L025,P01,P01_L025_T003_A03,P01_L025_T003,4,20,77,0.007889663865546289,True,True
P01_L025,P01,P01_L025_T003_A03,P01_L025_T003,5,21,80,0.003927521008403373,True,True
P01_L025,P01,P01_L025_T003_A03,P01_L025_T003,6,25,91,0.008997436974789925,True,True
P01_L025,P01,P01_L025_T003_A03,P01_L025_T003,7,26,93,0.00447897759103647,True,True
P01_L025,P01,P01_L025_T003_A03,P01_L025_T003,8,30,108,0.010260742296918797,True,True
P01_L025,P01,P01_L025_T003_A03,P01_L025_T003,9,35,120,0.0025427170868347697,True,True
P01_L025,P01,P01_L025_T003_A03,P01_L025_T003,10,39,133,0.005825028011204541,True,True
P01_L025,P01,P01_L025_T003_A03,P01_L025_T003,11,40,134,0.0028997338935574544,True,True
P01_L025,P01,P01_L025_T003_A04,P01_L025_T003,1,8,34,0.0030199439775910808,False,True
P01_L025,P01,P01_L025_T003_A04,P01_L025_T003,2,12,49,0.006918291316526629,False,True
P01_L025,P01,P01_L025_T003_A04,P01_L025_T003,3,13,55,0.0034439635854342436,True,True
P01_L025,P01,P01_L025_T003_A04,P01_L025_T003,4,17,79,0.007889663865546289,True,True
P01_L025,P01,P01_L025_T003_A04,P01_L025_T003,5,22,99,0.001955140056022443,True,True
P01_L025,P01,P01_L025_T003_A04,P01_L025_T003,6,29,124,0.01026071428571433,True,True
P01_L025,P01,P01_L025_T003_A04,P01_L025_T003,7,36,145,0.0025427170868347697,True,True
P01_L025,P01,P01_L025_T003_A04,P01_L025_T003,8,40,154,0.005825028011204541,True,True
P01_L025,P01,P01_L025_T003_A04,P01_L025_T003,9,42,158,0.0028997338935574544,True,True
P01_L025,P01,P01_L025_T003_A04,P01_L025_T003,10,46,167,0.006642913165266151,True,True
P01_L025,P01,P01_L025_T004_A01,P01_L025_T004,1,8,47,0.0030199439775910808,False,True
P01_L025,P01,P01_L025_T004_A01,P01_L025_T004,2,12,61,0.006918291316526629,False,True
P01_L025,P01,P01_L025_T004_A01,P01_L025_T004,3,14,75,0.0034439635854342436,True,True
P01_L025,P01,P01_L025_T004_A01,P01_L025_T004,4,18,92,0.007889663865546289,True,True
P01_L025,P01,P01_L025_T004_A01,P01_L025_T004,5,20,101,0.003927521008403373,True,True
P01_L025,P01,P01_L025_T004_A01,P01_L025_T004,6,24,113,0.008997436974789925,True,True
P01_L025,P01,P01_L025_T004_A01,P01_L025_T004,7,25,116,0.00447897759103647,True,True
P01_L025,P01,P01_L025_T004_A01,P01_L025_T004,8,29,126,0.010260742296918797,True,True
P01_L025,P01,P01_L025_T004_A01,P01_L025_T004,9,34,139,0.0025427170868347697,True,True
P01_L025,P01,P01_L025_T004_A01,P01_L025_T004,10,38,148,0.005825028011204541,True,True
P01_L025,P01,P01_L025_T004_A02,P01_L025_T004,1,9,28,0.0030199439775910808,False,True
P01_L025,P01,P01_L025_T004_A02,P01_L025_T004,2,13,37,0.006918291316526629,False,True
P01_L025,P01,P01_L025_T004_A02,P01_L025_T004,3,15,41,0.0034439635854342436,True,True
P01_L025,P01,P01_L025_T004_A02,P01_L025_T004,4,21,58,0.018074173669467817,True,True
P01_L025,P01,P01_L025_T004_A02,P01_L025_T004,5,26,82,0.0044789635854342365,True,True
P01_L025,P01,P01_L025_T004_A02,P01_L025_T004,6,30,91,0.01026071428571433,True,True
P01_L025,P01,P01_L025_T004_A02,P01_L025_T004,7,34,108,0.005107843137254918,True,True
P01_L025,P01,P01_L025_T004_A02,P01_L025_T004,8,38,125,0.01170138655462185,True,True
P01_L025,P01,P01_L025_T004_A02,P01_L025_T004,9,45,147,0.002899719887955221,True,True
P01_L025,P01,P01_L025_T004_A02,P01_L025_T004,10,51,163,0.015217941176470625,True,True
P01_L025,P01,P01_L025_T004_A03,P01_L025_T004,1,8,23,0.0030199439775910808,False,True
P01_L025,P01,P01_L025_T004_A03,P01_L025_T004,2,12,40,0.006918291316526629,False,True
P01_L025,P01,P01_L025_T004_A03,P01_L025_T004,3,13,43,0.0034439635854342436,True,True
P01_L025,P01,P01_L025_T004_A03,P01_L025_T004,4,17,55,0.007889663865546289,True,True
P01_L025,P01,P01_L025_T004_A03,P01_L025_T004,5,21,69,0.003927521008403373,True,True
P01_L025,P01,P01_L025_T004_A03,P01_L025_T004,6,25,80,0.008997436974789925,True,True
P01_L025,P01,P01_L025_T004_A03,P01_L025_T004,7,27,84,0.00447897759103647,True,True
P01_L025,P01,P01_L025_T004_A03,P01_L025_T004,8,31,100,0.010260742296918797,True,True
P01_L025,P01,P01_L025_T004_A03,P01_L025_T004,9,33,105,0.005107857142857152,True,True
P01_L025,P01,P01_L025_T004_A03,P01_L025_T004,10,37,129,0.011701428571428628,True,True
P01_L025,P01,P01_L025_T004_A04,P01_L025_T004,1,9,60,0.0030199439775910808,False,True
P01_L025,P01,P01_L025_T004_A04,P01_L025_T004,2,13,77,0.006918291316526629,False,True
P01_L025,P01,P01_L025_T004_A04,P01_L025_T004,3,14,78,0.0034439635854342436,False,True
P01_L025,P01,P01_L025_T004_A04,P01_L025_T004,4,18,98,0.007889663865546289,True,True
P01_L025,P01,P01_L025_T004_A04,P01_L025_T004,5,20,106,0.003927521008403373,True,True
P01_L025,P01,P01_L025_T004_A04,P01_L025_T004,6,24,127,0.008997436974789925,True,True
P01_L025,P01,P01_L025_T004_A04,P01_L025_T004,7,30,155,0.0022296638655462863,True,True
P01_L025,P01,P01_L025_T004_A04,P01_L025_T004,8,34,161,0.005107871148459385,True,True
P01_L025,P01,P01_L025_T004_A04,P01_L025_T004,9,38,168,0.0025427310924370033,True,True
P01_L025,P01,P01_L025_T004_A04,P01_L025_T004,10,42,172,0.005825056022409008,True,True
P01_L025,P01,P01_L025_T004_A04,P01_L025_T004,11,43,173,0.002899747899159688,True,True
P01_L025,P01,P01_L025_T005_A01,P01_L025_T005,1,8,52,0.0030199439775910808,False,True
P01_L025,P01,P01_L025_T005_A01,P01_L025_T005,2,12,58,0.006918291316526629,False,True
P01_L025,P01,P01_L025_T005_A01,P01_L025_T005,3,14,61,0.0034439635854342436,True,True
P01_L025,P01,P01_L025_T005_A01,P01_L025_T005,4,18,70,0.007889663865546289,True,True
P01_L025,P01,P01_L025_T005_A01,P01_L025_T005,5,20,75,0.003927521008403373,True,True
P01_L025,P01,P01_L025_T005_A01,P01_L025_T005,6,24,93,0.008997436974789925,True,True
P01_L025,P01,P01_L025_T005_A01,P01_L025_T005,7,35,129,0.0011099439775910775,True,True
P01_L025,P01,P01_L025_T005_A01,P01_L025_T005,8,40,145,0.005825056022409008,True,True
P01_L025,P01,P01_L025_T005_A01,P01_L025_T005,9,43,153,0.002899747899159688,True,True
P01_L025,P01,P01_L025_T005_A01,P01_L025_T005,10,47,162,0.006642941176470618,True,True
P01_L025,P01,P01_L025_T005_A02,P01_L025_T005,1,10,36,0.0030199439775910808,False,True
P01_L025,P01,P01_L025_T005_A02,P01_L025_T005,2,14,49,0.006918291316526629,False,True
P01_L025,P01,P01_L025_T005_A02,P01_L025_T005,3,15,50,0.0034439635854342436,False,True
P01_L025,P01,P01_L025_T005_A02,P01_L025_T005,4,19,65,0.007889663865546289,True,True
P01_L025,P01,P01_L025_T005_A02,P01_L025_T005,5,20,71,0.003927521008403373,True,True
P01_L025,P01,P01_L025_T005_A02,P01_L025_T005,6,24,82,0.008997436974789925,True,True
P01_L025,P01,P01_L025_T005_A02,P01_L025_T005,7,25,95,0.00447897759103647,True,True
P01_L025,P01,P01_L025_T005_A02,P01_L025_T005,8,29,117,0.010260742296918797,True,True
P01_L025,P01,P01_L025_T005_A02,P01_L025_T005,9,38,156,0.0012657843137255265,True,True
P01_L025,P01,P01_L025_T005_A02,P01_L025_T005,10,44,166,0.006642941176470618,True,True
P01_L025,P01,P01_L025_T005_A02,P01_L025_T005,11,45,167,0.003306890756302591,True,True
P01_L025,P01,P01_L025_T005_A03,P01_L025_T005,1,9,17,0.0030199439775910808,False,True
P01_L025,P01,P01_L025_T005_A03,P01_L025_T005,2,13,25,0.006918291316526629,False,True
P01_L025,P01,P01_L025_T005_A03,P01_L025_T005,3,15,34,0.0034439635854342436,True,True
P01_L025,P01,P01_L025_T005_A03,P01_L025_T005,4,19,56,0.007889663865546289,True,True
P01_L025,P01,P01_L025_T005_A03,P01_L025_T005,5,20,60,0.003927521008403373,True,True
P01_L025,P01,P01_L025_T005_A03,P01_L025_T005,6,24,85,0.008997436974789925,True,True
P01_L025,P01,P01_L025_T005_A03,P01_L025_T005,7,25,94,0.00447897759103647,True,True
P01_L025,P01,P01_L025_T005_A03,P01_L025_T005,8,29,104,0.010260742296918797,True,True
P01_L025,P01,P01_L025_T005_A03,P01_L025_T005,9,34,120,0.0025427170868347697,True,True
P01_L025,P01,P01_L025_T005_A03,P01_L025_T005,10,38,141,0.005825028011204541,True,True
P01_L025,P01,P01_L025_T005_A04,P01_L025_T005,1,9,45,0.0030199439775910808,False,True
P01_L025,P01,P01_L025_T005_A04,P01_L025_T005,2,13,72,0.006918291316526629,False,True
P01_L025,P01,P01_L025_T005_A04,P01_L025_T005,3,14,76,0.0034439635854342436,True,True
P01_L025,P01,P01_L025_T005_A04,P01_L025_T005,4,18,86,0.007889663865546289,True,True
P01_L025,P01,P01_L025_T005_A04,P01_L025_T005,5,19,88,0.003927521008403373,True,True
P01_L025,P01,P01_L025_T005_A04,P01_L025_T005,6,23,109,0.008997436974789925,True,True
P01_L025,P01,P01_L025_T005_A04,P01_L025_T005,7,24,111,0.00447897759103647,True,True
P01_L025,P01,P01_L025_T005_A04,P01_L025_T005,8,28,128,0.010260742296918797,True,True
P01_L025,P01,P01_L025_T005_A04,P01_L025_T005,9,29,134,0.005107857142857152,True,True
P01_L025,P01,P01_L025_T005_A04,P01_L025_T005,10,33,146,0.011701428571428628,True,True
P01_L025,P01,P01_L025_T006_A01,P01_L025_T006,1,13,48,0.007889691876750756,False,True
P01_L025,P01,P01_L025_T006_A01,P01_L025_T006,2,17,62,0.01807424369747906,False,True
P01_L025,P01,P01_L025_T006_A01,P01_L025_T006,3,23,95,0.004478991596638704,True,True
P01_L025,P01,P01_L025_T006_A01,P01_L025_T006,4,27,103,0.010260770308123264,True,True
P01_L025,P01,P01_L025_T006_A01,P01_L025_T006,5,29,112,0.005107871148459385,True,True
P01_L025,P01,P01_L025_T006_A01,P01_L025_T006,6,33,129,0.011701456582633095,True,True
P01_L025,P01,P01_L025_T006_A01,P01_L025_T006,7,34,136,0.005825056022409008,True,True
P01_L025,P01,P01_L025_T006_A01,P01_L025_T006,8,38,151,0.013344425770308156,True,True
P01_L025,P01,P01_L025_T006_A01,P01_L025_T006,9,43,174,0.003306890756302591,True,True
P01_L025,P01,P01_L025_T006_A01,P01_L025_T006,10,49,187,0.017354803921568674,True,True
P01_L025,P01,P01_L025_T006_A02,P01_L025_T006,1,14,71,0.003927535014005607,False,True
P01_L025,P01,P01_L025_T006_A02,P01_L025_T006,2,18,77,0.008997464985994392,False,True
P01_L025,P01,P01_L025_T006_A02,P01_L025_T006,3,23,98,0.0022296638655462863,False,True
P01_L025,P01,P01_L025_T006_A02,P01_L025_T006,4,27,113,0.005107871148459385,True,True
P01_L025,P01,P01_L025_T006_A02,P01_L025_T006,5,30,132,0.0025427310924370033,True,True
P01_L025,P01,P01_L025_T006_A02,P01_L025_T006,6,34,144,0.005825056022409008,True,True
P01_L025,P01,P01_L025_T006_A02,P01_L025_T006,7,36,163,0.002899747899159688,True,True
P01_L025,P01,P01_L025_T006_A02,P01_L025_T006,8,40,172,0.006642941176470618,True,True
P01_L025,P01,P01_L025_T006_A02,P01_L025_T006,9,41,178,0.003306890756302591,True,True
P01_L025,P01,P01_L025_T006_A02,P01_L025_T006,10,45,183,0.007575644257703148,True,True
P01_L025,P01,P01_L025_T006_A02,P01_L025_T006,11,46,185,0.003771204481792751,True,True
P01_L025,P01,P01_L025_T006_A03,P01_L025_T006,1,15,66,0.003927535014005607,False,True
P01_L025,P01,P01_L025_T006_A03,P01_L025_T006,2,19,83,0.008997464985994392,False,True
P01_L025,P01,P01_L025_T006_A03,P01_L025_T006,3,20,88,0.004478991596638704,True,True
P01_L025,P01,P01_L025_T006_A03,P01_L025_T006,4,24,93,0.010260770308123264,True,True
P01_L025,P01,P01_L025_T006_A03,P01_L025_T006,5,29,124,0.0025427310924370033,True,True
P01_L025,P01,P01_L025_T006_A03,P01_L025_T006,6,33,133,0.005825056022409008,True,True
P01_L025,P01,P01_L025_T006_A03,P01_L025_T006,7,35,135,0.002899747899159688,True,True
P01_L025,P01,P01_L025_T006_A03,P01_L025_T006,8,39,148,0.006642941176470618,True,True
P01_L025,P01,P01_L025_T006_A03,P01_L025_T006,9,41,153,0.003306890756302591,True,True
P01_L025,P01,P01_L025_T006_A03,P01_L025_T006,10,45,168,0.007575644257703148,True,True
P01_L025,P01,P01_L025_T006_A04,P01_L025_T006,1,14,42,0.003927535014005607,False,True
P01_L025,P01,P01_L025_T006_A04,P01_L025_T006,2,18,58,0.008997464985994392,False,True
P01_L025,P01,P01_L025_T006_A04,P01_L025_T006,3,19,59,0.004478991596638704,True,True
P01_L025,P01,P01_L025_T006_A04,P01_L025_T006,4,23,75,0.010260770308123264,True,True
P01_L025,P01,P01_L025_T006_A04,P01_L025_T006,5,24,76,0.005107871148459385,True,True
P01_L025,P01,P01_L025_T006_A04,P01_L025_T006,6,28,106,0.011701456582633095,True,True
P01_L025,P01,P01_L025_T006_A04,P01_L025_T006,7,32,115,0.005825056022409008,True,True
P01_L025,P01,P01_L025_T006_A04,P01_L025_T006,8,36,125,0.013344425770308156,True,True
P01_L025,P01,P01_L025_T006_A04,P01_L025_T006,9,40,152,0.006642927170868384,True,True
P01_L025,P01,P01_L025_T006_A04,P01_L025_T006,10,44,161,0.015218067226890805,True,True
P01_L025,P01,P01_L025_T007_A01,P01_L025_T007,1,8,20,0.0030199439775910808,False,True
P01_L025,P01,P01_L025_T007_A01,P01_L025_T007,2,12,36,0.006918291316526629,False,True
P01_L025,P01,P01_L025_T007_A01,P01_L025_T007,3,13,38,0.0034439635854342436,True,True
P01_L025,P01,P01_L025_T007_A01,P01_L025_T007,4,17,46,0.007889663865546289,True,True
P01_L025,P01,P01_L025_T007_A01,P01_L025_T007,5,19,55,0.003927521008403373,True,True
P01_L025,P01,P01_L025_T007_A01,P01_L025_T007,6,23,69,0.008997436974789925,True,True
P01_L025,P01,P01_L025_T007_A01,P01_L025_T007,7,25,78,0.00447897759103647,True,True
P01_L025,P01,P01_L025_T007_A01,P01_L025_T007,8,29,93,0.010260742296918797,True,True
P01_L025,P01,P01_L025_T007_A01,P01_L025_T007,9,34,103,0.0025427170868347697,True,True
P01_L025,P01,P01_L025_T007_A01,P01_L025_T007,10,38,126,0.005825028011204541,True,True
P01_L025,P01,P01_L025_T007_A02,P01_L025_T007,1,8,22,0.0030199439775910808,False,True
P01_L025,P01,P01_L025_T007_A02,P01_L025_T007,2,16,45,0.015848893557423034,False,True
P01_L025,P01,P01_L025_T007_A02,P01_L025_T007,3,21,56,0.003927521008403373,True,True
P01_L025,P01,P01_L025_T007_A02,P01_L025_T007,4,28,74,0.020611932773109274,True,True
P01_L025,P01,P01_L025_T007_A02,P01_L025_T007,5,30,77,0.010260742296918797,True,True
P01_L025,P01,P01_L025_T007_A02,P01_L025_T007,6,34,84,0.023506008403361353,True,True
P01_L025,P01,P01_L025_T007_A02,P01_L025_T007,7,36,102,0.011701428571428628,True,True
P01_L025,P01,P01_L025_T007_A02,P01_L025_T007,8,40,117,0.026806428571428637,True,True
P01_L025,P01,P01_L025_T007_A02,P01_L025_T007,9,49,137,0.0033068767507002795,True,True
P01_L025,P01,P01_L025_T007_A02,P01_L025_T007,10,54,154,0.01735473389355743,True,True
P01_L025,P01,P01_L025_T007_A03,P01_L025_T007,1,8,67,0.0030199439775910808,False,True
P01_L025,P01,P01_L025_T007_A03,P01_L025_T007,2,13,90,0.015848893557423034,False,True
P01_L025,P01,P01_L025_T007_A03,P01_L025_T007,3,20,118,0.003927521008403373,True,True
P01_L025,P01,P01_L025_T007_A03,P01_L025_T007,4,24,128,0.008997436974789925,True,True
P01_L025,P01,P01_L025_T007_A03,P01_L025_T007,5,25,130,0.00447897759103647,True,True
P01_L025,P01,P01_L025_T007_A03,P01_L025_T007,6,29,151,0.010260742296918797,True,True
P01_L025,P01,P01_L025_T007_A03,P01_L025_T007,7,32,157,0.005107857142857152,True,True
P01_L025,P01,P01_L025_T007_A03,P01_L025_T007,8,36,169,0.011701428571428628,True,True
P01_L025,P01,P01_L025_T007_A03,P01_L025_T007,9,38,173,0.005825042016806775,True,True
P01_L025,P01,P01_L025_T007_A03,P01_L025_T007,10,42,177,0.013344397759103689,True,True
P01_L025,P01,P01_L025_T007_A04,P01_L025_T007,1,9,49,0.0030199439775910808,False,True
P01_L025,P01,P01_L025_T007_A04,P01_L025_T007,2,13,73,0.006918291316526629,False,True
P01_L025,P01,P01_L025_T007_A04,P01_L025_T007,3,15,81,0.0034439635854342436,False,True
P01_L025,P01,P01_L025_T007_A04,P01_L025_T007,4,19,96,0.007889663865546289,True,True
P01_L025,P01,P01_L025_T007_A04,P01_L025_T007,5,20,108,0.003927521008403373,True,True
P01_L025,P01,P01_L025_T007_A04,P01_L025_T007,6,24,133,0.008997436974789925,True,True
P01_L025,P01,P01_L025_T007_A04,P01_L025_T007,7,25,139,0.00447897759103647,True,True
P01_L025,P01,P01_L025_T007_A04,P01_L025_T007,8,29,145,0.010260742296918797,True,True
P01_L025,P01,P01_L025_T007_A04,P01_L025_T007,9,35,162,0.0025427170868347697,True,True
P01_L025,P01,P01_L025_T007_A04,P01_L025_T007,10,39,167,0.005825028011204541,True,True
P01_L025,P01,P01_L025_T007_A04,P01_L025_T007,11,40,171,0.0028997338935574544,True,True
P01_L025,P01,P01_L025_T008_A01,P01_L025_T008,1,9,28,0.0030199439775910808,False,True
P01_L025,P01,P01_L025_T008_A01,P01_L025_T008,2,13,41,0.006918291316526629,False,True
P01_L025,P01,P01_L025_T008_A01,P01_L025_T008,3,14,42,0.0034439635854342436,True,True
P01_L025,P01,P01_L025_T008_A01,P01_L025_T008,4,18,57,0.007889663865546289,True,True
P01_L025,P01,P01_L025_T008_A01,P01_L025_T008,5,19,67,0.003927521008403373,True,True
P01_L025,P01,P01_L025_T008_A01,P01_L025_T008,6,23,82,0.008997436974789925,True,True
P01_L025,P01,P01_L025_T008_A01,P01_L025_T008,7,25,90,0.00447897759103647,True,True
P01_L025,P01,P01_L025_T008_A01,P01_L025_T008,8,29,104,0.010260742296918797,True,True
P01_L025,P01,P01_L025_T008_A01,P01_L025_T008,9,34,122,0.0025427170868347697,True,True
P01_L025,P01,P01_L025_T008_A01,P01_L025_T008,10,38,141,0.005825028011204541,True,True
P01_L025,P01,P01_L025_T008_A02,P01_L025_T008,1,8,18,0.0030199439775910808,False,True
P01_L025,P01,P01_L025_T008_A02,P01_L025_T008,2,12,40,0.006918291316526629,False,True
P01_L025,P01,P01_L025_T008_A02,P01_L025_T008,3,14,51,0.0034439635854342436,True,True
P01_L025,P01,P01_L025_T008_A02,P01_L025_T008,4,18,60,0.007889663865546289,True,True
P01_L025,P01,P01_L025_T008_A02,P01_L025_T008,5,20,65,0.003927521008403373,True,True
P01_L025,P01,P01_L025_T008_A02,P01_L025_T008,6,24,75,0.008997436974789925,True,True
P01_L025,P01,P01_L025_T008_A02,P01_L025_T008,7,25,77,0.00447897759103647,True,True
P01_L025,P01,P01_L025_T008_A02,P01_L025_T008,8,29,95,0.010260742296918797,True,True
P01_L025,P01,P01_L025_T008_A02,P01_L025_T008,9,35,113,0.0025427170868347697,True,True
P01_L025,P01,P01_L025_T008_A02,P01_L025_T008,10,39,138,0.005825028011204541,True,True
P01_L025,P01,P01_L025_T008_A03,P01_L025_T008,1,7,34,0.006918305322128862,False,True
P01_L025,P01,P01_L025_T008_A03,P01_L025_T008,2,11,59,0.0158489215686275,False,True
P01_L025,P01,P01_L025_T008_A03,P01_L025_T008,3,14,91,0.007889691876750756,True,True
P01_L025,P01,P01_L025_T008_A03,P01_L025_T008,4,18,116,0.01807424369747906,True,True
P01_L025,P01,P01_L025_T008_A03,P01_L025_T008,5,20,127,0.008997464985994392,True,True
P01_L025,P01,P01_L025_T008_A03,P01_L025_T008,6,24,134,0.02061200280112044,True,True
P01_L025,P01,P01_L025_T008_A03,P01_L025_T008,7,29,146,0.005107871148459385,True,True
P01_L025,P01,P01_L025_T008_A03,P01_L025_T008,8,33,156,0.011701456582633095,True,True
P01_L025,P01,P01_L025_T008_A03,P01_L025_T008,9,35,158,0.005825056022409008,True,True
P01_L025,P01,P01_L025_T008_A03,P01_L025_T008,10,42,168,0.030570308123249366,True,True
P01_L025,P01,P01_L025_T008_A04,P01_L025_T008,1,7,32,0.006918305322128862,False,True
P01_L025,P01,P01_L025_T008_A04,P01_L025_T008,2,11,44,0.0158489215686275,False,True
P01_L025,P01,P01_L025_T008_A04,P01_L025_T008,3,13,58,0.007889691876750756,True,True
P01_L025,P01,P01_L025_T008_A04,P01_L025_T008,4,17,69,0.01807424369747906,True,True
P01_L025,P01,P01_L025_T008_A04,P01_L025_T008,5,22,84,0.004478991596638704,True,True
P01_L025,P01,P01_L025_T008_A04,P01_L025_T008,6,30,102,0.023506064425770367,True,True
P01_L025,P01,P01_L025_T008_A04,P01_L025_T008,7,35,123,0.005825056022409008,True,True
P01_L025,P01,P01_L025_T008_A04,P01_L025_T008,8,39,147,0.013344425770308156,True,True
P01_L025,P01,P01_L025_T008_A04,P01_L025_T008,9,41,150,0.006642927170868384,True,True
P01_L025,P01,P01_L025_T008_A04,P01_L025_T008,10,45,159,0.015218067226890805,True,True
P01_L025,P01,P01_L025_T009_A01,P01_L025_T009,1,9,24,0.0030199439775910808,False,True
P01_L025,P01,P01_L025_T009_A01,P01_L025_T009,2,13,32,0.006918291316526629,False,True
P01_L025,P01,P01_L025_T009_A01,P01_L025_T009,3,14,43,0.0034439635854342436,True,True
P01_L025,P01,P01_L025_T009_A01,P01_L025_T009,4,18,54,0.007889663865546289,True,True
P01_L025,P01,P01_L025_T009_A01,P01_L025_T009,5,19,56,0.003927521008403373,True,True
P01_L025,P01,P01_L025_T009_A01,P01_L025_T009,6,23,103,0.008997436974789925,True,True
P01_L025,P01,P01_L025_T009_A01,P01_L025_T009,7,25,105,0.00447897759103647,True,True
P01_L025,P01,P01_L025_T009_A01,P01_L025_T009,8,29,119,0.010260742296918797,True,True
P01_L025,P01,P01_L025_T009_A01,P01_L025_T009,9,31,126,0.005107857142857152,True,True
P01_L025,P01,P01_L025_T009_A01,P01_L025_T009,10,35,140,0.011701428571428628,True,True
P01_L025,P01,P01_L025_T009_A02,P01_L025_T009,1,12,68,0.0015033473389355846,False,True
P01_L025,P01,P01_L025_T009_A02,P01_L025_T009,2,17,85,0.007889663865546289,False,True
P01_L025,P01,P01_L025_T009_A02,P01_L025_T009,3,18,88,0.003927521008403373,True,True
P01_L025,P01,P01_L025_T009_A02,P01_L025_T009,4,22,109,0.008997436974789925,True,True
P01_L025,P01,P01_L025_T009_A02,P01_L025_T009,5,28,130,0.0022296638655462863,True,True
P01_L025,P01,P01_L025_T009_A02,P01_L025_T009,6,32,143,0.005107871148459385,True,True
P01_L025,P01,P01_L025_T009_A02,P01_L025_T009,7,33,144,0.0025427310924370033,True,True
P01_L025,P01,P01_L025_T009_A02,P01_L025_T009,8,37,151,0.005825056022409008,True,True
P01_L025,P01,P01_L025_T009_A02,P01_L025_T009,9,38,152,0.002899747899159688,True,True
P01_L025,P01,P01_L025_T009_A02,P01_L025_T009,10,42,159,0.006642941176470618,True,True
P01_L025,P01,P01_L025_T009_A03,P01_L025_T009,1,8,34,0.0030199439775910808,False,True
P01_L025,P01,P01_L025_T009_A03,P01_L025_T009,2,16,55,0.015848893557423034,False,True
P01_L025,P01,P01_L025_T009_A03,P01_L025_T009,3,20,65,0.007889677871148523,True,True
P01_L025,P01,P01_L025_T009_A03,P01_L025_T009,4,24,74,0.018074201680672284,True,True
P01_L025,P01,P01_L025_T009_A03,P01_L025_T009,5,25,78,0.008997436974789925,True,True
P01_L025,P01,P01_L025_T009_A03,P01_L025_T009,6,29,90,0.020611932773109274,True,True
P01_L025,P01,P01_L025_T009_A03,P01_L025_T009,7,35,106,0.005107857142857152,True,True
P01_L025,P01,P01_L025_T009_A03,P01_L025_T009,8,39,116,0.011701428571428628,True,True
P01_L025,P01,P01_L025_T009_A03,P01_L025_T009,9,40,123,0.005825042016806775,True,True
P01_L025,P01,P01_L025_T009_A03,P01_L025_T009,10,44,138,0.013344397759103689,True,True
P01_L025,P01,P01_L025_T009_A04,P01_L025_T009,1,8,39,0.0030199439775910808,False,True
P01_L025,P01,P01_L025_T009_A04,P01_L025_T009,2,12,51,0.006918291316526629,False,True
P01_L025,P01,P01_L025_T009_A04,P01_L025_T009,3,13,57,0.0034439635854342436,True,True
P01_L025,P01,P01_L025_T009_A04,P01_L025_T009,4,17,66,0.007889663865546289,True,True
P01_L025,P01,P01_L025_T009_A04,P01_L025_T009,5,18,76,0.003927521008403373,True,True
P01_L025,P01,P01_L025_T009_A04,P01_L025_T009,6,22,84,0.008997436974789925,True,True
P01_L025,P01,P01_L025_T009_A04,P01_L025_T009,7,23,91,0.00447897759103647,True,True
P01_L025,P01,P01_L025_T009_A04,P01_L025_T009,8,28,124,0.023506008403361353,True,True
P01_L025,P01,P01_L025_T009_A04,P01_L025_T009,9,32,145,0.011701428571428628,True,True
P01_L025,P01,P01_L025_T009_A04,P01_L025_T009,10,36,158,0.026806428571428637,True,True
P01_L025,P01,P01_L025_T010_A01,P01_L025_T010,1,10,54,0.0030199439775910808,False,True
P01_L025,P01,P01_L025_T010_A01,P01_L025_T010,2,16,71,0.015848893557423034,False,True
P01_L025,P01,P01_L025_T010_A01,P01_L025_T010,3,18,94,0.007889677871148523,True,True
P01_L025,P01,P01_L025_T010_A01,P01_L025_T010,4,22,106,0.018074201680672284,True,True
P01_L025,P01,P01_L025_T010_A01,P01_L025_T010,5,24,115,0.008997436974789925,True,True
P01_L025,P01,P01_L025_T010_A01,P01_L025_T010,6,28,131,0.020611932773109274,True,True
P01_L025,P01,P01_L025_T010_A01,P01_L025_T010,7,30,144,0.010260742296918797,True,True
P01_L025,P01,P01_L025_T010_A01,P01_L025_T010,8,34,150,0.023506008403361353,True,True
P01_L025,P01,P01_L025_T010_A01,P01_L025_T010,9,40,161,0.005825042016806775,True,True
P01_L025,P01,P01_L025_T010_A01,P01_L025_T010,10,46,170,0.030570252100840356,True,True
P01_L025,P01,P01_L025_T010_A02,P01_L025_T010,1,8,26,0.0030199439775910808,False,True
P01_L025,P01,P01_L025_T010_A02,P01_L025_T010,2,12,34,0.006918291316526629,False,True
P01_L025,P01,P01_L025_T010_A02,P01_L025_T010,3,13,35,0.0034439635854342436,False,True
P01_L025,P01,P01_L025_T010_A02,P01_L025_T010,4,17,44,0.007889663865546289,True,True
P01_L025,P01,P01_L025_T010_A02,P01_L025_T010,5,19,49,0.003927521008403373,True,True
P01_L025,P01,P01_L025_T010_A02,P01_L025_T010,6,23,66,0.008997436974789925,True,True
P01_L025,P01,P01_L025_T010_A02,P01_L025_T010,7,25,76,0.00447897759103647,True,True
P01_L025,P01,P01_L025_T010_A02,P01_L025_T010,8,29,81,0.010260742296918797,True,True
P01_L025,P01,P01_L025_T010_A02,P01_L025_T010,9,30,85,0.005107857142857152,True,True
P01_L025,P01,P01_L025_T010_A02,P01_L025_T010,10,34,97,0.011701428571428628,True,True
P01_L025,P01,P01_L025_T010_A02,P01_L025_T010,11,35,103,0.005825042016806775,True,True
P01_L025,P01,P01_L025_T010_A03,P01_L025_T010,1,9,32,0.0030199439775910808,False,True
P01_L025,P01,P01_L025_T010_A03,P01_L025_T010,2,13,67,0.006918291316526629,False,True
P01_L025,P01,P01_L025_T010_A03,P01_L025_T010,3,15,82,0.0034439635854342436,True,True
P01_L025,P01,P01_L025_T010_A03,P01_L025_T010,4,19,87,0.007889663865546289,True,True
P01_L025,P01,P01_L025_T010_A03,P01_L025_T010,5,23,102,0.003927521008403373,True,True
P01_L025,P01,P01_L025_T010_A03,P01_L025_T010,6,27,114,0.008997436974789925,True,True
P01_L025,P01,P01_L025_T010_A03,P01_L025_T010,7,29,120,0.00447897759103647,True,True
P01_L025,P01,P01_L025_T010_A03,P01_L025_T010,8,33,126,0.010260742296918797,True,True
P01_L025,P01,P01_L025_T010_A03,P01_L025_T010,9,35,132,0.005107857142857152,True,True
P01_L025,P01,P01_L025_T010_A03,P01_L025_T010,10,39,142,0.011701428571428628,True,True
P01_L025,P01,P01_L025_T010_A04,P01_L025_T010,1,10,47,0.0030199439775910808,False,True
P01_L025,P01,P01_L025_T010_A04,P01_L025_T010,2,14,56,0.006918291316526629,False,True
P01_L025,P01,P01_L025_T010_A04,P01_L025_T010,3,20,75,0.0017144257703081314,False,True
P01_L025,P01,P01_L025_T010_A04,P01_L025_T010,4,26,110,0.008997436974789925,True,True
P01_L025,P01,P01_L025_T010_A04,P01_L025_T010,5,27,112,0.00447897759103647,True,True
P01_L025,P01,P01_L025_T010_A04,P01_L025_T010,6,31,124,0.010260742296918797,True,True
P01_L025,P01,P01_L025_T010_A04,P01_L025_T010,7,39,143,0.0025427170868347697,True,True
P01_L025,P01,P01_L025_T010_A04,P01_L025_T010,8,45,158,0.013344369747899222,True,True
P01_L025,P01,P01_L025_T010_A04,P01_L025_T010,9,50,172,0.0033068767507002795,True,True
P01_L025,P01,P01_L025_T010_A04,P01_L025_T010,10,54,177,0.007575616246498603,True,True
P01_L025,P01,P01_L025_T010_A04,P01_L025_T010,11,56,179,0.0037711904761905174,True,True
P01_L025,P01,P01_L025_T011_A01,P01_L025_T011,1,8,37,0.0030199439775910808,False,True
P01_L025,P01,P01_L025_T011_A01,P01_L025_T011,2,12,52,0.006918291316526629,False,True
P01_L025,P01,P01_L025_T011_A01,P01_L025_T011,3,15,66,0.0034439635854342436,False,True
P01_L025,P01,P01_L025_T011_A01,P01_L025_T011,4,19,79,0.007889663865546289,True,True
P01_L025,P01,P01_L025_T011_A01,P01_L025_T011,5,21,82,0.003927521008403373,True,True
P01_L025,P01,P01_L025_T011_A01,P01_L025_T011,6,25,91,0.008997436974789925,True,True
P01_L025,P01,P01_L025_T011_A01,P01_L025_T011,7,34,127,0.0011099439775910775,True,True
P01_L025,P01,P01_L025_T011_A01,P01_L025_T011,8,40,145,0.013344425770308156,True,True
P01_L025,P01,P01_L025_T011_A01,P01_L025_T011,9,46,162,0.003306890756302591,True,True
P01_L025,P01,P01_L025_T011_A01,P01_L025_T011,10,50,168,0.007575644257703148,True,True
P01_L025,P01,P01_L025_T011_A01,P01_L025_T011,11,51,169,0.003771204481792751,True,True
P01_L025,P01,P01_L025_T011_A02,P01_L025_T011,1,8,24,0.0030199439775910808,False,True
P01_L025,P01,P01_L025_T011_A02,P01_L025_T011,2,12,31,0.006918291316526629,False,True
P01_L025,P01,P01_L025_T011_A02,P01_L025_T011,3,13,36,0.0034439635854342436,True,True
P01_L025,P01,P01_L025_T011_A02,P01_L025_T011,4,17,43,0.007889663865546289,True,True
P01_L025,P01,P01_L025_T011_A02,P01_L025_T011,5,19,56,0.003927521008403373,True,True
P01_L025,P01,P01_L025_T011_A02,P01_L025_T011,6,23,69,0.008997436974789925,True,True
P01_L025,P01,P01_L025_T011_A02,P01_L025_T011,7,24,70,0.00447897759103647,True,True
P01_L025,P01,P01_L025_T011_A02,P01_L025_T011,8,28,94,0.010260742296918797,True,True
P01_L025,P01,P01_L025_T011_A02,P01_L025_T011,9,29,97,0.005107857142857152,True,True
P01_L025,P01,P01_L025_T011_A02,P01_L025_T011,10,33,112,0.011701428571428628,True,True
P01_L025,P01,P01_L025_T011_A03,P01_L025_T011,1,7,30,0.006918305322128862,False,True
P01_L025,P01,P01_L025_T011_A03,P01_L025_T011,2,11,47,0.0158489215686275,False,True
P01_L025,P01,P01_L025_T011_A03,P01_L025_T011,3,13,49,0.007889691876750756,True,True
P01_L025,P01,P01_L025_T011_A03,P01_L025_T011,4,17,60,0.01807424369747906,True,True
P01_L025,P01,P01_L025_T011_A03,P01_L025_T011,5,21,76,0.008997464985994392,True,True
P01_L025,P01,P01_L025_T011_A03,P01_L025_T011,6,25,89,0.02061200280112044,True,True
P01_L025,P01,P01_L025_T011_A03,P01_L025_T011,7,26,95,0.010260770308123264,True,True
P01_L025,P01,P01_L025_T011_A03,P01_L025_T011,8,30,124,0.023506064425770367,True,True
P01_L025,P01,P01_L025_T011_A03,P01_L025_T011,9,31,125,0.011701456582633095,True,True
P01_L025,P01,P01_L025_T011_A03,P01_L025_T011,10,35,141,0.02680648459383757,True,True
P01_L025,P01,P01_L025_T011_A04,P01_L025_T011,1,11,64,0.0030199439775910808,False,True
P01_L025,P01,P01_L025_T011_A04,P01_L025_T011,2,17,98,0.015848893557423034,False,True
P01_L025,P01,P01_L025_T011_A04,P01_L025_T011,3,25,118,0.003927521008403373,False,True
P01_L025,P01,P01_L025_T011_A04,P01_L025_T011,4,29,128,0.008997436974789925,True,True
P01_L025,P01,P01_L025_T011_A04,P01_L025_T011,5,30,129,0.00447897759103647,True,True
P01_L025,P01,P01_L025_T011_A04,P01_L025_T011,6,34,140,0.010260742296918797,True,True
P01_L025,P01,P01_L025_T011_A04,P01_L025_T011,7,40,151,0.0025427170868347697,True,True
P01_L025,P01,P01_L025_T011_A04,P01_L025_T011,8,44,157,0.005825028011204541,True,True
P01_L025,P01,P01_L025_T011_A04,P01_L025_T011,9,45,160,0.0028997338935574544,True,True
P01_L025,P01,P01_L025_T011_A04,P01_L025_T011,10,49,171,0.006642913165266151,True,True
P01_L025,P01,P01_L025_T011_A04,P01_L025_T011,11,51,173,0.0033068767507002795,True,True
P01_L038,P01,P01_L038_T001_A01,P01_L038_T001,1,7,18,0.006918307692307732,False,True
P01_L038,P01,P01_L038_T001_A01,P01_L038_T001,2,11,25,0.015848923076923118,False,True
P01_L038,P01,P01_L038_T001_A01,P01_L038_T001,3,13,28,0.007889692307692354,True,True
P01_L038,P01,P01_L038_T001_A01,P01_L038_T001,4,17,52,0.01807424615384617,True,True
P01_L038,P01,P01_L038_T001_A01,P01_L038_T001,5,22,80,0.0044789846153846765,True,True
P01_L038,P01,P01_L038_T001_A01,P01_L038_T001,6,29,102,0.02350603076923081,True,True
P01_L038,P01,P01_L038_T001_A01,P01_L038_T001,7,31,115,0.011701446153846204,True,True
P01_L038,P01,P01_L038_T001_A01,P01_L038_T001,8,35,130,0.02680646153846154,True,True
P01_L038,P01,P01_L038_T001_A01,P01_L038_T001,9,40,151,0.00664292307692314,True,True
P01_L038,P01,P01_L038_T001_A01,P01_L038_T001,10,45,167,0.0348625692307693,True,True
P01_L038,P01,P01_L038_T001_A02,P01_L038_T001,1,12,43,0.0034439692307693007,False,True
P01_L038,P01,P01_L038_T001_A02,P01_L038_T001,2,16,53,0.007889676923076978,False,True
P01_L038,P01,P01_L038_T001_A02,P01_L038_T001,3,21,71,0.001955138461538454,True,True
P01_L038,P01,P01_L038_T001_A02,P01_L038_T001,4,25,84,0.0044789692307693005,True,True
P01_L038,P01,P01_L038_T001_A02,P01_L038_T001,5,27,93,0.002229661538461534,True,True
P01_L038,P01,P01_L038_T001_A02,P01_L038_T001,6,31,109,0.005107861538461604,True,True
P01_L038,P01,P01_L038_T001_A02,P01_L038_T001,7,32,110,0.002542723076923116,True,True
P01_L038,P01,P01_L038_T001_A02,P01_L038_T001,8,36,116,0.005825046153846201,True,True
P01_L038,P01,P01_L038_T001_A02,P01_L038_T001,9,41,150,0.001443507692307713,True,True
P01_L038,P01,P01_L038_T001_A02,P01_L038_T001,10,47,170,0.007575646153846162,True,True
P01_L038,P01,P01_L038_T001_A03,P01_L038_T001,1,11,41,0.0034439692307693007,False,True
P01_L038,P01,P01_L038_T001_A03,P01_L038_T001,2,15,58,0.007889676923076978,False,True
P01_L038,P01,P01_L038_T001_A03,P01_L038_T001,3,17,67,0.003927523076923123,True,True
P01_L038,P01,P01_L038_T001_A03,P01_L038_T001,4,21,87,0.00899743076923079,True,True
P01_L038,P01,P01_L038_T001_A03,P01_L038_T001,5,24,97,0.0044789692307693005,True,True
P01_L038,P01,P01_L038_T001_A03,P01_L038_T001,6,28,122,0.010260723076923092,True,True
P01_L038,P01,P01_L038_T001_A03,P01_L038_T001,7,29,124,0.0051078461538462275,True,True
P01_L038,P01,P01_L038_T001_A03,P01_L038_T001,8,33,133,0.011701400000000075,True,True
P01_L038,P01,P01_L038_T001_A03,P01_L038_T001,9,34,135,0.005825030769230824,True,True
P01_L038,P01,P01_L038_T001_A03,P01_L038_T001,10,38,149,0.013344369230769298,True,True
P01_L038,P01,P01_L038_T001_A04,P01_L038_T001,1,16,85,0.0017144307692308091,False,True
P01_L038,P01,P01_L038_T001_A04,P01_L038_T001,2,23,119,0.008997476923076918,False,True
P01_L038,P01,P01_L038_T001_A04,P01_L038_T001,3,32,148,0.001109953846153849,False,True
P01_L038,P01,P01_L038_T001_A04,P01_L038_T001,4,37,163,0.005825107692307707,True,True
P01_L038,P01,P01_L038_T001_A04,P01_L038_T001,5,38,166,0.002899769230769306,True,True
P01_L038,P01,P01_L038_T001_A04,P01_L038_T001,6,42,175,0.006642984615384646,True,True
P01_L038,P01,P01_L038_T001_A04,P01_L038_T001,7,44,177,0.0033069230769231174,True,True
P01_L038,P01,P01_L038_T001_A04,P01_L038_T001,8,48,181,0.00757572307692313,True,True
P01_L038,P01,P01_L038_T001_A04,P01_L038_T001,9,55,188,0.0018773538461538738,True,True
P01_L038,P01,P01_L038_T001_A04,P01_L038_T001,10,59,192,0.00430076923076924,True,True
P01_L038,P01,P01_L038_T001_A04,P01_L038_T001,11,60,193,0.0021409538461539044,True,True
P01_L038,P01,P01_L038_T002_A01,P01_L038_T002,1,8,29,0.003019953846153859,False,True
P01_L038,P01,P01_L038_T002_A01,P01_L038_T002,2,12,46,0.006918307692307732,False,True
P01_L038,P01,P01_L038_T002_A01,P01_L038_T002,3,16,63,0.0034439692307693007,True,True
P01_L038,P01,P01_L038_T002_A01,P01_L038_T002,4,20,76,0.007889676923076978,True,True
P01_L038,P01,P01_L038_T002_A01,P01_L038_T002,5,26,99,0.001955138461538454,True,True
P01_L038,P01,P01_L038_T002_A01,P01_L038_T002,6,30,117,0.0044789692307693005,True,True
P01_L038,P01,P01_L038_T002_A01,P01_L038_T002,7,32,125,0.002229661538461534,True,True
P01_L038,P01,P01_L038_T002_A01,P01_L038_T002,8,36,150,0.005107861538461604,True,True
P01_L038,P01,P01_L038_T002_A01,P01_L038_T002,9,40,158,0.002542723076923116,True,True
P01_L038,P01,P01_L038_T002_A01,P01_L038_T002,10,44,164,0.005825046153846201,True,True
P01_L038,P01,P01_L038_T002_A02,P01_L038_T002,1,9,39,0.003019953846153859,False,True
P01_L038,P01,P01_L038_T002_A02,P01_L038_T002,2,13,45,0.006918307692307732,False,True
P01_L038,P01,P01_L038_T002_A02,P01_L038_T002,3,14,54,0.0034439692307693007,True,True
P01_L038,P01,P01_L038_T002_A02,P01_L038_T002,4,18,62,0.007889676923076978,True,True
P01_L038,P01,P01_L038_T002_A02,P01_L038_T002,5,20,75,0.003927523076923123,True,True
P01_L038,P01,P01_L038_T002_A02,P01_L038_T002,6,24,90,0.00899743076923079,True,True
P01_L038,P01,P01_L038_T002_A02,P01_L038_T002,7,29,108,0.002229661538461534,True,True
P01_L038,P01,P01_L038_T002_A02,P01_L038_T002,8,33,122,0.005107861538461604,True,True
P01_L038,P01,P01_L038_T002_A02,P01_L038_T002,9,34,123,0.002542723076923116,True,True
P01_L038,P01,P01_L038_T002_A02,P01_L038_T002,10,38,139,0.005825046153846201,True,True
P01_L038,P01,P01_L038_T002_A03,P01_L038_T002,1,8,16,0.003019953846153859,False,True
P01_L038,P01,P01_L038_T002_A03,P01_L038_T002,2,15,65,0.015848923076923118,False,True
P01_L038,P01,P01_L038_T002_A03,P01_L038_T002,3,18,74,0.007889692307692354,False,True
P01_L038,P01,P01_L038_T002_A03,P01_L038_T002,4,22,89,0.01807424615384617,True,True
P01_L038,P01,P01_L038_T002_A03,P01_L038_T002,5,26,105,0.008997461538461541,True,True
P01_L038,P01,P01_L038_T002_A03,P01_L038_T002,6,30,115,0.020612000000000023,True,True
P01_L038,P01,P01_L038_T002_A03,P01_L038_T002,7,36,132,0.00510787692307698,True,True
P01_L038,P01,P01_L038_T002_A03,P01_L038_T002,8,44,169,0.026806538461538507,True,True
P01_L038,P01,P01_L038_T002_A03,P01_L038_T002,9,53,179,0.0033068923076923643,True,True
P01_L038,P01,P01_L038_T002_A03,P01_L038_T002,10,57,187,0.007575646153846162,True,True
P01_L038,P01,P01_L038_T002_A03,P01_L038_T002,11,59,189,0.0037712,True,True
P01_L038,P01,P01_L038_T002_A04,P01_L038_T002,1,8,26,0.003019953846153859,False,True
P01_L038,P01,P01_L038_T002_A04,P01_L038_T002,2,12,47,0.006918307692307732,False,True
P01_L038,P01,P01_L038_T002_A04,P01_L038_T002,3,14,58,0.0034439692307693007,True,True
P01_L038,P01,P01_L038_T002_A04,P01_L038_T002,4,18,71,0.007889676923076978,True,True
P01_L038,P01,P01_L038_T002_A04,P01_L038_T002,5,22,94,0.003927523076923123,True,True
P01_L038,P01,P01_L038_T002_A04,P01_L038_T002,6,26,118,0.00899743076923079,True,True
P01_L038,P01,P01_L038_T002_A04,P01_L038_T002,7,31,141,0.002229661538461534,True,True
P01_L038,P01,P01_L038_T002_A04,P01_L038_T002,8,35,149,0.005107861538461604,True,True
P01_L038,P01,P01_L038_T002_A04,P01_L038_T002,9,38,159,0.002542723076923116,True,True
P01_L038,P01,P01_L038_T002_A04,P01_L038_T002,10,45,185,0.030570292307692343,True,True
P01_L038,P01,P01_L038_T003_A01,P01_L038_T003,1,9,29,0.003019953846153859,False,True
P01_L038,P01,P01_L038_T003_A01,P01_L038_T003,2,13,35,0.006918307692307732,False,True
P01_L038,P01,P01_L038_T003_A01,P01_L038_T003,3,16,43,0.0034439692307693007,True,True
P01_L038,P01,P01_L038_T003_A01,P01_L038_T003,4,20,61,0.007889676923076978,True,True
P01_L038,P01,P01_L038_T003_A01,P01_L038_T003,5,24,78,0.003927523076923123,True,True
P01_L038,P01,P01_L038_T003_A01,P01_L038_T003,6,28,91,0.00899743076923079,True,True
P01_L038,P01,P01_L038_T003_A01,P01_L038_T003,7,33,99,0.002229661538461534,True,True
P01_L038,P01,P01_L038_T003_A01,P01_L038_T003,8,37,120,0.005107861538461604,True,True
P01_L038,P01,P01_L038_T003_A01,P01_L038_T003,9,38,126,0.002542723076923116,True,True
P01_L038,P01,P01_L038_T003_A01,P01_L038_T003,10,42,138,0.005825046153846201,True,True
P01_L038,P01,P01_L038_T003_A02,P01_L038_T003,1,6,16,0.015848938461538495,False,True
P01_L038,P01,P01_L038_T003_A02,P01_L038_T003,2,10,31,0.036307815384615416,False,True
P01_L038,P01,P01_L038_T003_A02,P01_L038_T003,3,17,51,0.008997461538461541,True,True
P01_L038,P01,P01_L038_T003_A02,P01_L038_T003,4,21,63,0.020612000000000023,True,True
P01_L038,P01,P01_L038_T003_A02,P01_L038_T003,5,22,64,0.010260769230769223,True,True
P01_L038,P01,P01_L038_T003_A02,P01_L038_T003,6,26,85,0.023506061538461565,True,True
P01_L038,P01,P01_L038_T003_A02,P01_L038_T003,7,27,98,0.01170146153846158,True,True
P01_L038,P01,P01_L038_T003_A02,P01_L038_T003,8,31,106,0.026806492307692376,True,True
P01_L038,P01,P01_L038_T003_A02,P01_L038_T003,9,32,107,0.013344430769230803,True,True
P01_L038,P01,P01_L038_T003_A02,P01_L038_T003,10,36,119,0.030570323076923096,True,True
P01_L038,P01,P01_L038_T003_A03,P01_L038_T003,1,9,32,0.003019953846153859,False,True
P01_L038,P01,P01_L038_T003_A03,P01_L038_T003,2,13,50,0.006918307692307732,False,True
P01_L038,P01,P01_L038_T003_A03,P01_L038_T003,3,16,69,0.0034439692307693007,True,True
P01_L038,P01,P01_L038_T003_A03,P01_L038_T003,4,20,76,0.007889676923076978,True,True
P01_L038,P01,P01_L038_T003_A03,P01_L038_T003,5,26,115,0.001955138461538454,True,True
P01_L038,P01,P01_L038_T003_A03,P01_L038_T003,6,30,127,0.0044789692307693005,True,True
P01_L038,P01,P01_L038_T003_A03,P01_L038_T003,7,31,130,0.002229661538461534,True,True
P01_L038,P01,P01_L038_T003_A03,P01_L038_T003,8,37,147,0.011701430769230829,True,True
P01_L038,P01,P01_L038_T003_A03,P01_L038_T003,9,44,158,0.0028997384615384674,True,True
P01_L038,P01,P01_L038_T003_A03,P01_L038_T003,10,48,165,0.00664292307692314,True,True
P01_L038,P01,P01_L038_T003_A04,P01_L038_T003,1,9,68,0.003019953846153859,False,True
P01_L038,P01,P01_L038_T003_A04,P01_L038_T003,2,13,87,0.006918307692307732,False,True
P01_L038,P01,P01_L038_T003_A04,P01_L038_T003,3,14,88,0.0034439692307693007,False,True
P01_L038,P01,P01_L038_T003_A04,P01_L038_T003,4,18,113,0.007889676923076978,True,True
P01_L038,P01,P01_L038_T003_A04,P01_L038_T003,5,25,133,0.001955138461538454,True,True
P01_L038,P01,P01_L038_T003_A04,P01_L038_T003,6,31,150,0.010260723076923092,True,True
P01_L038,P01,P01_L038_T003_A04,P01_L038_T003,7,37,164,0.002542723076923116,True,True
P01_L038,P01,P01_L038_T003_A04,P01_L038_T003,8,41,169,0.005825046153846201,True,True
P01_L038,P01,P01_L038_T003_A04,P01_L038_T003,9,43,172,0.0028997384615384674,True,True
P01_L038,P01,P01_L038_T003_A04,P01_L038_T003,10,47,176,0.00664292307692314,True,True
P01_L038,P01,P01_L038_T003_A04,P01_L038_T003,11,50,179,0.0033068923076923643,True,True
P01_L038,P01,P01_L038_T004_A01,P01_L038_T004,1,7,29,0.006918307692307732,False,True
P01_L038,P01,P01_L038_T004_A01,P01_L038_T004,2,11,37,0.015848923076923118,False,True
P01_L038,P01,P01_L038_T004_A01,P01_L038_T004,3,16,53,0.0039275384615385,True,True
P01_L038,P01,P01_L038_T004_A01,P01_L038_T004,4,20,91,0.008997476923076918,True,True
P01_L038,P01,P01_L038_T004_A01,P01_L038_T004,5,21,96,0.004479000000000053,True,True
P01_L038,P01,P01_L038_T004_A01,P01_L038_T004,6,25,125,0.010260800000000061,True,True
P01_L038,P01,P01_L038_T004_A01,P01_L038_T004,7,26,135,0.005107892307692357,True,True
P01_L038,P01,P01_L038_T004_A01,P01_L038_T004,8,33,160,0.026806600000000014,True,True
P01_L038,P01,P01_L038_T004_A01,P01_L038_T004,9,38,166,0.006642953846153893,True,True
P01_L038,P01,P01_L038_T004_A01,P01_L038_T004,10,42,170,0.015218123076923102,True,True
P01_L038,P01,P01_L038_T004_A02,P01_L038_T004,1,10,22,0.003019953846153859,False,True
P01_L038,P01,P01_L038_T004_A02,P01_L038_T004,2,14,44,0.006918307692307732,False,True
P01_L038,P01,P01_L038_T004_A02,P01_L038_T004,3,22,79,0.0017144307692308091,True,True
P01_L038,P01,P01_L038_T004_A02,P01_L038_T004,4,26,93,0.0039275384615385,True,True
P01_L038,P01,P01_L038_T004_A02,P01_L038_T004,5,29,104,0.0019551538461539163,True,True
P01_L038,P01,P01_L038_T004_A02,P01_L038_T004,6,33,121,0.004479000000000053,True,True
P01_L038,P01,P01_L038_T004_A02,P01_L038_T004,7,35,124,0.0022296769230769962,True,True
P01_L038,P01,P01_L038_T004_A02,P01_L038_T004,8,39,137,0.005107892307692357,True,True
P01_L038,P01,P01_L038_T004_A02,P01_L038_T004,9,41,145,0.002542738461538493,True,True
P01_L038,P01,P01_L038_T004_A02,P01_L038_T004,10,45,156,0.005825076923076954,True,True
P01_L038,P01,P01_L038_T004_A03,P01_L038_T004,1,9,33,0.003019953846153859,False,True
P01_L038,P01,P01_L038_T004_A03,P01_L038_T004,2,13,54,0.006918307692307732,False,True
P01_L038,P01,P01_L038_T004_A03,P01_L038_T004,3,15,58,0.0034439692307693007,True,True
P01_L038,P01,P01_L038_T004_A03,P01_L038_T004,4,19,67,0.007889676923076978,True,True
P01_L038,P01,P01_L038_T004_A03,P01_L038_T004,5,24,84,0.001955138461538454,True,True
P01_L038,P01,P01_L038_T004_A03,P01_L038_T004,6,31,112,0.010260723076923092,True,True
P01_L038,P01,P01_L038_T004_A03,P01_L038_T004,7,32,114,0.0051078461538462275,True,True
P01_L038,P01,P01_L038_T004_A03,P01_L038_T004,8,36,131,0.011701400000000075,True,True
P01_L038,P01,P01_L038_T004_A03,P01_L038_T004,9,39,136,0.005825030769230824,True,True
P01_L038,P01,P01_L038_T004_A03,P01_L038_T004,10,43,155,0.013344369230769298,True,True
P01_L038,P01,P01_L038_T004_A04,P01_L038_T004,1,8,50,0.003019953846153859,False,True
P01_L038,P01,P01_L038_T004_A04,P01_L038_T004,2,12,57,0.006918307692307732,False,True
P01_L038,P01,P01_L038_T004_A04,P01_L038_T004,3,13,63,0.0034439692307693007,False,True
P01_L038,P01,P01_L038_T004_A04,P01_L038_T004,4,17,72,0.007889676923076978,True,True
P01_L038,P01,P01_L038_T004_A04,P01_L038_T004,5,18,78,0.003927523076923123,True,True
P01_L038,P01,P01_L038_T004_A04,P01_L038_T004,6,22,95,0.00899743076923079,True,True
P01_L038,P01,P01_L038_T004_A04,P01_L038_T004,7,27,110,0.002229661538461534,True,True
P01_L038,P01,P01_L038_T004_A04,P01_L038_T004,8,31,120,0.005107861538461604,True,True
P01_L038,P01,P01_L038_T004_A04,P01_L038_T004,9,32,127,0.002542723076923116,True,True
P01_L038,P01,P01_L038_T004_A04,P01_L038_T004,10,36,143,0.005825046153846201,True,True
P01_L038,P01,P01_L038_T004_A04,P01_L038_T004,11,37,149,0.0028997384615384674,True,True
P01_L050,P01,P01_L050_T001_A01,P01_L050_T001,1,7,24,0.006918305921052599,False,True
P01_L050,P01,P01_L050_T001_A01,P01_L050_T001,2,11,47,0.015848930921052648,False,True
P01_L050,P01,P01_L050_T001_A01,P01_L050_T001,3,12,48,0.007889687499999963,True,True
P01_L050,P01,P01_L050_T001_A01,P01_L050_T001,4,16,70,0.018074226973684143,True,True
P01_L050,P01,P01_L050_T001_A01,P01_L050_T001,5,17,71,0.008997450657894672,True,True
P01_L050,P01,P01_L050_T001_A01,P01_L050_T001,6,21,81,0.020611973684210527,True,True
P01_L050,P01,P01_L050_T001_A01,P01_L050_T001,7,27,107,0.005107861842105258,True,True
P01_L050,P01,P01_L050_T001_A01,P01_L050_T001,8,31,119,0.011701430921052604,True,True
P01_L050,P01,P01_L050_T001_A01,P01_L050_T001,9,32,121,0.005825032894736789,True,True
P01_L050,P01,P01_L050_T001_A01,P01_L050_T001,10,36,133,0.013344375000000006,True,True
P01_L050,P01,P01_L050_T001_A02,P01_L050_T001,1,8,28,0.0030199506578947226,False,True
P01_L050,P01,P01_L050_T001_A02,P01_L050_T001,2,13,52,0.015848930921052648,False,True
P01_L050,P01,P01_L050_T001_A02,P01_L050_T001,3,21,79,0.003927532894736805,True,True
P01_L050,P01,P01_L050_T001_A02,P01_L050_T001,4,25,94,0.008997450657894672,True,True
P01_L050,P01,P01_L050_T001_A02,P01_L050_T001,5,26,100,0.004478980263157847,True,True
P01_L050,P01,P01_L050_T001_A02,P01_L050_T001,6,30,106,0.010260756578947301,True,True
P01_L050,P01,P01_L050_T001_A02,P01_L050_T001,7,32,113,0.005107861842105258,True,True
P01_L050,P01,P01_L050_T001_A02,P01_L050_T001,8,36,127,0.011701430921052604,True,True
P01_L050,P01,P01_L050_T001_A02,P01_L050_T001,9,41,154,0.0028997368421052527,True,True
P01_L050,P01,P01_L050_T001_A02,P01_L050_T001,10,49,180,0.015218026315789416,True,True
P01_L050,P01,P01_L050_T001_A03,P01_L050_T001,1,10,29,0.0030199506578947226,False,True
P01_L050,P01,P01_L050_T001_A03,P01_L050_T001,2,14,43,0.006918305921052599,False,True
P01_L050,P01,P01_L050_T001_A03,P01_L050_T001,3,17,55,0.0034439802631578303,True,True
P01_L050,P01,P01_L050_T001_A03,P01_L050_T001,4,21,78,0.007889703947368374,True,True
P01_L050,P01,P01_L050_T001_A03,P01_L050_T001,5,24,97,0.003927532894736805,True,True
P01_L050,P01,P01_L050_T001_A03,P01_L050_T001,6,28,118,0.008997450657894672,True,True
P01_L050,P01,P01_L050_T001_A03,P01_L050_T001,7,31,136,0.004478980263157847,True,True
P01_L050,P01,P01_L050_T001_A03,P01_L050_T001,8,35,145,0.010260756578947301,True,True
P01_L050,P01,P01_L050_T001_A03,P01_L050_T001,9,42,158,0.0025427302631578987,True,True
P01_L050,P01,P01_L050_T001_A03,P01_L050_T001,10,49,178,0.013344457236842067,True,True
P01_L050,P01,P01_L050_T001_A04,P01_L050_T001,1,9,40,0.0030199506578947226,False,True
P01_L050,P01,P01_L050_T001_A04,P01_L050_T001,2,13,54,0.006918305921052599,False,True
P01_L050,P01,P01_L050_T001_A04,P01_L050_T001,3,14,57,0.0034439802631578303,True,True
P01_L050,P01,P01_L050_T001_A04,P01_L050_T001,4,18,76,0.007889703947368374,True,True
P01_L050,P01,P01_L050_T001_A04,P01_L050_T001,5,19,83,0.003927532894736805,True,True
P01_L050,P01,P01_L050_T001_A04,P01_L050_T001,6,23,96,0.008997450657894672,True,True
P01_L050,P01,P01_L050_T001_A04,P01_L050_T001,7,28,116,0.0022296546052631523,True,True
P01_L050,P01,P01_L050_T001_A04,P01_L050_T001,8,33,143,0.011701398026315781,True,True
P01_L050,P01,P01_L050_T001_A04,P01_L050_T001,9,42,174,0.0014435032894736968,True,True
P01_L050,P01,P01_L050_T001_A04,P01_L050_T001,10,48,187,0.007575608552631512,True,True
P01_L050,P01,P01_L050_T002_A01,P01_L050_T002,1,8,25,0.0030199506578947226,False,True
P01_L050,P01,P01_L050_T002_A01,P01_L050_T002,2,12,36,0.006918305921052599,False,True
P01_L050,P01,P01_L050_T002_A01,P01_L050_T002,3,14,45,0.0034439802631578303,True,True
P01_L050,P01,P01_L050_T002_A01,P01_L050_T002,4,18,62,0.007889703947368374,True,True
P01_L050,P01,P01_L050_T002_A01,P01_L050_T002,5,20,68,0.003927532894736805,True,True
P01_L050,P01,P01_L050_T002_A01,P01_L050_T002,6,24,81,0.008997450657894672,True,True
P01_L050,P01,P01_L050_T002_A01,P01_L050_T002,7,25,82,0.004478980263157847,True,True
P01_L050,P01,P01_L050_T002_A01,P01_L050_T002,8,29,94,0.010260756578947301,True,True
P01_L050,P01,P01_L050_T002_A01,P01_L050_T002,9,30,100,0.005107861842105258,True,True
P01_L050,P01,P01_L050_T002_A01,P01_L050_T002,10,34,110,0.011701430921052604,True,True
P01_L050,P01,P01_L050_T002_A02,P01_L050_T002,1,11,31,0.0030199506578947226,False,True
P01_L050,P01,P01_L050_T002_A02,P01_L050_T002,2,15,52,0.006918305921052599,False,True
P01_L050,P01,P01_L050_T002_A02,P01_L050_T002,3,16,53,0.0034439802631578303,True,True
P01_L050,P01,P01_L050_T002_A02,P01_L050_T002,4,20,65,0.007889703947368374,True,True
P01_L050,P01,P01_L050_T002_A02,P01_L050_T002,5,22,75,0.003927532894736805,True,True
P01_L050,P01,P01_L050_T002_A02,P01_L050_T002,6,26,80,0.008997450657894672,True,True
P01_L050,P01,P01_L050_T002_A02,P01_L050_T002,7,27,84,0.004478980263157847,True,True
P01_L050,P01,P01_L050_T002_A02,P01_L050_T002,8,31,101,0.010260756578947301,True,True
P01_L050,P01,P01_L050_T002_A02,P01_L050_T002,9,32,103,0.005107861842105258,True,True
P01_L050,P01,P01_L050_T002_A02,P01_L050_T002,10,36,115,0.011701430921052604,True,True
P01_L050,P01,P01_L050_T002_A03,P01_L050_T002,1,8,40,0.0030199506578947226,False,True
P01_L050,P01,P01_L050_T002_A03,P01_L050_T002,2,12,54,0.006918305921052599,False,True
P01_L050,P01,P01_L050_T002_A03,P01_L050_T002,3,14,59,0.0034439802631578303,True,True
P01_L050,P01,P01_L050_T002_A03,P01_L050_T002,4,18,89,0.007889703947368374,True,True
P01_L050,P01,P01_L050_T002_A03,P01_L050_T002,5,19,92,0.003927532894736805,True,True
P01_L050,P01,P01_L050_T002_A03,P01_L050_T002,6,23,118,0.008997450657894672,True,True
P01_L050,P01,P01_L050_T002_A03,P01_L050_T002,7,25,124,0.004478980263157847,True,True
P01_L050,P01,P01_L050_T002_A03,P01_L050_T002,8,29,131,0.010260756578947301,True,True
P01_L050,P01,P01_L050_T002_A03,P01_L050_T002,9,31,134,0.005107861842105258,True,True
P01_L050,P01,P01_L050_T002_A03,P01_L050_T002,10,35,140,0.011701430921052604,True,True
P01_L050,P01,P01_L050_T002_A04,P01_L050_T002,1,10,48,0.0030199506578947226,False,True
P01_L050,P01,P01_L050_T002_A04,P01_L050_T002,2,18,95,0.03630779605263157,False,True
P01_L050,P01,P01_L050_T002_A04,P01_L050_T002,3,24,117,0.008997450657894672,False,True
P01_L050,P01,P01_L050_T002_A04,P01_L050_T002,4,28,129,0.020611973684210527,True,True
P01_L050,P01,P01_L050_T002_A04,P01_L050_T002,5,29,130,0.010260756578947301,True,True
P01_L050,P01,P01_L050_T002_A04,P01_L050_T002,6,33,142,0.02350603618421049,True,True
P01_L050,P01,P01_L050_T002_A04,P01_L050_T002,7,38,147,0.0058250493421052015,True,True
P01_L050,P01,P01_L050_T002_A04,P01_L050_T002,8,44,153,0.030570312499999978,True,True
P01_L050,P01,P01_L050_T002_A04,P01_L050_T002,9,49,158,0.007575641447368428,True,True
P01_L050,P01,P01_L050_T002_A04,P01_L050_T002,10,53,162,0.017354786184210512,True,True
P01_L050,P01,P01_L050_T002_A04,P01_L050_T002,11,56,165,0.008639309210526315,True,True
P01_L050,P01,P01_L050_T003_A01,P01_L050_T003,1,8,35,0.0030199506578947226,False,True
P01_L050,P01,P01_L050_T003_A01,P01_L050_T003,2,12,42,0.006918305921052599,False,True
P01_L050,P01,P01_L050_T003_A01,P01_L050_T003,3,17,57,0.0017144407894736998,True,True
P01_L050,P01,P01_L050_T003_A01,P01_L050_T003,4,23,75,0.0089975,True,True
P01_L050,P01,P01_L050_T003_A01,P01_L050_T003,5,26,94,0.004479013157894672,True,True
P01_L050,P01,P01_L050_T003_A01,P01_L050_T003,6,30,108,0.010260822368421043,True,True
P01_L050,P01,P01_L050_T003_A01,P01_L050_T003,7,32,123,0.005107894736842083,True,True
P01_L050,P01,P01_L050_T003_A01,P01_L050_T003,8,36,140,0.011701513157894668,True,True
P01_L050,P01,P01_L050_T003_A01,P01_L050_T003,9,41,150,0.002899753289473665,True,True
P01_L050,P01,P01_L050_T003_A01,P01_L050_T003,10,45,159,0.0066429440789473795,True,True
P01_L050,P01,P01_L050_T003_A02,P01_L050_T003,1,8,25,0.0030199506578947226,False,True
P01_L050,P01,P01_L050_T003_A02,P01_L050_T003,2,14,51,0.015848930921052648,False,True
P01_L050,P01,P01_L050_T003_A02,P01_L050_T003,3,15,53,0.007889687499999963,False,True
P01_L050,P01,P01_L050_T003_A02,P01_L050_T003,4,19,76,0.018074226973684143,True,True
P01_L050,P01,P01_L050_T003_A02,P01_L050_T003,5,20,78,0.008997450657894672,True,True
P01_L050,P01,P01_L050_T003_A02,P01_L050_T003,6,24,103,0.020611973684210527,True,True
P01_L050,P01,P01_L050_T003_A02,P01_L050_T003,7,30,126,0.005107861842105258,True,True
P01_L050,P01,P01_L050_T003_A02,P01_L050_T003,8,34,146,0.011701430921052604,True,True
P01_L050,P01,P01_L050_T003_A02,P01_L050_T003,9,35,148,0.005825032894736789,True,True
P01_L050,P01,P01_L050_T003_A02,P01_L050_T003,10,39,171,0.013344375000000006,True,True
P01_L050,P01,P01_L050_T003_A02,P01_L050_T003,11,40,175,0.006642911184210463,True,True
P01_L050,P01,P01_L050_T003_A03,P01_L050_T003,1,10,50,0.0030199506578947226,False,True
P01_L050,P01,P01_L050_T003_A03,P01_L050_T003,2,14,65,0.006918305921052599,False,True
P01_L050,P01,P01_L050_T003_A03,P01_L050_T003,3,17,83,0.0034439802631578303,True,True
P01_L050,P01,P01_L050_T003_A03,P01_L050_T003,4,22,90,0.01807425986842106,True,True
P01_L050,P01,P01_L050_T003_A03,P01_L050_T003,5,28,98,0.004478996710526259,True,True
P01_L050,P01,P01_L050_T003_A03,P01_L050_T003,6,33,117,0.023506118421052644,True,True
P01_L050,P01,P01_L050_T003_A03,P01_L050_T003,7,36,128,0.011701480263157843,True,True
P01_L050,P01,P01_L050_T003_A03,P01_L050_T003,8,40,138,0.02680654605263158,True,True
P01_L050,P01,P01_L050_T003_A03,P01_L050_T003,9,46,167,0.0066429440789473795,True,True
P01_L050,P01,P01_L050_T003_A03,P01_L050_T003,10,50,172,0.01521810855263157,True,True
P01_L050,P01,P01_L050_T003_A04,P01_L050_T003,1,8,32,0.0030199506578947226,False,True
P01_L050,P01,P01_L050_T003_A04,P01_L050_T003,2,12,44,0.006918305921052599,False,True
P01_L050,P01,P01_L050_T003_A04,P01_L050_T003,3,14,58,0.0034439802631578303,True,True
P01_L050,P01,P01_L050_T003_A04,P01_L050_T003,4,18,71,0.007889703947368374,True,True
P01_L050,P01,P01_L050_T003_A04,P01_L050_T003,5,21,89,0.003927532894736805,True,True
P01_L050,P01,P01_L050_T003_A04,P01_L050_T003,6,25,111,0.008997450657894672,True,True
P01_L050,P01,P01_L050_T003_A04,P01_L050_T003,7,28,119,0.004478980263157847,True,True
P01_L050,P01,P01_L050_T003_A04,P01_L050_T003,8,32,141,0.010260756578947301,True,True
P01_L050,P01,P01_L050_T003_A04,P01_L050_T003,9,37,165,0.0025427302631578987,True,True
P01_L050,P01,P01_L050_T003_A04,P01_L050_T003,10,41,180,0.005825065789473705,True,True
P01_L050,P01,P01_L050_T004_A01,P01_L050_T004,1,8,31,0.0030199506578947226,False,True
P01_L050,P01,P01_L050_T004_A01,P01_L050_T004,2,12,51,0.006918305921052599,False,True
P01_L050,P01,P01_L050_T004_A01,P01_L050_T004,3,17,74,0.0017144407894736998,False,True
P01_L050,P01,P01_L050_T004_A01,P01_L050_T004,4,24,103,0.0089975,True,True
P01_L050,P01,P01_L050_T004_A01,P01_L050_T004,5,25,108,0.004479013157894672,True,True
P01_L050,P01,P01_L050_T004_A01,P01_L050_T004,6,29,122,0.010260822368421043,True,True
P01_L050,P01,P01_L050_T004_A01,P01_L050_T004,7,31,135,0.005107894736842083,True,True
P01_L050,P01,P01_L050_T004_A01,P01_L050_T004,8,35,158,0.011701513157894668,True,True
P01_L050,P01,P01_L050_T004_A01,P01_L050_T004,9,40,172,0.002899753289473665,True,True
P01_L050,P01,P01_L050_T004_A01,P01_L050_T004,10,44,176,0.0066429440789473795,True,True
P01_L050,P01,P01_L050_T004_A01,P01_L050_T004,11,47,179,0.0033068914473683864,True,True
P01_L050,P01,P01_L050_T004_A02,P01_L050_T004,1,7,20,0.006918305921052599,False,True
P01_L050,P01,P01_L050_T004_A02,P01_L050_T004,2,15,48,0.03630779605263157,False,True
P01_L050,P01,P01_L050_T004_A02,P01_L050_T004,3,21,67,0.008997450657894672,True,True
P01_L050,P01,P01_L050_T004_A02,P01_L050_T004,4,25,82,0.020611973684210527,True,True
P01_L050,P01,P01_L050_T004_A02,P01_L050_T004,5,26,86,0.010260756578947301,True,True
P01_L050,P01,P01_L050_T004_A02,P01_L050_T004,6,30,98,0.02350603618421049,True,True
P01_L050,P01,P01_L050_T004_A02,P01_L050_T004,7,35,129,0.0058250493421052015,True,True
P01_L050,P01,P01_L050_T004_A02,P01_L050_T004,8,40,151,0.030570312499999978,True,True
P01_L050,P01,P01_L050_T004_A02,P01_L050_T004,9,42,157,0.015218075657894745,True,True
P01_L050,P01,P01_L050_T004_A02,P01_L050_T004,10,46,169,0.03486259868421048,True,True
P01_L050,P01,P01_L050_T004_A03,P01_L050_T004,1,8,35,0.0030199506578947226,False,True
P01_L050,P01,P01_L050_T004_A03,P01_L050_T004,2,12,47,0.006918305921052599,False,True
P01_L050,P01,P01_L050_T004_A03,P01_L050_T004,3,15,58,0.0034439802631578303,False,True
P01_L050,P01,P01_L050_T004_A03,P01_L050_T004,4,19,79,0.007889703947368374,True,True
P01_L050,P01,P01_L050_T004_A03,P01_L050_T004,5,20,84,0.003927532894736805,True,True
P01_L050,P01,P01_L050_T004_A03,P01_L050_T004,6,24,105,0.008997450657894672,True,True
P01_L050,P01,P01_L050_T004_A03,P01_L050_T004,7,25,106,0.004478980263157847,True,True
P01_L050,P01,P01_L050_T004_A03,P01_L050_T004,8,29,127,0.010260756578947301,True,True
P01_L050,P01,P01_L050_T004_A03,P01_L050_T004,9,32,139,0.005107861842105258,True,True
P01_L050,P01,P01_L050_T004_A03,P01_L050_T004,10,36,165,0.011701430921052604,True,True
P01_L050,P01,P01_L050_T004_A03,P01_L050_T004,11,37,166,0.005825032894736789,True,True
P01_L050,P01,P01_L050_T004_A04,P01_L050_T004,1,12,56,0.0015033552631579026,False,True
P01_L050,P01,P01_L050_T004_A04,P01_L050_T004,2,16,66,0.0034439802631578303,False,True
P01_L050,P01,P01_L050_T004_A04,P01_L050_T004,3,18,76,0.0017144407894736998,True,True
P01_L050,P01,P01_L050_T004_A04,P01_L050_T004,4,23,93,0.0089975,True,True
P01_L050,P01,P01_L050_T004_A04,P01_L050_T004,5,25,100,0.004479013157894672,True,True
P01_L050,P01,P01_L050_T004_A04,P01_L050_T004,6,29,112,0.010260822368421043,True,True
P01_L050,P01,P01_L050_T004_A04,P01_L050_T004,7,32,120,0.005107894736842083,True,True
P01_L050,P01,P01_L050_T004_A04,P01_L050_T004,8,36,130,0.011701513157894668,True,True
P01_L050,P01,P01_L050_T004_A04,P01_L050_T004,9,42,148,0.002899753289473665,True,True
P01_L050,P01,P01_L050_T004_A04,P01_L050_T004,10,46,156,0.0066429440789473795,True,True
P01_L050,P01,P01_L050_T005_A01,P01_L050_T005,1,8,21,0.0030199506578947226,False,True
P01_L050,P01,P01_L050_T005_A01,P01_L050_T005,2,16,47,0.015848930921052648,False,True
P01_L050,P01,P01_L050_T005_A01,P01_L050_T005,3,21,66,0.003927532894736805,True,True
P01_L050,P01,P01_L050_T005_A01,P01_L050_T005,4,25,77,0.008997450657894672,True,True
P01_L050,P01,P01_L050_T005_A01,P01_L050_T005,5,26,78,0.004478980263157847,True,True
P01_L050,P01,P01_L050_T005_A01,P01_L050_T005,6,30,89,0.010260756578947301,True,True
P01_L050,P01,P01_L050_T005_A01,P01_L050_T005,7,32,100,0.005107861842105258,True,True
P01_L050,P01,P01_L050_T005_A01,P01_L050_T005,8,36,113,0.011701430921052604,True,True
P01_L050,P01,P01_L050_T005_A01,P01_L050_T005,9,39,129,0.005825032894736789,True,True
P01_L050,P01,P01_L050_T005_A01,P01_L050_T005,10,43,140,0.013344375000000006,True,True
P01_L050,P01,P01_L050_T005_A02,P01_L050_T005,1,8,35,0.0030199506578947226,False,True
P01_L050,P01,P01_L050_T005_A02,P01_L050_T005,2,17,67,0.03630779605263157,False,True
P01_L050,P01,P01_L050_T005_A02,P01_L050_T005,3,18,84,0.018074226973684143,True,True
P01_L050,P01,P01_L050_T005_A02,P01_L050_T005,4,22,98,0.0414056578947368,True,True
P01_L050,P01,P01_L050_T005_A02,P01_L050_T005,5,25,106,0.020611973684210527,True,True
P01_L050,P01,P01_L050_T005_A02,P01_L050_T005,6,29,128,0.04721930921052627,True,True
P01_L050,P01,P01_L050_T005_A02,P01_L050_T005,7,35,145,0.011701447368421018,True,True
P01_L050,P01,P01_L050_T005_A02,P01_L050_T005,8,39,159,0.026806463815789428,True,True
P01_L050,P01,P01_L050_T005_A02,P01_L050_T005,9,41,161,0.01334440789473683,True,True
P01_L050,P01,P01_L050_T005_A02,P01_L050_T005,10,48,171,0.07003246710526312,True,True
P01_L050,P01,P01_L050_T005_A03,P01_L050_T005,1,9,41,0.0030199506578947226,False,True
P01_L050,P01,P01_L050_T005_A03,P01_L050_T005,2,13,57,0.006918305921052599,False,True
P01_L050,P01,P01_L050_T005_A03,P01_L050_T005,3,16,65,0.0034439802631578303,True,True
P01_L050,P01,P01_L050_T005_A03,P01_L050_T005,4,20,81,0.007889703947368374,True,True
P01_L050,P01,P01_L050_T005_A03,P01_L050_T005,5,22,95,0.003927532894736805,True,True
P01_L050,P01,P01_L050_T005_A03,P01_L050_T005,6,26,110,0.008997450657894672,True,True
P01_L050,P01,P01_L050_T005_A03,P01_L050_T005,7,27,114,0.004478980263157847,True,True
P01_L050,P01,P01_L050_T005_A03,P01_L050_T005,8,31,126,0.010260756578947301,True,True
P01_L050,P01,P01_L050_T005_A03,P01_L050_T005,9,33,135,0.005107861842105258,True,True
P01_L050,P01,P01_L050_T005_A03,P01_L050_T005,10,37,151,0.011701430921052604,True,True
P01_L050,P01,P01_L050_T005_A04,P01_L050_T005,1,9,32,0.0030199506578947226,False,True
P01_L050,P01,P01_L050_T005_A04,P01_L050_T005,2,14,68,0.015848930921052648,False,True
P01_L050,P01,P01_L050_T005_A04,P01_L050_T005,3,18,73,0.007889687499999963,True,True
P01_L050,P01,P01_L050_T005_A04,P01_L050_T005,4,22,97,0.018074226973684143,True,True
P01_L050,P01,P01_L050_T005_A04,P01_L050_T005,5,24,111,0.008997450657894672,True,True
P01_L050,P01,P01_L050_T005_A04,P01_L050_T005,6,28,123,0.020611973684210527,True,True
P01_L050,P01,P01_L050_T005_A04,P01_L050_T005,7,33,150,0.005107861842105258,True,True
P01_L050,P01,P01_L050_T005_A04,P01_L050_T005,8,37,157,0.011701430921052604,True,True
P01_L050,P01,P01_L050_T005_A04,P01_L050_T005,9,40,170,0.005825032894736789,True,True
P01_L050,P01,P01_L050_T005_A04,P01_L050_T005,10,44,176,0.013344375000000006,True,True
P01_L050,P01,P01_L050_T006_A01,P01_L050_T006,1,11,37,0.0030199506578947226,False,True
P01_L050,P01,P01_L050_T006_A01,P01_L050_T006,2,18,55,0.015848930921052648,False,True
P01_L050,P01,P01_L050_T006_A01,P01_L050_T006,3,21,69,0.007889687499999963,True,True
P01_L050,P01,P01_L050_T006_A01,P01_L050_T006,4,25,84,0.018074226973684143,True,True
P01_L050,P01,P01_L050_T006_A01,P01_L050_T006,5,28,91,0.008997450657894672,True,True
P01_L050,P01,P01_L050_T006_A01,P01_L050_T006,6,32,109,0.020611973684210527,True,True
P01_L050,P01,P01_L050_T006_A01,P01_L050_T006,7,35,134,0.010260756578947301,True,True
P01_L050,P01,P01_L050_T006_A01,P01_L050_T006,8,39,151,0.02350603618421049,True,True
P01_L050,P01,P01_L050_T006_A01,P01_L050_T006,9,40,158,0.011701447368421018,True,True
P01_L050,P01,P01_L050_T006_A01,P01_L050_T006,10,44,166,0.026806463815789428,True,True
P01_L050,P01,P01_L050_T006_A02,P01_L050_T006,1,9,29,0.0030199506578947226,False,True
P01_L050,P01,P01_L050_T006_A02,P01_L050_T006,2,17,56,0.03630779605263157,False,True
P01_L050,P01,P01_L050_T006_A02,P01_L050_T006,3,25,83,0.008997450657894672,True,True
P01_L050,P01,P01_L050_T006_A02,P01_L050_T006,4,29,104,0.020611973684210527,True,True
P01_L050,P01,P01_L050_T006_A02,P01_L050_T006,5,36,121,0.005107861842105258,True,True
P01_L050,P01,P01_L050_T006_A02,P01_L050_T006,6,43,164,0.026806430921052605,True,True
P01_L050,P01,P01_L050_T006_A02,P01_L050_T006,7,49,178,0.006642911184210463,True,True
P01_L050,P01,P01_L050_T006_A02,P01_L050_T006,8,53,182,0.015218026315789416,True,True
P01_L050,P01,P01_L050_T006_A02,P01_L050_T006,9,54,184,0.0075756250000000155,True,True
P01_L050,P01,P01_L050_T006_A02,P01_L050_T006,10,58,188,0.01735475328947369,True,True
P01_L050,P01,P01_L050_T006_A03,P01_L050_T006,1,10,22,0.0030199506578947226,False,True
P01_L050,P01,P01_L050_T006_A03,P01_L050_T006,2,14,34,0.006918305921052599,False,True
P01_L050,P01,P01_L050_T006_A03,P01_L050_T006,3,15,48,0.0034439802631578303,True,True
P01_L050,P01,P01_L050_T006_A03,P01_L050_T006,4,19,74,0.007889703947368374,True,True
P01_L050,P01,P01_L050_T006_A03,P01_L050_T006,5,20,86,0.003927532894736805,True,True
P01_L050,P01,P01_L050_T006_A03,P01_L050_T006,6,24,101,0.008997450657894672,True,True
P01_L050,P01,P01_L050_T006_A03,P01_L050_T006,7,29,120,0.0022296546052631523,True,True
P01_L050,P01,P01_L050_T006_A03,P01_L050_T006,8,34,128,0.011701398026315781,True,True
P01_L050,P01,P01_L050_T006_A03,P01_L050_T006,9,40,142,0.00289972039473684,True,True
P01_L050,P01,P01_L050_T006_A03,P01_L050_T006,10,44,157,0.006642878289473638,True,True
P01_L050,P01,P01_L050_T006_A04,P01_L050_T006,1,11,63,0.0030199506578947226,False,True
P01_L050,P01,P01_L050_T006_A04,P01_L050_T006,2,15,80,0.006918305921052599,False,True
P01_L050,P01,P01_L050_T006_A04,P01_L050_T006,3,16,89,0.0034439802631578303,False,True
P01_L050,P01,P01_L050_T006_A04,P01_L050_T006,4,20,98,0.007889703947368374,True,True
P01_L050,P01,P01_L050_T006_A04,P01_L050_T006,5,22,115,0.003927532894736805,True,True
P01_L050,P01,P01_L050_T006_A04,P01_L050_T006,6,26,130,0.008997450657894672,True,True
P01_L050,P01,P01_L050_T006_A04,P01_L050_T006,7,27,133,0.004478980263157847,True,True
P01_L050,P01,P01_L050_T006_A04,P01_L050_T006,8,31,149,0.010260756578947301,True,True
P01_L050,P01,P01_L050_T006_A04,P01_L050_T006,9,37,174,0.0025427302631578987,True,True
P01_L050,P01,P01_L050_T006_A04,P01_L050_T006,10,41,190,0.005825065789473705,True,True
P01_L050,P01,P01_L050_T006_A04,P01_L050_T006,11,42,192,0.002899753289473665,True,True
P01_L072,P01,P01_L072_T001_A01,P01_L072_T001,1,7,21,0.006918314814814748,False,True
P01_L072,P01,P01_L072_T001_A01,P01_L072_T001,2,11,37,0.015848944444444454,False,True
P01_L072,P01,P01_L072_T001_A01,P01_L072_T001,3,18,88,0.0039275370370370315,True,True
P01_L072,P01,P01_L072_T001_A01,P01_L072_T001,4,22,108,0.008997462962962915,True,True
P01_L072,P01,P01_L072_T001_A01,P01_L072_T001,5,27,134,0.002229666666666615,True,True
P01_L072,P01,P01_L072_T001_A01,P01_L072_T001,6,31,146,0.0051078703703703,True,True
P01_L072,P01,P01_L072_T001_A01,P01_L072_T001,7,35,162,0.002542722222222178,True,True
P01_L072,P01,P01_L072_T001_A01,P01_L072_T001,8,43,173,0.013344388888888899,True,True
P01_L072,P01,P01_L072_T001_A01,P01_L072_T001,9,49,182,0.0033068703703703624,True,True
P01_L072,P01,P01_L072_T001_A01,P01_L072_T001,10,53,187,0.007575611111111092,True,True
P01_L072,P01,P01_L072_T001_A02,P01_L072_T001,1,10,25,0.0030199629629629595,False,True
P01_L072,P01,P01_L072_T001_A02,P01_L072_T001,2,14,43,0.006918333333333256,False,True
P01_L072,P01,P01_L072_T001_A02,P01_L072_T001,3,16,47,0.003443981481481469,True,True
P01_L072,P01,P01_L072_T001_A02,P01_L072_T001,4,20,63,0.00788970370370366,True,True
P01_L072,P01,P01_L072_T001_A02,P01_L072_T001,5,25,85,0.0019551481481481594,True,True
P01_L072,P01,P01_L072_T001_A02,P01_L072_T001,6,29,96,0.00447898148148142,True,True
P01_L072,P01,P01_L072_T001_A02,P01_L072_T001,7,30,97,0.002229666666666615,True,True
P01_L072,P01,P01_L072_T001_A02,P01_L072_T001,8,34,112,0.0051078703703703,True,True
P01_L072,P01,P01_L072_T001_A02,P01_L072_T001,9,36,116,0.002542722222222178,True,True
P01_L072,P01,P01_L072_T001_A02,P01_L072_T001,10,40,122,0.005825037037036958,True,True
P01_L072,P01,P01_L072_T001_A03,P01_L072_T001,1,10,35,0.0030199629629629595,False,True
P01_L072,P01,P01_L072_T001_A03,P01_L072_T001,2,14,60,0.006918333333333256,False,True
P01_L072,P01,P01_L072_T001_A03,P01_L072_T001,3,18,69,0.003443981481481469,True,True
P01_L072,P01,P01_L072_T001_A03,P01_L072_T001,4,22,75,0.00788970370370366,True,True
P01_L072,P01,P01_L072_T001_A03,P01_L072_T001,5,27,91,0.0019551481481481594,True,True
P01_L072,P01,P01_L072_T001_A03,P01_L072_T001,6,31,115,0.00447898148148142,True,True
P01_L072,P01,P01_L072_T001_A03,P01_L072_T001,7,37,131,0.001109944444444422,True,True
P01_L072,P01,P01_L072_T001_A03,P01_L072_T001,8,46,159,0.013344481481481443,True,True
P01_L072,P01,P01_L072_T001_A03,P01_L072_T001,9,52,179,0.00330690740740738,True,True
P01_L072,P01,P01_L072_T001_A03,P01_L072_T001,10,56,190,0.007575685185185126,True,True
P01_L072,P01,P01_L072_T001_A04,P01_L072_T001,1,6,32,0.015848925925925843,False,True
P01_L072,P01,P01_L072_T001_A04,P01_L072_T001,2,10,48,0.03630779629629621,False,True
P01_L072,P01,P01_L072_T001_A04,P01_L072_T001,3,13,67,0.018074240740740738,True,True
P01_L072,P01,P01_L072_T001_A04,P01_L072_T001,4,17,80,0.04140568518518515,True,True
P01_L072,P01,P01_L072_T001_A04,P01_L072_T001,5,24,105,0.01026077777777778,True,True
P01_L072,P01,P01_L072_T001_A04,P01_L072_T001,6,28,124,0.023506092592592533,True,True
P01_L072,P01,P01_L072_T001_A04,P01_L072_T001,7,29,132,0.011701462962962894,True,True
P01_L072,P01,P01_L072_T001_A04,P01_L072_T001,8,33,143,0.02680649999999994,True,True
P01_L072,P01,P01_L072_T001_A04,P01_L072_T001,9,34,145,0.013344425925925916,True,True
P01_L072,P01,P01_L072_T001_A04,P01_L072_T001,10,38,151,0.030570314814814783,True,True
P01_L072,P01,P01_L072_T002_A01,P01_L072_T002,1,8,28,0.0030199629629629595,False,True
P01_L072,P01,P01_L072_T002_A01,P01_L072_T002,2,12,41,0.006918333333333256,False,True
P01_L072,P01,P01_L072_T002_A01,P01_L072_T002,3,17,53,0.0017144259259258923,True,True
P01_L072,P01,P01_L072_T002_A01,P01_L072_T002,4,21,77,0.003927518518518522,True,True
P01_L072,P01,P01_L072_T002_A01,P01_L072_T002,5,27,97,0.0009732777777777318,True,True
P01_L072,P01,P01_L072_T002_A01,P01_L072_T002,6,32,115,0.005107833333333282,True,True
P01_L072,P01,P01_L072_T002_A01,P01_L072_T002,7,37,132,0.0012657777777777648,True,True
P01_L072,P01,P01_L072_T002_A01,P01_L072_T002,8,43,156,0.006642888888888848,True,True
P01_L072,P01,P01_L072_T002_A01,P01_L072_T002,9,47,162,0.0033068703703703624,True,True
P01_L072,P01,P01_L072_T002_A01,P01_L072_T002,10,51,169,0.007575611111111092,True,True
P01_L072,P01,P01_L072_T002_A02,P01_L072_T002,1,8,30,0.0030199629629629595,False,True
P01_L072,P01,P01_L072_T002_A02,P01_L072_T002,2,12,40,0.006918333333333256,False,True
P01_L072,P01,P01_L072_T002_A02,P01_L072_T002,3,13,45,0.003443981481481469,True,True
P01_L072,P01,P01_L072_T002_A02,P01_L072_T002,4,17,61,0.00788970370370366,True,True
P01_L072,P01,P01_L072_T002_A02,P01_L072_T002,5,25,110,0.0019551481481481594,True,True
P01_L072,P01,P01_L072_T002_A02,P01_L072_T002,6,29,122,0.00447898148148142,True,True
P01_L072,P01,P01_L072_T002_A02,P01_L072_T002,7,30,126,0.002229666666666615,True,True
P01_L072,P01,P01_L072_T002_A02,P01_L072_T002,8,34,141,0.0051078703703703,True,True
P01_L072,P01,P01_L072_T002_A02,P01_L072_T002,9,35,150,0.002542722222222178,True,True
P01_L072,P01,P01_L072_T002_A02,P01_L072_T002,10,39,155,0.005825037037036958,True,True
P01_L072,P01,P01_L072_T002_A03,P01_L072_T002,1,8,34,0.0030199629629629595,False,True
P01_L072,P01,P01_L072_T002_A03,P01_L072_T002,2,12,56,0.006918333333333256,False,True
P01_L072,P01,P01_L072_T002_A03,P01_L072_T002,3,14,62,0.003443981481481469,True,True
P01_L072,P01,P01_L072_T002_A03,P01_L072_T002,4,18,71,0.00788970370370366,True,True
P01_L072,P01,P01_L072_T002_A03,P01_L072_T002,5,20,74,0.0039275370370370315,True,True
P01_L072,P01,P01_L072_T002_A03,P01_L072_T002,6,24,99,0.008997462962962915,True,True
P01_L072,P01,P01_L072_T002_A03,P01_L072_T002,7,25,103,0.00447898148148142,True,True
P01_L072,P01,P01_L072_T002_A03,P01_L072_T002,8,29,113,0.010260759259259272,True,True
P01_L072,P01,P01_L072_T002_A03,P01_L072_T002,9,32,130,0.0051078703703703,True,True
P01_L072,P01,P01_L072_T002_A03,P01_L072_T002,10,36,148,0.011701462962962894,True,True
P01_L072,P01,P01_L072_T002_A04,P01_L072_T002,1,9,36,0.0030199629629629595,False,True
P01_L072,P01,P01_L072_T002_A04,P01_L072_T002,2,16,66,0.01584898148148147,False,True
P01_L072,P01,P01_L072_T002_A04,P01_L072_T002,3,25,87,0.001955166666666668,True,True
P01_L072,P01,P01_L072_T002_A04,P01_L072_T002,4,29,114,0.004479037037037049,True,True
P01_L072,P01,P01_L072_T002_A04,P01_L072_T002,5,30,117,0.002229685185185124,True,True
P01_L072,P01,P01_L072_T002_A04,P01_L072_T002,6,37,153,0.011701537037037031,True,True
P01_L072,P01,P01_L072_T002_A04,P01_L072_T002,7,38,157,0.005825092592592587,True,True
P01_L072,P01,P01_L072_T002_A04,P01_L072_T002,8,42,166,0.01334451851851846,True,True
P01_L072,P01,P01_L072_T002_A04,P01_L072_T002,9,46,177,0.0066429814814814945,True,True
P01_L072,P01,P01_L072_T002_A04,P01_L072_T002,10,50,181,0.01521818518518516,True,True
P01_L072,P01,P01_L072_T003_A01,P01_L072_T003,1,8,36,0.0030199629629629595,False,True
P01_L072,P01,P01_L072_T003_A01,P01_L072_T003,2,15,59,0.01584898148148147,False,True
P01_L072,P01,P01_L072_T003_A01,P01_L072_T003,3,21,91,0.00392755555555554,True,True
P01_L072,P01,P01_L072_T003_A01,P01_L072_T003,4,26,118,0.020612129629629557,True,True
P01_L072,P01,P01_L072_T003_A01,P01_L072_T003,5,28,122,0.010260833333333308,True,True
P01_L072,P01,P01_L072_T003_A01,P01_L072_T003,6,32,139,0.02350620370370369,True,True
P01_L072,P01,P01_L072_T003_A01,P01_L072_T003,7,37,151,0.005825092592592587,True,True
P01_L072,P01,P01_L072_T003_A01,P01_L072_T003,8,41,157,0.01334451851851846,True,True
P01_L072,P01,P01_L072_T003_A01,P01_L072_T003,9,42,158,0.0066429814814814945,True,True
P01_L072,P01,P01_L072_T003_A01,P01_L072_T003,10,46,171,0.01521818518518516,True,True
P01_L072,P01,P01_L072_T003_A02,P01_L072_T003,1,12,45,0.0015033518518517933,False,True
P01_L072,P01,P01_L072_T003_A02,P01_L072_T003,2,18,61,0.00788970370370366,False,True
P01_L072,P01,P01_L072_T003_A02,P01_L072_T003,3,23,76,0.0019551481481481594,True,True
P01_L072,P01,P01_L072_T003_A02,P01_L072_T003,4,27,89,0.00447898148148142,True,True
P01_L072,P01,P01_L072_T003_A02,P01_L072_T003,5,28,93,0.002229666666666615,True,True
P01_L072,P01,P01_L072_T003_A02,P01_L072_T003,6,32,105,0.0051078703703703,True,True
P01_L072,P01,P01_L072_T003_A02,P01_L072_T003,7,35,120,0.002542722222222178,True,True
P01_L072,P01,P01_L072_T003_A02,P01_L072_T003,8,39,145,0.005825037037036958,True,True
P01_L072,P01,P01_L072_T003_A02,P01_L072_T003,9,42,150,0.0028997407407406932,True,True
P01_L072,P01,P01_L072_T003_A02,P01_L072_T003,10,46,164,0.0066429259259258655,True,True
P01_L072,P01,P01_L072_T003_A03,P01_L072_T003,1,8,35,0.0030199629629629595,False,True
P01_L072,P01,P01_L072_T003_A03,P01_L072_T003,2,16,66,0.01584898148148147,False,True
P01_L072,P01,P01_L072_T003_A03,P01_L072_T003,3,25,101,0.001955166666666668,False,True
P01_L072,P01,P01_L072_T003_A03,P01_L072_T003,4,30,123,0.010260888888888833,True,True
P01_L072,P01,P01_L072_T003_A03,P01_L072_T003,5,36,159,0.0025427592592591956,True,True
P01_L072,P01,P01_L072_T003_A03,P01_L072_T003,6,43,176,0.013344592592592599,True,True
P01_L072,P01,P01_L072_T003_A03,P01_L072_T003,7,47,180,0.0066430185185185125,True,True
P01_L072,P01,P01_L072_T003_A03,P01_L072_T003,8,51,184,0.015218277777777704,True,True
P01_L072,P01,P01_L072_T003_A03,P01_L072_T003,9,58,191,0.0037712407407406606,True,True
P01_L072,P01,P01_L072_T003_A03,P01_L072_T003,10,62,195,0.008639407407407396,True,True
P01_L072,P01,P01_L072_T003_A03,P01_L072_T003,11,64,197,0.004300740740740745,True,True
P01_L072,P01,P01_L072_T003_A04,P01_L072_T003,1,8,25,0.0030199629629629595,False,True
P01_L072,P01,P01_L072_T003_A04,P01_L072_T003,2,12,44,0.006918333333333256,False,True
P01_L072,P01,P01_L072_T003_A04,P01_L072_T003,3,13,46,0.003443981481481469,True,True
P01_L072,P01,P01_L072_T003_A04,P01_L072_T003,4,17,62,0.00788970370370366,True,True
P01_L072,P01,P01_L072_T003_A04,P01_L072_T003,5,18,71,0.0039275370370370315,True,True
P01_L072,P01,P01_L072_T003_A04,P01_L072_T003,6,22,92,0.008997462962962915,True,True
P01_L072,P01,P01_L072_T003_A04,P01_L072_T003,7,27,114,0.002229666666666615,True,True
P01_L072,P01,P01_L072_T003_A04,P01_L072_T003,8,31,124,0.0051078703703703,True,True
P01_L072,P01,P01_L072_T003_A04,P01_L072_T003,9,32,128,0.002542722222222178,True,True
P01_L072,P01,P01_L072_T003_A04,P01_L072_T003,10,36,138,0.005825037037036958,True,True
P01_L072,P01,P01_L072_T004_A01,P01_L072_T004,1,10,40,0.0030199629629629595,False,True
P01_L072,P01,P01_L072_T004_A01,P01_L072_T004,2,14,68,0.006918333333333256,False,True
P01_L072,P01,P01_L072_T004_A01,P01_L072_T004,3,15,71,0.003443981481481469,False,True
P01_L072,P01,P01_L072_T004_A01,P01_L072_T004,4,19,97,0.00788970370370366,True,True
P01_L072,P01,P01_L072_T004_A01,P01_L072_T004,5,23,125,0.0039275370370370315,True,True
P01_L072,P01,P01_L072_T004_A01,P01_L072_T004,6,27,144,0.008997462962962915,True,True
P01_L072,P01,P01_L072_T004_A01,P01_L072_T004,7,32,158,0.002229666666666615,True,True
P01_L072,P01,P01_L072_T004_A01,P01_L072_T004,8,40,169,0.011701462962962894,True,True
P01_L072,P01,P01_L072_T004_A01,P01_L072_T004,9,48,182,0.0028997407407406932,True,True
P01_L072,P01,P01_L072_T004_A01,P01_L072_T004,10,52,192,0.0066429259259258655,True,True
P01_L072,P01,P01_L072_T004_A01,P01_L072_T004,11,53,194,0.0033068888888888714,True,True
P01_L072,P01,P01_L072_T004_A02,P01_L072_T004,1,11,42,0.0030199629629629595,False,True
P01_L072,P01,P01_L072_T004_A02,P01_L072_T004,2,15,59,0.006918333333333256,False,True
P01_L072,P01,P01_L072_T004_A02,P01_L072_T004,3,19,81,0.003443981481481469,True,True
P01_L072,P01,P01_L072_T004_A02,P01_L072_T004,4,23,101,0.00788970370370366,True,True
P01_L072,P01,P01_L072_T004_A02,P01_L072_T004,5,30,129,0.0019551481481481594,True,True
P01_L072,P01,P01_L072_T004_A02,P01_L072_T004,6,37,153,0.010260759259259272,True,True
P01_L072,P01,P01_L072_T004_A02,P01_L072_T004,7,42,176,0.002542722222222178,True,True
P01_L072,P01,P01_L072_T004_A02,P01_L072_T004,8,49,189,0.013344388888888899,True,True
P01_L072,P01,P01_L072_T004_A02,P01_L072_T004,9,56,199,0.0033068703703703624,True,True
P01_L072,P01,P01_L072_T004_A02,P01_L072_T004,10,60,203,0.007575611111111092,True,True
P01_L072,P01,P01_L072_T004_A03,P01_L072_T004,1,9,30,0.0030199629629629595,False,True
P01_L072,P01,P01_L072_T004_A03,P01_L072_T004,2,13,43,0.006918333333333256,False,True
P01_L072,P01,P01_L072_T004_A03,P01_L072_T004,3,19,61,0.0017144259259258923,False,True
P01_L072,P01,P01_L072_T004_A03,P01_L072_T004,4,23,70,0.003927518518518522,True,True
P01_L072,P01,P01_L072_T004_A03,P01_L072_T004,5,25,77,0.0019551481481481594,True,True
P01_L072,P01,P01_L072_T004_A03,P01_L072_T004,6,29,94,0.00447898148148142,True,True
P01_L072,P01,P01_L072_T004_A03,P01_L072_T004,7,30,99,0.002229666666666615,True,True
P01_L072,P01,P01_L072_T004_A03,P01_L072_T004,8,34,120,0.0051078703703703,True,True
P01_L072,P01,P01_L072_T004_A03,P01_L072_T004,9,39,131,0.0012657777777777648,True,True
P01_L072,P01,P01_L072_T004_A03,P01_L072_T004,10,44,148,0.006642888888888848,True,True
P01_L072,P01,P01_L072_T004_A03,P01_L072_T004,11,45,156,0.0033068703703703624,True,True
P01_L072,P01,P01_L072_T004_A04,P01_L072_T004,1,8,27,0.0030199629629629595,False,True
P01_L072,P01,P01_L072_T004_A04,P01_L072_T004,2,13,51,0.01584898148148147,False,True
P01_L072,P01,P01_L072_T004_A04,P01_L072_T004,3,19,79,0.00392755555555554,True,True
P01_L072,P01,P01_L072_T004_A04,P01_L072_T004,4,25,86,0.020612129629629557,True,True
P01_L072,P01,P01_L072_T004_A04,P01_L072_T004,5,27,91,0.010260833333333308,True,True
P01_L072,P01,P01_L072_T004_A04,P01_L072_T004,6,31,106,0.02350620370370369,True,True
P01_L072,P01,P01_L072_T004_A04,P01_L072_T004,7,32,107,0.011701518518518523,True,True
P01_L072,P01,P01_L072_T004_A04,P01_L072_T004,8,36,118,0.026806629629629604,True,True
P01_L072,P01,P01_L072_T004_A04,P01_L072_T004,9,38,123,0.013344499999999952,True,True
P01_L072,P01,P01_L072_T004_A04,P01_L072_T004,10,42,140,0.030570481481481462,True,True
P01_L100,P01,P01_L100_T001_A01,P01_L100_T001,1,12,36,0.0015033478260868152,False,True
P01_L100,P01,P01_L100_T001_A01,P01_L100_T001,2,16,62,0.003443978260869488,False,True
P01_L100,P01,P01_L100_T001_A01,P01_L100_T001,3,18,64,0.0017144347826087113,True,True
P01_L100,P01,P01_L100_T001_A01,P01_L100_T001,4,22,77,0.003927543478260892,True,True
P01_L100,P01,P01_L100_T001_A01,P01_L100_T001,5,24,82,0.0019551521739129456,True,True
P01_L100,P01,P01_L100_T001_A01,P01_L100_T001,6,28,97,0.004478999999999987,True,True
P01_L100,P01,P01_L100_T001_A01,P01_L100_T001,7,34,123,0.0011099347826086696,True,True
P01_L100,P01,P01_L100_T001_A01,P01_L100_T001,8,39,139,0.005825021739130427,True,True
P01_L100,P01,P01_L100_T001_A01,P01_L100_T001,9,45,155,0.0014434999999998635,True,True
P01_L100,P01,P01_L100_T001_A01,P01_L100_T001,10,49,165,0.003306869565217197,True,True
P01_L100,P01,P01_L100_T001_A02,P01_L100_T001,1,8,43,0.003019956521739109,False,True
P01_L100,P01,P01_L100_T001_A02,P01_L100_T001,2,12,56,0.0069183260869564315,False,True
P01_L100,P01,P01_L100_T001_A02,P01_L100_T001,3,13,60,0.003443978260869488,True,True
P01_L100,P01,P01_L100_T001_A02,P01_L100_T001,4,19,76,0.018074239130434586,True,True
P01_L100,P01,P01_L100_T001_A02,P01_L100_T001,5,24,98,0.004478978260869443,True,True
P01_L100,P01,P01_L100_T001_A02,P01_L100_T001,6,28,116,0.010260739130434736,True,True
P01_L100,P01,P01_L100_T001_A02,P01_L100_T001,7,31,126,0.005107847826086961,True,True
P01_L100,P01,P01_L100_T001_A02,P01_L100_T001,8,35,156,0.011701413043478116,True,True
P01_L100,P01,P01_L100_T001_A02,P01_L100_T001,9,37,161,0.005825021739130427,True,True
P01_L100,P01,P01_L100_T001_A02,P01_L100_T001,10,41,177,0.013344347826086933,True,True
P01_L100,P01,P01_L100_T001_A03,P01_L100_T001,1,12,49,0.0015033478260868152,False,True
P01_L100,P01,P01_L100_T001_A03,P01_L100_T001,2,22,101,0.018074239130434586,False,True
P01_L100,P01,P01_L100_T001_A03,P01_L100_T001,3,24,110,0.008997456521738972,True,True
P01_L100,P01,P01_L100_T001_A03,P01_L100_T001,4,28,128,0.020611978260869503,True,True
P01_L100,P01,P01_L100_T001_A03,P01_L100_T001,5,34,146,0.005107869565217264,True,True
P01_L100,P01,P01_L100_T001_A03,P01_L100_T001,6,38,171,0.011701456521738964,True,True
P01_L100,P01,P01_L100_T001_A03,P01_L100_T001,7,44,181,0.0028997391304348033,True,True
P01_L100,P01,P01_L100_T001_A03,P01_L100_T001,8,49,186,0.015218043478260782,True,True
P01_L100,P01,P01_L100_T001_A03,P01_L100_T001,9,54,191,0.0037711956521739288,True,True
P01_L100,P01,P01_L100_T001_A03,P01_L100_T001,10,58,195,0.008639304347826069,True,True
P01_L100,P01,P01_L100_T001_A04,P01_L100_T001,1,9,33,0.003019956521739109,False,True
P01_L100,P01,P01_L100_T001_A04,P01_L100_T001,2,13,48,0.0069183260869564315,False,True
P01_L100,P01,P01_L100_T001_A04,P01_L100_T001,3,16,57,0.003443978260869488,True,True
P01_L100,P01,P01_L100_T001_A04,P01_L100_T001,4,20,78,0.007889695652173843,True,True
P01_L100,P01,P01_L100_T001_A04,P01_L100_T001,5,25,96,0.0019551521739129456,True,True
P01_L100,P01,P01_L100_T001_A04,P01_L100_T001,6,29,105,0.004478999999999987,True,True
P01_L100,P01,P01_L100_T001_A04,P01_L100_T001,7,31,112,0.002229673913043455,True,True
P01_L100,P01,P01_L100_T001_A04,P01_L100_T001,8,39,144,0.011701499999999811,True,True
P01_L100,P01,P01_L100_T001_A04,P01_L100_T001,9,40,153,0.005825065217391273,True,True
P01_L100,P01,P01_L100_T001_A04,P01_L100_T001,10,44,167,0.01334445652173917,True,True
P01_L100,P01,P01_L100_T002_A01,P01_L100_T002,1,10,20,0.003019956521739109,False,True
P01_L100,P01,P01_L100_T002_A01,P01_L100_T002,2,17,54,0.036307913043478184,False,True
P01_L100,P01,P01_L100_T002_A01,P01_L100_T002,3,27,91,0.004478999999999987,True,True
P01_L100,P01,P01_L100_T002_A01,P01_L100_T002,4,33,105,0.023506152173913036,True,True
P01_L100,P01,P01_L100_T002_A01,P01_L100_T002,5,35,107,0.011701499999999811,True,True
P01_L100,P01,P01_L100_T002_A01,P01_L100_T002,6,39,144,0.026806586956521546,True,True
P01_L100,P01,P01_L100_T002_A01,P01_L100_T002,7,46,176,0.006642956521739051,True,True
P01_L100,P01,P01_L100_T002_A01,P01_L100_T002,8,50,184,0.015218130434782475,True,True
P01_L100,P01,P01_L100_T002_A01,P01_L100_T002,9,51,196,0.0075756739130434896,True,True
P01_L100,P01,P01_L100_T002_A01,P01_L100_T002,10,55,202,0.017354869565217278,True,True
P01_L100,P01,P01_L100_T002_A02,P01_L100_T002,1,11,34,0.003019956521739109,False,True
P01_L100,P01,P01_L100_T002_A02,P01_L100_T002,2,15,56,0.0069183260869564315,False,True
P01_L100,P01,P01_L100_T002_A02,P01_L100_T002,3,20,76,0.0017144347826087113,False,True
P01_L100,P01,P01_L100_T002_A02,P01_L100_T002,4,25,92,0.008997478260869517,True,True
P01_L100,P01,P01_L100_T002_A02,P01_L100_T002,5,30,111,0.002229673913043455,True,True
P01_L100,P01,P01_L100_T002_A02,P01_L100_T002,6,34,131,0.005107891304347808,True,True
P01_L100,P01,P01_L100_T002_A02,P01_L100_T002,7,35,132,0.0025427391304346987,True,True
P01_L100,P01,P01_L100_T002_A02,P01_L100_T002,8,43,161,0.013344500000000016,True,True
P01_L100,P01,P01_L100_T002_A02,P01_L100_T002,9,50,182,0.0033069130434782846,True,True
P01_L100,P01,P01_L100_T002_A02,P01_L100_T002,10,54,193,0.007575695652173792,True,True
P01_L100,P01,P01_L100_T002_A02,P01_L100_T002,11,55,194,0.0037712173913042315,True,True
P01_L100,P01,P01_L100_T002_A03,P01_L100_T002,1,11,73,0.003019956521739109,False,True
P01_L100,P01,P01_L100_T002_A03,P01_L100_T002,2,15,89,0.0069183260869564315,False,True
P01_L100,P01,P01_L100_T002_A03,P01_L100_T002,3,19,101,0.003443978260869488,False,True
P01_L100,P01,P01_L100_T002_A03,P01_L100_T002,4,24,119,0.018074239130434586,True,True
P01_L100,P01,P01_L100_T002_A03,P01_L100_T002,5,28,127,0.008997456521738972,True,True
P01_L100,P01,P01_L100_T002_A03,P01_L100_T002,6,32,152,0.020611978260869503,True,True
P01_L100,P01,P01_L100_T002_A03,P01_L100_T002,7,43,197,0.0025427173913041548,True,True
P01_L100,P01,P01_L100_T002_A03,P01_L100_T002,8,48,206,0.013344347826086933,True,True
P01_L100,P01,P01_L100_T002_A03,P01_L100_T002,9,59,218,0.0016461739130434617,True,True
P01_L100,P01,P01_L100_T002_A03,P01_L100_T002,10,63,222,0.003771173913043385,True,True
P01_L100,P01,P01_L100_T002_A03,P01_L100_T002,11,64,223,0.0018773043478260555,True,True
P01_L100,P01,P01_L100_T002_A04,P01_L100_T002,1,11,37,0.003019956521739109,False,True
P01_L100,P01,P01_L100_T002_A04,P01_L100_T002,2,15,49,0.0069183260869564315,False,True
P01_L100,P01,P01_L100_T002_A04,P01_L100_T002,3,20,67,0.0017144347826087113,True,True
P01_L100,P01,P01_L100_T002_A04,P01_L100_T002,4,26,108,0.008997478260869517,True,True
P01_L100,P01,P01_L100_T002_A04,P01_L100_T002,5,32,133,0.002229673913043455,True,True
P01_L100,P01,P01_L100_T002_A04,P01_L100_T002,6,36,146,0.005107891304347808,True,True
P01_L100,P01,P01_L100_T002_A04,P01_L100_T002,7,37,149,0.0025427391304346987,True,True
P01_L100,P01,P01_L100_T002_A04,P01_L100_T002,8,41,157,0.005825086956521576,True,True
P01_L100,P01,P01_L100_T002_A04,P01_L100_T002,9,42,159,0.002899760869565106,True,True
P01_L100,P01,P01_L100_T002_A04,P01_L100_T002,10,46,169,0.006642978260869594,True,True
P01_L100,P01,P01_L100_T003_A01,P01_L100_T003,1,8,31,0.003019956521739109,False,True
P01_L100,P01,P01_L100_T003_A01,P01_L100_T003,2,12,43,0.0069183260869564315,False,True
P01_L100,P01,P01_L100_T003_A01,P01_L100_T003,3,17,68,0.0017144347826087113,True,True
P01_L100,P01,P01_L100_T003_A01,P01_L100_T003,4,24,94,0.008997478260869517,True,True
P01_L100,P01,P01_L100_T003_A01,P01_L100_T003,5,31,116,0.002229673913043455,True,True
P01_L100,P01,P01_L100_T003_A01,P01_L100_T003,6,35,132,0.005107891304347808,True,True
P01_L100,P01,P01_L100_T003_A01,P01_L100_T003,7,36,140,0.0025427391304346987,True,True
P01_L100,P01,P01_L100_T003_A01,P01_L100_T003,8,40,168,0.005825086956521576,True,True
P01_L100,P01,P01_L100_T003_A01,P01_L100_T003,9,43,184,0.002899760869565106,True,True
P01_L100,P01,P01_L100_T003_A01,P01_L100_T003,10,47,203,0.006642978260869594,True,True
P01_L100,P01,P01_L100_T003_A02,P01_L100_T003,1,10,37,0.003019956521739109,False,True
P01_L100,P01,P01_L100_T003_A02,P01_L100_T003,2,18,72,0.015848978260869603,False,True
P01_L100,P01,P01_L100_T003_A02,P01_L100_T003,3,27,98,0.0019551521739129456,False,True
P01_L100,P01,P01_L100_T003_A02,P01_L100_T003,4,32,118,0.010260804347826126,True,True
P01_L100,P01,P01_L100_T003_A02,P01_L100_T003,5,37,139,0.0025427391304346987,True,True
P01_L100,P01,P01_L100_T003_A02,P01_L100_T003,6,41,155,0.005825086956521576,True,True
P01_L100,P01,P01_L100_T003_A02,P01_L100_T003,7,42,160,0.002899760869565106,True,True
P01_L100,P01,P01_L100_T003_A02,P01_L100_T003,8,46,197,0.006642978260869594,True,True
P01_L100,P01,P01_L100_T003_A02,P01_L100_T003,9,48,199,0.0033069130434782846,True,True
P01_L100,P01,P01_L100_T003_A02,P01_L100_T003,10,52,207,0.007575695652173792,True,True
P01_L100,P01,P01_L100_T003_A02,P01_L100_T003,11,53,208,0.0037712173913042315,True,True
P01_L100,P01,P01_L100_T003_A03,P01_L100_T003,1,10,24,0.003019956521739109,False,True
P01_L100,P01,P01_L100_T003_A03,P01_L100_T003,2,14,46,0.0069183260869564315,False,True
P01_L100,P01,P01_L100_T003_A03,P01_L100_T003,3,19,77,0.0017144347826087113,True,True
P01_L100,P01,P01_L100_T003_A03,P01_L100_T003,4,26,117,0.008997478260869517,True,True
P01_L100,P01,P01_L100_T003_A03,P01_L100_T003,5,37,149,0.0011099347826086696,True,True
P01_L100,P01,P01_L100_T003_A03,P01_L100_T003,6,44,167,0.005825021739130427,True,True
P01_L100,P01,P01_L100_T003_A03,P01_L100_T003,7,47,173,0.0028997391304348033,True,True
P01_L100,P01,P01_L100_T003_A03,P01_L100_T003,8,51,182,0.006642913043478204,True,True
P01_L100,P01,P01_L100_T003_A03,P01_L100_T003,9,53,187,0.0033068913043477408,True,True
P01_L100,P01,P01_L100_T003_A03,P01_L100_T003,10,57,193,0.007575652173912945,True,True
P01_L100,P01,P01_L100_T003_A04,P01_L100_T003,1,10,49,0.003019956521739109,False,True
P01_L100,P01,P01_L100_T003_A04,P01_L100_T003,2,15,65,0.015848978260869603,False,True
P01_L100,P01,P01_L100_T003_A04,P01_L100_T003,3,20,85,0.003927543478260892,True,True
P01_L100,P01,P01_L100_T003_A04,P01_L100_T003,4,25,96,0.02061202173913035,True,True
P01_L100,P01,P01_L100_T003_A04,P01_L100_T003,5,30,119,0.005107869565217264,True,True
P01_L100,P01,P01_L100_T003_A04,P01_L100_T003,6,34,138,0.011701456521738964,True,True
P01_L100,P01,P01_L100_T003_A04,P01_L100_T003,7,36,148,0.005825043478260729,True,True
P01_L100,P01,P01_L100_T003_A04,P01_L100_T003,8,40,158,0.013344413043478082,True,True
P01_L100,P01,P01_L100_T003_A04,P01_L100_T003,9,42,165,0.006642934782608506,True,True
P01_L100,P01,P01_L100_T003_A04,P01_L100_T003,10,46,180,0.01521808695652163,True,True
P01_L100,P01,P01_L100_T004_A01,P01_L100_T004,1,17,70,0.0007483695652172498,False,True
P01_L100,P01,P01_L100_T004_A01,P01_L100_T004,2,26,119,0.008997391304347822,False,True
P01_L100,P01,P01_L100_T004_A01,P01_L100_T004,3,32,154,0.0022296521739129105,False,True
P01_L100,P01,P01_L100_T004_A01,P01_L100_T004,4,36,167,0.005107847826086961,True,True
P01_L100,P01,P01_L100_T004_A01,P01_L100_T004,5,41,180,0.001265782608695534,True,True
P01_L100,P01,P01_L100_T004_A01,P01_L100_T004,6,45,190,0.0028997391304348033,True,True
P01_L100,P01,P01_L100_T004_A01,P01_L100_T004,7,47,192,0.0014434999999998635,True,True
P01_L100,P01,P01_L100_T004_A01,P01_L100_T004,8,52,197,0.007575608695652099,True,True
P01_L100,P01,P01_L100_T004_A01,P01_L100_T004,9,57,202,0.0018773043478260555,True,True
P01_L100,P01,P01_L100_T004_A01,P01_L100_T004,10,61,206,0.004300652173913019,True,True
P01_L100,P01,P01_L100_T004_A01,P01_L100_T004,11,63,208,0.0021408913043477113,True,True
P01_L100,P01,P01_L100_T004_A02,P01_L100_T004,1,9,33,0.003019956521739109,False,True
P01_L100,P01,P01_L100_T004_A02,P01_L100_T004,2,13,51,0.0069183260869564315,False,True
P01_L100,P01,P01_L100_T004_A02,P01_L100_T004,3,19,62,0.0017144347826087113,True,True
P01_L100,P01,P01_L100_T004_A02,P01_L100_T004,4,24,82,0.008997478260869517,True,True
P01_L100,P01,P01_L100_T004_A02,P01_L100_T004,5,30,99,0.002229673913043455,True,True
P01_L100,P01,P01_L100_T004_A02,P01_L100_T004,6,34,105,0.005107891304347808,True,True
P01_L100,P01,P01_L100_T004_A02,P01_L100_T004,7,41,129,0.001265782608695534,True,True
P01_L100,P01,P01_L100_T004_A02,P01_L100_T004,8,46,145,0.006642913043478204,True,True
P01_L100,P01,P01_L100_T004_A02,P01_L100_T004,9,47,146,0.0033068913043477408,True,True
P01_L100,P01,P01_L100_T004_A02,P01_L100_T004,10,51,153,0.007575652173912945,True,True
P01_L100,P01,P01_L100_T004_A03,P01_L100_T004,1,10,42,0.003019956521739109,False,True
P01_L100,P01,P01_L100_T004_A03,P01_L100_T004,2,14,67,0.0069183260869564315,False,True
P01_L100,P01,P01_L100_T004_A03,P01_L100_T004,3,22,91,0.0017144347826087113,True,True
P01_L100,P01,P01_L100_T004_A03,P01_L100_T004,4,28,121,0.008997478260869517,True,True
P01_L100,P01,P01_L100_T004_A03,P01_L100_T004,5,29,124,0.004478999999999987,True,True
P01_L100,P01,P01_L100_T004_A03,P01_L100_T004,6,34,138,0.023506152173913036,True,True
P01_L100,P01,P01_L100_T004_A03,P01_L100_T004,7,37,150,0.011701499999999811,True,True
P01_L100,P01,P01_L100_T004_A03,P01_L100_T004,8,41,161,0.026806586956521546,True,True
P01_L100,P01,P01_L100_T004_A03,P01_L100_T004,9,42,164,0.013344478260869472,True,True
P01_L100,P01,P01_L100_T004_A03,P01_L100_T004,10,46,184,0.030570434782608524,True,True
P01_L100,P01,P01_L100_T004_A04,P01_L100_T004,1,9,31,0.003019956521739109,False,True
P01_L100,P01,P01_L100_T004_A04,P01_L100_T004,2,13,46,0.0069183260869564315,False,True
P01_L100,P01,P01_L100_T004_A04,P01_L100_T004,3,18,65,0.0017144347826087113,True,True
P01_L100,P01,P01_L100_T004_A04,P01_L100_T004,4,22,85,0.003927543478260892,True,True
P01_L100,P01,P01_L100_T004_A04,P01_L100_T004,5,23,90,0.0019551521739129456,True,True
P01_L100,P01,P01_L100_T004_A04,P01_L100_T004,6,27,114,0.004478999999999987,True,True
P01_L100,P01,P01_L100_T004_A04,P01_L100_T004,7,28,116,0.002229673913043455,True,True
P01_L100,P01,P01_L100_T004_A04,P01_L100_T004,8,32,139,0.005107891304347808,True,True
P01_L100,P01,P01_L100_T004_A04,P01_L100_T004,9,39,168,0.001265782608695534,True,True
P01_L100,P01,P01_L100_T004_A04,P01_L100_T004,10,45,183,0.006642913043478204,True,True
P01_L149,P01,P01_L149_T001_A01,P01_L149_T001,1,10,25,0.003019945945945799,False,True
P01_L149,P01,P01_L149_T001_A01,P01_L149_T001,2,16,40,0.01584889189189186,False,True
P01_L149,P01,P01_L149_T001_A01,P01_L149_T001,3,29,76,0.0009732702702703367,True,True
P01_L149,P01,P01_L149_T001_A01,P01_L149_T001,4,37,137,0.005107756756756649,True,True
P01_L149,P01,P01_L149_T001_A01,P01_L149_T001,5,40,145,0.0025426756756757422,True,True
P01_L149,P01,P01_L149_T001_A01,P01_L149_T001,6,44,164,0.005824945945945817,True,True
P01_L149,P01,P01_L149_T001_A01,P01_L149_T001,7,46,168,0.002899702702702684,True,True
P01_L149,P01,P01_L149_T001_A01,P01_L149_T001,8,52,186,0.015217864864864813,True,True
P01_L149,P01,P01_L149_T001_A01,P01_L149_T001,9,57,194,0.0037711351351350747,True,True
P01_L149,P01,P01_L149_T001_A01,P01_L149_T001,10,65,212,0.019791189189189175,True,True
P01_L149,P01,P01_L149_T001_A02,P01_L149_T001,1,15,61,0.0015033513513513126,False,True
P01_L149,P01,P01_L149_T001_A02,P01_L149_T001,2,19,89,0.003443972972973032,False,True
P01_L149,P01,P01_L149_T001_A02,P01_L149_T001,3,24,110,0.0008534594594594263,True,True
P01_L149,P01,P01_L149_T001_A02,P01_L149_T001,4,28,119,0.001955162162162108,True,True
P01_L149,P01,P01_L149_T001_A02,P01_L149_T001,5,30,125,0.0009732972972971995,True,True
P01_L149,P01,P01_L149_T001_A02,P01_L149_T001,6,34,140,0.0022297027027027715,True,True
P01_L149,P01,P01_L149_T001_A02,P01_L149_T001,7,37,148,0.0011099459459459368,True,True
P01_L149,P01,P01_L149_T001_A02,P01_L149_T001,8,41,166,0.002542729729729768,True,True
P01_L149,P01,P01_L149_T001_A02,P01_L149_T001,9,42,170,0.0012657837837836648,True,True
P01_L149,P01,P01_L149_T001_A02,P01_L149_T001,10,46,182,0.0028997297297298466,True,True
P01_L149,P01,P01_L149_T001_A03,P01_L149_T001,1,8,26,0.003019945945945799,False,True
P01_L149,P01,P01_L149_T001_A03,P01_L149_T001,2,12,56,0.006918297297297192,False,True
P01_L149,P01,P01_L149_T001_A03,P01_L149_T001,3,20,86,0.001714432432432312,True,True
P01_L149,P01,P01_L149_T001_A03,P01_L149_T001,4,24,94,0.003927540540540522,True,True
P01_L149,P01,P01_L149_T001_A03,P01_L149_T001,5,25,96,0.001955162162162108,True,True
P01_L149,P01,P01_L149_T001_A03,P01_L149_T001,6,29,102,0.004479027027027039,True,True
P01_L149,P01,P01_L149_T001_A03,P01_L149_T001,7,30,103,0.0022296756756756088,True,True
P01_L149,P01,P01_L149_T001_A03,P01_L149_T001,8,34,122,0.005107891891891863,True,True
P01_L149,P01,P01_L149_T001_A03,P01_L149_T001,9,36,130,0.002542729729729768,True,True
P01_L149,P01,P01_L149_T001_A03,P01_L149_T001,10,40,159,0.005825054054054169,True,True
P01_L149,P01,P01_L149_T001_A04,P01_L149_T001,1,16,80,0.0007483783783784442,False,True
P01_L149,P01,P01_L149_T001_A04,P01_L149_T001,2,26,124,0.020612054054054058,False,True
P01_L149,P01,P01_L149_T001_A04,P01_L149_T001,3,27,126,0.010260810810810757,True,True
P01_L149,P01,P01_L149_T001_A04,P01_L149_T001,4,34,149,0.053849513513513504,True,True
P01_L149,P01,P01_L149_T001_A04,P01_L149_T001,5,39,163,0.013344486486486349,True,True
P01_L149,P01,P01_L149_T001_A04,P01_L149_T001,6,43,172,0.030570459459459402,True,True
P01_L149,P01,P01_L149_T001_A04,P01_L149_T001,7,48,190,0.007575702702702839,True,True
P01_L149,P01,P01_L149_T001_A04,P01_L149_T001,8,53,202,0.03975781081081071,True,True
P01_L149,P01,P01_L149_T001_A04,P01_L149_T001,9,61,216,0.009852405405405325,True,True
P01_L149,P01,P01_L149_T001_A04,P01_L149_T001,10,65,220,0.022570567567567555,True,True
P01_L149,P01,P01_L149_T002_A01,P01_L149_T002,1,9,21,0.003019945945945799,False,True
P01_L149,P01,P01_L149_T002_A01,P01_L149_T002,2,13,26,0.006918297297297192,False,True
P01_L149,P01,P01_L149_T002_A01,P01_L149_T002,3,16,31,0.003443972972973032,True,True
P01_L149,P01,P01_L149_T002_A01,P01_L149_T002,4,26,74,0.04140564864864867,True,True
P01_L149,P01,P01_L149_T002_A01,P01_L149_T002,5,34,92,0.010260756756756733,True,True
P01_L149,P01,P01_L149_T002_A01,P01_L149_T002,6,38,107,0.02350602702702703,True,True
P01_L149,P01,P01_L149_T002_A01,P01_L149_T002,7,43,138,0.005825054054054169,True,True
P01_L149,P01,P01_L149_T002_A01,P01_L149_T002,8,47,163,0.013344432432432324,True,True
P01_L149,P01,P01_L149_T002_A01,P01_L149_T002,9,48,167,0.006642945945945845,True,True
P01_L149,P01,P01_L149_T002_A01,P01_L149_T002,10,52,183,0.015218108108108077,True,True
P01_L149,P01,P01_L149_T002_A02,P01_L149_T002,1,16,72,0.0007483783783784442,False,True
P01_L149,P01,P01_L149_T002_A02,P01_L149_T002,2,21,109,0.003927540540540522,False,True
P01_L149,P01,P01_L149_T002_A02,P01_L149_T002,3,25,123,0.001955162162162108,True,True
P01_L149,P01,P01_L149_T002_A02,P01_L149_T002,4,29,130,0.004479027027027039,True,True
P01_L149,P01,P01_L149_T002_A02,P01_L149_T002,5,34,148,0.0011099459459459368,True,True
P01_L149,P01,P01_L149_T002_A02,P01_L149_T002,6,38,160,0.002542729729729768,True,True
P01_L149,P01,P01_L149_T002_A02,P01_L149_T002,7,42,170,0.0012657837837836648,True,True
P01_L149,P01,P01_L149_T002_A02,P01_L149_T002,8,46,188,0.0028997297297298466,True,True
P01_L149,P01,P01_L149_T002_A02,P01_L149_T002,9,48,192,0.0014435135135134644,True,True
P01_L149,P01,P01_L149_T002_A02,P01_L149_T002,10,52,200,0.0033068918918917898,True,True
P01_L149,P01,P01_L149_T002_A03,P01_L149_T002,1,13,52,0.0015033513513513126,False,True
P01_L149,P01,P01_L149_T002_A03,P01_L149_T002,2,19,64,0.007889675675675733,False,True
P01_L149,P01,P01_L149_T002_A03,P01_L149_T002,3,29,97,0.0009732702702703367,True,True
P01_L149,P01,P01_L149_T002_A03,P01_L149_T002,4,33,117,0.002229621621621583,True,True
P01_L149,P01,P01_L149_T002_A03,P01_L149_T002,5,34,121,0.0011099189189187739,True,True
P01_L149,P01,P01_L149_T002_A03,P01_L149_T002,6,38,140,0.0025426756756757422,True,True
P01_L149,P01,P01_L149_T002_A03,P01_L149_T002,7,46,164,0.0006301081081080136,True,True
P01_L149,P01,P01_L149_T002_A03,P01_L149_T002,8,52,191,0.003306837837837764,True,True
P01_L149,P01,P01_L149_T002_A03,P01_L149_T002,9,57,210,0.0008194594594593188,True,True
P01_L149,P01,P01_L149_T002_A03,P01_L149_T002,10,64,217,0.0043005675675674435,True,True
P01_L149,P01,P01_L149_T002_A04,P01_L149_T002,1,8,55,0.003019945945945799,False,True
P01_L149,P01,P01_L149_T002_A04,P01_L149_T002,2,12,80,0.006918297297297192,False,True
P01_L149,P01,P01_L149_T002_A04,P01_L149_T002,3,17,103,0.001714432432432312,True,True
P01_L149,P01,P01_L149_T002_A04,P01_L149_T002,4,21,113,0.003927540540540522,True,True
P01_L149,P01,P01_L149_T002_A04,P01_L149_T002,5,22,119,0.001955162162162108,True,True
P01_L149,P01,P01_L149_T002_A04,P01_L149_T002,6,26,127,0.004479027027027039,True,True
P01_L149,P01,P01_L149_T002_A04,P01_L149_T002,7,31,154,0.0011099459459459368,True,True
P01_L149,P01,P01_L149_T002_A04,P01_L149_T002,8,36,180,0.005825054054054169,True,True
P01_L149,P01,P01_L149_T002_A04,P01_L149_T002,9,39,194,0.0028997567567567097,True,True
P01_L149,P01,P01_L149_T002_A04,P01_L149_T002,10,43,202,0.006642945945945845,True,True
P01_L149,P01,P01_L149_T003_A01,P01_L149_T003,1,13,47,0.0015033513513513126,False,True
P01_L149,P01,P01_L149_T003_A01,P01_L149_T003,2,17,65,0.003443972972973032,False,True
P01_L149,P01,P01_L149_T003_A01,P01_L149_T003,3,22,79,0.0008534594594594263,True,True
P01_L149,P01,P01_L149_T003_A01,P01_L149_T003,4,26,88,0.001955162162162108,True,True
P01_L149,P01,P01_L149_T003_A01,P01_L149_T003,5,29,96,0.0009732972972971995,True,True
P01_L149,P01,P01_L149_T003_A01,P01_L149_T003,6,33,110,0.0022297027027027715,True,True
P01_L149,P01,P01_L149_T003_A01,P01_L149_T003,7,34,115,0.0011099459459459368,True,True
P01_L149,P01,P01_L149_T003_A01,P01_L149_T003,8,38,141,0.002542729729729768,True,True
P01_L149,P01,P01_L149_T003_A01,P01_L149_T003,9,40,151,0.0012657837837836648,True,True
P01_L149,P01,P01_L149_T003_A01,P01_L149_T003,10,44,162,0.0028997297297298466,True,True
P01_L149,P01,P01_L149_T003_A02,P01_L149_T003,1,15,58,0.0015033513513513126,False,True
P01_L149,P01,P01_L149_T003_A02,P01_L149_T003,2,19,71,0.003443972972973032,False,True
P01_L149,P01,P01_L149_T003_A02,P01_L149_T003,3,25,111,0.0008534594594594263,True,True
P01_L149,P01,P01_L149_T003_A02,P01_L149_T003,4,29,133,0.001955162162162108,True,True
P01_L149,P01,P01_L149_T003_A02,P01_L149_T003,5,36,153,0.0004845135135133882,True,True
P01_L149,P01,P01_L149_T003_A02,P01_L149_T003,6,44,181,0.005825054054054169,True,True
P01_L149,P01,P01_L149_T003_A02,P01_L149_T003,7,54,191,0.000718594594594434,True,True
P01_L149,P01,P01_L149_T003_A02,P01_L149_T003,8,62,199,0.003771270270270289,True,True
P01_L149,P01,P01_L149_T003_A02,P01_L149_T003,9,66,203,0.001877351351351295,True,True
P01_L149,P01,P01_L149_T003_A02,P01_L149_T003,10,72,209,0.009852459459459352,True,True
P01_L149,P01,P01_L149_T003_A03,P01_L149_T003,1,12,37,0.0015033513513513126,False,True
P01_L149,P01,P01_L149_T003_A03,P01_L149_T003,2,16,53,0.003443972972973032,False,True
P01_L149,P01,P01_L149_T003_A03,P01_L149_T003,3,18,64,0.001714432432432312,False,True
P01_L149,P01,P01_L149_T003_A03,P01_L149_T003,4,22,82,0.003927540540540522,True,True
P01_L149,P01,P01_L149_T003_A03,P01_L149_T003,5,24,91,0.001955162162162108,True,True
P01_L149,P01,P01_L149_T003_A03,P01_L149_T003,6,28,107,0.004479027027027039,True,True
P01_L149,P01,P01_L149_T003_A03,P01_L149_T003,7,31,113,0.0022296756756756088,True,True
P01_L149,P01,P01_L149_T003_A03,P01_L149_T003,8,35,121,0.005107891891891863,True,True
P01_L149,P01,P01_L149_T003_A03,P01_L149_T003,9,37,125,0.002542729729729768,True,True
P01_L149,P01,P01_L149_T003_A03,P01_L149_T003,10,41,145,0.005825054054054169,True,True
P01_L149,P01,P01_L149_T003_A03,P01_L149_T003,11,42,147,0.0028997567567567097,True,True
P01_L149,P01,P01_L149_T003_A04,P01_L149_T003,1,7,36,0.006918324324324356,False,True
P01_L149,P01,P01_L149_T003_A04,P01_L149_T003,2,12,55,0.03630789189189186,False,True
P01_L149,P01,P01_L149_T003_A04,P01_L149_T003,3,18,87,0.008997486486486609,True,True
P01_L149,P01,P01_L149_T003_A04,P01_L149_T003,4,22,98,0.020612054054054058,True,True
P01_L149,P01,P01_L149_T003_A04,P01_L149_T003,5,27,124,0.005107891891891863,True,True
P01_L149,P01,P01_L149_T003_A04,P01_L149_T003,6,34,150,0.026806621621621684,True,True
P01_L149,P01,P01_L149_T003_A04,P01_L149_T003,7,39,164,0.006642972972973008,True,True
P01_L149,P01,P01_L149_T003_A04,P01_L149_T003,8,43,169,0.015218162162162104,True,True
P01_L149,P01,P01_L149_T003_A04,P01_L149_T003,9,44,170,0.007575702702702839,True,True
P01_L149,P01,P01_L149_T003_A04,P01_L149_T003,10,48,177,0.017354918918918792,True,True
P01_L149,P01,P01_L149_T004_A01,P01_L149_T004,1,13,59,0.0015033513513513126,False,True
P01_L149,P01,P01_L149_T004_A01,P01_L149_T004,2,17,71,0.003443972972973032,False,True
P01_L149,P01,P01_L149_T004_A01,P01_L149_T004,3,18,73,0.001714432432432312,True,True
P01_L149,P01,P01_L149_T004_A01,P01_L149_T004,4,22,86,0.003927540540540522,True,True
P01_L149,P01,P01_L149_T004_A01,P01_L149_T004,5,23,87,0.001955162162162108,True,True
P01_L149,P01,P01_L149_T004_A01,P01_L149_T004,6,27,106,0.004479027027027039,True,True
P01_L149,P01,P01_L149_T004_A01,P01_L149_T004,7,32,115,0.0011099459459459368,True,True
P01_L149,P01,P01_L149_T004_A01,P01_L149_T004,8,36,132,0.002542729729729768,True,True
P01_L149,P01,P01_L149_T004_A01,P01_L149_T004,9,37,136,0.0012657837837836648,True,True
P01_L149,P01,P01_L149_T004_A01,P01_L149_T004,10,41,150,0.0028997297297298466,True,True
P01_L149,P01,P01_L149_T004_A02,P01_L149_T004,1,10,49,0.003019945945945799,False,True
P01_L149,P01,P01_L149_T004_A02,P01_L149_T004,2,14,69,0.006918297297297192,False,True
P01_L149,P01,P01_L149_T004_A02,P01_L149_T004,3,28,133,0.0004248648648647797,False,True
P01_L149,P01,P01_L149_T004_A02,P01_L149_T004,4,42,183,0.011701621621621743,True,True
P01_L149,P01,P01_L149_T004_A02,P01_L149_T004,5,53,201,0.0014435405405406271,True,True
P01_L149,P01,P01_L149_T004_A02,P01_L149_T004,6,57,205,0.0033069729729729783,True,True
P01_L149,P01,P01_L149_T004_A02,P01_L149_T004,7,58,206,0.0016462432432431575,True,True
P01_L149,P01,P01_L149_T004_A02,P01_L149_T004,8,62,210,0.0037713243243243143,True,True
P01_L149,P01,P01_L149_T004_A02,P01_L149_T004,9,63,211,0.0018773783783784578,True,True
P01_L149,P01,P01_L149_T004_A02,P01_L149_T004,10,67,215,0.004300837837837871,True,True
P01_L149,P01,P01_L149_T004_A02,P01_L149_T004,11,69,217,0.002140972972973086,True,True
P01_L149,P01,P01_L149_T004_A03,P01_L149_T004,1,14,34,0.0015033513513513126,False,True
P01_L149,P01,P01_L149_T004_A03,P01_L149_T004,2,18,43,0.003443972972973032,False,True
P01_L149,P01,P01_L149_T004_A03,P01_L149_T004,3,20,48,0.001714432432432312,False,True
P01_L149,P01,P01_L149_T004_A03,P01_L149_T004,4,26,72,0.008997486486486609,True,True
P01_L149,P01,P01_L149_T004_A03,P01_L149_T004,5,30,94,0.0044789999999998754,True,True
P01_L149,P01,P01_L149_T004_A03,P01_L149_T004,6,34,108,0.010260783783783896,True,True
P01_L149,P01,P01_L149_T004_A03,P01_L149_T004,7,47,163,0.0006301081081080136,True,True
P01_L149,P01,P01_L149_T004_A03,P01_L149_T004,8,52,171,0.003306837837837764,True,True
P01_L149,P01,P01_L149_T004_A03,P01_L149_T004,9,57,182,0.0008194594594593188,True,True
P01_L149,P01,P01_L149_T004_A03,P01_L149_T004,10,62,193,0.0043005675675674435,True,True
P01_L149,P01,P01_L149_T004_A03,P01_L149_T004,11,63,197,0.0021408378378378716,True,True
P01_L149,P01,P01_L149_T004_A04,P01_L149_T004,1,8,42,0.003019945945945799,False,True
P01_L149,P01,P01_L149_T004_A04,P01_L149_T004,2,16,77,0.01584889189189186,False,True
P01_L149,P01,P01_L149_T004_A04,P01_L149_T004,3,18,82,0.007889675675675733,False,True
P01_L149,P01,P01_L149_T004_A04,P01_L149_T004,4,22,96,0.018074216216216157,True,True
P01_L149,P01,P01_L149_T004_A04,P01_L149_T004,5,24,102,0.008997459459459446,True,True
P01_L149,P01,P01_L149_T004_A04,P01_L149_T004,6,28,124,0.020612000000000033,True,True
P01_L149,P01,P01_L149_T004_A04,P01_L149_T004,7,30,127,0.010260783783783896,True,True
P01_L149,P01,P01_L149_T004_A04,P01_L149_T004,8,34,140,0.023506108108108218,True,True
P01_L149,P01,P01_L149_T004_A04,P01_L149_T004,9,36,147,0.011701486486486529,True,True
P01_L149,P01,P01_L149_T004_A04,P01_L149_T004,10,40,156,0.02680656756756766,True,True
P01_L149,P01,P01_L149_T004_A04,P01_L149_T004,11,41,158,0.013344459459459486,True,True
P01_L200,P01,P01_L200_T001_A01,P01_L200_T001,1,12,130,0.0014915471698113522,False,True
P01_L200,P01,P01_L200_T001_A01,P01_L200_T001,2,16,163,0.002976037735849273,False,True
P01_L200,P01,P01_L200_T001_A01,P01_L200_T001,3,21,239,0.0009305660377357951,True,True
P01_L200,P01,P01_L200_T001_A01,P01_L200_T001,4,27,274,0.0037046415094340148,True,True
P01_L200,P01,P01_L200_T001_A01,P01_L200_T001,5,31,288,0.002071547169811482,True,True
P01_L200,P01,P01_L200_T001_A01,P01_L200_T001,6,37,301,0.008246981132075596,True,True
P01_L200,P01,P01_L200_T001_A01,P01_L200_T001,7,51,376,0.000806301886792659,True,True
P01_L200,P01,P01_L200_T001_A01,P01_L200_T001,8,60,406,0.006404716981132013,True,True
P01_L200,P01,P01_L200_T001_A01,P01_L200_T001,9,61,407,0.0035813584905662527,True,True
P01_L200,P01,P01_L200_T001_A01,P01_L200_T001,10,65,412,0.007145735849056756,True,True
P01_L200,P01,P01_L200_T001_A02,P01_L200_T001,1,3,4,0.029928943396226367,False,True
P01_L200,P01,P01_L200_T001_A02,P01_L200_T001,2,7,20,0.059716075471698084,False,True
P01_L200,P01,P01_L200_T001_A02,P01_L200_T001,3,15,50,0.01867203773584891,True,True
P01_L200,P01,P01_L200_T001_A02,P01_L200_T001,4,19,67,0.037255622641509605,True,True
P01_L200,P01,P01_L200_T001_A02,P01_L200_T001,5,25,99,0.011649094339622645,True,True
P01_L200,P01,P01_L200_T001_A02,P01_L200_T001,6,29,128,0.02324298113207542,True,True
P01_L200,P01,P01_L200_T001_A02,P01_L200_T001,7,30,143,0.012996943396226257,True,True
P01_L200,P01,P01_L200_T001_A02,P01_L200_T001,8,34,159,0.02593230188679271,True,True
P01_L200,P01,P01_L200_T001_A02,P01_L200_T001,9,38,191,0.014500754716981043,True,True
P01_L200,P01,P01_L200_T001_A02,P01_L200_T001,10,44,209,0.057728528301886795,True,True
P01_L200,P01,P01_L200_T001_A03,P01_L200_T001,1,6,43,0.002667396226415003,False,True
P01_L200,P01,P01_L200_T001_A03,P01_L200_T001,2,10,76,0.005322150943396204,False,True
P01_L200,P01,P01_L200_T001_A03,P01_L200_T001,3,15,126,0.0016641509433963195,True,True
P01_L200,P01,P01_L200_T001_A03,P01_L200_T001,4,21,198,0.006625094339622632,True,True
P01_L200,P01,P01_L200_T001_A03,P01_L200_T001,5,24,217,0.0037046037735847686,True,True
P01_L200,P01,P01_L200_T001_A03,P01_L200_T001,6,28,237,0.007391660377358445,True,True
P01_L200,P01,P01_L200_T001_A03,P01_L200_T001,7,32,255,0.0041332452830187185,True,True
P01_L200,P01,P01_L200_T001_A03,P01_L200_T001,8,39,317,0.016454754716981282,True,True
P01_L200,P01,P01_L200_T001_A03,P01_L200_T001,9,49,367,0.0028770188679244947,True,True
P01_L200,P01,P01_L200_T001_A03,P01_L200_T001,10,59,417,0.022852981132075623,True,True
P01_L200,P01,P01_L200_T001_A04,P01_L200_T001,1,6,60,0.002667396226415003,False,True
P01_L200,P01,P01_L200_T001_A04,P01_L200_T001,2,17,124,0.04227539622641499,False,True
P01_L200,P01,P01_L200_T001_A04,P01_L200_T001,3,24,158,0.013218679245283036,True,True
P01_L200,P01,P01_L200_T001_A04,P01_L200_T001,4,28,183,0.026374716981131984,True,True
P01_L200,P01,P01_L200_T001_A04,P01_L200_T001,5,35,211,0.008246830188679449,True,True
P01_L200,P01,P01_L200_T001_A04,P01_L200_T001,6,39,243,0.016454603773585135,True,True
P01_L200,P01,P01_L200_T001_A04,P01_L200_T001,7,41,253,0.009201056603773641,True,True
P01_L200,P01,P01_L200_T001_A04,P01_L200_T001,8,45,266,0.01835852830188701,True,True
P01_L200,P01,P01_L200_T001_A04,P01_L200_T001,9,51,303,0.00574033962264174,True,True
P01_L200,P01,P01_L200_T001_A04,P01_L200_T001,10,59,347,0.02285267924528291,True,True
P01_L200,P01,P01_L200_T001_A05,P01_L200_T001,1,9,49,0.002667396226415003,False,True
P01_L200,P01,P01_L200_T001_A05,P01_L200_T001,2,13,64,0.005322150943396204,False,True
P01_L200,P01,P01_L200_T001_A05,P01_L200_T001,3,23,141,0.0009305660377357951,True,True
P01_L200,P01,P01_L200_T001_A05,P01_L200_T001,4,29,181,0.0037046415094340148,True,True
P01_L200,P01,P01_L200_T001_A05,P01_L200_T001,5,32,219,0.002071547169811482,True,True
P01_L200,P01,P01_L200_T001_A05,P01_L200_T001,6,40,276,0.008246981132075596,True,True
P01_L200,P01,P01_L200_T001_A05,P01_L200_T001,7,48,320,0.002578679245282911,True,True
P01_L200,P01,P01_L200_T001_A05,P01_L200_T001,8,52,339,0.0051451320754716335,True,True
P01_L200,P01,P01_L200_T001_A05,P01_L200_T001,9,57,370,0.001608792452830303,True,True
P01_L200,P01,P01_L200_T001_A05,P01_L200_T001,10,65,400,0.006404716981132013,True,True
P01_L200,P01,P01_L200_T001_A06,P01_L200_T001,1,8,56,0.002667396226415003,False,True
P01_L200,P01,P01_L200_T001_A06,P01_L200_T001,2,12,100,0.005322150943396204,False,True
P01_L200,P01,P01_L200_T001_A06,P01_L200_T001,3,23,154,0.0009305660377357951,True,True
P01_L200,P01,P01_L200_T001_A06,P01_L200_T001,4,27,167,0.0018567169811319873,True,True
P01_L200,P01,P01_L200_T001_A06,P01_L200_T001,5,28,169,0.0010382264150943861,True,True
P01_L200,P01,P01_L200_T001_A06,P01_L200_T001,6,34,213,0.004133283018867965,True,True
P01_L200,P01,P01_L200_T001_A06,P01_L200_T001,7,43,296,0.0007226792452832504,True,True
P01_L200,P01,P01_L200_T001_A06,P01_L200_T001,8,48,325,0.0028770188679244947,True,True
P01_L200,P01,P01_L200_T001_A06,P01_L200_T001,9,55,377,0.0008995849056605008,True,True
P01_L200,P01,P01_L200_T001_A06,P01_L200_T001,10,61,402,0.0035813207547170066,True,True
P01_L200,P01,P01_L200_T001_A07,P01_L200_T001,1,9,77,0.002667396226415003,False,True
P01_L200,P01,P01_L200_T001_A07,P01_L200_T001,2,13,105,0.005322150943396204,False,True
P01_L200,P01,P01_L200_T001_A07,P01_L200_T001,3,20,161,0.0016641509433963195,True,True
P01_L200,P01,P01_L200_T001_A07,P01_L200_T001,4,24,184,0.003320415094339561,True,True
P01_L200,P01,P01_L200_T001_A07,P01_L200_T001,5,30,218,0.0010382264150943861,True,True
P01_L200,P01,P01_L200_T001_A07,P01_L200_T001,6,34,224,0.002071547169811482,True,True
P01_L200,P01,P01_L200_T001_A07,P01_L200_T001,7,37,235,0.001158377358490632,True,True
P01_L200,P01,P01_L200_T001_A07,P01_L200_T001,8,41,269,0.0023112830188677944,True,True
P01_L200,P01,P01_L200_T001_A07,P01_L200_T001,9,53,337,0.00040411320754708065,True,True
P01_L200,P01,P01_L200_T001_A07,P01_L200_T001,10,57,346,0.000806301886792659,True,True
P01_L200,P01,P01_L200_T002_A01,P01_L200_T002,1,3,14,0.029928943396226367,False,True
P01_L200,P01,P01_L200_T002_A01,P01_L200_T002,2,7,51,0.059716075471698084,False,True
P01_L200,P01,P01_L200_T002_A01,P01_L200_T002,3,12,104,0.01867203773584891,True,True
P01_L200,P01,P01_L200_T002_A01,P01_L200_T002,4,20,148,0.07433475471698116,True,True
P01_L200,P01,P01_L200_T002_A01,P01_L200_T002,5,29,221,0.012996943396226257,True,True
P01_L200,P01,P01_L200_T002_A01,P01_L200_T002,6,36,289,0.05174173584905686,True,True
P01_L200,P01,P01_L200_T002_A01,P01_L200_T002,7,43,339,0.016178603773585033,True,True
P01_L200,P01,P01_L200_T002_A01,P01_L200_T002,8,48,370,0.06440818867924547,True,True
P01_L200,P01,P01_L200_T002_A01,P01_L200_T002,9,49,376,0.036015622641509565,True,True
P01_L200,P01,P01_L200_T002_A01,P01_L200_T002,10,53,389,0.0718606037735849,True,True
P01_L200,P01,P01_L200_T002_A02,P01_L200_T002,1,10,54,0.0014915471698113522,False,True
P01_L200,P01,P01_L200_T002_A02,P01_L200_T002,2,16,86,0.005937962264150844,False,True
P01_L200,P01,P01_L200_T002_A02,P01_L200_T002,3,19,101,0.003320377358490734,True,True
P01_L200,P01,P01_L200_T002_A02,P01_L200_T002,4,23,129,0.0066250188679245585,True,True
P01_L200,P01,P01_L200_T002_A02,P01_L200_T002,5,37,232,0.0006477358490564817,True,True
P01_L200,P01,P01_L200_T002_A02,P01_L200_T002,6,42,241,0.0025787169811321573,True,True
P01_L200,P01,P01_L200_T002_A02,P01_L200_T002,7,43,244,0.0014419622641510992,True,True
P01_L200,P01,P01_L200_T002_A02,P01_L200_T002,8,47,279,0.002877094339622568,True,True
P01_L200,P01,P01_L200_T002_A02,P01_L200_T002,9,50,300,0.001608792452830303,True,True
P01_L200,P01,P01_L200_T002_A02,P01_L200_T002,10,54,355,0.0032099622641509947,True,True
P01_L200,P01,P01_L200_T002_A03,P01_L200_T002,1,11,55,0.0014915471698113522,False,True
P01_L200,P01,P01_L200_T002_A03,P01_L200_T002,2,20,141,0.011847773584905616,False,True
P01_L200,P01,P01_L200_T002_A03,P01_L200_T002,3,29,189,0.0020715094339622355,True,True
P01_L200,P01,P01_L200_T002_A03,P01_L200_T002,4,35,211,0.008246830188679449,True,True
P01_L200,P01,P01_L200_T002_A03,P01_L200_T002,5,37,217,0.004611433962264095,True,True
P01_L200,P01,P01_L200_T002_A03,P01_L200_T002,6,41,265,0.009201018867924394,True,True
P01_L200,P01,P01_L200_T002_A03,P01_L200_T002,7,43,274,0.005145018867924733,True,True
P01_L200,P01,P01_L200_T002_A03,P01_L200_T002,8,47,312,0.010265660377358744,True,True
P01_L200,P01,P01_L200_T002_A03,P01_L200_T002,9,56,361,0.0017949056603775457,True,True
P01_L200,P01,P01_L200_T002_A03,P01_L200_T002,10,61,398,0.0071456603773586815,True,True
P01_L200,P01,P01_L200_T002_A04,P01_L200_T002,1,11,50,0.0014915471698113522,False,True
P01_L200,P01,P01_L200_T002_A04,P01_L200_T002,2,19,84,0.005937962264150844,False,True
P01_L200,P01,P01_L200_T002_A04,P01_L200_T002,3,21,94,0.003320377358490734,True,True
P01_L200,P01,P01_L200_T002_A04,P01_L200_T002,4,25,133,0.0066250188679245585,True,True
P01_L200,P01,P01_L200_T002_A04,P01_L200_T002,5,31,170,0.0020715094339622355,True,True
P01_L200,P01,P01_L200_T002_A04,P01_L200_T002,6,38,248,0.008246830188679449,True,True
P01_L200,P01,P01_L200_T002_A04,P01_L200_T002,7,39,249,0.004611433962264095,True,True
P01_L200,P01,P01_L200_T002_A04,P01_L200_T002,8,43,280,0.009201018867924394,True,True
P01_L200,P01,P01_L200_T002_A04,P01_L200_T002,9,50,305,0.0028769811320756675,True,True
P01_L200,P01,P01_L200_T002_A04,P01_L200_T002,10,54,337,0.00574033962264174,True,True
P01_L200,P01,P01_L200_T002_A05,P01_L200_T002,1,12,89,0.0014915471698113522,False,True
P01_L200,P01,P01_L200_T002_A05,P01_L200_T002,2,16,122,0.002976037735849273,False,True
P01_L200,P01,P01_L200_T002_A05,P01_L200_T002,3,25,168,0.0005203396226414107,True,True
P01_L200,P01,P01_L200_T002_A05,P01_L200_T002,4,30,197,0.002071547169811482,True,True
P01_L200,P01,P01_L200_T002_A05,P01_L200_T002,5,35,238,0.0006477358490564817,True,True
P01_L200,P01,P01_L200_T002_A05,P01_L200_T002,6,43,295,0.005145207547169707,True,True
P01_L200,P01,P01_L200_T002_A05,P01_L200_T002,7,50,323,0.001608792452830303,True,True
P01_L200,P01,P01_L200_T002_A05,P01_L200_T002,8,54,350,0.0032099622641509947,True,True
P01_L200,P01,P01_L200_T002_A05,P01_L200_T002,9,59,374,0.0010036981132075433,True,True
P01_L200,P01,P01_L200_T002_A05,P01_L200_T002,10,68,409,0.007972679245283195,True,True
P01_L200,P01,P01_L200_T002_A06,P01_L200_T002,1,6,63,0.002667396226415003,False,True
P01_L200,P01,P01_L200_T002_A06,P01_L200_T002,2,15,116,0.021187886792452756,False,True
P01_L200,P01,P01_L200_T002_A06,P01_L200_T002,3,19,151,0.011847811320754863,True,True
P01_L200,P01,P01_L200_T002_A06,P01_L200_T002,4,23,178,0.023639509433962137,True,True
P01_L200,P01,P01_L200_T002_A06,P01_L200_T002,5,36,270,0.002311207547169721,True,True
P01_L200,P01,P01_L200_T002_A06,P01_L200_T002,6,40,301,0.00461147169811334,True,True
P01_L200,P01,P01_L200_T002_A06,P01_L200_T002,7,41,315,0.002578641509434084,True,True
P01_L200,P01,P01_L200_T002_A06,P01_L200_T002,8,50,348,0.02048283018867909,True,True
P01_L200,P01,P01_L200_T002_A06,P01_L200_T002,9,52,362,0.011453547169811189,True,True
P01_L200,P01,P01_L200_T002_A06,P01_L200_T002,10,56,378,0.022852830188679476,True,True
P01_L200,P01,P01_L200_T002_A07,P01_L200_T002,1,12,115,0.0014915471698113522,False,True
P01_L200,P01,P01_L200_T002_A07,P01_L200_T002,2,16,132,0.002976037735849273,False,True
P01_L200,P01,P01_L200_T002_A07,P01_L200_T002,3,17,136,0.0016641509433963195,False,True
P01_L200,P01,P01_L200_T002_A07,P01_L200_T002,4,21,160,0.003320415094339561,True,True
P01_L200,P01,P01_L200_T002_A07,P01_L200_T002,5,34,267,0.00032464150943380826,True,True
P01_L200,P01,P01_L200_T002_A07,P01_L200_T002,6,41,334,0.0025787169811321573,True,True
P01_L200,P01,P01_L200_T002_A07,P01_L200_T002,7,45,366,0.0014419622641510992,True,True
P01_L200,P01,P01_L200_T002_A07,P01_L200_T002,8,49,393,0.002877094339622568,True,True
P01_L200,P01,P01_L200_T002_A07,P01_L200_T002,9,54,407,0.0008995849056605008,True,True
P01_L200,P01,P01_L200_T002_A07,P01_L200_T002,10,58,414,0.0017949056603775457,True,True
P01_L200,P01,P01_L200_T002_A07,P01_L200_T002,11,59,415,0.001003660377358716,True,True
P01_L200,P01,P01_L200_T003_A01,P01_L200_T003,1,14,88,0.0008340377358491177,False,True
P01_L200,P01,P01_L200_T003_A01,P01_L200_T003,2,18,113,0.0016641132075470733,False,True
P01_L200,P01,P01_L200_T003_A01,P01_L200_T003,3,20,131,0.0009305283018869678,True,True
P01_L200,P01,P01_L200_T003_A01,P01_L200_T003,4,24,143,0.0018566415094339137,True,True
P01_L200,P01,P01_L200_T003_A01,P01_L200_T003,5,30,179,0.000580528301886644,True,True
P01_L200,P01,P01_L200_T003_A01,P01_L200_T003,6,36,213,0.0023111320754716476,True,True
P01_L200,P01,P01_L200_T003_A01,P01_L200_T003,7,38,227,0.0012923396226414475,True,True
P01_L200,P01,P01_L200_T003_A01,P01_L200_T003,8,42,266,0.0025785660377360105,True,True
P01_L200,P01,P01_L200_T003_A01,P01_L200_T003,9,45,318,0.0014418867924530258,True,True
P01_L200,P01,P01_L200_T003_A01,P01_L200_T003,10,49,338,0.0028769433962264213,True,True
P01_L200,P01,P01_L200_T003_A02,P01_L200_T003,1,10,62,0.0014915471698113522,False,True
P01_L200,P01,P01_L200_T003_A02,P01_L200_T003,2,14,86,0.002976037735849273,False,True
P01_L200,P01,P01_L200_T003_A02,P01_L200_T003,3,16,102,0.0016641509433963195,False,True
P01_L200,P01,P01_L200_T003_A02,P01_L200_T003,4,24,165,0.006625094339622632,True,True
P01_L200,P01,P01_L200_T003_A02,P01_L200_T003,5,34,229,0.001158377358490632,True,True
P01_L200,P01,P01_L200_T003_A02,P01_L200_T003,6,44,301,0.00920139622641518,True,True
P01_L200,P01,P01_L200_T003_A02,P01_L200_T003,7,57,394,0.0008995849056605008,True,True
P01_L200,P01,P01_L200_T003_A02,P01_L200_T003,8,61,404,0.0017949056603775457,True,True
P01_L200,P01,P01_L200_T003_A02,P01_L200_T003,9,62,407,0.001003660377358716,True,True
P01_L200,P01,P01_L200_T003_A02,P01_L200_T003,10,66,414,0.00200256603773587,True,True
P01_L200,P01,P01_L200_T003_A02,P01_L200_T003,11,67,421,0.0011197735849057266,True,True
P01_L200,P01,P01_L200_T003_A03,P01_L200_T003,1,9,74,0.002667396226415003,False,True
P01_L200,P01,P01_L200_T003_A03,P01_L200_T003,2,13,91,0.005322150943396204,False,True
P01_L200,P01,P01_L200_T003_A03,P01_L200_T003,3,19,129,0.0016641509433963195,True,True
P01_L200,P01,P01_L200_T003_A03,P01_L200_T003,4,24,171,0.006625094339622632,True,True
P01_L200,P01,P01_L200_T003_A03,P01_L200_T003,5,31,201,0.002071547169811482,True,True
P01_L200,P01,P01_L200_T003_A03,P01_L200_T003,6,39,247,0.01645490566037743,True,True
P01_L200,P01,P01_L200_T003_A03,P01_L200_T003,7,42,253,0.009201207547169788,True,True
P01_L200,P01,P01_L200_T003_A03,P01_L200_T003,8,46,264,0.018358830188679304,True,True
P01_L200,P01,P01_L200_T003_A03,P01_L200_T003,9,61,330,0.0017949056603775457,True,True
P01_L200,P01,P01_L200_T003_A03,P01_L200_T003,10,67,354,0.0071456603773586815,True,True
P01_L200,P01,P01_L200_T003_A04,P01_L200_T003,1,11,59,0.0014915471698113522,False,True
P01_L200,P01,P01_L200_T003_A04,P01_L200_T003,2,15,80,0.002976037735849273,False,True
P01_L200,P01,P01_L200_T003_A04,P01_L200_T003,3,20,122,0.0009305660377357951,True,True
P01_L200,P01,P01_L200_T003_A04,P01_L200_T003,4,28,187,0.0037046415094340148,True,True
P01_L200,P01,P01_L200_T003_A04,P01_L200_T003,5,35,243,0.001158377358490632,True,True
P01_L200,P01,P01_L200_T003_A04,P01_L200_T003,6,39,268,0.0023112830188677944,True,True
P01_L200,P01,P01_L200_T003_A04,P01_L200_T003,7,41,287,0.001292415094339521,True,True
P01_L200,P01,P01_L200_T003_A04,P01_L200_T003,8,45,326,0.0025787169811321573,True,True
P01_L200,P01,P01_L200_T003_A04,P01_L200_T003,9,48,368,0.0014419622641510992,True,True
P01_L200,P01,P01_L200_T003_A04,P01_L200_T003,10,52,378,0.002877094339622568,True,True
P01_L200,P01,P01_L200_T003_A05,P01_L200_T003,1,10,57,0.0014915471698113522,False,True
P01_L200,P01,P01_L200_T003_A05,P01_L200_T003,2,14,77,0.002976037735849273,False,True
P01_L200,P01,P01_L200_T003_A05,P01_L200_T003,3,23,157,0.0005203396226414107,True,True
P01_L200,P01,P01_L200_T003_A05,P01_L200_T003,4,30,200,0.002071547169811482,True,True
P01_L200,P01,P01_L200_T003_A05,P01_L200_T003,5,31,208,0.001158377358490632,True,True
P01_L200,P01,P01_L200_T003_A05,P01_L200_T003,6,38,286,0.004611622641509487,True,True
P01_L200,P01,P01_L200_T003_A05,P01_L200_T003,7,46,360,0.0014419622641510992,True,True
P01_L200,P01,P01_L200_T003_A05,P01_L200_T003,8,54,389,0.011453924528301976,True,True
P01_L200,P01,P01_L200_T003_A05,P01_L200_T003,9,68,424,0.0011198490566038,True,True
P01_L200,P01,P01_L200_T003_A05,P01_L200_T003,10,77,433,0.008895169811320939,True,True
P01_L200,P01,P01_L200_T003_A06,P01_L200_T003,1,5,60,0.005971584905660386,False,True
P01_L200,P01,P01_L200_T003_A06,P01_L200_T003,2,9,93,0.011914867924528554,False,True
P01_L200,P01,P01_L200_T003_A06,P01_L200_T003,3,10,98,0.00666252830188677,True,True
P01_L200,P01,P01_L200_T003_A06,P01_L200_T003,4,17,152,0.052922415094339724,True,True
P01_L200,P01,P01_L200_T003_A06,P01_L200_T003,5,24,220,0.016547773584905657,True,True
P01_L200,P01,P01_L200_T003_A06,P01_L200_T003,6,32,279,0.06587784905660378,True,True
P01_L200,P01,P01_L200_T003_A06,P01_L200_T003,7,40,340,0.020598679245283052,True,True
P01_L200,P01,P01_L200_T003_A06,P01_L200_T003,8,44,359,0.04109977358490556,True,True
P01_L200,P01,P01_L200_T003_A06,P01_L200_T003,9,50,388,0.012851056603773546,True,True
P01_L200,P01,P01_L200_T003_A06,P01_L200_T003,10,58,417,0.051161018867924395,True,True
P01_L200,P01,P01_L200_T003_A07,P01_L200_T003,1,18,117,0.000466377358490801,False,True
P01_L200,P01,P01_L200_T003_A07,P01_L200_T003,2,24,163,0.0018566415094339137,False,True
P01_L200,P01,P01_L200_T003_A07,P01_L200_T003,3,25,164,0.0010381886792451397,False,True
P01_L200,P01,P01_L200_T003_A07,P01_L200_T003,4,29,189,0.0020714716981134083,True,True
P01_L200,P01,P01_L200_T003_A07,P01_L200_T003,5,34,234,0.0006477358490564817,True,True
P01_L200,P01,P01_L200_T003_A07,P01_L200_T003,6,40,278,0.0025787169811321573,True,True
P01_L200,P01,P01_L200_T003_A07,P01_L200_T003,7,43,303,0.0014419622641510992,True,True
P01_L200,P01,P01_L200_T003_A07,P01_L200_T003,8,47,320,0.002877094339622568,True,True
P01_L200,P01,P01_L200_T003_A07,P01_L200_T003,9,52,345,0.0008995849056605008,True,True
P01_L200,P01,P01_L200_T003_A07,P01_L200_T003,10,56,371,0.0017949056603775457,True,True
P01_L200,P01,P01_L200_T003_A07,P01_L200_T003,11,57,373,0.001003660377358716,True,True
P01_L200,P01,P01_L200_T004_A01,P01_L200_T004,1,7,36,0.0011914716981132408,False,True
P01_L200,P01,P01_L200_T004_A01,P01_L200_T004,2,11,54,0.0023772830188680373,False,True
P01_L200,P01,P01_L200_T004_A01,P01_L200_T004,3,17,92,0.0007433207547170311,True,True
P01_L200,P01,P01_L200_T004_A01,P01_L200_T004,4,21,126,0.00148313207547176,True,True
P01_L200,P01,P01_L200_T004_A01,P01_L200_T004,5,24,133,0.0008293207547172208,True,True
P01_L200,P01,P01_L200_T004_A01,P01_L200_T004,6,28,171,0.0016547169811321069,True,True
P01_L200,P01,P01_L200_T004_A01,P01_L200_T004,7,29,173,0.0009252830188681377,True,True
P01_L200,P01,P01_L200_T004_A01,P01_L200_T004,8,33,192,0.0018461886792454996,True,True
P01_L200,P01,P01_L200_T004_A01,P01_L200_T004,9,37,216,0.0010323396226417218,True,True
P01_L200,P01,P01_L200_T004_A01,P01_L200_T004,10,41,252,0.0020597735849057345,True,True
P01_L200,P01,P01_L200_T004_A02,P01_L200_T004,1,6,42,0.002667396226415003,False,True
P01_L200,P01,P01_L200_T004_A02,P01_L200_T004,2,20,181,0.04227539622641499,False,True
P01_L200,P01,P01_L200_T004_A02,P01_L200_T004,3,24,195,0.02363947169811331,False,True
P01_L200,P01,P01_L200_T004_A02,P01_L200_T004,4,28,206,0.0471669433962265,True,True
P01_L200,P01,P01_L200_T004_A02,P01_L200_T004,5,32,221,0.026374716981131984,True,True
P01_L200,P01,P01_L200_T004_A02,P01_L200_T004,6,36,260,0.052624490566037754,True,True
P01_L200,P01,P01_L200_T004_A02,P01_L200_T004,7,41,288,0.016454603773585135,True,True
P01_L200,P01,P01_L200_T004_A02,P01_L200_T004,8,45,299,0.03283124528301888,True,True
P01_L200,P01,P01_L200_T004_A02,P01_L200_T004,9,46,302,0.018358490566037767,True,True
P01_L200,P01,P01_L200_T004_A02,P01_L200_T004,10,50,314,0.03662999999999997,True,True
P01_L200,P01,P01_L200_T004_A02,P01_L200_T004,11,51,315,0.020482679245282943,True,True
P01_L200,P01,P01_L200_T004_A03,P01_L200_T004,1,6,29,0.002667396226415003,False,True
P01_L200,P01,P01_L200_T004_A03,P01_L200_T004,2,11,80,0.010619094339622877,False,True
P01_L200,P01,P01_L200_T004_A03,P01_L200_T004,3,20,158,0.00185667924528316,True,True
P01_L200,P01,P01_L200_T004_A03,P01_L200_T004,4,24,162,0.0037045660377359414,True,True
P01_L200,P01,P01_L200_T004_A03,P01_L200_T004,5,25,203,0.0020715094339622355,True,True
P01_L200,P01,P01_L200_T004_A03,P01_L200_T004,6,29,223,0.004133207547169892,True,True
P01_L200,P01,P01_L200_T004_A03,P01_L200_T004,7,33,241,0.002311207547169721,True,True
P01_L200,P01,P01_L200_T004_A03,P01_L200_T004,8,38,255,0.009201094339622887,True,True
P01_L200,P01,P01_L200_T004_A03,P01_L200_T004,9,43,311,0.0028770188679244947,True,True
P01_L200,P01,P01_L200_T004_A03,P01_L200_T004,10,49,333,0.011453622641509682,True,True
P01_L200,P01,P01_L200_T004_A04,P01_L200_T004,1,11,68,0.0006662264150945398,False,True
P01_L200,P01,P01_L200_T004_A04,P01_L200_T004,2,16,110,0.002652264150943519,False,True
P01_L200,P01,P01_L200_T004_A04,P01_L200_T004,3,22,152,0.0008293207547172208,False,True
P01_L200,P01,P01_L200_T004_A04,P01_L200_T004,4,28,189,0.003301584905660382,True,True
P01_L200,P01,P01_L200_T004_A04,P01_L200_T004,5,38,265,0.0005772452830189812,True,True
P01_L200,P01,P01_L200_T004_A04,P01_L200_T004,6,45,301,0.002298075471698232,True,True
P01_L200,P01,P01_L200_T004_A04,P01_L200_T004,7,49,326,0.0012850188679245493,True,True
P01_L200,P01,P01_L200_T004_A04,P01_L200_T004,8,53,332,0.002563962264151041,True,True
P01_L200,P01,P01_L200_T004_A04,P01_L200_T004,9,59,343,0.0008016981132076629,True,True
P01_L200,P01,P01_L200_T004_A04,P01_L200_T004,10,63,348,0.0015995849056603107,True,True
P01_L200,P01,P01_L200_T004_A04,P01_L200_T004,11,64,349,0.0008944528301885714,True,True
P01_L200,P01,P01_L200_T004_A05,P01_L200_T004,1,7,64,0.0011914716981132408,False,True
P01_L200,P01,P01_L200_T004_A05,P01_L200_T004,2,11,81,0.0023772830188680373,False,True
P01_L200,P01,P01_L200_T004_A05,P01_L200_T004,3,12,82,0.0013293207547171448,True,True
P01_L200,P01,P01_L200_T004_A05,P01_L200_T004,4,16,119,0.0026523396226415925,True,True
P01_L200,P01,P01_L200_T004_A05,P01_L200_T004,5,19,140,0.00148313207547176,True,True
P01_L200,P01,P01_L200_T004_A05,P01_L200_T004,6,23,177,0.0029592452830189157,True,True
P01_L200,P01,P01_L200_T004_A05,P01_L200_T004,7,27,198,0.001654754716981353,True,True
P01_L200,P01,P01_L200_T004_A05,P01_L200_T004,8,31,234,0.0033016603773584553,True,True
P01_L200,P01,P01_L200_T004_A05,P01_L200_T004,9,37,274,0.001032377358490549,True,True
P01_L200,P01,P01_L200_T004_A05,P01_L200_T004,10,41,290,0.002059849056603808,True,True
P01_L200,P01,P01_L200_T004_A06,P01_L200_T004,1,7,48,0.0011914716981132408,False,True
P01_L200,P01,P01_L200_T004_A06,P01_L200_T004,2,11,55,0.0023772830188680373,False,True
P01_L200,P01,P01_L200_T004_A06,P01_L200_T004,3,16,86,0.0007433207547170311,True,True
P01_L200,P01,P01_L200_T004_A06,P01_L200_T004,4,21,143,0.0029592452830189157,True,True
P01_L200,P01,P01_L200_T004_A06,P01_L200_T004,5,26,168,0.0009253207547169649,True,True
P01_L200,P01,P01_L200_T004_A06,P01_L200_T004,6,30,210,0.001846264150943573,True,True
P01_L200,P01,P01_L200_T004_A06,P01_L200_T004,7,33,253,0.001032377358490549,True,True
P01_L200,P01,P01_L200_T004_A06,P01_L200_T004,8,37,261,0.002059849056603808,True,True
P01_L200,P01,P01_L200_T004_A06,P01_L200_T004,9,38,269,0.0011518113207548875,True,True
P01_L200,P01,P01_L200_T004_A06,P01_L200_T004,10,42,294,0.002298150943396305,True,True
P01_L200,P01,P01_L200_T004_A07,P01_L200_T004,1,7,40,0.0011914716981132408,False,True
P01_L200,P01,P01_L200_T004_A07,P01_L200_T004,2,14,99,0.004743320754716842,False,True
P01_L200,P01,P01_L200_T004_A07,P01_L200_T004,3,23,145,0.0008293207547172208,True,True
P01_L200,P01,P01_L200_T004_A07,P01_L200_T004,4,31,187,0.006587509433962347,True,True
P01_L200,P01,P01_L200_T004_A07,P01_L200_T004,5,35,248,0.0036835849056606204,True,True
P01_L200,P01,P01_L200_T004_A07,P01_L200_T004,6,39,270,0.00734973584905663,True,True
P01_L200,P01,P01_L200_T004_A07,P01_L200_T004,7,42,285,0.004109811320754962,True,True
P01_L200,P01,P01_L200_T004_A07,P01_L200_T004,8,46,317,0.008200150943396073,True,True
P01_L200,P01,P01_L200_T004_A07,P01_L200_T004,9,49,320,0.00458535849056609,True,True
P01_L200,P01,P01_L200_T004_A07,P01_L200_T004,10,53,341,0.009148981132075705,True,True
P01_L200,P01,P01_L200_T005_A01,P01_L200_T005,1,13,87,0.0028359622641511537,False,True
P01_L200,P01,P01_L200_T005_A01,P01_L200_T005,2,20,187,0.011290188679245462,False,True
P01_L200,P01,P01_L200_T005_A01,P01_L200_T005,3,34,279,0.0011038113207545964,True,True
P01_L200,P01,P01_L200_T005_A01,P01_L200_T005,4,38,299,0.0022023773584907815,True,True
P01_L200,P01,P01_L200_T005_A01,P01_L200_T005,5,39,313,0.0012315094339623803,True,True
P01_L200,P01,P01_L200_T005_A01,P01_L200_T005,6,43,322,0.0024571698113209236,True,True
P01_L200,P01,P01_L200_T005_A01,P01_L200_T005,7,45,326,0.0013740000000001078,True,True
P01_L200,P01,P01_L200_T005_A01,P01_L200_T005,8,49,340,0.002741471698113298,True,True
P01_L200,P01,P01_L200_T005_A01,P01_L200_T005,9,51,354,0.0015329811320754798,True,True
P01_L200,P01,P01_L200_T005_A01,P01_L200_T005,10,55,364,0.0030587169811321347,True,True
P01_L200,P01,P01_L200_T005_A02,P01_L200_T005,1,23,180,0.0004958490566037877,False,True
P01_L200,P01,P01_L200_T005_A02,P01_L200_T005,2,29,216,0.001974037735849011,False,True
P01_L200,P01,P01_L200_T005_A02,P01_L200_T005,3,35,257,0.0006172452830188746,False,True
P01_L200,P01,P01_L200_T005_A02,P01_L200_T005,4,41,289,0.0024573207547170703,True,True
P01_L200,P01,P01_L200_T005_A02,P01_L200_T005,5,46,323,0.0007683396226415875,True,True
P01_L200,P01,P01_L200_T005_A02,P01_L200_T005,6,50,339,0.0015330566037735532,True,True
P01_L200,P01,P01_L200_T005_A02,P01_L200_T005,7,52,343,0.0008572452830190727,True,True
P01_L200,P01,P01_L200_T005_A02,P01_L200_T005,8,56,350,0.0017104150943396635,True,True
P01_L200,P01,P01_L200_T005_A02,P01_L200_T005,9,57,351,0.0009564150943395789,True,True
P01_L200,P01,P01_L200_T005_A02,P01_L200_T005,10,61,367,0.001908301886792654,True,True
P01_L200,P01,P01_L200_T005_A02,P01_L200_T005,11,62,368,0.001067094339622785,True,True
P01_L200,P01,P01_L200_T005_A03,P01_L200_T005,1,7,16,0.0050716603773583455,False,True
P01_L200,P01,P01_L200_T005_A03,P01_L200_T005,2,14,90,0.04028562264150949,False,True
P01_L200,P01,P01_L200_T005_A03,P01_L200_T005,3,20,143,0.012596490566037625,True,True
P01_L200,P01,P01_L200_T005_A03,P01_L200_T005,4,24,170,0.02513332075471695,True,True
P01_L200,P01,P01_L200_T005_A03,P01_L200_T005,5,25,195,0.01405400000000024,True,True
P01_L200,P01,P01_L200_T005_A03,P01_L200_T005,6,29,248,0.028041433962264058,True,True
P01_L200,P01,P01_L200_T005_A03,P01_L200_T005,7,32,264,0.015680150943396243,True,True
P01_L200,P01,P01_L200_T005_A03,P01_L200_T005,8,36,276,0.03128599999999997,True,True
P01_L200,P01,P01_L200_T005_A03,P01_L200_T005,9,38,291,0.017494452830188727,True,True
P01_L200,P01,P01_L200_T005_A03,P01_L200_T005,10,45,312,0.06964671698113226,True,True
P01_L200,P01,P01_L200_T005_A04,P01_L200_T005,1,8,67,0.0050716603773583455,False,True
P01_L200,P01,P01_L200_T005_A04,P01_L200_T005,2,13,106,0.020190641509434056,False,True
P01_L200,P01,P01_L200_T005_A04,P01_L200_T005,3,16,120,0.011290150943396214,True,True
P01_L200,P01,P01_L200_T005_A04,P01_L200_T005,4,20,128,0.022526830188679087,True,True
P01_L200,P01,P01_L200_T005_A04,P01_L200_T005,5,27,154,0.007043660377358535,True,True
P01_L200,P01,P01_L200_T005_A04,P01_L200_T005,6,31,182,0.014053962264150994,True,True
P01_L200,P01,P01_L200_T005_A04,P01_L200_T005,7,37,220,0.004394415094339631,True,True
P01_L200,P01,P01_L200_T005_A04,P01_L200_T005,8,41,232,0.008768000000000088,True,True
P01_L200,P01,P01_L200_T005_A04,P01_L200_T005,9,42,236,0.004902867924528393,True,True
P01_L200,P01,P01_L200_T005_A04,P01_L200_T005,10,46,256,0.009782490566037586,True,True
P01_L200,P01,P01_L200_T005_A05,P01_L200_T005,1,7,58,0.0050716603773583455,False,True
P01_L200,P01,P01_L200_T005_A05,P01_L200_T005,2,11,81,0.010119283018867928,False,True
P01_L200,P01,P01_L200_T005_A05,P01_L200_T005,3,16,112,0.003164113207547264,True,True
P01_L200,P01,P01_L200_T005_A05,P01_L200_T005,4,20,123,0.006313245283018773,True,True
P01_L200,P01,P01_L200_T005_A05,P01_L200_T005,5,21,145,0.0035302264150944463,True,True
P01_L200,P01,P01_L200_T005_A05,P01_L200_T005,6,25,161,0.007043735849056609,True,True
P01_L200,P01,P01_L200_T005_A05,P01_L200_T005,7,30,192,0.0022024528301888553,True,True
P01_L200,P01,P01_L200_T005_A05,P01_L200_T005,8,34,210,0.004394452830188877,True,True
P01_L200,P01,P01_L200_T005_A05,P01_L200_T005,9,36,213,0.002457283018867824,True,True
P01_L200,P01,P01_L200_T005_A05,P01_L200_T005,10,44,261,0.009782566037736078,True,True
P01_L200,P01,P01_L200_T005_A06,P01_L200_T005,1,12,70,0.0028359622641511537,False,True
P01_L200,P01,P01_L200_T005_A06,P01_L200_T005,2,16,99,0.005658490566037687,False,True
P01_L200,P01,P01_L200_T005_A06,P01_L200_T005,3,17,107,0.003164113207547264,True,True
P01_L200,P01,P01_L200_T005_A06,P01_L200_T005,4,22,150,0.012596566037735698,True,True
P01_L200,P01,P01_L200_T005_A06,P01_L200_T005,5,29,222,0.003938716981132302,True,True
P01_L200,P01,P01_L200_T005_A06,P01_L200_T005,6,33,269,0.007858754716981154,True,True
P01_L200,P01,P01_L200_T005_A06,P01_L200_T005,7,34,277,0.004394452830188877,True,True
P01_L200,P01,P01_L200_T005_A06,P01_L200_T005,8,38,287,0.008768075471698162,True,True
P01_L200,P01,P01_L200_T005_A06,P01_L200_T005,9,45,307,0.0027415849056606177,True,True
P01_L200,P01,P01_L200_T005_A06,P01_L200_T005,10,49,333,0.005470188679245475,True,True
P01_L200,P01,P01_L200_T005_A07,P01_L200_T005,1,18,102,0.0015858113207545684,False,True
P01_L200,P01,P01_L200_T005_A07,P01_L200_T005,2,26,165,0.006313245283018773,False,True
P01_L200,P01,P01_L200_T005_A07,P01_L200_T005,3,38,245,0.0011038490566038428,True,True
P01_L200,P01,P01_L200_T005_A07,P01_L200_T005,4,42,252,0.0022024528301888553,True,True
P01_L200,P01,P01_L200_T005_A07,P01_L200_T005,5,44,267,0.0012315471698112076,True,True
P01_L200,P01,P01_L200_T005_A07,P01_L200_T005,6,48,298,0.002457245283018997,True,True
P01_L200,P01,P01_L200_T005_A07,P01_L200_T005,7,49,311,0.001374037735848935,True,True
P01_L200,P01,P01_L200_T005_A07,P01_L200_T005,8,53,338,0.0027415471698113716,True,True
P01_L200,P01,P01_L200_T005_A07,P01_L200_T005,9,57,353,0.001533018867924726,True,True
P01_L200,P01,P01_L200_T005_A07,P01_L200_T005,10,61,361,0.003058792452830208,True,True
P01_L300,P01,P01_L300_T001_A01,P01_L300_T001,1,8,96,0.002667454545454443,False,True
P01_L300,P01,P01_L300_T001_A01,P01_L300_T001,2,15,130,0.010619363636363037,False,True
P01_L300,P01,P01_L300_T001_A01,P01_L300_T001,3,16,133,0.005938090909090639,False,True
P01_L300,P01,P01_L300_T001_A01,P01_L300_T001,4,20,172,0.01184809090909052,True,True
P01_L300,P01,P01_L300_T001_A01,P01_L300_T001,5,22,179,0.006625181818181221,True,True
P01_L300,P01,P01_L300_T001_A01,P01_L300_T001,6,26,194,0.01321899999999967,True,True
P01_L300,P01,P01_L300_T001_A01,P01_L300_T001,7,29,204,0.007391727272726917,True,True
P01_L300,P01,P01_L300_T001_A01,P01_L300_T001,8,33,228,0.014748454545454594,True,True
P01_L300,P01,P01_L300_T001_A01,P01_L300_T001,9,41,242,0.0046115454545449875,True,True
P01_L300,P01,P01_L300_T001_A01,P01_L300_T001,10,45,246,0.009201272727272176,True,True
P01_L300,P01,P01_L300_T001_A01,P01_L300_T001,11,46,247,0.005145181818182062,True,True
P01_L300,P01,P01_L300_T001_A02,P01_L300_T001,1,4,14,0.013368727272727362,False,True
P01_L300,P01,P01_L300_T001_A02,P01_L300_T001,2,8,27,0.026674090909090627,False,True
P01_L300,P01,P01_L300_T001_A02,P01_L300_T001,3,12,38,0.014915545454545362,True,True
P01_L300,P01,P01_L300_T001_A02,P01_L300_T001,4,16,52,0.0297604545454547,True,True
P01_L300,P01,P01_L300_T001_A02,P01_L300_T001,5,20,72,0.016641363636363513,True,True
P01_L300,P01,P01_L300_T001_A02,P01_L300_T001,6,24,95,0.03320390909090946,True,True
P01_L300,P01,P01_L300_T001_A02,P01_L300_T001,7,30,134,0.010382181818181414,True,True
P01_L300,P01,P01_L300_T001_A02,P01_L300_T001,8,35,152,0.04133218181818171,True,True
P01_L300,P01,P01_L300_T001_A02,P01_L300_T001,9,43,196,0.012923727272726929,True,True
P01_L300,P01,P01_L300_T001_A02,P01_L300_T001,10,47,209,0.025786181818182093,True,True
P01_L300,P01,P01_L300_T001_A03,P01_L300_T001,1,5,12,0.005971636363636099,False,True
P01_L300,P01,P01_L300_T001_A03,P01_L300_T001,2,9,33,0.011914999999999717,False,True
P01_L300,P01,P01_L300_T001_A03,P01_L300_T001,3,10,40,0.006662636363636238,True,True
P01_L300,P01,P01_L300_T001_A03,P01_L300_T001,4,14,62,0.013293727272726971,True,True
P01_L300,P01,P01_L300_T001_A03,P01_L300_T001,5,15,64,0.007433545454545292,True,True
P01_L300,P01,P01_L300_T001_A03,P01_L300_T001,6,19,82,0.014831909090908613,True,True
P01_L300,P01,P01_L300_T001_A03,P01_L300_T001,7,20,84,0.008293636363636156,True,True
P01_L300,P01,P01_L300_T001_A03,P01_L300_T001,8,24,108,0.01654800000000007,True,True
P01_L300,P01,P01_L300_T001_A03,P01_L300_T001,9,28,137,0.009253272727273065,True,True
P01_L300,P01,P01_L300_T001_A03,P01_L300_T001,10,32,182,0.01846272727272679,True,True
P01_L300,P01,P01_L300_T001_A04,P01_L300_T001,1,5,21,0.005971636363636099,False,True
P01_L300,P01,P01_L300_T001_A04,P01_L300_T001,2,9,67,0.011914999999999717,False,True
P01_L300,P01,P01_L300_T001_A04,P01_L300_T001,3,14,83,0.003725636363636411,True,True
P01_L300,P01,P01_L300_T001_A04,P01_L300_T001,4,18,93,0.007433636363636658,True,True
P01_L300,P01,P01_L300_T001_A04,P01_L300_T001,5,19,104,0.0041567272727275045,True,True
P01_L300,P01,P01_L300_T001_A04,P01_L300_T001,6,23,126,0.008293727272727522,True,True
P01_L300,P01,P01_L300_T001_A04,P01_L300_T001,7,24,129,0.0046376363636357896,True,True
P01_L300,P01,P01_L300_T001_A04,P01_L300_T001,8,28,149,0.009253272727273065,True,True
P01_L300,P01,P01_L300_T001_A04,P01_L300_T001,9,29,161,0.005174181818181432,True,True
P01_L300,P01,P01_L300_T001_A04,P01_L300_T001,10,33,168,0.010323818181818219,True,True
P01_L300,P01,P01_L300_T001_A05,P01_L300_T001,1,5,35,0.005971636363636099,False,True
P01_L300,P01,P01_L300_T001_A05,P01_L300_T001,2,10,53,0.02377354545454584,False,True
P01_L300,P01,P01_L300_T001_A05,P01_L300_T001,3,13,91,0.013293636363636615,False,True
P01_L300,P01,P01_L300_T001_A05,P01_L300_T001,4,17,120,0.02652427272727258,True,True
P01_L300,P01,P01_L300_T001_A05,P01_L300_T001,5,19,153,0.014831818181818255,True,True
P01_L300,P01,P01_L300_T001_A05,P01_L300_T001,6,23,162,0.029593363636363935,True,True
P01_L300,P01,P01_L300_T001_A05,P01_L300_T001,7,28,195,0.009253272727273065,True,True
P01_L300,P01,P01_L300_T001_A05,P01_L300_T001,8,32,212,0.01846272727272679,True,True
P01_L300,P01,P01_L300_T001_A05,P01_L300_T001,9,38,220,0.005772909090909471,True,True
P01_L300,P01,P01_L300_T001_A05,P01_L300_T001,10,43,229,0.02298236363636312,True,True
P01_L300,P01,P01_L300_T001_A05,P01_L300_T001,11,44,234,0.012851272727272673,True,True
P01_L300,P01,P01_L300_T001_A06,P01_L300_T001,1,6,58,0.002667454545454443,False,True
P01_L300,P01,P01_L300_T001_A06,P01_L300_T001,2,13,103,0.010619363636363037,False,True
P01_L300,P01,P01_L300_T001_A06,P01_L300_T001,3,18,122,0.003320454545454397,True,True
P01_L300,P01,P01_L300_T001_A06,P01_L300_T001,4,22,143,0.006625181818181221,True,True
P01_L300,P01,P01_L300_T001_A06,P01_L300_T001,5,24,150,0.003704636363635858,True,True
P01_L300,P01,P01_L300_T001_A06,P01_L300_T001,6,28,171,0.007391727272726917,True,True
P01_L300,P01,P01_L300_T001_A06,P01_L300_T001,7,29,173,0.004133272727272183,True,True
P01_L300,P01,P01_L300_T001_A06,P01_L300_T001,8,33,206,0.008246999999999612,True,True
P01_L300,P01,P01_L300_T001_A06,P01_L300_T001,9,34,207,0.0046115454545449875,True,True
P01_L300,P01,P01_L300_T001_A06,P01_L300_T001,10,38,230,0.009201272727272176,True,True
P01_L300,P01,P01_L300_T002_A01,P01_L300_T002,1,6,50,0.002667454545454443,False,True
P01_L300,P01,P01_L300_T002_A01,P01_L300_T002,2,11,72,0.010619363636363037,False,True
P01_L300,P01,P01_L300_T002_A01,P01_L300_T002,3,14,103,0.005938090909090639,True,True
P01_L300,P01,P01_L300_T002_A01,P01_L300_T002,4,18,128,0.01184809090909052,True,True
P01_L300,P01,P01_L300_T002_A01,P01_L300_T002,5,25,201,0.003704636363635858,True,True
P01_L300,P01,P01_L300_T002_A01,P01_L300_T002,6,33,251,0.014748454545454594,True,True
P01_L300,P01,P01_L300_T002_A01,P01_L300_T002,7,39,287,0.0046115454545449875,True,True
P01_L300,P01,P01_L300_T002_A01,P01_L300_T002,8,43,302,0.009201272727272176,True,True
P01_L300,P01,P01_L300_T002_A01,P01_L300_T002,9,45,306,0.005145181818182062,True,True
P01_L300,P01,P01_L300_T002_A01,P01_L300_T002,10,49,315,0.01026600000000019,True,True
P01_L300,P01,P01_L300_T002_A02,P01_L300_T002,1,8,37,0.002667454545454443,False,True
P01_L300,P01,P01_L300_T002_A02,P01_L300_T002,2,17,84,0.02118845454545407,False,True
P01_L300,P01,P01_L300_T002_A02,P01_L300_T002,3,23,144,0.006625181818181221,True,True
P01_L300,P01,P01_L300_T002_A02,P01_L300_T002,4,28,175,0.02637536363636314,True,True
P01_L300,P01,P01_L300_T002_A02,P01_L300_T002,5,30,205,0.01474854545454495,True,True
P01_L300,P01,P01_L300_T002_A02,P01_L300_T002,6,34,220,0.029427181818181776,True,True
P01_L300,P01,P01_L300_T002_A02,P01_L300_T002,7,36,250,0.01645500000000007,True,True
P01_L300,P01,P01_L300_T002_A02,P01_L300_T002,8,40,272,0.03283199999999981,True,True
P01_L300,P01,P01_L300_T002_A02,P01_L300_T002,9,48,301,0.010265909090908824,True,True
P01_L300,P01,P01_L300_T002_A02,P01_L300_T002,10,52,308,0.020483181818182157,True,True
P01_L300,P01,P01_L300_T002_A03,P01_L300_T002,1,7,62,0.002667454545454443,False,True
P01_L300,P01,P01_L300_T002_A03,P01_L300_T002,2,18,118,0.04227654545454485,False,True
P01_L300,P01,P01_L300_T002_A03,P01_L300_T002,3,20,141,0.02364009090909089,True,True
P01_L300,P01,P01_L300_T002_A03,P01_L300_T002,4,24,160,0.04716818181818219,True,True
P01_L300,P01,P01_L300_T002_A03,P01_L300_T002,5,30,185,0.01474854545454495,True,True
P01_L300,P01,P01_L300_T002_A03,P01_L300_T002,6,34,222,0.029427181818181776,True,True
P01_L300,P01,P01_L300_T002_A03,P01_L300_T002,7,35,228,0.01645500000000007,True,True
P01_L300,P01,P01_L300_T002_A03,P01_L300_T002,8,39,241,0.03283199999999981,True,True
P01_L300,P01,P01_L300_T002_A03,P01_L300_T002,9,40,245,0.018358909090908752,True,True
P01_L300,P01,P01_L300_T002_A03,P01_L300_T002,10,44,280,0.03663081818181838,True,True
P01_L300,P01,P01_L300_T002_A04,P01_L300_T002,1,7,63,0.002667454545454443,False,True
P01_L300,P01,P01_L300_T002_A04,P01_L300_T002,2,12,115,0.010619363636363037,False,True
P01_L300,P01,P01_L300_T002_A04,P01_L300_T002,3,13,121,0.005938090909090639,True,True
P01_L300,P01,P01_L300_T002_A04,P01_L300_T002,4,17,149,0.01184809090909052,True,True
P01_L300,P01,P01_L300_T002_A04,P01_L300_T002,5,22,172,0.003704636363635858,True,True
P01_L300,P01,P01_L300_T002_A04,P01_L300_T002,6,26,224,0.007391727272726917,True,True
P01_L300,P01,P01_L300_T002_A04,P01_L300_T002,7,27,225,0.004133272727272183,True,True
P01_L300,P01,P01_L300_T002_A04,P01_L300_T002,8,31,255,0.008246999999999612,True,True
P01_L300,P01,P01_L300_T002_A04,P01_L300_T002,9,32,275,0.0046115454545449875,True,True
P01_L300,P01,P01_L300_T002_A04,P01_L300_T002,10,36,292,0.009201272727272176,True,True
P01_L300,P01,P01_L300_T002_A05,P01_L300_T002,1,9,55,0.002667454545454443,False,True
P01_L300,P01,P01_L300_T002_A05,P01_L300_T002,2,16,96,0.010619363636363037,False,True
P01_L300,P01,P01_L300_T002_A05,P01_L300_T002,3,19,117,0.005938090909090639,True,True
P01_L300,P01,P01_L300_T002_A05,P01_L300_T002,4,23,148,0.01184809090909052,True,True
P01_L300,P01,P01_L300_T002_A05,P01_L300_T002,5,24,151,0.006625181818181221,True,True
P01_L300,P01,P01_L300_T002_A05,P01_L300_T002,6,28,168,0.01321899999999967,True,True
P01_L300,P01,P01_L300_T002_A05,P01_L300_T002,7,30,170,0.007391727272726917,True,True
P01_L300,P01,P01_L300_T002_A05,P01_L300_T002,8,34,191,0.014748454545454594,True,True
P01_L300,P01,P01_L300_T002_A05,P01_L300_T002,9,39,232,0.0046115454545449875,True,True
P01_L300,P01,P01_L300_T002_A05,P01_L300_T002,10,43,262,0.009201272727272176,True,True
P01_L300,P01,P01_L300_T002_A06,P01_L300_T002,1,5,27,0.005971636363636099,False,True
P01_L300,P01,P01_L300_T002_A06,P01_L300_T002,2,9,70,0.011914999999999717,False,True
P01_L300,P01,P01_L300_T002_A06,P01_L300_T002,3,14,123,0.003725636363636411,True,True
P01_L300,P01,P01_L300_T002_A06,P01_L300_T002,4,18,153,0.007433636363636658,True,True
P01_L300,P01,P01_L300_T002_A06,P01_L300_T002,5,19,166,0.0041567272727275045,True,True
P01_L300,P01,P01_L300_T002_A06,P01_L300_T002,6,24,203,0.016548181818181792,True,True
P01_L300,P01,P01_L300_T002_A06,P01_L300_T002,7,32,253,0.005174272727272798,True,True
P01_L300,P01,P01_L300_T002_A06,P01_L300_T002,8,36,269,0.01032399999999994,True,True
P01_L300,P01,P01_L300_T002_A06,P01_L300_T002,9,37,271,0.005772909090909471,True,True
P01_L300,P01,P01_L300_T002_A06,P01_L300_T002,10,41,288,0.011518454545454063,True,True
P01_L300,P01,P01_L300_T002_A07,P01_L300_T002,1,4,23,0.013368727272727362,False,True
P01_L300,P01,P01_L300_T002_A07,P01_L300_T002,2,8,51,0.026674090909090627,False,True
P01_L300,P01,P01_L300_T002_A07,P01_L300_T002,3,13,86,0.008340454545454422,True,True
P01_L300,P01,P01_L300_T002_A07,P01_L300_T002,4,17,94,0.016641363636363513,True,True
P01_L300,P01,P01_L300_T002_A07,P01_L300_T002,5,19,109,0.009305454545454669,True,True
P01_L300,P01,P01_L300_T002_A07,P01_L300_T002,6,23,125,0.018566818181817917,True,True
P01_L300,P01,P01_L300_T002_A07,P01_L300_T002,7,24,133,0.010382181818181414,True,True
P01_L300,P01,P01_L300_T002_A07,P01_L300_T002,8,30,182,0.04133218181818171,True,True
P01_L300,P01,P01_L300_T002_A07,P01_L300_T002,9,36,216,0.012923727272726929,True,True
P01_L300,P01,P01_L300_T002_A07,P01_L300_T002,10,40,247,0.025786181818182093,True,True
P01_L300,P01,P01_L300_T003_A01,P01_L300_T003,1,6,44,0.002667454545454443,False,True
P01_L300,P01,P01_L300_T003_A01,P01_L300_T003,2,11,68,0.010619363636363037,False,True
P01_L300,P01,P01_L300_T003_A01,P01_L300_T003,3,15,99,0.005938090909090639,True,True
P01_L300,P01,P01_L300_T003_A01,P01_L300_T003,4,19,123,0.01184809090909052,True,True
P01_L300,P01,P01_L300_T003_A01,P01_L300_T003,5,24,169,0.003704636363635858,True,True
P01_L300,P01,P01_L300_T003_A01,P01_L300_T003,6,28,193,0.007391727272726917,True,True
P01_L300,P01,P01_L300_T003_A01,P01_L300_T003,7,30,204,0.004133272727272183,True,True
P01_L300,P01,P01_L300_T003_A01,P01_L300_T003,8,34,240,0.008246999999999612,True,True
P01_L300,P01,P01_L300_T003_A01,P01_L300_T003,9,35,250,0.0046115454545449875,True,True
P01_L300,P01,P01_L300_T003_A01,P01_L300_T003,10,39,280,0.009201272727272176,True,True
P01_L300,P01,P01_L300_T003_A02,P01_L300_T003,1,3,27,0.029928909090908895,False,True
P01_L300,P01,P01_L300_T003_A02,P01_L300_T003,2,7,47,0.05971599999999956,False,True
P01_L300,P01,P01_L300_T003_A02,P01_L300_T003,3,12,77,0.018671999999999377,False,True
P01_L300,P01,P01_L300_T003_A02,P01_L300_T003,4,19,138,0.07433454545454532,True,True
P01_L300,P01,P01_L300_T003_A02,P01_L300_T003,5,27,174,0.0232429090909087,True,True
P01_L300,P01,P01_L300_T003_A02,P01_L300_T003,6,31,215,0.046375727272727416,True,True
P01_L300,P01,P01_L300_T003_A02,P01_L300_T003,7,36,239,0.01450072727272701,True,True
P01_L300,P01,P01_L300_T003_A02,P01_L300_T003,8,40,265,0.0289327272727276,True,True
P01_L300,P01,P01_L300_T003_A02,P01_L300_T003,9,43,278,0.016178545454545196,True,True
P01_L300,P01,P01_L300_T003_A02,P01_L300_T003,10,47,294,0.032280454545454494,True,True
P01_L300,P01,P01_L300_T003_A02,P01_L300_T003,11,48,298,0.018050545454544927,True,True
P01_L300,P01,P01_L300_T003_A03,P01_L300_T003,1,9,56,0.002667454545454443,False,True
P01_L300,P01,P01_L300_T003_A03,P01_L300_T003,2,13,105,0.005322272727272613,False,True
P01_L300,P01,P01_L300_T003_A03,P01_L300_T003,3,14,107,0.0029760909090903458,True,True
P01_L300,P01,P01_L300_T003_A03,P01_L300_T003,4,18,143,0.005938090909090639,True,True
P01_L300,P01,P01_L300_T003_A03,P01_L300_T003,5,19,144,0.003320454545454397,True,True
P01_L300,P01,P01_L300_T003_A03,P01_L300_T003,6,26,221,0.01321899999999967,True,True
P01_L300,P01,P01_L300_T003_A03,P01_L300_T003,7,34,259,0.004133272727272183,True,True
P01_L300,P01,P01_L300_T003_A03,P01_L300_T003,8,38,274,0.008246999999999612,True,True
P01_L300,P01,P01_L300_T003_A03,P01_L300_T003,9,39,276,0.0046115454545449875,True,True
P01_L300,P01,P01_L300_T003_A03,P01_L300_T003,10,43,295,0.009201272727272176,True,True
P01_L300,P01,P01_L300_T003_A04,P01_L300_T003,1,5,59,0.005971636363636099,False,True
P01_L300,P01,P01_L300_T003_A04,P01_L300_T003,2,11,108,0.02377354545454584,False,True
P01_L300,P01,P01_L300_T003_A04,P01_L300_T003,3,14,121,0.013293636363636615,True,True
P01_L300,P01,P01_L300_T003_A04,P01_L300_T003,4,18,127,0.02652427272727258,True,True
P01_L300,P01,P01_L300_T003_A04,P01_L300_T003,5,19,132,0.014831818181818255,True,True
P01_L300,P01,P01_L300_T003_A04,P01_L300_T003,6,27,209,0.059046545454545143,True,True
P01_L300,P01,P01_L300_T003_A04,P01_L300_T003,7,36,266,0.010323909090908575,True,True
P01_L300,P01,P01_L300_T003_A04,P01_L300_T003,8,40,287,0.02059890909090857,True,True
P01_L300,P01,P01_L300_T003_A04,P01_L300_T003,9,50,320,0.0036016363636360753,True,True
P01_L300,P01,P01_L300_T003_A04,P01_L300_T003,10,57,330,0.0286086363636362,True,True
P01_L300,P01,P01_L300_T003_A05,P01_L300_T003,1,6,38,0.002667454545454443,False,True
P01_L300,P01,P01_L300_T003_A05,P01_L300_T003,2,13,79,0.010619363636363037,False,True
P01_L300,P01,P01_L300_T003_A05,P01_L300_T003,3,14,84,0.005938090909090639,True,True
P01_L300,P01,P01_L300_T003_A05,P01_L300_T003,4,22,130,0.02364009090909089,True,True
P01_L300,P01,P01_L300_T003_A05,P01_L300_T003,5,33,234,0.004133272727272183,True,True
P01_L300,P01,P01_L300_T003_A05,P01_L300_T003,6,37,264,0.008246999999999612,True,True
P01_L300,P01,P01_L300_T003_A05,P01_L300_T003,7,40,270,0.0046115454545449875,True,True
P01_L300,P01,P01_L300_T003_A05,P01_L300_T003,8,46,301,0.018358909090908752,True,True
P01_L300,P01,P01_L300_T003_A05,P01_L300_T003,9,54,311,0.005740454545454345,True,True
P01_L300,P01,P01_L300_T003_A05,P01_L300_T003,10,58,321,0.011453727272727553,True,True
P01_L300,P01,P01_L300_T003_A06,P01_L300_T003,1,7,32,0.002667454545454443,False,True
P01_L300,P01,P01_L300_T003_A06,P01_L300_T003,2,12,82,0.010619363636363037,False,True
P01_L300,P01,P01_L300_T003_A06,P01_L300_T003,3,18,114,0.003320454545454397,True,True
P01_L300,P01,P01_L300_T003_A06,P01_L300_T003,4,22,147,0.006625181818181221,True,True
P01_L300,P01,P01_L300_T003_A06,P01_L300_T003,5,24,160,0.003704636363635858,True,True
P01_L300,P01,P01_L300_T003_A06,P01_L300_T003,6,28,168,0.007391727272726917,True,True
P01_L300,P01,P01_L300_T003_A06,P01_L300_T003,7,30,177,0.004133272727272183,True,True
P01_L300,P01,P01_L300_T003_A06,P01_L300_T003,8,34,186,0.008246999999999612,True,True
P01_L300,P01,P01_L300_T003_A06,P01_L300_T003,9,35,187,0.0046115454545449875,True,True
P01_L300,P01,P01_L300_T003_A06,P01_L300_T003,10,39,202,0.009201272727272176,True,True
P01_L300,P01,P01_L300_T003_A07,P01_L300_T003,1,6,39,0.002667454545454443,False,True
P01_L300,P01,P01_L300_T003_A07,P01_L300_T003,2,11,66,0.010619363636363037,False,True
P01_L300,P01,P01_L300_T003_A07,P01_L300_T003,3,12,76,0.005938090909090639,True,True
P01_L300,P01,P01_L300_T003_A07,P01_L300_T003,4,16,96,0.01184809090909052,True,True
P01_L300,P01,P01_L300_T003_A07,P01_L300_T003,5,18,122,0.006625181818181221,True,True
P01_L300,P01,P01_L300_T003_A07,P01_L300_T003,6,22,148,0.01321899999999967,True,True
P01_L300,P01,P01_L300_T003_A07,P01_L300_T003,7,23,152,0.007391727272726917,True,True
P01_L300,P01,P01_L300_T003_A07,P01_L300_T003,8,27,182,0.014748454545454594,True,True
P01_L300,P01,P01_L300_T003_A07,P01_L300_T003,9,31,206,0.008246999999999612,True,True
P01_L300,P01,P01_L300_T003_A07,P01_L300_T003,10,39,246,0.032831818181818094,True,True
P01_L300,P01,P01_L300_T004_A01,P01_L300_T004,1,6,27,0.002377363636363317,False,True
P01_L300,P01,P01_L300_T004_A01,P01_L300_T004,2,10,37,0.005446181818181583,False,True
P01_L300,P01,P01_L300_T004_A01,P01_L300_T004,3,17,56,0.0013496363636365176,False,True
P01_L300,P01,P01_L300_T004_A01,P01_L300_T004,4,25,83,0.016225999999999994,True,True
P01_L300,P01,P01_L300_T004_A01,P01_L300_T004,5,35,113,0.0020016363636364935,True,True
P01_L300,P01,P01_L300_T004_A01,P01_L300_T004,6,40,135,0.010504636363636603,True,True
P01_L300,P01,P01_L300_T004_A01,P01_L300_T004,7,45,161,0.0026031818181817346,True,True
P01_L300,P01,P01_L300_T004_A01,P01_L300_T004,8,52,190,0.013661727272727056,True,True
P01_L300,P01,P01_L300_T004_A01,P01_L300_T004,9,57,203,0.003385545454545361,True,True
P01_L300,P01,P01_L300_T004_A01,P01_L300_T004,10,61,211,0.0077558181818184555,True,True
P01_L300,P01,P01_L300_T004_A01,P01_L300_T004,11,63,213,0.0038609090909085876,True,True
P01_L300,P01,P01_L300_T004_A02,P01_L300_T004,1,8,32,0.002377363636363317,False,True
P01_L300,P01,P01_L300_T004_A02,P01_L300_T004,2,15,79,0.028581909090908866,False,True
P01_L300,P01,P01_L300_T004_A02,P01_L300_T004,3,18,88,0.014228272727273058,True,True
P01_L300,P01,P01_L300_T004_A02,P01_L300_T004,4,22,109,0.03259509090909128,True,True
P01_L300,P01,P01_L300_T004_A02,P01_L300_T004,5,23,112,0.016225999999999994,True,True
P01_L300,P01,P01_L300_T004_A02,P01_L300_T004,6,27,136,0.03717163636363602,True,True
P01_L300,P01,P01_L300_T004_A02,P01_L300_T004,7,28,137,0.018504272727273084,True,True
P01_L300,P01,P01_L300_T004_A02,P01_L300_T004,8,32,145,0.042390818181818495,True,True
P01_L300,P01,P01_L300_T004_A02,P01_L300_T004,9,42,180,0.00522936363636398,True,True
P01_L300,P01,P01_L300_T004_A02,P01_L300_T004,10,47,193,0.027444181818181427,True,True
P01_L300,P01,P01_L300_T004_A03,P01_L300_T004,1,7,30,0.002377363636363317,False,True
P01_L300,P01,P01_L300_T004_A03,P01_L300_T004,2,13,55,0.01247645454545446,False,True
P01_L300,P01,P01_L300_T004_A03,P01_L300_T004,3,14,57,0.00621081818181768,False,True
P01_L300,P01,P01_L300_T004_A03,P01_L300_T004,4,18,68,0.014228181818181692,True,True
P01_L300,P01,P01_L300_T004_A03,P01_L300_T004,5,23,91,0.003525909090908795,True,True
P01_L300,P01,P01_L300_T004_A03,P01_L300_T004,6,27,105,0.00807736363636372,True,True
P01_L300,P01,P01_L300_T004_A03,P01_L300_T004,7,34,130,0.0020016363636364935,True,True
P01_L300,P01,P01_L300_T004_A03,P01_L300_T004,8,45,176,0.0240647272727273,True,True
P01_L300,P01,P01_L300_T004_A03,P01_L300_T004,9,52,197,0.00596345454545455,True,True
P01_L300,P01,P01_L300_T004_A03,P01_L300_T004,10,56,205,0.013661454545453968,True,True
P01_L300,P01,P01_L300_T004_A03,P01_L300_T004,11,57,207,0.006800727272727636,True,True
P01_L300,P01,P01_L300_T004_A04,P01_L300_T004,1,5,17,0.005446181818181583,False,True
P01_L300,P01,P01_L300_T004_A04,P01_L300_T004,2,9,26,0.01247645454545446,False,True
P01_L300,P01,P01_L300_T004_A04,P01_L300_T004,3,12,43,0.00621081818181768,True,True
P01_L300,P01,P01_L300_T004_A04,P01_L300_T004,4,20,80,0.03259490909090855,True,True
P01_L300,P01,P01_L300_T004_A04,P01_L300_T004,5,24,89,0.016225909090908628,True,True
P01_L300,P01,P01_L300_T004_A04,P01_L300_T004,6,28,118,0.03717145454545429,True,True
P01_L300,P01,P01_L300_T004_A04,P01_L300_T004,7,32,131,0.01850418181818172,True,True
P01_L300,P01,P01_L300_T004_A04,P01_L300_T004,8,36,146,0.04239063636363576,True,True
P01_L300,P01,P01_L300_T004_A04,P01_L300_T004,9,37,147,0.021102272727272196,True,True
P01_L300,P01,P01_L300_T004_A04,P01_L300_T004,10,41,156,0.04834254545454538,True,True
P01_L300,P01,P01_L300_T005_A01,P01_L300_T005,1,5,25,0.005446181818181583,False,True
P01_L300,P01,P01_L300_T005_A01,P01_L300_T005,2,13,62,0.028581909090908866,False,True
P01_L300,P01,P01_L300_T005_A01,P01_L300_T005,3,21,97,0.007082909090909292,True,True
P01_L300,P01,P01_L300_T005_A01,P01_L300_T005,4,29,131,0.03717163636363602,True,True
P01_L300,P01,P01_L300_T005_A01,P01_L300_T005,5,35,145,0.009211545454545047,True,True
P01_L300,P01,P01_L300_T005_A01,P01_L300_T005,6,39,154,0.021102454545454927,True,True
P01_L300,P01,P01_L300_T005_A01,P01_L300_T005,7,44,168,0.00522936363636398,True,True
P01_L300,P01,P01_L300_T005_A01,P01_L300_T005,8,48,182,0.011979818181817594,True,True
P01_L300,P01,P01_L300_T005_A01,P01_L300_T005,9,51,186,0.005963636363636273,True,True
P01_L300,P01,P01_L300_T005_A01,P01_L300_T005,10,59,201,0.03129763636363637,True,True
P01_L300,P01,P01_L300_T005_A02,P01_L300_T005,1,5,22,0.005446181818181583,False,True
P01_L300,P01,P01_L300_T005_A02,P01_L300_T005,2,9,39,0.01247645454545446,False,True
P01_L300,P01,P01_L300_T005_A02,P01_L300_T005,3,14,64,0.003091818181817767,True,True
P01_L300,P01,P01_L300_T005_A02,P01_L300_T005,4,18,68,0.007082909090909292,True,True
P01_L300,P01,P01_L300_T005_A02,P01_L300_T005,5,20,72,0.003525909090908795,True,True
P01_L300,P01,P01_L300_T005_A02,P01_L300_T005,6,24,88,0.00807736363636372,True,True
P01_L300,P01,P01_L300_T005_A02,P01_L300_T005,7,29,117,0.0020016363636364935,True,True
P01_L300,P01,P01_L300_T005_A02,P01_L300_T005,8,34,143,0.010504636363636603,True,True
P01_L300,P01,P01_L300_T005_A02,P01_L300_T005,9,35,151,0.005229272727272614,True,True
P01_L300,P01,P01_L300_T005_A02,P01_L300_T005,10,39,172,0.011979545454545514,True,True
P01_L300,P01,P01_L300_T005_A03,P01_L300_T005,1,4,8,0.01247645454545446,False,True
P01_L300,P01,P01_L300_T005_A03,P01_L300_T005,2,8,17,0.028581909090908866,False,True
P01_L300,P01,P01_L300_T005_A03,P01_L300_T005,3,9,19,0.014228272727273058,True,True
P01_L300,P01,P01_L300_T005_A03,P01_L300_T005,4,13,32,0.03259509090909128,True,True
P01_L300,P01,P01_L300_T005_A03,P01_L300_T005,5,17,48,0.016225999999999994,True,True
P01_L300,P01,P01_L300_T005_A03,P01_L300_T005,6,21,61,0.03717163636363602,True,True
P01_L300,P01,P01_L300_T005_A03,P01_L300_T005,7,26,80,0.009211545454545047,True,True
P01_L300,P01,P01_L300_T005_A03,P01_L300_T005,8,34,129,0.048342909090908825,True,True
P01_L300,P01,P01_L300_T005_A03,P01_L300_T005,9,38,159,0.024065363636363836,True,True
P01_L300,P01,P01_L300_T005_A03,P01_L300_T005,10,42,177,0.05513054545454538,True,True
P01_L300,P01,P01_L300_T005_A04,P01_L300_T005,1,10,36,0.0027111818181814085,False,True
P01_L300,P01,P01_L300_T005_A04,P01_L300_T005,2,18,84,0.014228545454545136,False,True
P01_L300,P01,P01_L300_T005_A04,P01_L300_T005,3,27,110,0.001755272727272333,True,True
P01_L300,P01,P01_L300_T005_A04,P01_L300_T005,4,32,119,0.009211818181818135,True,True
P01_L300,P01,P01_L300_T005_A04,P01_L300_T005,5,35,122,0.004585727272727274,True,True
P01_L300,P01,P01_L300_T005_A04,P01_L300_T005,6,39,133,0.010505272727272127,True,True
P01_L300,P01,P01_L300_T005_A04,P01_L300_T005,7,44,153,0.0026032727272731005,True,True
P01_L300,P01,P01_L300_T005_A04,P01_L300_T005,8,53,187,0.03129799999999981,True,True
P01_L300,P01,P01_L300_T005_A04,P01_L300_T005,9,63,207,0.0038609999999999534,True,True
P01_L300,P01,P01_L300_T005_A04,P01_L300_T005,10,67,211,0.00884499999999975,True,True
P01_L370,P01,P01_L370_T001_A01,P01_L370_T001,1,6,21,0.0158490000000011,False,True
P01_L370,P01,P01_L370_T001_A01,P01_L370_T001,2,10,32,0.036308000000000416,False,True
P01_L370,P01,P01_L370_T001_A01,P01_L370_T001,3,15,47,0.008997600000000263,True,True
P01_L370,P01,P01_L370_T001_A01,P01_L370_T001,4,19,63,0.020612400000001845,True,True
P01_L370,P01,P01_L370_T001_A01,P01_L370_T001,5,22,73,0.010261000000000289,True,True
P01_L370,P01,P01_L370_T001_A01,P01_L370_T001,6,26,88,0.02350660000000058,True,True
P01_L370,P01,P01_L370_T001_A01,P01_L370_T001,7,27,89,0.011701800000001306,True,True
P01_L370,P01,P01_L370_T001_A01,P01_L370_T001,8,31,103,0.026807200000000784,True,True
P01_L370,P01,P01_L370_T001_A01,P01_L370_T001,9,37,125,0.006643200000000509,True,True
P01_L370,P01,P01_L370_T001_A01,P01_L370_T001,10,42,145,0.034863800000000084,True,True
P01_L370,P01,P01_L370_T001_A02,P01_L370_T001,1,8,25,0.006918399999999985,False,True
P01_L370,P01,P01_L370_T001_A02,P01_L370_T001,2,12,48,0.015849199999999883,False,True
P01_L370,P01,P01_L370_T001_A02,P01_L370_T001,3,13,51,0.007889800000000495,True,True
P01_L370,P01,P01_L370_T001_A02,P01_L370_T001,4,17,66,0.018074400000001028,True,True
P01_L370,P01,P01_L370_T001_A02,P01_L370_T001,5,22,97,0.004479000000001672,True,True
P01_L370,P01,P01_L370_T001_A02,P01_L370_T001,6,26,106,0.010260800000001504,True,True
P01_L370,P01,P01_L370_T001_A02,P01_L370_T001,7,31,121,0.0025426000000017246,True,True
P01_L370,P01,P01_L370_T001_A02,P01_L370_T001,8,38,153,0.013343800000000782,True,True
P01_L370,P01,P01_L370_T001_A02,P01_L370_T001,9,39,155,0.006642600000001935,True,True
P01_L370,P01,P01_L370_T001_A02,P01_L370_T001,10,43,169,0.015217400000000478,True,True
P01_L370,P01,P01_L370_T001_A03,P01_L370_T001,1,10,36,0.006918399999999985,False,True
P01_L370,P01,P01_L370_T001_A03,P01_L370_T001,2,14,64,0.015849199999999883,False,True
P01_L370,P01,P01_L370_T001_A03,P01_L370_T001,3,18,79,0.007889800000000495,True,True
P01_L370,P01,P01_L370_T001_A03,P01_L370_T001,4,22,93,0.018074400000001028,True,True
P01_L370,P01,P01_L370_T001_A03,P01_L370_T001,5,23,104,0.008997600000000263,True,True
P01_L370,P01,P01_L370_T001_A03,P01_L370_T001,6,27,118,0.020612400000001845,True,True
P01_L370,P01,P01_L370_T001_A03,P01_L370_T001,7,28,126,0.010261000000000289,True,True
P01_L370,P01,P01_L370_T001_A03,P01_L370_T001,8,32,132,0.02350660000000058,True,True
P01_L370,P01,P01_L370_T001_A03,P01_L370_T001,9,34,154,0.011701800000001306,True,True
P01_L370,P01,P01_L370_T001_A03,P01_L370_T001,10,38,168,0.026807200000000784,True,True
P01_L370,P01,P01_L370_T001_A04,P01_L370_T001,1,9,42,0.006918399999999985,False,True
P01_L370,P01,P01_L370_T001_A04,P01_L370_T001,2,13,58,0.015849199999999883,False,True
P01_L370,P01,P01_L370_T001_A04,P01_L370_T001,3,19,69,0.003927599999999917,False,True
P01_L370,P01,P01_L370_T001_A04,P01_L370_T001,4,27,120,0.020612400000001845,True,True
P01_L370,P01,P01_L370_T001_A04,P01_L370_T001,5,32,135,0.00510800000000033,True,True
P01_L370,P01,P01_L370_T001_A04,P01_L370_T001,6,36,149,0.011701800000001306,True,True
P01_L370,P01,P01_L370_T001_A04,P01_L370_T001,7,45,171,0.0014436000000017644,True,True
P01_L370,P01,P01_L370_T001_A04,P01_L370_T001,8,50,177,0.007575800000001458,True,True
P01_L370,P01,P01_L370_T001_A04,P01_L370_T001,9,51,178,0.003771200000000082,True,True
P01_L370,P01,P01_L370_T001_A04,P01_L370_T001,10,55,182,0.008639400000001178,True,True
P01_L370,P01,P01_L370_T001_A04,P01_L370_T001,11,56,183,0.0043008000000011,True,True
P01_L370,P01,P01_L370_T002_A01,P01_L370_T002,1,7,31,0.006918399999999985,False,True
P01_L370,P01,P01_L370_T002_A01,P01_L370_T002,2,11,45,0.015849199999999883,False,True
P01_L370,P01,P01_L370_T002_A01,P01_L370_T002,3,12,52,0.007889800000000495,True,True
P01_L370,P01,P01_L370_T002_A01,P01_L370_T002,4,20,87,0.041406000000001573,True,True
P01_L370,P01,P01_L370_T002_A01,P01_L370_T002,5,25,111,0.010260800000001504,True,True
P01_L370,P01,P01_L370_T002_A01,P01_L370_T002,6,29,129,0.02350620000000079,True,True
P01_L370,P01,P01_L370_T002_A01,P01_L370_T002,7,31,137,0.011701600000000301,True,True
P01_L370,P01,P01_L370_T002_A01,P01_L370_T002,8,35,149,0.026806800000000994,True,True
P01_L370,P01,P01_L370_T002_A01,P01_L370_T002,9,36,158,0.01334460000000036,True,True
P01_L370,P01,P01_L370_T002_A01,P01_L370_T002,10,40,177,0.030570800000000425,True,True
P01_L370,P01,P01_L370_T002_A02,P01_L370_T002,1,11,67,0.003444000000001332,False,True
P01_L370,P01,P01_L370_T002_A02,P01_L370_T002,2,15,92,0.007889800000000495,False,True
P01_L370,P01,P01_L370_T002_A02,P01_L370_T002,3,20,99,0.0019552000000011543,False,True
P01_L370,P01,P01_L370_T002_A02,P01_L370_T002,4,28,123,0.010261200000001294,True,True
P01_L370,P01,P01_L370_T002_A02,P01_L370_T002,5,34,152,0.002542800000000509,True,True
P01_L370,P01,P01_L370_T002_A02,P01_L370_T002,6,38,164,0.005825200000000303,True,True
P01_L370,P01,P01_L370_T002_A02,P01_L370_T002,7,40,172,0.0028998000000002274,True,True
P01_L370,P01,P01_L370_T002_A02,P01_L370_T002,8,44,183,0.006643000000001725,True,True
P01_L370,P01,P01_L370_T002_A02,P01_L370_T002,9,45,184,0.003307000000001278,True,True
P01_L370,P01,P01_L370_T002_A02,P01_L370_T002,10,49,188,0.007575800000001458,True,True
P01_L370,P01,P01_L370_T002_A02,P01_L370_T002,11,50,189,0.003771200000000082,True,True
P01_L370,P01,P01_L370_T002_A03,P01_L370_T002,1,12,28,0.003444000000001332,False,True
P01_L370,P01,P01_L370_T002_A03,P01_L370_T002,2,17,53,0.018074400000001028,False,True
P01_L370,P01,P01_L370_T002_A03,P01_L370_T002,3,19,56,0.008997600000000263,True,True
P01_L370,P01,P01_L370_T002_A03,P01_L370_T002,4,23,68,0.020612400000001845,True,True
P01_L370,P01,P01_L370_T002_A03,P01_L370_T002,5,31,83,0.00510800000000033,True,True
P01_L370,P01,P01_L370_T002_A03,P01_L370_T002,6,38,131,0.026807200000000784,True,True
P01_L370,P01,P01_L370_T002_A03,P01_L370_T002,7,39,133,0.013344800000001366,True,True
P01_L370,P01,P01_L370_T002_A03,P01_L370_T002,8,43,147,0.030571200000000215,True,True
P01_L370,P01,P01_L370_T002_A03,P01_L370_T002,9,50,168,0.007576000000000242,True,True
P01_L370,P01,P01_L370_T002_A03,P01_L370_T002,10,54,176,0.0173556000000019,True,True
P01_L370,P01,P01_L370_T002_A04,P01_L370_T002,1,8,40,0.006918399999999985,False,True
P01_L370,P01,P01_L370_T002_A04,P01_L370_T002,2,12,48,0.015849199999999883,False,True
P01_L370,P01,P01_L370_T002_A04,P01_L370_T002,3,15,51,0.007889800000000495,True,True
P01_L370,P01,P01_L370_T002_A04,P01_L370_T002,4,19,64,0.018074400000001028,True,True
P01_L370,P01,P01_L370_T002_A04,P01_L370_T002,5,25,98,0.004479000000001672,True,True
P01_L370,P01,P01_L370_T002_A04,P01_L370_T002,6,29,107,0.010260800000001504,True,True
P01_L370,P01,P01_L370_T002_A04,P01_L370_T002,7,31,113,0.005107800000001546,True,True
P01_L370,P01,P01_L370_T002_A04,P01_L370_T002,8,35,126,0.011701200000000512,True,True
P01_L370,P01,P01_L370_T002_A04,P01_L370_T002,9,37,132,0.005825000000001518,True,True
P01_L370,P01,P01_L370_T002_A04,P01_L370_T002,10,41,156,0.013344400000001576,True,True
P01_L370,P01,P01_L370_T003_A01,P01_L370_T003,1,7,42,0.006918399999999985,False,True
P01_L370,P01,P01_L370_T003_A01,P01_L370_T003,2,11,58,0.015849199999999883,False,True
P01_L370,P01,P01_L370_T003_A01,P01_L370_T003,3,16,76,0.003927599999999917,True,True
P01_L370,P01,P01_L370_T003_A01,P01_L370_T003,4,20,99,0.008997600000000263,True,True
P01_L370,P01,P01_L370_T003_A01,P01_L370_T003,5,22,104,0.004479000000001672,True,True
P01_L370,P01,P01_L370_T003_A01,P01_L370_T003,6,26,116,0.010260800000001504,True,True
P01_L370,P01,P01_L370_T003_A01,P01_L370_T003,7,27,117,0.005107800000001546,True,True
P01_L370,P01,P01_L370_T003_A01,P01_L370_T003,8,31,144,0.011701200000000512,True,True
P01_L370,P01,P01_L370_T003_A01,P01_L370_T003,9,32,148,0.005825000000001518,True,True
P01_L370,P01,P01_L370_T003_A01,P01_L370_T003,10,36,174,0.013344400000001576,True,True
P01_L370,P01,P01_L370_T003_A02,P01_L370_T003,1,7,13,0.006918399999999985,False,True
P01_L370,P01,P01_L370_T003_A02,P01_L370_T003,2,11,24,0.015849199999999883,False,True
P01_L370,P01,P01_L370_T003_A02,P01_L370_T003,3,17,50,0.003927599999999917,False,True
P01_L370,P01,P01_L370_T003_A02,P01_L370_T003,4,22,64,0.020612400000001845,True,True
P01_L370,P01,P01_L370_T003_A02,P01_L370_T003,5,27,74,0.00510800000000033,True,True
P01_L370,P01,P01_L370_T003_A02,P01_L370_T003,6,31,91,0.011701800000001306,True,True
P01_L370,P01,P01_L370_T003_A02,P01_L370_T003,7,35,128,0.005825200000000303,True,True
P01_L370,P01,P01_L370_T003_A02,P01_L370_T003,8,39,140,0.013344800000001366,True,True
P01_L370,P01,P01_L370_T003_A02,P01_L370_T003,9,43,163,0.006643200000000509,True,True
P01_L370,P01,P01_L370_T003_A02,P01_L370_T003,10,47,177,0.015218599999999846,True,True
P01_L370,P01,P01_L370_T003_A02,P01_L370_T003,11,48,183,0.007576000000000242,True,True
P01_L370,P01,P01_L370_T003_A03,P01_L370_T003,1,7,30,0.006918399999999985,False,True
P01_L370,P01,P01_L370_T003_A03,P01_L370_T003,2,11,40,0.015849199999999883,False,True
P01_L370,P01,P01_L370_T003_A03,P01_L370_T003,3,14,68,0.007889800000000495,True,True
P01_L370,P01,P01_L370_T003_A03,P01_L370_T003,4,18,84,0.018074400000001028,True,True
P01_L370,P01,P01_L370_T003_A03,P01_L370_T003,5,20,94,0.008997600000000263,True,True
P01_L370,P01,P01_L370_T003_A03,P01_L370_T003,6,24,106,0.020612400000001845,True,True
P01_L370,P01,P01_L370_T003_A03,P01_L370_T003,7,33,152,0.002542800000000509,True,True
P01_L370,P01,P01_L370_T003_A03,P01_L370_T003,8,39,168,0.013344800000001366,True,True
P01_L370,P01,P01_L370_T003_A03,P01_L370_T003,9,45,180,0.003307000000001278,True,True
P01_L370,P01,P01_L370_T003_A03,P01_L370_T003,10,49,190,0.007575800000001458,True,True
P01_L370,P01,P01_L370_T003_A04,P01_L370_T003,1,6,36,0.0158490000000011,False,True
P01_L370,P01,P01_L370_T003_A04,P01_L370_T003,2,10,45,0.036308000000000416,False,True
P01_L370,P01,P01_L370_T003_A04,P01_L370_T003,3,15,60,0.008997600000000263,True,True
P01_L370,P01,P01_L370_T003_A04,P01_L370_T003,4,21,85,0.04722019999999989,True,True
P01_L370,P01,P01_L370_T003_A04,P01_L370_T003,5,26,96,0.011701600000000301,True,True
P01_L370,P01,P01_L370_T003_A04,P01_L370_T003,6,31,115,0.061410800000001264,True,True
P01_L370,P01,P01_L370_T003_A04,P01_L370_T003,7,41,141,0.007575800000001458,True,True
P01_L370,P01,P01_L370_T003_A04,P01_L370_T003,8,47,155,0.0397584000000006,True,True
P01_L370,P01,P01_L370_T003_A04,P01_L370_T003,9,54,186,0.00985259999999987,True,True
P01_L370,P01,P01_L370_T003_A04,P01_L370_T003,10,62,198,0.05170720000000179,True,True
P01_L370,P01,P01_L370_T004_A01,P01_L370_T004,1,10,40,0.006918399999999985,False,True
P01_L370,P01,P01_L370_T004_A01,P01_L370_T004,2,14,54,0.015849199999999883,False,True
P01_L370,P01,P01_L370_T004_A01,P01_L370_T004,3,16,56,0.007889800000000495,True,True
P01_L370,P01,P01_L370_T004_A01,P01_L370_T004,4,20,71,0.018074400000001028,True,True
P01_L370,P01,P01_L370_T004_A01,P01_L370_T004,5,21,75,0.008997600000000263,True,True
P01_L370,P01,P01_L370_T004_A01,P01_L370_T004,6,25,88,0.020612400000001845,True,True
P01_L370,P01,P01_L370_T004_A01,P01_L370_T004,7,27,92,0.010261000000000289,True,True
P01_L370,P01,P01_L370_T004_A01,P01_L370_T004,8,31,105,0.02350660000000058,True,True
P01_L370,P01,P01_L370_T004_A01,P01_L370_T004,9,36,120,0.005825200000000303,True,True
P01_L370,P01,P01_L370_T004_A01,P01_L370_T004,10,40,126,0.013344800000001366,True,True
P01_L370,P01,P01_L370_T004_A02,P01_L370_T004,1,10,22,0.006918399999999985,False,True
P01_L370,P01,P01_L370_T004_A02,P01_L370_T004,2,14,38,0.015849199999999883,False,True
P01_L370,P01,P01_L370_T004_A02,P01_L370_T004,3,19,58,0.003927599999999917,True,True
P01_L370,P01,P01_L370_T004_A02,P01_L370_T004,4,23,72,0.008997600000000263,True,True
P01_L370,P01,P01_L370_T004_A02,P01_L370_T004,5,25,82,0.004479000000001672,True,True
P01_L370,P01,P01_L370_T004_A02,P01_L370_T004,6,29,107,0.010260800000001504,True,True
P01_L370,P01,P01_L370_T004_A02,P01_L370_T004,7,30,110,0.005107800000001546,True,True
P01_L370,P01,P01_L370_T004_A02,P01_L370_T004,8,34,134,0.011701200000000512,True,True
P01_L370,P01,P01_L370_T004_A02,P01_L370_T004,9,36,144,0.005825000000001518,True,True
P01_L370,P01,P01_L370_T004_A02,P01_L370_T004,10,40,156,0.013344400000001576,True,True
P01_L370,P01,P01_L370_T004_A03,P01_L370_T004,1,10,33,0.006918399999999985,False,True
P01_L370,P01,P01_L370_T004_A03,P01_L370_T004,2,14,44,0.015849199999999883,False,True
P01_L370,P01,P01_L370_T004_A03,P01_L370_T004,3,19,63,0.003927599999999917,True,True
P01_L370,P01,P01_L370_T004_A03,P01_L370_T004,4,24,80,0.020612400000001845,True,True
P01_L370,P01,P01_L370_T004_A03,P01_L370_T004,5,32,108,0.00510800000000033,True,True
P01_L370,P01,P01_L370_T004_A03,P01_L370_T004,6,40,139,0.026807200000000784,True,True
P01_L370,P01,P01_L370_T004_A03,P01_L370_T004,7,45,158,0.006643200000000509,True,True
P01_L370,P01,P01_L370_T004_A03,P01_L370_T004,8,49,165,0.015218599999999846,True,True
P01_L370,P01,P01_L370_T004_A03,P01_L370_T004,9,55,173,0.003771400000001087,True,True
P01_L370,P01,P01_L370_T004_A03,P01_L370_T004,10,62,180,0.019792600000001475,True,True
P01_L370,P01,P01_L370_T004_A04,P01_L370_T004,1,6,59,0.0158490000000011,False,True
P01_L370,P01,P01_L370_T004_A04,P01_L370_T004,2,10,73,0.036308000000000416,False,True
P01_L370,P01,P01_L370_T004_A04,P01_L370_T004,3,11,78,0.018074400000001028,True,True
P01_L370,P01,P01_L370_T004_A04,P01_L370_T004,4,15,103,0.041406000000001573,True,True
P01_L370,P01,P01_L370_T004_A04,P01_L370_T004,5,17,111,0.02061220000000084,True,True
P01_L370,P01,P01_L370_T004_A04,P01_L370_T004,6,21,135,0.0472198000000001,True,True
P01_L370,P01,P01_L370_T004_A04,P01_L370_T004,7,25,141,0.02350620000000079,True,True
P01_L370,P01,P01_L370_T004_A04,P01_L370_T004,8,29,151,0.05384959999999989,True,True
P01_L370,P01,P01_L370_T004_A04,P01_L370_T004,9,31,154,0.02680659999999999,True,True
P01_L370,P01,P01_L370_T004_A04,P01_L370_T004,10,35,166,0.061410400000001475,True,True
P01_L403,P01,P01_L403_T001_A01,P01_L403_T001,1,18,59,0.004479000000001672,False,True
P01_L403,P01,P01_L403_T001_A01,P01_L403_T001,2,22,80,0.010261000000000289,False,True
P01_L403,P01,P01_L403_T001_A01,P01_L403_T001,3,23,81,0.00510799999999811,True,True
P01_L403,P01,P01_L403_T001_A01,P01_L403_T001,4,27,100,0.011702000000002311,True,True
P01_L403,P01,P01_L403_T001_A01,P01_L403_T001,5,28,102,0.0058255000000007,True,True
P01_L403,P01,P01_L403_T001_A01,P01_L403_T001,6,32,112,0.013345500000000442,True,True
P01_L403,P01,P01_L403_T001_A01,P01_L403_T001,7,34,119,0.006643500000003127,True,True
P01_L403,P01,P01_L403_T001_A01,P01_L403_T001,8,38,142,0.015219500000002148,True,True
P01_L403,P01,P01_L403_T001_A01,P01_L403_T001,9,39,143,0.007576500000000534,True,True
P01_L403,P01,P01_L403_T001_A01,P01_L403_T001,10,43,151,0.017357000000001163,True,True
P01_L403,P01,P01_L403_T001_A02,P01_L403_T001,1,13,50,0.008997500000001981,False,True
P01_L403,P01,P01_L403_T001_A02,P01_L403_T001,2,17,61,0.020612000000003166,False,True
P01_L403,P01,P01_L403_T001_A02,P01_L403_T001,3,19,64,0.010261000000000289,True,True
P01_L403,P01,P01_L403_T001_A02,P01_L403_T001,4,24,86,0.053850500000002195,True,True
P01_L403,P01,P01_L403_T001_A02,P01_L403_T001,5,31,113,0.013344500000000968,True,True
P01_L403,P01,P01_L403_T001_A02,P01_L403_T001,6,35,134,0.030570499999998918,True,True
P01_L403,P01,P01_L403_T001_A02,P01_L403_T001,7,37,137,0.015218000000000162,True,True
P01_L403,P01,P01_L403_T001_A02,P01_L403_T001,8,41,154,0.0348624999999991,True,True
P01_L403,P01,P01_L403_T001_A02,P01_L403_T001,9,42,155,0.017355000000002216,True,True
P01_L403,P01,P01_L403_T001_A02,P01_L403_T001,10,46,167,0.039758000000000814,True,True
P01_L403,P01,P01_L403_T001_A03,P01_L403_T001,1,16,73,0.008997500000001981,False,True
P01_L403,P01,P01_L403_T001_A03,P01_L403_T001,2,20,110,0.020612000000003166,False,True
P01_L403,P01,P01_L403_T001_A03,P01_L403_T001,3,25,125,0.00510799999999811,True,True
P01_L403,P01,P01_L403_T001_A03,P01_L403_T001,4,29,140,0.011702000000002311,True,True
P01_L403,P01,P01_L403_T001_A03,P01_L403_T001,5,34,163,0.002900000000000122,True,True
P01_L403,P01,P01_L403_T001_A03,P01_L403_T001,6,39,175,0.015219500000002148,True,True
P01_L403,P01,P01_L403_T001_A03,P01_L403_T001,7,43,186,0.007576500000000534,True,True
P01_L403,P01,P01_L403_T001_A03,P01_L403_T001,8,47,190,0.017357000000001163,True,True
P01_L403,P01,P01_L403_T001_A03,P01_L403_T001,9,50,193,0.008640500000001154,True,True
P01_L403,P01,P01_L403_T001_A03,P01_L403_T001,10,54,197,0.019794000000000738,True,True
P01_L403,P01,P01_L403_T001_A04,P01_L403_T001,1,18,75,0.004479000000001672,False,True
P01_L403,P01,P01_L403_T001_A04,P01_L403_T001,2,23,87,0.023506500000003407,False,True
P01_L403,P01,P01_L403_T001_A04,P01_L403_T001,3,30,107,0.0058249999999981875,True,True
P01_L403,P01,P01_L403_T001_A04,P01_L403_T001,4,34,124,0.013344500000000968,True,True
P01_L403,P01,P01_L403_T001_A04,P01_L403_T001,5,36,131,0.0066430000000006146,True,True
P01_L403,P01,P01_L403_T001_A04,P01_L403_T001,6,40,153,0.015218000000000162,True,True
P01_L403,P01,P01_L403_T001_A04,P01_L403_T001,7,41,166,0.0075755000000010606,True,True
P01_L403,P01,P01_L403_T001_A04,P01_L403_T001,8,45,174,0.017354499999999703,True,True
P01_L403,P01,P01_L403_T001_A04,P01_L403_T001,9,47,177,0.008638999999999168,True,True
P01_L403,P01,P01_L403_T001_A04,P01_L403_T001,10,51,183,0.019791000000002317,True,True
P01_L403,P01,P01_L403_T002_A01,P01_L403_T002,1,7,44,0.006918500000002708,False,True
P01_L403,P01,P01_L403_T002_A01,P01_L403_T002,2,14,87,0.036309000000001,False,True
P01_L403,P01,P01_L403_T002_A01,P01_L403_T002,3,21,101,0.008997999999998943,True,True
P01_L403,P01,P01_L403_T002_A01,P01_L403_T002,4,25,109,0.02061300000000264,True,True
P01_L403,P01,P01_L403_T002_A01,P01_L403_T002,5,31,121,0.00510799999999811,True,True
P01_L403,P01,P01_L403_T002_A01,P01_L403_T002,6,39,155,0.0268075000000034,True,True
P01_L403,P01,P01_L403_T002_A01,P01_L403_T002,7,40,157,0.01334500000000348,True,True
P01_L403,P01,P01_L403_T002_A01,P01_L403_T002,8,44,164,0.03057149999999839,True,True
P01_L403,P01,P01_L403_T002_A01,P01_L403_T002,9,47,173,0.015218500000002674,True,True
P01_L403,P01,P01_L403_T002_A01,P01_L403_T002,10,51,178,0.034863499999998576,True,True
P01_L403,P01,P01_L403_T002_A02,P01_L403_T002,1,9,32,0.006918500000002708,False,True
P01_L403,P01,P01_L403_T002_A02,P01_L403_T002,2,13,48,0.01584950000000361,False,True
P01_L403,P01,P01_L403_T002_A02,P01_L403_T002,3,14,49,0.00788999999999928,True,True
P01_L403,P01,P01_L403_T002_A02,P01_L403_T002,4,18,59,0.018075000000000712,True,True
P01_L403,P01,P01_L403_T002_A02,P01_L403_T002,5,20,63,0.008997999999998943,True,True
P01_L403,P01,P01_L403_T002_A02,P01_L403_T002,6,24,75,0.02061300000000264,True,True
P01_L403,P01,P01_L403_T002_A02,P01_L403_T002,7,30,90,0.00510799999999811,True,True
P01_L403,P01,P01_L403_T002_A02,P01_L403_T002,8,34,117,0.011702000000002311,True,True
P01_L403,P01,P01_L403_T002_A02,P01_L403_T002,9,36,128,0.0058255000000007,True,True
P01_L403,P01,P01_L403_T002_A02,P01_L403_T002,10,40,145,0.013345500000000442,True,True
P01_L403,P01,P01_L403_T002_A03,P01_L403_T002,1,8,19,0.006918500000002708,False,True
P01_L403,P01,P01_L403_T002_A03,P01_L403_T002,2,15,39,0.036309000000001,False,True
P01_L403,P01,P01_L403_T002_A03,P01_L403_T002,3,19,57,0.018075000000000712,True,True
P01_L403,P01,P01_L403_T002_A03,P01_L403_T002,4,23,73,0.04140750000000134,True,True
P01_L403,P01,P01_L403_T002_A03,P01_L403_T002,5,29,112,0.010261500000002801,True,True
P01_L403,P01,P01_L403_T002_A03,P01_L403_T002,6,33,124,0.02350750000000288,True,True
P01_L403,P01,P01_L403_T002_A03,P01_L403_T002,7,36,131,0.011702000000002311,True,True
P01_L403,P01,P01_L403_T002_A03,P01_L403_T002,8,40,136,0.0268075000000034,True,True
P01_L403,P01,P01_L403_T002_A03,P01_L403_T002,9,45,156,0.0066430000000006146,True,True
P01_L403,P01,P01_L403_T002_A03,P01_L403_T002,10,49,169,0.015218000000000162,True,True
P01_L403,P01,P01_L403_T002_A04,P01_L403_T002,1,12,56,0.003444000000002442,False,True
P01_L403,P01,P01_L403_T002_A04,P01_L403_T002,2,16,71,0.007889500000002318,False,True
P01_L403,P01,P01_L403_T002_A04,P01_L403_T002,3,18,81,0.003927500000000524,False,True
P01_L403,P01,P01_L403_T002_A04,P01_L403_T002,4,22,97,0.008997500000001981,True,True
P01_L403,P01,P01_L403_T002_A04,P01_L403_T002,5,25,126,0.004479000000001672,True,True
P01_L403,P01,P01_L403_T002_A04,P01_L403_T002,6,29,139,0.010261000000000289,True,True
P01_L403,P01,P01_L403_T002_A04,P01_L403_T002,7,30,151,0.00510799999999811,True,True
P01_L403,P01,P01_L403_T002_A04,P01_L403_T002,8,34,168,0.011702000000002311,True,True
P01_L403,P01,P01_L403_T002_A04,P01_L403_T002,9,36,176,0.0058255000000007,True,True
P01_L403,P01,P01_L403_T002_A04,P01_L403_T002,10,40,183,0.013345500000000442,True,True
P01_L403,P01,P01_L403_T002_A04,P01_L403_T002,11,42,185,0.006643500000003127,True,True
P01_L403,P01,P01_L403_T003_A01,P01_L403_T003,1,7,36,0.006918500000002708,False,True
P01_L403,P01,P01_L403_T003_A01,P01_L403_T003,2,11,54,0.01584950000000361,False,True
P01_L403,P01,P01_L403_T003_A01,P01_L403_T003,3,16,79,0.003927500000000524,False,True
P01_L403,P01,P01_L403_T003_A01,P01_L403_T003,4,20,94,0.008997500000001981,True,True
P01_L403,P01,P01_L403_T003_A01,P01_L403_T003,5,21,95,0.004479000000001672,True,True
P01_L403,P01,P01_L403_T003_A01,P01_L403_T003,6,29,126,0.023506500000003407,True,True
P01_L403,P01,P01_L403_T003_A01,P01_L403_T003,7,37,151,0.0058249999999981875,True,True
P01_L403,P01,P01_L403_T003_A01,P01_L403_T003,8,41,155,0.013344500000000968,True,True
P01_L403,P01,P01_L403_T003_A01,P01_L403_T003,9,45,159,0.0066430000000006146,True,True
P01_L403,P01,P01_L403_T003_A01,P01_L403_T003,10,49,163,0.015218000000000162,True,True
P01_L403,P01,P01_L403_T003_A01,P01_L403_T003,11,50,164,0.0075755000000010606,True,True
P01_L403,P01,P01_L403_T003_A02,P01_L403_T003,1,7,18,0.006918500000002708,False,True
P01_L403,P01,P01_L403_T003_A02,P01_L403_T003,2,11,25,0.01584950000000361,False,True
P01_L403,P01,P01_L403_T003_A02,P01_L403_T003,3,12,26,0.00788999999999928,True,True
P01_L403,P01,P01_L403_T003_A02,P01_L403_T003,4,16,42,0.018075000000000712,True,True
P01_L403,P01,P01_L403_T003_A02,P01_L403_T003,5,17,46,0.008997999999998943,True,True
P01_L403,P01,P01_L403_T003_A02,P01_L403_T003,6,21,61,0.02061300000000264,True,True
P01_L403,P01,P01_L403_T003_A02,P01_L403_T003,7,23,63,0.010261500000002801,True,True
P01_L403,P01,P01_L403_T003_A02,P01_L403_T003,8,27,75,0.02350750000000288,True,True
P01_L403,P01,P01_L403_T003_A02,P01_L403_T003,9,28,76,0.011702000000002311,True,True
P01_L403,P01,P01_L403_T003_A02,P01_L403_T003,10,32,84,0.0268075000000034,True,True
P01_L403,P01,P01_L403_T003_A03,P01_L403_T003,1,12,43,0.003444000000002442,False,True
P01_L403,P01,P01_L403_T003_A03,P01_L403_T003,2,16,60,0.007889500000002318,False,True
P01_L403,P01,P01_L403_T003_A03,P01_L403_T003,3,18,70,0.003927500000000524,False,True
P01_L403,P01,P01_L403_T003_A03,P01_L403_T003,4,22,86,0.008997500000001981,True,True
P01_L403,P01,P01_L403_T003_A03,P01_L403_T003,5,23,91,0.004479000000001672,True,True
P01_L403,P01,P01_L403_T003_A03,P01_L403_T003,6,27,98,0.010261000000000289,True,True
P01_L403,P01,P01_L403_T003_A03,P01_L403_T003,7,30,112,0.00510799999999811,True,True
P01_L403,P01,P01_L403_T003_A03,P01_L403_T003,8,34,131,0.011702000000002311,True,True
P01_L403,P01,P01_L403_T003_A03,P01_L403_T003,9,36,134,0.0058255000000007,True,True
P01_L403,P01,P01_L403_T003_A03,P01_L403_T003,10,40,147,0.013345500000000442,True,True
P01_L403,P01,P01_L403_T003_A03,P01_L403_T003,11,41,148,0.006643500000003127,True,True
P01_L403,P01,P01_L403_T003_A04,P01_L403_T003,1,7,44,0.006918500000002708,False,True
P01_L403,P01,P01_L403_T003_A04,P01_L403_T003,2,11,69,0.01584950000000361,False,True
P01_L403,P01,P01_L403_T003_A04,P01_L403_T003,3,12,71,0.00788999999999928,True,True
P01_L403,P01,P01_L403_T003_A04,P01_L403_T003,4,17,96,0.04140750000000134,True,True
P01_L403,P01,P01_L403_T003_A04,P01_L403_T003,5,23,113,0.010261500000002801,True,True
P01_L403,P01,P01_L403_T003_A04,P01_L403_T003,6,27,117,0.02350750000000288,True,True
P01_L403,P01,P01_L403_T003_A04,P01_L403_T003,7,29,122,0.011702000000002311,True,True
P01_L403,P01,P01_L403_T003_A04,P01_L403_T003,8,33,133,0.0268075000000034,True,True
P01_L403,P01,P01_L403_T003_A04,P01_L403_T003,9,34,135,0.01334500000000348,True,True
P01_L403,P01,P01_L403_T003_A04,P01_L403_T003,10,38,140,0.03057149999999839,True,True
P01_L403,P01,P01_L403_T004_A01,P01_L403_T004,1,8,39,0.006918500000002708,False,True
P01_L403,P01,P01_L403_T004_A01,P01_L403_T004,2,12,48,0.01584950000000361,False,True
P01_L403,P01,P01_L403_T004_A01,P01_L403_T004,3,14,60,0.00788999999999928,False,True
P01_L403,P01,P01_L403_T004_A01,P01_L403_T004,4,18,74,0.018075000000000712,True,True
P01_L403,P01,P01_L403_T004_A01,P01_L403_T004,5,27,100,0.0022300000000030607,True,True
P01_L403,P01,P01_L403_T004_A01,P01_L403_T004,6,36,156,0.02680999999999931,True,True
P01_L403,P01,P01_L403_T004_A01,P01_L403_T004,7,43,164,0.006643500000003127,True,True
P01_L403,P01,P01_L403_T004_A01,P01_L403_T004,8,47,172,0.015219500000002148,True,True
P01_L403,P01,P01_L403_T004_A01,P01_L403_T004,9,48,176,0.007576500000000534,True,True
P01_L403,P01,P01_L403_T004_A01,P01_L403_T004,10,52,180,0.017357000000001163,True,True
P01_L403,P01,P01_L403_T004_A01,P01_L403_T004,11,56,184,0.008640500000001154,True,True
P01_L403,P01,P01_L403_T004_A02,P01_L403_T004,1,7,23,0.006918500000002708,False,True
P01_L403,P01,P01_L403_T004_A02,P01_L403_T004,2,11,45,0.01584950000000361,False,True
P01_L403,P01,P01_L403_T004_A02,P01_L403_T004,3,13,50,0.00788999999999928,True,True
P01_L403,P01,P01_L403_T004_A02,P01_L403_T004,4,17,68,0.018075000000000712,True,True
P01_L403,P01,P01_L403_T004_A02,P01_L403_T004,5,24,99,0.004479499999998633,True,True
P01_L403,P01,P01_L403_T004_A02,P01_L403_T004,6,29,117,0.023508999999999315,True,True
P01_L403,P01,P01_L403_T004_A02,P01_L403_T004,7,31,120,0.011703000000001785,True,True
P01_L403,P01,P01_L403_T004_A02,P01_L403_T004,8,35,136,0.02680999999999931,True,True
P01_L403,P01,P01_L403_T004_A02,P01_L403_T004,9,37,141,0.013346000000002954,True,True
P01_L403,P01,P01_L403_T004_A02,P01_L403_T004,10,41,148,0.03057399999999985,True,True
P01_L403,P01,P01_L403_T004_A03,P01_L403_T004,1,6,14,0.0158490000000011,False,True
P01_L403,P01,P01_L403_T004_A03,P01_L403_T004,2,10,33,0.03630800000000153,False,True
P01_L403,P01,P01_L403_T004_A03,P01_L403_T004,3,14,41,0.0180744999999982,True,True
P01_L403,P01,P01_L403_T004_A03,P01_L403_T004,4,18,58,0.041406500000001865,True,True
P01_L403,P01,P01_L403_T004_A03,P01_L403_T004,5,19,66,0.020612500000000127,True,True
P01_L403,P01,P01_L403_T004_A03,P01_L403_T004,6,23,73,0.04722050000000029,True,True
P01_L403,P01,P01_L403_T004_A03,P01_L403_T004,7,24,82,0.023506500000003407,True,True
P01_L403,P01,P01_L403_T004_A03,P01_L403_T004,8,28,111,0.053850500000002195,True,True
P01_L403,P01,P01_L403_T004_A03,P01_L403_T004,9,33,129,0.013344500000000968,True,True
P01_L403,P01,P01_L403_T004_A03,P01_L403_T004,10,37,134,0.030570499999998918,True,True
P01_L403,P01,P01_L403_T004_A04,P01_L403_T004,1,12,54,0.003444000000002442,False,True
P01_L403,P01,P01_L403_T004_A04,P01_L403_T004,2,16,76,0.007889500000002318,False,True
P01_L403,P01,P01_L403_T004_A04,P01_L403_T004,3,18,79,0.003927500000000524,True,True
P01_L403,P01,P01_L403_T004_A04,P01_L403_T004,4,22,94,0.008997500000001981,True,True
P01_L403,P01,P01_L403_T004_A04,P01_L403_T004,5,24,96,0.004479000000001672,True,True
P01_L403,P01,P01_L403_T004_A04,P01_L403_T004,6,28,110,0.010261000000000289,True,True
P01_L403,P01,P01_L403_T004_A04,P01_L403_T004,7,29,112,0.00510799999999811,True,True
P01_L403,P01,P01_L403_T004_A04,P01_L403_T004,8,33,135,0.011702000000002311,True,True
P01_L403,P01,P01_L403_T004_A04,P01_L403_T004,9,38,150,0.002900000000000122,True,True
P01_L403,P01,P01_L403_T004_A04,P01_L403_T004,10,46,174,0.015219500000002148,True,True
P02_L010,P02,P02_L010_T001_A01,P02_L010_T001,1,6,15,0.002377336621454997,False,True
P02_L010,P02,P02_L010_T001_A01,P02_L010_T001,2,10,25,0.005446165228113447,False,True
P02_L010,P02,P02_L010_T001_A01,P02_L010_T001,3,11,28,0.002711134401972885,True,True
P02_L010,P02,P02_L010_T001_A01,P02_L010_T001,4,15,39,0.006210850801479638,True,True
P02_L010,P02,P02_L010_T001_A01,P02_L010_T001,5,16,46,0.0030918002466091177,True,True
P02_L010,P02,P02_L010_T001_A01,P02_L010_T001,6,20,59,0.007082909987669558,True,True
P02_L010,P02,P02_L010_T001_A01,P02_L010_T001,7,23,63,0.003525918618988908,True,True
P02_L010,P02,P02_L010_T001_A01,P02_L010_T001,8,27,70,0.008077410604192363,True,True
P02_L010,P02,P02_L010_T001_A01,P02_L010_T001,9,31,82,0.004020986436498155,True,True
P02_L010,P02,P02_L010_T001_A01,P02_L010_T001,10,35,94,0.009211553637484599,True,True
P02_L010,P02,P02_L010_T001_A02,P02_L010_T001,1,6,18,0.002377336621454997,False,True
P02_L010,P02,P02_L010_T001_A02,P02_L010_T001,2,11,27,0.012476448828606658,False,True
P02_L010,P02,P02_L010_T001_A02,P02_L010_T001,3,13,41,0.006210850801479638,True,True
P02_L010,P02,P02_L010_T001_A02,P02_L010_T001,4,17,55,0.014228236744759553,True,True
P02_L010,P02,P02_L010_T001_A02,P02_L010_T001,5,19,68,0.007082897657213304,True,True
P02_L010,P02,P02_L010_T001_A02,P02_L010_T001,6,27,97,0.037171578298397054,True,True
P02_L010,P02,P02_L010_T001_A02,P02_L010_T001,7,32,102,0.009211516646115903,True,True
P02_L010,P02,P02_L010_T001_A02,P02_L010_T001,8,36,106,0.021102367447595572,True,True
P02_L010,P02,P02_L010_T001_A02,P02_L010_T001,9,39,109,0.010504882860665853,True,True
P02_L010,P02,P02_L010_T001_A02,P02_L010_T001,10,43,113,0.02406530209617756,True,True
P02_L010,P02,P02_L010_T001_A03,P02_L010_T001,1,7,29,0.002377336621454997,False,True
P02_L010,P02,P02_L010_T001_A03,P02_L010_T001,2,11,37,0.005446165228113447,False,True
P02_L010,P02,P02_L010_T001_A03,P02_L010_T001,3,12,38,0.002711134401972885,True,True
P02_L010,P02,P02_L010_T001_A03,P02_L010_T001,4,16,45,0.006210850801479638,True,True
P02_L010,P02,P02_L010_T001_A03,P02_L010_T001,5,18,49,0.0030918002466091177,True,True
P02_L010,P02,P02_L010_T001_A03,P02_L010_T001,6,22,56,0.007082909987669558,True,True
P02_L010,P02,P02_L010_T001_A03,P02_L010_T001,7,23,65,0.003525918618988908,True,True
P02_L010,P02,P02_L010_T001_A03,P02_L010_T001,8,27,76,0.008077410604192363,True,True
P02_L010,P02,P02_L010_T001_A03,P02_L010_T001,9,28,77,0.004020986436498155,True,True
P02_L010,P02,P02_L010_T001_A03,P02_L010_T001,10,32,85,0.009211553637484599,True,True
P02_L010,P02,P02_L010_T002_A01,P02_L010_T002,1,5,7,0.005446177558569667,False,True
P02_L010,P02,P02_L010_T002_A01,P02_L010_T002,2,9,17,0.012476473489519099,False,True
P02_L010,P02,P02_L010_T002_A01,P02_L010_T002,3,14,31,0.0030918002466091177,True,True
P02_L010,P02,P02_L010_T002_A01,P02_L010_T002,4,18,40,0.007082909987669558,True,True
P02_L010,P02,P02_L010_T002_A01,P02_L010_T002,5,19,44,0.003525918618988908,True,True
P02_L010,P02,P02_L010_T002_A01,P02_L010_T002,6,26,59,0.01850427866831074,True,True
P02_L010,P02,P02_L010_T002_A01,P02_L010_T002,7,29,72,0.009211541307028346,True,True
P02_L010,P02,P02_L010_T002_A01,P02_L010_T002,8,33,82,0.021102416769420453,True,True
P02_L010,P02,P02_L010_T002_A01,P02_L010_T002,9,38,95,0.005229408138101106,True,True
P02_L010,P02,P02_L010_T002_A01,P02_L010_T002,10,42,103,0.011979876695437737,True,True
P02_L010,P02,P02_L010_T002_A02,P02_L010_T002,1,7,22,0.002377336621454997,False,True
P02_L010,P02,P02_L010_T002_A02,P02_L010_T002,2,11,28,0.005446165228113447,False,True
P02_L010,P02,P02_L010_T002_A02,P02_L010_T002,3,12,29,0.002711134401972885,True,True
P02_L010,P02,P02_L010_T002_A02,P02_L010_T002,4,18,50,0.014228236744759553,True,True
P02_L010,P02,P02_L010_T002_A02,P02_L010_T002,5,24,64,0.003525906288532688,True,True
P02_L010,P02,P02_L010_T002_A02,P02_L010_T002,6,28,74,0.008077385943279888,True,True
P02_L010,P02,P02_L010_T002_A02,P02_L010_T002,7,30,77,0.004020974106041935,True,True
P02_L010,P02,P02_L010_T002_A02,P02_L010_T002,8,34,87,0.009211516646115903,True,True
P02_L010,P02,P02_L010_T002_A02,P02_L010_T002,9,35,88,0.004585548705302106,True,True
P02_L010,P02,P02_L010_T002_A02,P02_L010_T002,10,39,102,0.010504882860665853,True,True
P02_L010,P02,P02_L010_T002_A03,P02_L010_T002,1,4,18,0.012476461159062879,False,True
P02_L010,P02,P02_L010_T002_A03,P02_L010_T002,2,8,39,0.02858192355117141,False,True
P02_L010,P02,P02_L010_T002_A03,P02_L010_T002,3,9,45,0.014228249075215773,True,True
P02_L010,P02,P02_L010_T002_A03,P02_L010_T002,4,15,66,0.07467090012330457,True,True
P02_L010,P02,P02_L010_T002_A03,P02_L010_T002,5,27,111,0.009211516646115903,True,True
P02_L010,P02,P02_L010_T002_A03,P02_L010_T002,6,32,116,0.04834272503082613,True,True
P02_L010,P02,P02_L010_T002_A03,P02_L010_T002,7,36,120,0.02406528976572134,True,True
P02_L010,P02,P02_L010_T002_A03,P02_L010_T002,8,40,124,0.055130394574599256,True,True
P02_L010,P02,P02_L010_T002_A03,P02_L010_T002,9,43,127,0.027444229346485816,True,True
P02_L010,P02,P02_L010_T002_A03,P02_L010_T002,10,47,131,0.06287109741060418,True,True
P02_L010,P02,P02_L010_T003_A01,P02_L010_T003,1,6,10,0.002377336621454997,False,False
P02_L010,P02,P02_L010_T003_A01,P02_L010_T003,2,14,26,0.012476448828606658,True,False
P02_L010,P02,P02_L010_T003_A01,P02_L010_T003,3,15,28,0.006210850801479638,True,False
P02_L010,P02,P02_L010_T003_A01,P02_L010_T003,4,19,35,0.014228236744759553,True,False
P02_L010,P02,P02_L010_T003_A01,P02_L010_T003,5,28,55,0.0017552157829839763,True,False
P02_L010,P02,P02_L010_T003_A01,P02_L010_T003,6,33,60,0.009211491985203463,True,False
P02_L010,P02,P02_L010_T003_A01,P02_L010_T003,7,39,71,0.002282712700369927,True,False
P02_L010,P02,P02_L010_T003_A01,P02_L010_T003,8,46,86,0.011979852034525262,True,False
P02_L010,P02,P02_L010_T003_A01,P02_L010_T003,9,48,89,0.005963637484586916,True,False
P02_L010,P02,P02_L010_T003_A02,P02_L010_T003,1,7,16,0.002377336621454997,False,False
P02_L010,P02,P02_L010_T003_A02,P02_L010_T003,2,11,20,0.005446165228113447,True,False
P02_L010,P02,P02_L010_T003_A02,P02_L010_T003,3,12,24,0.002711134401972885,True,False
P02_L010,P02,P02_L010_T003_A02,P02_L010_T003,4,16,34,0.006210850801479638,True,False
P02_L010,P02,P02_L010_T003_A02,P02_L010_T003,5,18,37,0.0030918002466091177,True,False
P02_L010,P02,P02_L010_T003_A02,P02_L010_T003,6,22,47,0.007082909987669558,True,False
P02_L010,P02,P02_L010_T003_A02,P02_L010_T003,7,24,50,0.003525918618988908,True,False
P02_L010,P02,P02_L010_T003_A02,P02_L010_T003,8,32,70,0.01850427866831074,True,False
P02_L010,P02,P02_L010_T003_A02,P02_L010_T003,9,45,96,0.00113635018495685,True,False
P02_L010,P02,P02_L010_T004_A01,P02_L010_T004,1,7,12,0.002377336621454997,False,True
P02_L010,P02,P02_L010_T004_A01,P02_L010_T004,2,12,22,0.012476448828606658,False,True
P02_L010,P02,P02_L010_T004_A01,P02_L010_T004,3,17,31,0.0030918002466091177,False,True
P02_L010,P02,P02_L010_T004_A01,P02_L010_T004,4,22,38,0.01622600493218248,True,True
P02_L010,P02,P02_L010_T004_A01,P02_L010_T004,5,29,62,0.004020974106041935,True,True
P02_L010,P02,P02_L010_T004_A01,P02_L010_T004,6,33,69,0.009211516646115903,True,True
P02_L010,P02,P02_L010_T004_A01,P02_L010_T004,7,35,72,0.004585548705302106,True,True
P02_L010,P02,P02_L010_T004_A01,P02_L010_T004,8,39,79,0.010504882860665853,True,True
P02_L010,P02,P02_L010_T004_A01,P02_L010_T004,9,42,85,0.005229395807644885,True,True
P02_L010,P02,P02_L010_T004_A01,P02_L010_T004,10,46,91,0.011979852034525262,True,True
P02_L010,P02,P02_L010_T004_A01,P02_L010_T004,11,48,93,0.005963637484586916,True,True
P02_L010,P02,P02_L010_T004_A02,P02_L010_T004,1,5,11,0.005446177558569667,False,True
P02_L010,P02,P02_L010_T004_A02,P02_L010_T004,2,11,24,0.06547745992601728,False,True
P02_L010,P02,P02_L010_T004_A02,P02_L010_T004,3,17,41,0.0162260172626387,True,True
P02_L010,P02,P02_L010_T004_A02,P02_L010_T004,4,21,47,0.037171652281134414,True,True
P02_L010,P02,P02_L010_T004_A02,P02_L010_T004,5,25,51,0.018504266337854486,True,True
P02_L010,P02,P02_L010_T004_A02,P02_L010_T004,6,29,57,0.04239082614056719,True,True
P02_L010,P02,P02_L010_T004_A02,P02_L010_T004,7,30,58,0.021102404438964235,True,True
P02_L010,P02,P02_L010_T004_A02,P02_L010_T004,8,34,63,0.04834281134401974,True,True
P02_L010,P02,P02_L010_T004_A02,P02_L010_T004,9,39,75,0.011979864364981517,True,True
P02_L010,P02,P02_L010_T004_A02,P02_L010_T004,10,43,84,0.027444278668310732,True,True
P02_L010,P02,P02_L010_T005_A01,P02_L010_T005,1,6,11,0.002377336621454997,False,True
P02_L010,P02,P02_L010_T005_A01,P02_L010_T005,2,10,16,0.005446165228113447,False,True
P02_L010,P02,P02_L010_T005_A01,P02_L010_T005,3,11,18,0.002711134401972885,True,True
P02_L010,P02,P02_L010_T005_A01,P02_L010_T005,4,15,26,0.006210850801479638,True,True
P02_L010,P02,P02_L010_T005_A01,P02_L010_T005,5,16,28,0.0030918002466091177,True,True
P02_L010,P02,P02_L010_T005_A01,P02_L010_T005,6,20,42,0.007082909987669558,True,True
P02_L010,P02,P02_L010_T005_A01,P02_L010_T005,7,23,50,0.003525918618988908,True,True
P02_L010,P02,P02_L010_T005_A01,P02_L010_T005,8,27,60,0.008077410604192363,True,True
P02_L010,P02,P02_L010_T005_A01,P02_L010_T005,9,29,67,0.004020986436498155,True,True
P02_L010,P02,P02_L010_T005_A01,P02_L010_T005,10,33,72,0.009211553637484599,True,True
P02_L010,P02,P02_L010_T005_A02,P02_L010_T005,1,7,17,0.002377336621454997,False,True
P02_L010,P02,P02_L010_T005_A02,P02_L010_T005,2,12,27,0.012476448828606658,False,True
P02_L010,P02,P02_L010_T005_A02,P02_L010_T005,3,13,29,0.006210850801479638,True,True
P02_L010,P02,P02_L010_T005_A02,P02_L010_T005,4,17,35,0.014228236744759553,True,True
P02_L010,P02,P02_L010_T005_A02,P02_L010_T005,5,18,36,0.007082897657213304,True,True
P02_L010,P02,P02_L010_T005_A02,P02_L010_T005,6,22,41,0.01622598027127004,True,True
P02_L010,P02,P02_L010_T005_A02,P02_L010_T005,7,27,49,0.004020974106041935,True,True
P02_L010,P02,P02_L010_T005_A02,P02_L010_T005,8,31,56,0.009211516646115903,True,True
P02_L010,P02,P02_L010_T005_A02,P02_L010_T005,9,34,62,0.004585548705302106,True,True
P02_L010,P02,P02_L010_T005_A02,P02_L010_T005,10,38,66,0.010504882860665853,True,True
P02_L010,P02,P02_L010_T006_A01,P02_L010_T006,1,6,18,0.002377336621454997,False,True
P02_L010,P02,P02_L010_T006_A01,P02_L010_T006,2,10,29,0.005446165228113447,False,True
P02_L010,P02,P02_L010_T006_A01,P02_L010_T006,3,11,31,0.002711134401972885,True,True
P02_L010,P02,P02_L010_T006_A01,P02_L010_T006,4,15,47,0.006210850801479638,True,True
P02_L010,P02,P02_L010_T006_A01,P02_L010_T006,5,16,50,0.0030918002466091177,True,True
P02_L010,P02,P02_L010_T006_A01,P02_L010_T006,6,20,59,0.007082909987669558,True,True
P02_L010,P02,P02_L010_T006_A01,P02_L010_T006,7,24,76,0.003525918618988908,True,True
P02_L010,P02,P02_L010_T006_A01,P02_L010_T006,8,28,82,0.008077410604192363,True,True
P02_L010,P02,P02_L010_T006_A01,P02_L010_T006,9,34,106,0.0020016646115906234,True,True
P02_L010,P02,P02_L010_T006_A01,P02_L010_T006,10,38,129,0.004585548705302106,True,True
P02_L010,P02,P02_L010_T006_A02,P02_L010_T006,1,5,13,0.005446177558569667,False,True
P02_L010,P02,P02_L010_T006_A02,P02_L010_T006,2,9,21,0.012476473489519099,False,True
P02_L010,P02,P02_L010_T006_A02,P02_L010_T006,3,11,33,0.006210863131935892,False,True
P02_L010,P02,P02_L010_T006_A02,P02_L010_T006,4,15,56,0.014228261405671993,True,True
P02_L010,P02,P02_L010_T006_A02,P02_L010_T006,5,21,83,0.003525918618988908,True,True
P02_L010,P02,P02_L010_T006_A02,P02_L010_T006,6,25,104,0.008077410604192363,True,True
P02_L010,P02,P02_L010_T006_A02,P02_L010_T006,7,27,110,0.004020986436498155,True,True
P02_L010,P02,P02_L010_T006_A02,P02_L010_T006,8,31,134,0.009211553637484599,True,True
P02_L010,P02,P02_L010_T006_A02,P02_L010_T006,9,32,135,0.004585561035758326,True,True
P02_L010,P02,P02_L010_T006_A02,P02_L010_T006,10,36,141,0.010504907521578294,True,True
P02_L010,P02,P02_L010_T006_A02,P02_L010_T006,11,37,142,0.005229408138101106,True,True
P02_L010,P02,P02_L010_T006_A03,P02_L010_T006,1,6,34,0.002377336621454997,False,True
P02_L010,P02,P02_L010_T006_A03,P02_L010_T006,2,10,46,0.005446165228113447,False,True
P02_L010,P02,P02_L010_T006_A03,P02_L010_T006,3,12,49,0.002711134401972885,True,True
P02_L010,P02,P02_L010_T006_A03,P02_L010_T006,4,16,80,0.006210850801479638,True,True
P02_L010,P02,P02_L010_T006_A03,P02_L010_T006,5,18,90,0.0030918002466091177,True,True
P02_L010,P02,P02_L010_T006_A03,P02_L010_T006,6,22,103,0.007082909987669558,True,True
P02_L010,P02,P02_L010_T006_A03,P02_L010_T006,7,24,109,0.003525918618988908,True,True
P02_L010,P02,P02_L010_T006_A03,P02_L010_T006,8,28,116,0.008077410604192363,True,True
P02_L010,P02,P02_L010_T006_A03,P02_L010_T006,9,30,120,0.004020986436498155,True,True
P02_L010,P02,P02_L010_T006_A03,P02_L010_T006,10,34,128,0.009211553637484599,True,True
P02_L010,P02,P02_L010_T006_A04,P02_L010_T006,1,6,28,0.002377336621454997,False,True
P02_L010,P02,P02_L010_T006_A04,P02_L010_T006,2,11,52,0.012476448828606658,False,True
P02_L010,P02,P02_L010_T006_A04,P02_L010_T006,3,12,53,0.006210850801479638,False,True
P02_L010,P02,P02_L010_T006_A04,P02_L010_T006,4,16,70,0.014228236744759553,True,True
P02_L010,P02,P02_L010_T006_A04,P02_L010_T006,5,17,74,0.007082897657213304,True,True
P02_L010,P02,P02_L010_T006_A04,P02_L010_T006,6,21,88,0.01622598027127004,True,True
P02_L010,P02,P02_L010_T006_A04,P02_L010_T006,7,22,89,0.008077385943279888,True,True
P02_L010,P02,P02_L010_T006_A04,P02_L010_T006,8,26,113,0.018504217016029605,True,True
P02_L010,P02,P02_L010_T006_A04,P02_L010_T006,9,31,138,0.004585536374845852,True,True
P02_L010,P02,P02_L010_T006_A04,P02_L010_T006,10,35,147,0.010504858199753378,True,True
P02_L010,P02,P02_L010_T006_A04,P02_L010_T006,11,37,149,0.005229383477188664,True,True
P02_L010,P02,P02_L010_T007_A01,P02_L010_T007,1,6,34,0.002377336621454997,False,True
P02_L010,P02,P02_L010_T007_A01,P02_L010_T007,2,10,57,0.005446165228113447,False,True
P02_L010,P02,P02_L010_T007_A01,P02_L010_T007,3,14,97,0.002711134401972885,True,True
P02_L010,P02,P02_L010_T007_A01,P02_L010_T007,4,18,111,0.006210850801479638,True,True
P02_L010,P02,P02_L010_T007_A01,P02_L010_T007,5,19,121,0.0030918002466091177,True,True
P02_L010,P02,P02_L010_T007_A01,P02_L010_T007,6,23,133,0.007082909987669558,True,True
P02_L010,P02,P02_L010_T007_A01,P02_L010_T007,7,27,143,0.003525918618988908,True,True
P02_L010,P02,P02_L010_T007_A01,P02_L010_T007,8,31,149,0.008077410604192363,True,True
P02_L010,P02,P02_L010_T007_A01,P02_L010_T007,9,32,150,0.004020986436498155,True,True
P02_L010,P02,P02_L010_T007_A01,P02_L010_T007,10,36,154,0.009211553637484599,True,True
P02_L010,P02,P02_L010_T007_A02,P02_L010_T007,1,5,14,0.005446177558569667,False,True
P02_L010,P02,P02_L010_T007_A02,P02_L010_T007,2,9,21,0.012476473489519099,False,True
P02_L010,P02,P02_L010_T007_A02,P02_L010_T007,3,11,25,0.006210863131935892,True,True
P02_L010,P02,P02_L010_T007_A02,P02_L010_T007,4,15,38,0.014228261405671993,True,True
P02_L010,P02,P02_L010_T007_A02,P02_L010_T007,5,18,63,0.007082909987669558,True,True
P02_L010,P02,P02_L010_T007_A02,P02_L010_T007,6,22,72,0.01622600493218248,True,True
P02_L010,P02,P02_L010_T007_A02,P02_L010_T007,7,29,93,0.004020974106041935,True,True
P02_L010,P02,P02_L010_T007_A02,P02_L010_T007,8,33,102,0.009211516646115903,True,True
P02_L010,P02,P02_L010_T007_A02,P02_L010_T007,9,35,113,0.004585548705302106,True,True
P02_L010,P02,P02_L010_T007_A02,P02_L010_T007,10,39,119,0.010504882860665853,True,True
P02_L010,P02,P02_L010_T007_A03,P02_L010_T007,1,5,20,0.005446177558569667,False,True
P02_L010,P02,P02_L010_T007_A03,P02_L010_T007,2,9,45,0.012476473489519099,False,True
P02_L010,P02,P02_L010_T007_A03,P02_L010_T007,3,12,49,0.006210863131935892,True,True
P02_L010,P02,P02_L010_T007_A03,P02_L010_T007,4,16,60,0.014228261405671993,True,True
P02_L010,P02,P02_L010_T007_A03,P02_L010_T007,5,17,64,0.007082909987669558,True,True
P02_L010,P02,P02_L010_T007_A03,P02_L010_T007,6,21,77,0.01622600493218248,True,True
P02_L010,P02,P02_L010_T007_A03,P02_L010_T007,7,26,104,0.004020974106041935,True,True
P02_L010,P02,P02_L010_T007_A03,P02_L010_T007,8,30,129,0.009211516646115903,True,True
P02_L010,P02,P02_L010_T007_A03,P02_L010_T007,9,31,130,0.004585548705302106,True,True
P02_L010,P02,P02_L010_T007_A03,P02_L010_T007,10,35,140,0.010504882860665853,True,True
P02_L010,P02,P02_L010_T007_A04,P02_L010_T007,1,8,32,0.002377336621454997,False,True
P02_L010,P02,P02_L010_T007_A04,P02_L010_T007,2,12,42,0.005446165228113447,False,True
P02_L010,P02,P02_L010_T007_A04,P02_L010_T007,3,13,47,0.002711134401972885,True,True
P02_L010,P02,P02_L010_T007_A04,P02_L010_T007,4,17,58,0.006210850801479638,True,True
P02_L010,P02,P02_L010_T007_A04,P02_L010_T007,5,18,62,0.0030918002466091177,True,True
P02_L010,P02,P02_L010_T007_A04,P02_L010_T007,6,22,81,0.007082909987669558,True,True
P02_L010,P02,P02_L010_T007_A04,P02_L010_T007,7,26,91,0.003525918618988908,True,True
P02_L010,P02,P02_L010_T007_A04,P02_L010_T007,8,30,103,0.008077410604192363,True,True
P02_L010,P02,P02_L010_T007_A04,P02_L010_T007,9,35,123,0.0020016646115906234,True,True
P02_L010,P02,P02_L010_T007_A04,P02_L010_T007,10,39,136,0.004585548705302106,True,True
P02_L010,P02,P02_L010_T008_A01,P02_L010_T008,1,6,20,0.002377336621454997,False,True
P02_L010,P02,P02_L010_T008_A01,P02_L010_T008,2,14,36,0.012476448828606658,False,True
P02_L010,P02,P02_L010_T008_A01,P02_L010_T008,3,20,59,0.0030918002466091177,True,True
P02_L010,P02,P02_L010_T008_A01,P02_L010_T008,4,24,76,0.007082909987669558,True,True
P02_L010,P02,P02_L010_T008_A01,P02_L010_T008,5,25,80,0.003525918618988908,True,True
P02_L010,P02,P02_L010_T008_A01,P02_L010_T008,6,30,92,0.01850427866831074,True,True
P02_L010,P02,P02_L010_T008_A01,P02_L010_T008,7,39,118,0.0022827250308261474,True,True
P02_L010,P02,P02_L010_T008_A01,P02_L010_T008,8,43,123,0.005229420468557326,True,True
P02_L010,P02,P02_L010_T008_A01,P02_L010_T008,9,45,129,0.002603230579531439,True,True
P02_L010,P02,P02_L010_T008_A01,P02_L010_T008,10,49,143,0.005963662145499391,True,True
P02_L010,P02,P02_L010_T008_A02,P02_L010_T008,1,8,40,0.002377336621454997,False,True
P02_L010,P02,P02_L010_T008_A02,P02_L010_T008,2,16,64,0.012476448828606658,False,True
P02_L010,P02,P02_L010_T008_A02,P02_L010_T008,3,19,69,0.006210850801479638,True,True
P02_L010,P02,P02_L010_T008_A02,P02_L010_T008,4,23,96,0.014228236744759553,True,True
P02_L010,P02,P02_L010_T008_A02,P02_L010_T008,5,24,101,0.007082897657213304,True,True
P02_L010,P02,P02_L010_T008_A02,P02_L010_T008,6,28,110,0.01622598027127004,True,True
P02_L010,P02,P02_L010_T008_A02,P02_L010_T008,7,30,127,0.008077385943279888,True,True
P02_L010,P02,P02_L010_T008_A02,P02_L010_T008,8,34,152,0.018504217016029605,True,True
P02_L010,P02,P02_L010_T008_A02,P02_L010_T008,9,41,162,0.004585536374845852,True,True
P02_L010,P02,P02_L010_T008_A02,P02_L010_T008,10,46,173,0.024065240443896425,True,True
P02_L010,P02,P02_L010_T008_A03,P02_L010_T008,1,7,22,0.002377336621454997,False,True
P02_L010,P02,P02_L010_T008_A03,P02_L010_T008,2,12,30,0.012476448828606658,False,True
P02_L010,P02,P02_L010_T008_A03,P02_L010_T008,3,15,42,0.006210850801479638,True,True
P02_L010,P02,P02_L010_T008_A03,P02_L010_T008,4,19,50,0.014228236744759553,True,True
P02_L010,P02,P02_L010_T008_A03,P02_L010_T008,5,25,75,0.003525906288532688,True,True
P02_L010,P02,P02_L010_T008_A03,P02_L010_T008,6,29,87,0.008077385943279888,True,True
P02_L010,P02,P02_L010_T008_A03,P02_L010_T008,7,32,98,0.004020974106041935,True,True
P02_L010,P02,P02_L010_T008_A03,P02_L010_T008,8,36,115,0.009211516646115903,True,True
P02_L010,P02,P02_L010_T008_A03,P02_L010_T008,9,40,136,0.004585548705302106,True,True
P02_L010,P02,P02_L010_T008_A03,P02_L010_T008,10,44,148,0.010504882860665853,True,True
P02_L010,P02,P02_L010_T008_A04,P02_L010_T008,1,6,66,0.002377336621454997,False,True
P02_L010,P02,P02_L010_T008_A04,P02_L010_T008,2,10,93,0.005446165228113447,False,True
P02_L010,P02,P02_L010_T008_A04,P02_L010_T008,3,12,106,0.002711134401972885,False,True
P02_L010,P02,P02_L010_T008_A04,P02_L010_T008,4,16,133,0.006210850801479638,True,True
P02_L010,P02,P02_L010_T008_A04,P02_L010_T008,5,17,134,0.0030918002466091177,True,True
P02_L010,P02,P02_L010_T008_A04,P02_L010_T008,6,21,144,0.007082909987669558,True,True
P02_L010,P02,P02_L010_T008_A04,P02_L010_T008,7,24,156,0.003525918618988908,True,True
P02_L010,P02,P02_L010_T008_A04,P02_L010_T008,8,28,164,0.008077410604192363,True,True
P02_L010,P02,P02_L010_T008_A04,P02_L010_T008,9,34,177,0.0020016646115906234,True,True
P02_L010,P02,P02_L010_T008_A04,P02_L010_T008,10,38,181,0.004585548705302106,True,True
P02_L010,P02,P02_L010_T008_A04,P02_L010_T008,11,39,182,0.002282712700369927,True,True
P02_L010,P02,P02_L010_T009_A01,P02_L010_T009,1,6,19,0.002377336621454997,False,True
P02_L010,P02,P02_L010_T009_A01,P02_L010_T009,2,10,27,0.005446165228113447,False,True
P02_L010,P02,P02_L010_T009_A01,P02_L010_T009,3,12,29,0.002711134401972885,True,True
P02_L010,P02,P02_L010_T009_A01,P02_L010_T009,4,16,38,0.006210850801479638,True,True
P02_L010,P02,P02_L010_T009_A01,P02_L010_T009,5,18,42,0.0030918002466091177,True,True
P02_L010,P02,P02_L010_T009_A01,P02_L010_T009,6,22,64,0.007082909987669558,True,True
P02_L010,P02,P02_L010_T009_A01,P02_L010_T009,7,25,86,0.003525918618988908,True,True
P02_L010,P02,P02_L010_T009_A01,P02_L010_T009,8,29,96,0.008077410604192363,True,True
P02_L010,P02,P02_L010_T009_A01,P02_L010_T009,9,32,103,0.004020986436498155,True,True
P02_L010,P02,P02_L010_T009_A01,P02_L010_T009,10,36,107,0.009211553637484599,True,True
P02_L010,P02,P02_L010_T009_A02,P02_L010_T009,1,13,68,0.0011834525277435186,False,True
P02_L010,P02,P02_L010_T009_A02,P02_L010_T009,2,19,85,0.006210850801479638,False,True
P02_L010,P02,P02_L010_T009_A02,P02_L010_T009,3,22,97,0.0030918002466091177,False,True
P02_L010,P02,P02_L010_T009_A02,P02_L010_T009,4,27,120,0.01622600493218248,True,True
P02_L010,P02,P02_L010_T009_A02,P02_L010_T009,5,33,143,0.004020974106041935,True,True
P02_L010,P02,P02_L010_T009_A02,P02_L010_T009,6,37,154,0.009211516646115903,True,True
P02_L010,P02,P02_L010_T009_A02,P02_L010_T009,7,43,163,0.002282712700369927,True,True
P02_L010,P02,P02_L010_T009_A02,P02_L010_T009,8,47,170,0.005229395807644885,True,True
P02_L010,P02,P02_L010_T009_A02,P02_L010_T009,9,50,176,0.002603218249075219,True,True
P02_L010,P02,P02_L010_T009_A02,P02_L010_T009,10,54,183,0.005963625154130695,True,True
P02_L010,P02,P02_L010_T009_A02,P02_L010_T009,11,57,186,0.0029687299630086175,True,True
P02_L010,P02,P02_L010_T009_A03,P02_L010_T009,1,5,14,0.005446177558569667,False,True
P02_L010,P02,P02_L010_T009_A03,P02_L010_T009,2,9,45,0.012476473489519099,False,True
P02_L010,P02,P02_L010_T009_A03,P02_L010_T009,3,10,46,0.006210863131935892,True,True
P02_L010,P02,P02_L010_T009_A03,P02_L010_T009,4,14,58,0.014228261405671993,True,True
P02_L010,P02,P02_L010_T009_A03,P02_L010_T009,5,19,79,0.003525918618988908,True,True
P02_L010,P02,P02_L010_T009_A03,P02_L010_T009,6,26,114,0.04239085080147966,True,True
P02_L010,P02,P02_L010_T009_A03,P02_L010_T009,7,34,137,0.010504907521578294,True,True
P02_L010,P02,P02_L010_T009_A03,P02_L010_T009,8,38,158,0.024065351418002475,True,True
P02_L010,P02,P02_L010_T009_A03,P02_L010_T009,9,43,171,0.005963649815043171,True,True
P02_L010,P02,P02_L010_T009_A03,P02_L010_T009,10,47,179,0.013661935881627603,True,True
P02_L010,P02,P02_L010_T009_A04,P02_L010_T009,1,7,33,0.002377336621454997,False,True
P02_L010,P02,P02_L010_T009_A04,P02_L010_T009,2,14,52,0.012476448828606658,False,True
P02_L010,P02,P02_L010_T009_A04,P02_L010_T009,3,15,54,0.006210850801479638,True,True
P02_L010,P02,P02_L010_T009_A04,P02_L010_T009,4,19,71,0.014228236744759553,True,True
P02_L010,P02,P02_L010_T009_A04,P02_L010_T009,5,23,88,0.007082897657213304,True,True
P02_L010,P02,P02_L010_T009_A04,P02_L010_T009,6,27,101,0.01622598027127004,True,True
P02_L010,P02,P02_L010_T009_A04,P02_L010_T009,7,34,129,0.004020974106041935,True,True
P02_L010,P02,P02_L010_T009_A04,P02_L010_T009,8,38,140,0.009211516646115903,True,True
P02_L010,P02,P02_L010_T009_A04,P02_L010_T009,9,39,144,0.004585548705302106,True,True
P02_L010,P02,P02_L010_T009_A04,P02_L010_T009,10,43,153,0.010504882860665853,True,True
P02_L010,P02,P02_L010_T010_A01,P02_L010_T010,1,6,14,0.002377336621454997,False,True
P02_L010,P02,P02_L010_T010_A01,P02_L010_T010,2,10,34,0.005446165228113447,False,True
P02_L010,P02,P02_L010_T010_A01,P02_L010_T010,3,12,37,0.002711134401972885,True,True
P02_L010,P02,P02_L010_T010_A01,P02_L010_T010,4,18,44,0.014228236744759553,True,True
P02_L010,P02,P02_L010_T010_A01,P02_L010_T010,5,24,59,0.003525906288532688,True,True
P02_L010,P02,P02_L010_T010_A01,P02_L010_T010,6,34,98,0.04239071516646117,True,True
P02_L010,P02,P02_L010_T010_A01,P02_L010_T010,7,36,101,0.021102342786683097,True,True
P02_L010,P02,P02_L010_T010_A01,P02_L010_T010,8,40,110,0.04834267570900125,True,True
P02_L010,P02,P02_L010_T010_A01,P02_L010_T010,9,45,122,0.011979827373612821,True,True
P02_L010,P02,P02_L010_T010_A01,P02_L010_T010,10,49,131,0.027444204685573376,True,True
P02_L010,P02,P02_L010_T010_A02,P02_L010_T010,1,6,15,0.002377336621454997,False,True
P02_L010,P02,P02_L010_T010_A02,P02_L010_T010,2,10,30,0.005446165228113447,False,True
P02_L010,P02,P02_L010_T010_A02,P02_L010_T010,3,11,31,0.002711134401972885,True,True
P02_L010,P02,P02_L010_T010_A02,P02_L010_T010,4,15,60,0.006210850801479638,True,True
P02_L010,P02,P02_L010_T010_A02,P02_L010_T010,5,19,68,0.0030918002466091177,True,True
P02_L010,P02,P02_L010_T010_A02,P02_L010_T010,6,23,77,0.007082909987669558,True,True
P02_L010,P02,P02_L010_T010_A02,P02_L010_T010,7,29,91,0.0017552281134401969,True,True
P02_L010,P02,P02_L010_T010_A02,P02_L010_T010,8,37,130,0.00921157829839704,True,True
P02_L010,P02,P02_L010_T010_A02,P02_L010_T010,9,40,135,0.0045855733662145464,True,True
P02_L010,P02,P02_L010_T010_A02,P02_L010_T010,10,44,140,0.01050494451294699,True,True
P02_L010,P02,P02_L010_T010_A03,P02_L010_T010,1,8,24,0.002377336621454997,False,True
P02_L010,P02,P02_L010_T010_A03,P02_L010_T010,2,12,33,0.005446165228113447,False,True
P02_L010,P02,P02_L010_T010_A03,P02_L010_T010,3,13,36,0.002711134401972885,True,True
P02_L010,P02,P02_L010_T010_A03,P02_L010_T010,4,17,49,0.006210850801479638,True,True
P02_L010,P02,P02_L010_T010_A03,P02_L010_T010,5,19,54,0.0030918002466091177,True,True
P02_L010,P02,P02_L010_T010_A03,P02_L010_T010,6,23,64,0.007082909987669558,True,True
P02_L010,P02,P02_L010_T010_A03,P02_L010_T010,7,28,78,0.0017552281134401969,True,True
P02_L010,P02,P02_L010_T010_A03,P02_L010_T010,8,35,104,0.00921157829839704,True,True
P02_L010,P02,P02_L010_T010_A03,P02_L010_T010,9,41,116,0.0022827250308261474,True,True
P02_L010,P02,P02_L010_T010_A03,P02_L010_T010,10,45,129,0.005229420468557326,True,True
P02_L010,P02,P02_L010_T011_A01,P02_L010_T011,1,6,9,0.002377336621454997,False,True
P02_L010,P02,P02_L010_T011_A01,P02_L010_T011,2,10,13,0.005446165228113447,False,True
P02_L010,P02,P02_L010_T011_A01,P02_L010_T011,3,16,26,0.001349617755856973,False,True
P02_L010,P02,P02_L010_T011_A01,P02_L010_T011,4,21,36,0.007082909987669558,True,True
P02_L010,P02,P02_L010_T011_A01,P02_L010_T011,5,23,39,0.003525918618988908,True,True
P02_L010,P02,P02_L010_T011_A01,P02_L010_T011,6,27,47,0.008077410604192363,True,True
P02_L010,P02,P02_L010_T011_A01,P02_L010_T011,7,31,65,0.004020986436498155,True,True
P02_L010,P02,P02_L010_T011_A01,P02_L010_T011,8,35,79,0.009211553637484599,True,True
P02_L010,P02,P02_L010_T011_A01,P02_L010_T011,9,40,97,0.0022827250308261474,True,True
P02_L010,P02,P02_L010_T011_A01,P02_L010_T011,10,44,106,0.005229420468557326,True,True
P02_L010,P02,P02_L010_T011_A01,P02_L010_T011,11,45,107,0.002603230579531439,True,True
P02_L010,P02,P02_L010_T011_A02,P02_L010_T011,1,5,30,0.005446177558569667,False,True
P02_L010,P02,P02_L010_T011_A02,P02_L010_T011,2,9,46,0.012476473489519099,False,True
P02_L010,P02,P02_L010_T011_A02,P02_L010_T011,3,10,50,0.006210863131935892,True,True
P02_L010,P02,P02_L010_T011_A02,P02_L010_T011,4,17,69,0.03259506781750925,True,True
P02_L010,P02,P02_L010_T011_A02,P02_L010_T011,5,21,78,0.0162260172626387,True,True
P02_L010,P02,P02_L010_T011_A02,P02_L010_T011,6,25,88,0.037171652281134414,True,True
P02_L010,P02,P02_L010_T011_A02,P02_L010_T011,7,28,101,0.018504266337854486,True,True
P02_L010,P02,P02_L010_T011_A02,P02_L010_T011,8,32,110,0.04239082614056719,True,True
P02_L010,P02,P02_L010_T011_A02,P02_L010_T011,9,34,112,0.021102404438964235,True,True
P02_L010,P02,P02_L010_T011_A02,P02_L010_T011,10,38,116,0.04834281134401974,True,True
P02_L010,P02,P02_L010_T011_A03,P02_L010_T011,1,6,23,0.002377336621454997,False,True
P02_L010,P02,P02_L010_T011_A03,P02_L010_T011,2,10,44,0.005446165228113447,False,True
P02_L010,P02,P02_L010_T011_A03,P02_L010_T011,3,11,45,0.002711134401972885,True,True
P02_L010,P02,P02_L010_T011_A03,P02_L010_T011,4,15,56,0.006210850801479638,True,True
P02_L010,P02,P02_L010_T011_A03,P02_L010_T011,5,16,57,0.0030918002466091177,True,True
P02_L010,P02,P02_L010_T011_A03,P02_L010_T011,6,20,71,0.007082909987669558,True,True
P02_L010,P02,P02_L010_T011_A03,P02_L010_T011,7,22,74,0.003525918618988908,True,True
P02_L010,P02,P02_L010_T011_A03,P02_L010_T011,8,26,83,0.008077410604192363,True,True
P02_L010,P02,P02_L010_T011_A03,P02_L010_T011,9,27,89,0.004020986436498155,True,True
P02_L010,P02,P02_L010_T011_A03,P02_L010_T011,10,31,98,0.009211553637484599,True,True
P02_L010,P02,P02_L010_T012_A01,P02_L010_T012,1,8,27,0.002377336621454997,False,True
P02_L010,P02,P02_L010_T012_A01,P02_L010_T012,2,12,31,0.005446165228113447,False,True
P02_L010,P02,P02_L010_T012_A01,P02_L010_T012,3,16,40,0.002711134401972885,True,True
P02_L010,P02,P02_L010_T012_A01,P02_L010_T012,4,20,49,0.006210850801479638,True,True
P02_L010,P02,P02_L010_T012_A01,P02_L010_T012,5,21,50,0.0030918002466091177,True,True
P02_L010,P02,P02_L010_T012_A01,P02_L010_T012,6,25,59,0.007082909987669558,True,True
P02_L010,P02,P02_L010_T012_A01,P02_L010_T012,7,28,65,0.003525918618988908,True,True
P02_L010,P02,P02_L010_T012_A01,P02_L010_T012,8,32,78,0.008077410604192363,True,True
P02_L010,P02,P02_L010_T012_A01,P02_L010_T012,9,35,93,0.004020986436498155,True,True
P02_L010,P02,P02_L010_T012_A01,P02_L010_T012,10,39,107,0.009211553637484599,True,True
P02_L010,P02,P02_L010_T012_A02,P02_L010_T012,1,6,13,0.002377336621454997,False,True
P02_L010,P02,P02_L010_T012_A02,P02_L010_T012,2,10,22,0.005446165228113447,False,True
P02_L010,P02,P02_L010_T012_A02,P02_L010_T012,3,11,23,0.002711134401972885,False,True
P02_L010,P02,P02_L010_T012_A02,P02_L010_T012,4,15,42,0.006210850801479638,True,True
P02_L010,P02,P02_L010_T012_A02,P02_L010_T012,5,16,44,0.0030918002466091177,True,True
P02_L010,P02,P02_L010_T012_A02,P02_L010_T012,6,20,58,0.007082909987669558,True,True
P02_L010,P02,P02_L010_T012_A02,P02_L010_T012,7,25,80,0.0017552281134401969,True,True
P02_L010,P02,P02_L010_T012_A02,P02_L010_T012,8,29,84,0.0040209987669543755,True,True
P02_L010,P02,P02_L010_T012_A02,P02_L010_T012,9,30,85,0.002001676942046844,True,True
P02_L010,P02,P02_L010_T012_A02,P02_L010_T012,10,34,100,0.0045855733662145464,True,True
P02_L010,P02,P02_L010_T012_A02,P02_L010_T012,11,35,101,0.0022827250308261474,True,True
P02_L010,P02,P02_L010_T012_A03,P02_L010_T012,1,6,24,0.002377336621454997,False,True
P02_L010,P02,P02_L010_T012_A03,P02_L010_T012,2,11,43,0.012476448828606658,False,True
P02_L010,P02,P02_L010_T012_A03,P02_L010_T012,3,12,51,0.006210850801479638,True,True
P02_L010,P02,P02_L010_T012_A03,P02_L010_T012,4,20,71,0.03259500616522812,True,True
P02_L010,P02,P02_L010_T012_A03,P02_L010_T012,5,25,91,0.008077385943279888,True,True
P02_L010,P02,P02_L010_T012_A03,P02_L010_T012,6,29,97,0.018504217016029605,True,True
P02_L010,P02,P02_L010_T012_A03,P02_L010_T012,7,30,99,0.009211504315659683,True,True
P02_L010,P02,P02_L010_T012_A03,P02_L010_T012,8,34,109,0.021102342786683097,True,True
P02_L010,P02,P02_L010_T012_A03,P02_L010_T012,9,35,112,0.010504870530209633,True,True
P02_L010,P02,P02_L010_T012_A03,P02_L010_T012,10,39,116,0.024065265104808865,True,True
P02_L026,P02,P02_L026_T001_A01,P02_L026_T001,1,6,11,0.006339577464788783,False,True
P02_L026,P02,P02_L026_T001_A01,P02_L026_T001,2,10,18,0.014523126760563403,False,True
P02_L026,P02,P02_L026_T001_A01,P02_L026_T001,3,12,30,0.007229704225352122,True,True
P02_L026,P02,P02_L026_T001_A01,P02_L026_T001,4,16,43,0.016562295774647903,True,True
P02_L026,P02,P02_L026_T001_A01,P02_L026_T001,5,17,46,0.00824480281690143,True,True
P02_L026,P02,P02_L026_T001_A01,P02_L026_T001,6,25,62,0.043269323943661966,True,True
P02_L026,P02,P02_L026_T001_A01,P02_L026_T001,7,32,82,0.010722591549295796,True,True
P02_L026,P02,P02_L026_T001_A01,P02_L026_T001,8,36,97,0.024564042253521184,True,True
P02_L026,P02,P02_L026_T001_A01,P02_L026_T001,9,38,106,0.012228126760563436,True,True
P02_L026,P02,P02_L026_T001_A01,P02_L026_T001,10,42,117,0.028013014084507085,True,True
P02_L026,P02,P02_L026_T001_A02,P02_L026_T001,1,7,26,0.0027673239436620343,False,True
P02_L026,P02,P02_L026_T001_A02,P02_L026_T001,2,11,34,0.006339577464788783,False,True
P02_L026,P02,P02_L026_T001_A02,P02_L026_T001,3,12,35,0.0031558732394366203,True,True
P02_L026,P02,P02_L026_T001_A02,P02_L026_T001,4,16,45,0.007229690140845088,True,True
P02_L026,P02,P02_L026_T001_A02,P02_L026_T001,5,17,55,0.0035989859154929482,True,True
P02_L026,P02,P02_L026_T001_A02,P02_L026_T001,6,21,66,0.00824480281690143,True,True
P02_L026,P02,P02_L026_T001_A02,P02_L026_T001,7,22,70,0.004104309859154925,True,True
P02_L026,P02,P02_L026_T001_A02,P02_L026_T001,8,26,83,0.009402436619718376,True,True
P02_L026,P02,P02_L026_T001_A02,P02_L026_T001,9,31,92,0.0023300281690141443,True,True
P02_L026,P02,P02_L026_T001_A02,P02_L026_T001,10,35,100,0.005337788732394358,True,True
P02_L026,P02,P02_L026_T001_A03,P02_L026_T001,1,7,24,0.0027673239436620343,False,True
P02_L026,P02,P02_L026_T001_A03,P02_L026_T001,2,11,37,0.006339577464788783,False,True
P02_L026,P02,P02_L026_T001_A03,P02_L026_T001,3,13,44,0.0031558732394366203,False,True
P02_L026,P02,P02_L026_T001_A03,P02_L026_T001,4,17,57,0.007229690140845088,True,True
P02_L026,P02,P02_L026_T001_A03,P02_L026_T001,5,18,58,0.0035989859154929482,True,True
P02_L026,P02,P02_L026_T001_A03,P02_L026_T001,6,22,74,0.00824480281690143,True,True
P02_L026,P02,P02_L026_T001_A03,P02_L026_T001,7,29,101,0.002043154929577469,True,True
P02_L026,P02,P02_L026_T001_A03,P02_L026_T001,8,35,112,0.010722619718309866,True,True
P02_L026,P02,P02_L026_T001_A03,P02_L026_T001,9,40,119,0.002657183098591572,True,True
P02_L026,P02,P02_L026_T001_A03,P02_L026_T001,10,44,123,0.0060872535211267875,True,True
P02_L026,P02,P02_L026_T001_A03,P02_L026_T001,11,46,125,0.0030302676056338505,True,True
P02_L026,P02,P02_L026_T002_A01,P02_L026_T002,1,11,33,0.0012079859154930036,False,True
P02_L026,P02,P02_L026_T002_A01,P02_L026_T002,2,20,92,0.014523197183098656,False,True
P02_L026,P02,P02_L026_T002_A01,P02_L026_T002,3,22,110,0.0072297323943661925,False,True
P02_L026,P02,P02_L026_T002_A01,P02_L026_T002,4,26,122,0.016562366197183154,True,True
P02_L026,P02,P02_L026_T002_A01,P02_L026_T002,5,31,136,0.004104338028169072,True,True
P02_L026,P02,P02_L026_T002_A01,P02_L026_T002,6,36,147,0.021539873239436628,True,True
P02_L026,P02,P02_L026_T002_A01,P02_L026_T002,7,41,155,0.0053378169014085056,True,True
P02_L026,P02,P02_L026_T002_A01,P02_L026_T002,8,45,170,0.01222822535211268,True,True
P02_L026,P02,P02_L026_T002_A01,P02_L026_T002,9,51,187,0.003030281690140885,True,True
P02_L026,P02,P02_L026_T002_A01,P02_L026_T002,10,57,193,0.015903140845070482,True,True
P02_L026,P02,P02_L026_T002_A01,P02_L026_T002,11,60,196,0.007916676056338052,True,True
P02_L026,P02,P02_L026_T002_A02,P02_L026_T002,1,7,30,0.0027673239436620343,False,True
P02_L026,P02,P02_L026_T002_A02,P02_L026_T002,2,15,48,0.014523126760563403,False,True
P02_L026,P02,P02_L026_T002_A02,P02_L026_T002,3,23,88,0.0035989859154929482,True,True
P02_L026,P02,P02_L026_T002_A02,P02_L026_T002,4,27,106,0.00824480281690143,True,True
P02_L026,P02,P02_L026_T002_A02,P02_L026_T002,5,28,107,0.004104309859154925,True,True
P02_L026,P02,P02_L026_T002_A02,P02_L026_T002,6,32,119,0.009402436619718376,True,True
P02_L026,P02,P02_L026_T002_A02,P02_L026_T002,7,34,128,0.004680591549295797,True,True
P02_L026,P02,P02_L026_T002_A02,P02_L026_T002,8,38,145,0.010722619718309866,True,True
P02_L026,P02,P02_L026_T002_A02,P02_L026_T002,9,44,169,0.002657183098591572,True,True
P02_L026,P02,P02_L026_T002_A02,P02_L026_T002,10,48,182,0.0060872535211267875,True,True
P02_L026,P02,P02_L026_T002_A03,P02_L026_T002,1,7,17,0.0027673239436620343,False,True
P02_L026,P02,P02_L026_T002_A03,P02_L026_T002,2,11,32,0.006339577464788783,False,True
P02_L026,P02,P02_L026_T002_A03,P02_L026_T002,3,13,50,0.0031558732394366203,False,True
P02_L026,P02,P02_L026_T002_A03,P02_L026_T002,4,17,64,0.007229690140845088,True,True
P02_L026,P02,P02_L026_T002_A03,P02_L026_T002,5,19,69,0.0035989859154929482,True,True
P02_L026,P02,P02_L026_T002_A03,P02_L026_T002,6,23,78,0.00824480281690143,True,True
P02_L026,P02,P02_L026_T002_A03,P02_L026_T002,7,25,80,0.004104309859154925,True,True
P02_L026,P02,P02_L026_T002_A03,P02_L026_T002,8,29,95,0.009402436619718376,True,True
P02_L026,P02,P02_L026_T002_A03,P02_L026_T002,9,34,108,0.0023300281690141443,True,True
P02_L026,P02,P02_L026_T002_A03,P02_L026_T002,10,38,135,0.005337788732394358,True,True
P02_L026,P02,P02_L026_T002_A03,P02_L026_T002,11,39,140,0.002657183098591572,True,True
P02_L026,P02,P02_L026_T002_A04,P02_L026_T002,1,6,41,0.006339577464788783,False,True
P02_L026,P02,P02_L026_T002_A04,P02_L026_T002,2,10,49,0.014523126760563403,False,True
P02_L026,P02,P02_L026_T002_A04,P02_L026_T002,3,11,52,0.007229704225352122,True,True
P02_L026,P02,P02_L026_T002_A04,P02_L026_T002,4,15,71,0.016562295774647903,True,True
P02_L026,P02,P02_L026_T002_A04,P02_L026_T002,5,17,82,0.00824480281690143,True,True
P02_L026,P02,P02_L026_T002_A04,P02_L026_T002,6,21,94,0.0188877464788733,True,True
P02_L026,P02,P02_L026_T002_A04,P02_L026_T002,7,28,117,0.004680591549295797,True,True
P02_L026,P02,P02_L026_T002_A04,P02_L026_T002,8,36,157,0.024564098591549326,True,True
P02_L026,P02,P02_L026_T002_A04,P02_L026_T002,9,42,172,0.0060872535211267875,True,True
P02_L026,P02,P02_L026_T002_A04,P02_L026_T002,10,46,180,0.01394509859154935,True,True
P02_L026,P02,P02_L026_T003_A01,P02_L026_T003,1,7,31,0.0027673239436620343,False,True
P02_L026,P02,P02_L026_T003_A01,P02_L026_T003,2,12,45,0.014523126760563403,False,True
P02_L026,P02,P02_L026_T003_A01,P02_L026_T003,3,18,67,0.0035989859154929482,True,True
P02_L026,P02,P02_L026_T003_A01,P02_L026_T003,4,24,91,0.0188877464788733,True,True
P02_L026,P02,P02_L026_T003_A01,P02_L026_T003,5,29,114,0.004680591549295797,True,True
P02_L026,P02,P02_L026_T003_A01,P02_L026_T003,6,33,120,0.010722619718309866,True,True
P02_L026,P02,P02_L026_T003_A01,P02_L026_T003,7,37,125,0.005337788732394358,True,True
P02_L026,P02,P02_L026_T003_A01,P02_L026_T003,8,41,132,0.01222816901408454,True,True
P02_L026,P02,P02_L026_T003_A01,P02_L026_T003,9,43,139,0.0060872535211267875,True,True
P02_L026,P02,P02_L026_T003_A01,P02_L026_T003,10,47,155,0.01394509859154935,True,True
P02_L026,P02,P02_L026_T003_A02,P02_L026_T003,1,7,16,0.0027673239436620343,False,True
P02_L026,P02,P02_L026_T003_A02,P02_L026_T003,2,11,30,0.006339577464788783,False,True
P02_L026,P02,P02_L026_T003_A02,P02_L026_T003,3,12,35,0.0031558732394366203,True,True
P02_L026,P02,P02_L026_T003_A02,P02_L026_T003,4,16,61,0.007229690140845088,True,True
P02_L026,P02,P02_L026_T003_A02,P02_L026_T003,5,17,62,0.0035989859154929482,True,True
P02_L026,P02,P02_L026_T003_A02,P02_L026_T003,6,21,71,0.00824480281690143,True,True
P02_L026,P02,P02_L026_T003_A02,P02_L026_T003,7,22,77,0.004104309859154925,True,True
P02_L026,P02,P02_L026_T003_A02,P02_L026_T003,8,26,84,0.009402436619718376,True,True
P02_L026,P02,P02_L026_T003_A02,P02_L026_T003,9,32,104,0.0023300281690141443,True,True
P02_L026,P02,P02_L026_T003_A02,P02_L026_T003,10,36,124,0.005337788732394358,True,True
P02_L026,P02,P02_L026_T003_A03,P02_L026_T003,1,6,15,0.006339577464788783,False,True
P02_L026,P02,P02_L026_T003_A03,P02_L026_T003,2,11,44,0.03327056338028174,False,True
P02_L026,P02,P02_L026_T003_A03,P02_L026_T003,3,20,105,0.004104309859154925,True,True
P02_L026,P02,P02_L026_T003_A03,P02_L026_T003,4,25,136,0.021539732394366202,True,True
P02_L026,P02,P02_L026_T003_A03,P02_L026_T003,5,31,153,0.005337774647887324,True,True
P02_L026,P02,P02_L026_T003_A03,P02_L026_T003,6,35,160,0.01222814084507047,True,True
P02_L026,P02,P02_L026_T003_A03,P02_L026_T003,7,38,164,0.006087239436619753,True,True
P02_L026,P02,P02_L026_T003_A03,P02_L026_T003,8,42,171,0.013945056338028167,True,True
P02_L026,P02,P02_L026_T003_A03,P02_L026_T003,9,44,173,0.006941929577464827,True,True
P02_L026,P02,P02_L026_T003_A03,P02_L026_T003,10,48,177,0.015903042253521158,True,True
P02_L026,P02,P02_L026_T003_A04,P02_L026_T003,1,8,34,0.0012079859154930036,False,True
P02_L026,P02,P02_L026_T003_A04,P02_L026_T003,2,14,58,0.006339605633802853,False,True
P02_L026,P02,P02_L026_T003_A04,P02_L026_T003,3,16,64,0.003155887323943655,True,True
P02_L026,P02,P02_L026_T003_A04,P02_L026_T003,4,20,80,0.007229718309859158,True,True
P02_L026,P02,P02_L026_T003_A04,P02_L026_T003,5,22,85,0.0035990000000000614,True,True
P02_L026,P02,P02_L026_T003_A04,P02_L026_T003,6,26,103,0.0082448309859155,True,True
P02_L026,P02,P02_L026_T003_A04,P02_L026_T003,7,29,118,0.004104323943662037,True,True
P02_L026,P02,P02_L026_T003_A04,P02_L026_T003,8,33,140,0.009402464788732445,True,True
P02_L026,P02,P02_L026_T003_A04,P02_L026_T003,9,36,149,0.004680605633802831,True,True
P02_L026,P02,P02_L026_T003_A04,P02_L026_T003,10,40,166,0.010722647887323937,True,True
P02_L026,P02,P02_L026_T004_A01,P02_L026_T004,1,9,41,0.0012079859154930036,False,True
P02_L026,P02,P02_L026_T004_A01,P02_L026_T004,2,14,63,0.006339605633802853,False,True
P02_L026,P02,P02_L026_T004_A01,P02_L026_T004,3,15,68,0.003155887323943655,True,True
P02_L026,P02,P02_L026_T004_A01,P02_L026_T004,4,19,79,0.007229718309859158,True,True
P02_L026,P02,P02_L026_T004_A01,P02_L026_T004,5,20,82,0.0035990000000000614,True,True
P02_L026,P02,P02_L026_T004_A01,P02_L026_T004,6,24,96,0.0082448309859155,True,True
P02_L026,P02,P02_L026_T004_A01,P02_L026_T004,7,28,114,0.004104323943662037,True,True
P02_L026,P02,P02_L026_T004_A01,P02_L026_T004,8,32,131,0.009402464788732445,True,True
P02_L026,P02,P02_L026_T004_A01,P02_L026_T004,9,36,147,0.004680605633802831,True,True
P02_L026,P02,P02_L026_T004_A01,P02_L026_T004,10,40,151,0.010722647887323937,True,True
P02_L026,P02,P02_L026_T004_A02,P02_L026_T004,1,7,24,0.0027673239436620343,False,True
P02_L026,P02,P02_L026_T004_A02,P02_L026_T004,2,11,34,0.006339577464788783,False,True
P02_L026,P02,P02_L026_T004_A02,P02_L026_T004,3,13,47,0.0031558732394366203,True,True
P02_L026,P02,P02_L026_T004_A02,P02_L026_T004,4,17,66,0.007229690140845088,True,True
P02_L026,P02,P02_L026_T004_A02,P02_L026_T004,5,18,69,0.0035989859154929482,True,True
P02_L026,P02,P02_L026_T004_A02,P02_L026_T004,6,22,88,0.00824480281690143,True,True
P02_L026,P02,P02_L026_T004_A02,P02_L026_T004,7,23,102,0.004104309859154925,True,True
P02_L026,P02,P02_L026_T004_A02,P02_L026_T004,8,27,119,0.009402436619718376,True,True
P02_L026,P02,P02_L026_T004_A02,P02_L026_T004,9,29,128,0.004680591549295797,True,True
P02_L026,P02,P02_L026_T004_A02,P02_L026_T004,10,33,135,0.010722619718309866,True,True
P02_L026,P02,P02_L026_T004_A03,P02_L026_T004,1,6,19,0.006339577464788783,False,True
P02_L026,P02,P02_L026_T004_A03,P02_L026_T004,2,10,38,0.014523126760563403,False,True
P02_L026,P02,P02_L026_T004_A03,P02_L026_T004,3,11,40,0.007229704225352122,True,True
P02_L026,P02,P02_L026_T004_A03,P02_L026_T004,4,15,54,0.016562295774647903,True,True
P02_L026,P02,P02_L026_T004_A03,P02_L026_T004,5,19,71,0.00824480281690143,True,True
P02_L026,P02,P02_L026_T004_A03,P02_L026_T004,6,23,94,0.0188877464788733,True,True
P02_L026,P02,P02_L026_T004_A03,P02_L026_T004,7,30,118,0.004680591549295797,True,True
P02_L026,P02,P02_L026_T004_A03,P02_L026_T004,8,34,137,0.010722619718309866,True,True
P02_L026,P02,P02_L026_T004_A03,P02_L026_T004,9,35,139,0.005337788732394358,True,True
P02_L026,P02,P02_L026_T004_A03,P02_L026_T004,10,39,144,0.01222816901408454,True,True
P02_L026,P02,P02_L026_T004_A04,P02_L026_T004,1,6,28,0.006339577464788783,False,True
P02_L026,P02,P02_L026_T004_A04,P02_L026_T004,2,10,39,0.014523126760563403,False,True
P02_L026,P02,P02_L026_T004_A04,P02_L026_T004,3,11,42,0.007229704225352122,True,True
P02_L026,P02,P02_L026_T004_A04,P02_L026_T004,4,15,61,0.016562295774647903,True,True
P02_L026,P02,P02_L026_T004_A04,P02_L026_T004,5,16,64,0.00824480281690143,True,True
P02_L026,P02,P02_L026_T004_A04,P02_L026_T004,6,20,73,0.0188877464788733,True,True
P02_L026,P02,P02_L026_T004_A04,P02_L026_T004,7,25,89,0.004680591549295797,True,True
P02_L026,P02,P02_L026_T004_A04,P02_L026_T004,8,29,105,0.010722619718309866,True,True
P02_L026,P02,P02_L026_T004_A04,P02_L026_T004,9,30,108,0.005337788732394358,True,True
P02_L026,P02,P02_L026_T004_A04,P02_L026_T004,10,35,121,0.02801311267605633,True,True
P02_L026,P02,P02_L026_T005_A01,P02_L026_T005,1,6,22,0.006339577464788783,False,True
P02_L026,P02,P02_L026_T005_A01,P02_L026_T005,2,10,33,0.014523126760563403,False,True
P02_L026,P02,P02_L026_T005_A01,P02_L026_T005,3,11,37,0.007229704225352122,True,True
P02_L026,P02,P02_L026_T005_A01,P02_L026_T005,4,15,45,0.016562295774647903,True,True
P02_L026,P02,P02_L026_T005_A01,P02_L026_T005,5,19,57,0.00824480281690143,True,True
P02_L026,P02,P02_L026_T005_A01,P02_L026_T005,6,23,85,0.0188877464788733,True,True
P02_L026,P02,P02_L026_T005_A01,P02_L026_T005,7,28,94,0.004680591549295797,True,True
P02_L026,P02,P02_L026_T005_A01,P02_L026_T005,8,32,104,0.010722619718309866,True,True
P02_L026,P02,P02_L026_T005_A01,P02_L026_T005,9,35,115,0.005337788732394358,True,True
P02_L026,P02,P02_L026_T005_A01,P02_L026_T005,10,39,132,0.01222816901408454,True,True
P02_L026,P02,P02_L026_T005_A02,P02_L026_T005,1,7,17,0.0027673239436620343,False,True
P02_L026,P02,P02_L026_T005_A02,P02_L026_T005,2,14,53,0.014523126760563403,False,True
P02_L026,P02,P02_L026_T005_A02,P02_L026_T005,3,16,61,0.007229704225352122,True,True
P02_L026,P02,P02_L026_T005_A02,P02_L026_T005,4,20,72,0.016562295774647903,True,True
P02_L026,P02,P02_L026_T005_A02,P02_L026_T005,5,21,75,0.00824480281690143,True,True
P02_L026,P02,P02_L026_T005_A02,P02_L026_T005,6,25,98,0.0188877464788733,True,True
P02_L026,P02,P02_L026_T005_A02,P02_L026_T005,7,31,112,0.004680591549295797,True,True
P02_L026,P02,P02_L026_T005_A02,P02_L026_T005,8,35,123,0.010722619718309866,True,True
P02_L026,P02,P02_L026_T005_A02,P02_L026_T005,9,38,128,0.005337788732394358,True,True
P02_L026,P02,P02_L026_T005_A02,P02_L026_T005,10,42,136,0.01222816901408454,True,True
P02_L026,P02,P02_L026_T005_A03,P02_L026_T005,1,7,28,0.0027673239436620343,False,True
P02_L026,P02,P02_L026_T005_A03,P02_L026_T005,2,11,40,0.006339577464788783,False,True
P02_L026,P02,P02_L026_T005_A03,P02_L026_T005,3,16,74,0.0015710140845070896,False,True
P02_L026,P02,P02_L026_T005_A03,P02_L026_T005,4,21,83,0.00824480281690143,True,True
P02_L026,P02,P02_L026_T005_A03,P02_L026_T005,5,23,103,0.004104309859154925,True,True
P02_L026,P02,P02_L026_T005_A03,P02_L026_T005,6,27,119,0.009402436619718376,True,True
P02_L026,P02,P02_L026_T005_A03,P02_L026_T005,7,28,121,0.004680591549295797,True,True
P02_L026,P02,P02_L026_T005_A03,P02_L026_T005,8,32,141,0.010722619718309866,True,True
P02_L026,P02,P02_L026_T005_A03,P02_L026_T005,9,37,154,0.002657183098591572,True,True
P02_L026,P02,P02_L026_T005_A03,P02_L026_T005,10,41,160,0.0060872535211267875,True,True
P02_L026,P02,P02_L026_T005_A03,P02_L026_T005,11,42,161,0.0030302676056338505,True,True
P02_L026,P02,P02_L026_T005_A04,P02_L026_T005,1,7,32,0.0027673239436620343,False,True
P02_L026,P02,P02_L026_T005_A04,P02_L026_T005,2,11,51,0.006339577464788783,False,True
P02_L026,P02,P02_L026_T005_A04,P02_L026_T005,3,12,58,0.0031558732394366203,False,True
P02_L026,P02,P02_L026_T005_A04,P02_L026_T005,4,16,69,0.007229690140845088,True,True
P02_L026,P02,P02_L026_T005_A04,P02_L026_T005,5,17,70,0.0035989859154929482,True,True
P02_L026,P02,P02_L026_T005_A04,P02_L026_T005,6,21,93,0.00824480281690143,True,True
P02_L026,P02,P02_L026_T005_A04,P02_L026_T005,7,23,111,0.004104309859154925,True,True
P02_L026,P02,P02_L026_T005_A04,P02_L026_T005,8,27,142,0.009402436619718376,True,True
P02_L026,P02,P02_L026_T005_A04,P02_L026_T005,9,32,150,0.0023300281690141443,True,True
P02_L026,P02,P02_L026_T005_A04,P02_L026_T005,10,36,159,0.005337788732394358,True,True
P02_L026,P02,P02_L026_T005_A04,P02_L026_T005,11,37,163,0.002657183098591572,True,True
P02_L026,P02,P02_L026_T006_A01,P02_L026_T006,1,7,14,0.0027673239436620343,False,True
P02_L026,P02,P02_L026_T006_A01,P02_L026_T006,2,11,21,0.006339577464788783,False,True
P02_L026,P02,P02_L026_T006_A01,P02_L026_T006,3,12,24,0.0031558732394366203,True,True
P02_L026,P02,P02_L026_T006_A01,P02_L026_T006,4,16,37,0.007229690140845088,True,True
P02_L026,P02,P02_L026_T006_A01,P02_L026_T006,5,18,44,0.0035989859154929482,True,True
P02_L026,P02,P02_L026_T006_A01,P02_L026_T006,6,22,61,0.00824480281690143,True,True
P02_L026,P02,P02_L026_T006_A01,P02_L026_T006,7,23,63,0.004104309859154925,True,True
P02_L026,P02,P02_L026_T006_A01,P02_L026_T006,8,27,72,0.009402436619718376,True,True
P02_L026,P02,P02_L026_T006_A01,P02_L026_T006,9,28,75,0.004680591549295797,True,True
P02_L026,P02,P02_L026_T006_A01,P02_L026_T006,10,32,84,0.010722619718309866,True,True
P02_L026,P02,P02_L026_T006_A02,P02_L026_T006,1,8,28,0.0012079859154930036,False,True
P02_L026,P02,P02_L026_T006_A02,P02_L026_T006,2,16,50,0.033270718309859205,False,True
P02_L026,P02,P02_L026_T006_A02,P02_L026_T006,3,23,65,0.0082448309859155,True,True
P02_L026,P02,P02_L026_T006_A02,P02_L026_T006,4,27,82,0.018887816901408474,True,True
P02_L026,P02,P02_L026_T006_A02,P02_L026_T006,5,29,94,0.009402464788732445,True,True
P02_L026,P02,P02_L026_T006_A02,P02_L026_T006,6,33,105,0.021539802816901453,True,True
P02_L026,P02,P02_L026_T006_A02,P02_L026_T006,7,36,108,0.010722633802816902,True,True
P02_L026,P02,P02_L026_T006_A02,P02_L026_T006,8,40,112,0.02456414084507043,True,True
P02_L026,P02,P02_L026_T006_A02,P02_L026_T006,9,41,113,0.01222816901408454,True,True
P02_L026,P02,P02_L026_T006_A02,P02_L026_T006,10,45,117,0.02801311267605633,True,True
P02_L026,P02,P02_L026_T006_A03,P02_L026_T006,1,7,27,0.0027673239436620343,False,True
P02_L026,P02,P02_L026_T006_A03,P02_L026_T006,2,11,33,0.006339577464788783,False,True
P02_L026,P02,P02_L026_T006_A03,P02_L026_T006,3,12,35,0.0031558732394366203,True,True
P02_L026,P02,P02_L026_T006_A03,P02_L026_T006,4,16,53,0.007229690140845088,True,True
P02_L026,P02,P02_L026_T006_A03,P02_L026_T006,5,17,54,0.0035989859154929482,True,True
P02_L026,P02,P02_L026_T006_A03,P02_L026_T006,6,21,71,0.00824480281690143,True,True
P02_L026,P02,P02_L026_T006_A03,P02_L026_T006,7,24,79,0.004104309859154925,True,True
P02_L026,P02,P02_L026_T006_A03,P02_L026_T006,8,28,90,0.009402436619718376,True,True
P02_L026,P02,P02_L026_T006_A03,P02_L026_T006,9,32,95,0.004680591549295797,True,True
P02_L026,P02,P02_L026_T006_A03,P02_L026_T006,10,36,102,0.010722619718309866,True,True
P02_L026,P02,P02_L026_T007_A01,P02_L026_T007,1,6,15,0.006339577464788783,False,True
P02_L026,P02,P02_L026_T007_A01,P02_L026_T007,2,10,35,0.014523126760563403,False,True
P02_L026,P02,P02_L026_T007_A01,P02_L026_T007,3,12,43,0.007229704225352122,False,True
P02_L026,P02,P02_L026_T007_A01,P02_L026_T007,4,16,50,0.016562295774647903,True,True
P02_L026,P02,P02_L026_T007_A01,P02_L026_T007,5,17,52,0.00824480281690143,True,True
P02_L026,P02,P02_L026_T007_A01,P02_L026_T007,6,21,61,0.0188877464788733,True,True
P02_L026,P02,P02_L026_T007_A01,P02_L026_T007,7,24,71,0.009402436619718376,True,True
P02_L026,P02,P02_L026_T007_A01,P02_L026_T007,8,28,88,0.021539732394366202,True,True
P02_L026,P02,P02_L026_T007_A01,P02_L026_T007,9,37,114,0.0026571690140845374,True,True
P02_L026,P02,P02_L026_T007_A01,P02_L026_T007,10,43,121,0.013945028169014098,True,True
P02_L026,P02,P02_L026_T007_A01,P02_L026_T007,11,45,123,0.006941915492957792,True,True
P02_L026,P02,P02_L026_T007_A02,P02_L026_T007,1,6,16,0.006339577464788783,False,True
P02_L026,P02,P02_L026_T007_A02,P02_L026_T007,2,10,28,0.014523126760563403,False,True
P02_L026,P02,P02_L026_T007_A02,P02_L026_T007,3,15,38,0.0035989859154929482,False,True
P02_L026,P02,P02_L026_T007_A02,P02_L026_T007,4,19,47,0.00824480281690143,True,True
P02_L026,P02,P02_L026_T007_A02,P02_L026_T007,5,21,58,0.004104309859154925,True,True
P02_L026,P02,P02_L026_T007_A02,P02_L026_T007,6,25,67,0.009402436619718376,True,True
P02_L026,P02,P02_L026_T007_A02,P02_L026_T007,7,26,69,0.004680591549295797,True,True
P02_L026,P02,P02_L026_T007_A02,P02_L026_T007,8,30,75,0.010722619718309866,True,True
P02_L026,P02,P02_L026_T007_A02,P02_L026_T007,9,36,89,0.002657183098591572,True,True
P02_L026,P02,P02_L026_T007_A02,P02_L026_T007,10,40,104,0.0060872535211267875,True,True
P02_L026,P02,P02_L026_T007_A02,P02_L026_T007,11,41,105,0.0030302676056338505,True,True
P02_L026,P02,P02_L026_T007_A03,P02_L026_T007,1,7,23,0.0027673239436620343,False,True
P02_L026,P02,P02_L026_T007_A03,P02_L026_T007,2,11,31,0.006339577464788783,False,True
P02_L026,P02,P02_L026_T007_A03,P02_L026_T007,3,13,37,0.0031558732394366203,True,True
P02_L026,P02,P02_L026_T007_A03,P02_L026_T007,4,17,55,0.007229690140845088,True,True
P02_L026,P02,P02_L026_T007_A03,P02_L026_T007,5,21,80,0.0035989859154929482,True,True
P02_L026,P02,P02_L026_T007_A03,P02_L026_T007,6,25,86,0.00824480281690143,True,True
P02_L026,P02,P02_L026_T007_A03,P02_L026_T007,7,26,91,0.004104309859154925,True,True
P02_L026,P02,P02_L026_T007_A03,P02_L026_T007,8,30,97,0.009402436619718376,True,True
P02_L026,P02,P02_L026_T007_A03,P02_L026_T007,9,31,100,0.004680591549295797,True,True
P02_L026,P02,P02_L026_T007_A03,P02_L026_T007,10,35,111,0.010722619718309866,True,True
P02_L026,P02,P02_L026_T008_A01,P02_L026_T008,1,7,22,0.0027673239436620343,False,True
P02_L026,P02,P02_L026_T008_A01,P02_L026_T008,2,11,33,0.006339577464788783,False,True
P02_L026,P02,P02_L026_T008_A01,P02_L026_T008,3,12,34,0.0031558732394366203,True,True
P02_L026,P02,P02_L026_T008_A01,P02_L026_T008,4,16,46,0.007229690140845088,True,True
P02_L026,P02,P02_L026_T008_A01,P02_L026_T008,5,18,49,0.0035989859154929482,True,True
P02_L026,P02,P02_L026_T008_A01,P02_L026_T008,6,22,61,0.00824480281690143,True,True
P02_L026,P02,P02_L026_T008_A01,P02_L026_T008,7,23,64,0.004104309859154925,True,True
P02_L026,P02,P02_L026_T008_A01,P02_L026_T008,8,27,78,0.009402436619718376,True,True
P02_L026,P02,P02_L026_T008_A01,P02_L026_T008,9,29,81,0.004680591549295797,True,True
P02_L026,P02,P02_L026_T008_A01,P02_L026_T008,10,33,90,0.010722619718309866,True,True
P02_L026,P02,P02_L026_T008_A02,P02_L026_T008,1,7,15,0.0027673239436620343,False,True
P02_L026,P02,P02_L026_T008_A02,P02_L026_T008,2,11,32,0.006339577464788783,False,True
P02_L026,P02,P02_L026_T008_A02,P02_L026_T008,3,15,50,0.0031558732394366203,True,True
P02_L026,P02,P02_L026_T008_A02,P02_L026_T008,4,19,59,0.007229690140845088,True,True
P02_L026,P02,P02_L026_T008_A02,P02_L026_T008,5,22,67,0.0035989859154929482,True,True
P02_L026,P02,P02_L026_T008_A02,P02_L026_T008,6,26,77,0.00824480281690143,True,True
P02_L026,P02,P02_L026_T008_A02,P02_L026_T008,7,28,82,0.004104309859154925,True,True
P02_L026,P02,P02_L026_T008_A02,P02_L026_T008,8,32,92,0.009402436619718376,True,True
P02_L026,P02,P02_L026_T008_A02,P02_L026_T008,9,33,97,0.004680591549295797,True,True
P02_L026,P02,P02_L026_T008_A02,P02_L026_T008,10,37,107,0.010722619718309866,True,True
P02_L026,P02,P02_L026_T008_A03,P02_L026_T008,1,7,21,0.0027673239436620343,False,True
P02_L026,P02,P02_L026_T008_A03,P02_L026_T008,2,11,30,0.006339577464788783,False,True
P02_L026,P02,P02_L026_T008_A03,P02_L026_T008,3,12,36,0.0031558732394366203,True,True
P02_L026,P02,P02_L026_T008_A03,P02_L026_T008,4,17,48,0.016562267605633833,True,True
P02_L026,P02,P02_L026_T008_A03,P02_L026_T008,5,18,52,0.008244788732394395,True,True
P02_L026,P02,P02_L026_T008_A03,P02_L026_T008,6,22,69,0.01888771830985915,True,True
P02_L026,P02,P02_L026_T008_A03,P02_L026_T008,7,23,72,0.009402422535211263,True,True
P02_L026,P02,P02_L026_T008_A03,P02_L026_T008,8,27,88,0.02153970422535213,True,True
P02_L026,P02,P02_L026_T008_A03,P02_L026_T008,9,30,96,0.010722591549295796,True,True
P02_L026,P02,P02_L026_T008_A03,P02_L026_T008,10,34,101,0.024564042253521184,True,True
P02_L049,P02,P02_L049_T001_A01,P02_L049_T001,1,18,76,0.0007483770491802714,False,True
P02_L049,P02,P02_L049_T001_A01,P02_L049_T001,2,22,110,0.0017144262295081731,False,True
P02_L049,P02,P02_L049_T001_A01,P02_L049_T001,3,24,131,0.0008534590163934049,False,True
P02_L049,P02,P02_L049_T001_A01,P02_L049_T001,4,28,138,0.001955163934426167,True,True
P02_L049,P02,P02_L049_T001_A01,P02_L049_T001,5,35,184,0.00048450819672127504,True,True
P02_L049,P02,P02_L049_T001_A01,P02_L049_T001,6,41,192,0.002542754098360627,True,True
P02_L049,P02,P02_L049_T001_A01,P02_L049_T001,7,46,199,0.0006301311475409212,True,True
P02_L049,P02,P02_L049_T001_A01,P02_L049_T001,8,53,206,0.0033069672131147056,True,True
P02_L049,P02,P02_L049_T001_A01,P02_L049_T001,9,60,213,0.0008195081967213075,True,True
P02_L049,P02,P02_L049_T001_A01,P02_L049_T001,10,64,217,0.001877377049180349,True,True
P02_L049,P02,P02_L049_T001_A01,P02_L049_T001,11,66,219,0.0009345737704917501,True,True
P02_L049,P02,P02_L049_T001_A02,P02_L049_T001,1,16,62,0.0007483770491802714,False,True
P02_L049,P02,P02_L049_T001_A02,P02_L049_T001,2,23,81,0.003927524590163949,False,True
P02_L049,P02,P02_L049_T001_A02,P02_L049_T001,3,30,106,0.0009732786885245488,True,True
P02_L049,P02,P02_L049_T001_A02,P02_L049_T001,4,34,123,0.002229655737704886,True,True
P02_L049,P02,P02_L049_T001_A02,P02_L049_T001,5,36,126,0.00110993442622952,True,True
P02_L049,P02,P02_L049_T001_A02,P02_L049_T001,6,40,142,0.002542704918032784,True,True
P02_L049,P02,P02_L049_T001_A02,P02_L049_T001,7,44,160,0.0012657704918032579,True,True
P02_L049,P02,P02_L049_T001_A02,P02_L049_T001,8,51,172,0.00664283606557375,True,True
P02_L049,P02,P02_L049_T001_A02,P02_L049_T001,9,53,177,0.0033068360655737913,True,True
P02_L049,P02,P02_L049_T001_A02,P02_L049_T001,10,57,190,0.007575524590163943,True,True
P02_L049,P02,P02_L049_T001_A03,P02_L049_T001,1,12,42,0.0015033442622950494,False,True
P02_L049,P02,P02_L049_T001_A03,P02_L049_T001,2,16,52,0.0034439672131147594,False,True
P02_L049,P02,P02_L049_T001_A03,P02_L049_T001,3,17,54,0.0017144262295081731,True,True
P02_L049,P02,P02_L049_T001_A03,P02_L049_T001,4,21,79,0.003927524590163949,True,True
P02_L049,P02,P02_L049_T001_A03,P02_L049_T001,5,26,100,0.0009732786885245488,True,True
P02_L049,P02,P02_L049_T001_A03,P02_L049_T001,6,30,112,0.002229655737704886,True,True
P02_L049,P02,P02_L049_T001_A03,P02_L049_T001,7,32,118,0.00110993442622952,True,True
P02_L049,P02,P02_L049_T001_A03,P02_L049_T001,8,37,127,0.005825000000000013,True,True
P02_L049,P02,P02_L049_T001_A03,P02_L049_T001,9,42,144,0.001443491803278673,True,True
P02_L049,P02,P02_L049_T001_A03,P02_L049_T001,10,46,171,0.0033068524590164055,True,True
P02_L049,P02,P02_L049_T001_A04,P02_L049_T001,1,13,56,0.0015033442622950494,False,True
P02_L049,P02,P02_L049_T001_A04,P02_L049_T001,2,17,72,0.0034439672131147594,False,True
P02_L049,P02,P02_L049_T001_A04,P02_L049_T001,3,22,91,0.0008534590163934049,True,True
P02_L049,P02,P02_L049_T001_A04,P02_L049_T001,4,26,101,0.001955163934426167,True,True
P02_L049,P02,P02_L049_T001_A04,P02_L049_T001,5,27,103,0.0009732950819671632,True,True
P02_L049,P02,P02_L049_T001_A04,P02_L049_T001,6,31,124,0.002229688524590115,True,True
P02_L049,P02,P02_L049_T001_A04,P02_L049_T001,7,34,141,0.0011099508196721342,True,True
P02_L049,P02,P02_L049_T001_A04,P02_L049_T001,8,38,154,0.002542754098360627,True,True
P02_L049,P02,P02_L049_T001_A04,P02_L049_T001,9,41,159,0.0012658032786884864,True,True
P02_L049,P02,P02_L049_T001_A04,P02_L049_T001,10,46,180,0.0066430327868852125,True,True
P02_L049,P02,P02_L049_T002_A01,P02_L049_T002,1,18,80,0.0007483770491802714,False,True
P02_L049,P02,P02_L049_T002_A01,P02_L049_T002,2,22,96,0.0017144262295081731,False,True
P02_L049,P02,P02_L049_T002_A01,P02_L049_T002,3,25,101,0.0008534590163934049,True,True
P02_L049,P02,P02_L049_T002_A01,P02_L049_T002,4,29,117,0.001955163934426167,True,True
P02_L049,P02,P02_L049_T002_A01,P02_L049_T002,5,30,121,0.0009732950819671632,True,True
P02_L049,P02,P02_L049_T002_A01,P02_L049_T002,6,34,145,0.002229688524590115,True,True
P02_L049,P02,P02_L049_T002_A01,P02_L049_T002,7,36,151,0.0011099508196721342,True,True
P02_L049,P02,P02_L049_T002_A01,P02_L049_T002,8,40,185,0.002542754098360627,True,True
P02_L049,P02,P02_L049_T002_A01,P02_L049_T002,9,46,204,0.0006301311475409212,True,True
P02_L049,P02,P02_L049_T002_A01,P02_L049_T002,10,50,213,0.001443540983606516,True,True
P02_L049,P02,P02_L049_T002_A02,P02_L049_T002,1,6,19,0.015848934426229474,False,True
P02_L049,P02,P02_L049_T002_A02,P02_L049_T002,2,10,35,0.03630780327868846,False,True
P02_L049,P02,P02_L049_T002_A02,P02_L049_T002,3,21,74,0.004478983606557333,True,True
P02_L049,P02,P02_L049_T002_A02,P02_L049_T002,4,25,92,0.010260754098360627,True,True
P02_L049,P02,P02_L049_T002_A02,P02_L049_T002,5,33,115,0.0025427213114753984,True,True
P02_L049,P02,P02_L049_T002_A02,P02_L049_T002,6,41,159,0.013344377049180327,True,True
P02_L049,P02,P02_L049_T002_A02,P02_L049_T002,7,50,186,0.0016461803278688047,True,True
P02_L049,P02,P02_L049_T002_A02,P02_L049_T002,8,54,196,0.0037711803278688027,True,True
P02_L049,P02,P02_L049_T002_A02,P02_L049_T002,9,57,205,0.0018773114754098007,True,True
P02_L049,P02,P02_L049_T002_A02,P02_L049_T002,10,62,215,0.009852278688524528,True,True
P02_L049,P02,P02_L049_T002_A03,P02_L049_T002,1,12,55,0.0015033442622950494,False,True
P02_L049,P02,P02_L049_T002_A03,P02_L049_T002,2,16,67,0.0034439672131147594,False,True
P02_L049,P02,P02_L049_T002_A03,P02_L049_T002,3,18,85,0.0017144262295081731,True,True
P02_L049,P02,P02_L049_T002_A03,P02_L049_T002,4,22,106,0.003927524590163949,True,True
P02_L049,P02,P02_L049_T002_A03,P02_L049_T002,5,27,136,0.0009732786885245488,True,True
P02_L049,P02,P02_L049_T002_A03,P02_L049_T002,6,31,156,0.002229655737704886,True,True
P02_L049,P02,P02_L049_T002_A03,P02_L049_T002,7,32,158,0.00110993442622952,True,True
P02_L049,P02,P02_L049_T002_A03,P02_L049_T002,8,36,181,0.002542704918032784,True,True
P02_L049,P02,P02_L049_T002_A03,P02_L049_T002,9,38,187,0.0012657704918032579,True,True
P02_L049,P02,P02_L049_T002_A03,P02_L049_T002,10,42,200,0.002899704918032794,True,True
P02_L049,P02,P02_L049_T002_A04,P02_L049_T002,1,19,69,0.0007483770491802714,False,True
P02_L049,P02,P02_L049_T002_A04,P02_L049_T002,2,23,76,0.0017144262295081731,False,True
P02_L049,P02,P02_L049_T002_A04,P02_L049_T002,3,29,102,0.0004248524590163615,True,True
P02_L049,P02,P02_L049_T002_A04,P02_L049_T002,4,33,118,0.0009732786885245488,True,True
P02_L049,P02,P02_L049_T002_A04,P02_L049_T002,5,34,122,0.00048450819672127504,True,True
P02_L049,P02,P02_L049_T002_A04,P02_L049_T002,6,41,137,0.002542754098360627,True,True
P02_L049,P02,P02_L049_T002_A04,P02_L049_T002,7,46,150,0.0006301311475409212,True,True
P02_L049,P02,P02_L049_T002_A04,P02_L049_T002,8,50,157,0.001443540983606516,True,True
P02_L049,P02,P02_L049_T002_A04,P02_L049_T002,9,52,163,0.0007186065573770103,True,True
P02_L049,P02,P02_L049_T002_A04,P02_L049_T002,10,58,179,0.0037712950819671943,True,True
P02_L049,P02,P02_L049_T003_A01,P02_L049_T003,1,7,16,0.006918311475409783,False,True
P02_L049,P02,P02_L049_T003_A01,P02_L049_T003,2,11,52,0.015848934426229474,False,True
P02_L049,P02,P02_L049_T003_A01,P02_L049_T003,3,12,53,0.00788968852459016,True,True
P02_L049,P02,P02_L049_T003_A01,P02_L049_T003,4,16,64,0.018074229508196673,True,True
P02_L049,P02,P02_L049_T003_A01,P02_L049_T003,5,20,74,0.008997459016393407,True,True
P02_L049,P02,P02_L049_T003_A01,P02_L049_T003,6,24,97,0.020611983606557385,True,True
P02_L049,P02,P02_L049_T003_A01,P02_L049_T003,7,25,100,0.010260770491803243,True,True
P02_L049,P02,P02_L049_T003_A01,P02_L049_T003,8,29,118,0.02350606557377046,True,True
P02_L049,P02,P02_L049_T003_A01,P02_L049_T003,9,36,139,0.005825049180327856,True,True
P02_L049,P02,P02_L049_T003_A01,P02_L049_T003,10,41,163,0.030570278688524608,True,True
P02_L049,P02,P02_L049_T003_A02,P02_L049_T003,1,16,49,0.0007483770491802714,False,True
P02_L049,P02,P02_L049_T003_A02,P02_L049_T003,2,24,76,0.003927524590163949,False,True
P02_L049,P02,P02_L049_T003_A02,P02_L049_T003,3,29,91,0.0009732786885245488,True,True
P02_L049,P02,P02_L049_T003_A02,P02_L049_T003,4,33,105,0.002229655737704886,True,True
P02_L049,P02,P02_L049_T003_A02,P02_L049_T003,5,41,132,0.0005525245901639519,True,True
P02_L049,P02,P02_L049_T003_A02,P02_L049_T003,6,48,161,0.0028996721311474742,True,True
P02_L049,P02,P02_L049_T003_A02,P02_L049_T003,7,50,167,0.0014434754098360586,True,True
P02_L049,P02,P02_L049_T003_A02,P02_L049_T003,8,55,186,0.00757544262295078,True,True
P02_L049,P02,P02_L049_T003_A02,P02_L049_T003,9,64,203,0.0009345245901639072,True,True
P02_L049,P02,P02_L049_T003_A02,P02_L049_T003,10,68,210,0.002140868852459034,True,True
P02_L049,P02,P02_L049_T003_A03,P02_L049_T003,1,19,68,0.0007483770491802714,False,True
P02_L049,P02,P02_L049_T003_A03,P02_L049_T003,2,23,92,0.0017144262295081731,False,True
P02_L049,P02,P02_L049_T003_A03,P02_L049_T003,3,29,111,0.0004248524590163615,True,True
P02_L049,P02,P02_L049_T003_A03,P02_L049_T003,4,38,149,0.005107852459016405,True,True
P02_L049,P02,P02_L049_T003_A03,P02_L049_T003,5,49,192,0.000630114754098307,True,True
P02_L049,P02,P02_L049_T003_A03,P02_L049_T003,6,53,204,0.0014435081967212873,True,True
P02_L049,P02,P02_L049_T003_A03,P02_L049_T003,7,54,207,0.000718590163934396,True,True
P02_L049,P02,P02_L049_T003_A03,P02_L049_T003,8,62,218,0.0037712131147540316,True,True
P02_L049,P02,P02_L049_T003_A03,P02_L049_T003,9,71,227,0.0004652131147541168,True,True
P02_L049,P02,P02_L049_T003_A03,P02_L049_T003,10,77,233,0.002441459016393404,True,True
P02_L049,P02,P02_L049_T003_A04,P02_L049_T003,1,17,89,0.0007483770491802714,False,True
P02_L049,P02,P02_L049_T003_A04,P02_L049_T003,2,21,107,0.0017144262295081731,False,True
P02_L049,P02,P02_L049_T003_A04,P02_L049_T003,3,22,108,0.0008534590163934049,True,True
P02_L049,P02,P02_L049_T003_A04,P02_L049_T003,4,26,137,0.001955163934426167,True,True
P02_L049,P02,P02_L049_T003_A04,P02_L049_T003,5,29,151,0.0009732950819671632,True,True
P02_L049,P02,P02_L049_T003_A04,P02_L049_T003,6,33,159,0.002229688524590115,True,True
P02_L049,P02,P02_L049_T003_A04,P02_L049_T003,7,34,166,0.0011099508196721342,True,True
P02_L049,P02,P02_L049_T003_A04,P02_L049_T003,8,38,178,0.002542754098360627,True,True
P02_L049,P02,P02_L049_T003_A04,P02_L049_T003,9,39,181,0.0012658032786884864,True,True
P02_L049,P02,P02_L049_T003_A04,P02_L049_T003,10,43,189,0.0028997868852458654,True,True
P02_L049,P02,P02_L049_T004_A01,P02_L049_T004,1,16,50,0.0007483770491802714,False,True
P02_L049,P02,P02_L049_T004_A01,P02_L049_T004,2,20,65,0.0017144262295081731,False,True
P02_L049,P02,P02_L049_T004_A01,P02_L049_T004,3,21,67,0.0008534590163934049,True,True
P02_L049,P02,P02_L049_T004_A01,P02_L049_T004,4,25,79,0.001955163934426167,True,True
P02_L049,P02,P02_L049_T004_A01,P02_L049_T004,5,29,102,0.0009732950819671632,True,True
P02_L049,P02,P02_L049_T004_A01,P02_L049_T004,6,33,120,0.002229688524590115,True,True
P02_L049,P02,P02_L049_T004_A01,P02_L049_T004,7,39,138,0.0005525409836065662,True,True
P02_L049,P02,P02_L049_T004_A01,P02_L049_T004,8,43,145,0.0012658032786884864,True,True
P02_L049,P02,P02_L049_T004_A01,P02_L049_T004,9,46,148,0.0006301311475409212,True,True
P02_L049,P02,P02_L049_T004_A01,P02_L049_T004,10,50,154,0.001443540983606516,True,True
P02_L049,P02,P02_L049_T004_A02,P02_L049_T004,1,12,37,0.0015033442622950494,False,True
P02_L049,P02,P02_L049_T004_A02,P02_L049_T004,2,16,53,0.0034439672131147594,False,True
P02_L049,P02,P02_L049_T004_A02,P02_L049_T004,3,21,71,0.0008534590163934049,True,True
P02_L049,P02,P02_L049_T004_A02,P02_L049_T004,4,25,88,0.001955163934426167,True,True
P02_L049,P02,P02_L049_T004_A02,P02_L049_T004,5,27,101,0.0009732950819671632,True,True
P02_L049,P02,P02_L049_T004_A02,P02_L049_T004,6,35,144,0.005107918032786863,True,True
P02_L049,P02,P02_L049_T004_A02,P02_L049_T004,7,40,163,0.0012658032786884864,True,True
P02_L049,P02,P02_L049_T004_A02,P02_L049_T004,8,44,171,0.0028997868852458654,True,True
P02_L049,P02,P02_L049_T004_A02,P02_L049_T004,9,50,183,0.000718590163934396,True,True
P02_L049,P02,P02_L049_T004_A02,P02_L049_T004,10,56,195,0.0037712131147540316,True,True
P02_L049,P02,P02_L049_T004_A03,P02_L049_T004,1,16,86,0.0007483770491802714,False,True
P02_L049,P02,P02_L049_T004_A03,P02_L049_T004,2,20,98,0.0017144262295081731,False,True
P02_L049,P02,P02_L049_T004_A03,P02_L049_T004,3,21,99,0.0008534590163934049,True,True
P02_L049,P02,P02_L049_T004_A03,P02_L049_T004,4,25,122,0.001955163934426167,True,True
P02_L049,P02,P02_L049_T004_A03,P02_L049_T004,5,27,131,0.0009732950819671632,True,True
P02_L049,P02,P02_L049_T004_A03,P02_L049_T004,6,31,157,0.002229688524590115,True,True
P02_L049,P02,P02_L049_T004_A03,P02_L049_T004,7,36,167,0.0005525409836065662,True,True
P02_L049,P02,P02_L049_T004_A03,P02_L049_T004,8,41,177,0.0028997868852458654,True,True
P02_L049,P02,P02_L049_T004_A03,P02_L049_T004,9,46,187,0.000718590163934396,True,True
P02_L049,P02,P02_L049_T004_A03,P02_L049_T004,10,56,202,0.008639344262295076,True,True
P02_L049,P02,P02_L049_T004_A04,P02_L049_T004,1,7,34,0.006918311475409783,False,True
P02_L049,P02,P02_L049_T004_A04,P02_L049_T004,2,11,49,0.015848934426229474,False,True
P02_L049,P02,P02_L049_T004_A04,P02_L049_T004,3,14,56,0.00788968852459016,True,True
P02_L049,P02,P02_L049_T004_A04,P02_L049_T004,4,18,81,0.018074229508196673,True,True
P02_L049,P02,P02_L049_T004_A04,P02_L049_T004,5,19,85,0.008997459016393407,True,True
P02_L049,P02,P02_L049_T004_A04,P02_L049_T004,6,23,95,0.020611983606557385,True,True
P02_L049,P02,P02_L049_T004_A04,P02_L049_T004,7,26,104,0.010260770491803243,True,True
P02_L049,P02,P02_L049_T004_A04,P02_L049_T004,8,30,113,0.02350606557377046,True,True
P02_L049,P02,P02_L049_T004_A04,P02_L049_T004,9,33,118,0.01170145901639341,True,True
P02_L049,P02,P02_L049_T004_A04,P02_L049_T004,10,37,136,0.02680649180327869,True,True
P02_L049,P02,P02_L049_T005_A01,P02_L049_T005,1,17,47,0.0007483770491802714,False,True
P02_L049,P02,P02_L049_T005_A01,P02_L049_T005,2,21,69,0.0017144262295081731,False,True
P02_L049,P02,P02_L049_T005_A01,P02_L049_T005,3,23,73,0.0008534590163934049,True,True
P02_L049,P02,P02_L049_T005_A01,P02_L049_T005,4,27,96,0.001955163934426167,True,True
P02_L049,P02,P02_L049_T005_A01,P02_L049_T005,5,28,97,0.0009732950819671632,True,True
P02_L049,P02,P02_L049_T005_A01,P02_L049_T005,6,32,109,0.002229688524590115,True,True
P02_L049,P02,P02_L049_T005_A01,P02_L049_T005,7,33,115,0.0011099508196721342,True,True
P02_L049,P02,P02_L049_T005_A01,P02_L049_T005,8,37,121,0.002542754098360627,True,True
P02_L049,P02,P02_L049_T005_A01,P02_L049_T005,9,44,144,0.0006301311475409212,True,True
P02_L049,P02,P02_L049_T005_A01,P02_L049_T005,10,52,175,0.0033069672131147056,True,True
P02_L049,P02,P02_L049_T005_A02,P02_L049_T005,1,12,55,0.0015033442622950494,False,True
P02_L049,P02,P02_L049_T005_A02,P02_L049_T005,2,16,77,0.0034439672131147594,False,True
P02_L049,P02,P02_L049_T005_A02,P02_L049_T005,3,21,88,0.0008534590163934049,False,True
P02_L049,P02,P02_L049_T005_A02,P02_L049_T005,4,26,105,0.004479016393442561,True,True
P02_L049,P02,P02_L049_T005_A02,P02_L049_T005,5,29,122,0.002229688524590115,True,True
P02_L049,P02,P02_L049_T005_A02,P02_L049_T005,6,35,137,0.011701557377049187,True,True
P02_L049,P02,P02_L049_T005_A02,P02_L049_T005,7,47,177,0.0014435245901639015,True,True
P02_L049,P02,P02_L049_T005_A02,P02_L049_T005,8,54,198,0.0173549344262295,True,True
P02_L049,P02,P02_L049_T005_A02,P02_L049_T005,9,61,213,0.004300737704917987,True,True
P02_L049,P02,P02_L049_T005_A02,P02_L049_T005,10,65,221,0.009852426229508148,True,True
P02_L049,P02,P02_L049_T005_A02,P02_L049_T005,11,66,222,0.004904590163934408,True,True
P02_L049,P02,P02_L049_T005_A03,P02_L049_T005,1,18,60,0.0007483770491802714,False,True
P02_L049,P02,P02_L049_T005_A03,P02_L049_T005,2,22,70,0.0017144262295081731,False,True
P02_L049,P02,P02_L049_T005_A03,P02_L049_T005,3,23,76,0.0008534590163934049,True,True
P02_L049,P02,P02_L049_T005_A03,P02_L049_T005,4,27,103,0.001955163934426167,True,True
P02_L049,P02,P02_L049_T005_A03,P02_L049_T005,5,28,104,0.0009732950819671632,True,True
P02_L049,P02,P02_L049_T005_A03,P02_L049_T005,6,32,113,0.002229688524590115,True,True
P02_L049,P02,P02_L049_T005_A03,P02_L049_T005,7,33,114,0.0011099508196721342,True,True
P02_L049,P02,P02_L049_T005_A03,P02_L049_T005,8,37,131,0.002542754098360627,True,True
P02_L049,P02,P02_L049_T005_A03,P02_L049_T005,9,45,183,0.0006301311475409212,True,True
P02_L049,P02,P02_L049_T005_A03,P02_L049_T005,10,49,195,0.001443540983606516,True,True
P02_L049,P02,P02_L049_T005_A04,P02_L049_T005,1,12,64,0.0015033442622950494,False,True
P02_L049,P02,P02_L049_T005_A04,P02_L049_T005,2,16,82,0.0034439672131147594,False,True
P02_L049,P02,P02_L049_T005_A04,P02_L049_T005,3,20,95,0.0017144262295081731,False,True
P02_L049,P02,P02_L049_T005_A04,P02_L049_T005,4,25,140,0.008997442622950793,True,True
P02_L049,P02,P02_L049_T005_A04,P02_L049_T005,5,37,181,0.0011099508196721342,True,True
P02_L049,P02,P02_L049_T005_A04,P02_L049_T005,6,41,196,0.002542754098360627,True,True
P02_L049,P02,P02_L049_T005_A04,P02_L049_T005,7,43,203,0.0012658032786884864,True,True
P02_L049,P02,P02_L049_T005_A04,P02_L049_T005,8,50,214,0.0066430327868852125,True,True
P02_L049,P02,P02_L049_T005_A04,P02_L049_T005,9,57,227,0.0016462131147540334,True,True
P02_L049,P02,P02_L049_T005_A04,P02_L049_T005,10,61,231,0.0037712622950819654,True,True
P02_L049,P02,P02_L049_T005_A04,P02_L049_T005,11,62,232,0.0018773606557376437,True,True
P02_L049,P02,P02_L049_T006_A01,P02_L049_T006,1,10,48,0.0013182622950819816,False,True
P02_L049,P02,P02_L049_T006_A01,P02_L049_T006,2,14,70,0.0030199672131147066,False,True
P02_L049,P02,P02_L049_T006_A01,P02_L049_T006,3,18,96,0.0015033606557376636,True,True
P02_L049,P02,P02_L049_T006_A01,P02_L049_T006,4,22,120,0.0034439999999999883,True,True
P02_L049,P02,P02_L049_T006_A01,P02_L049_T006,5,27,149,0.0008534590163934049,True,True
P02_L049,P02,P02_L049_T006_A01,P02_L049_T006,6,31,156,0.001955163934426167,True,True
P02_L049,P02,P02_L049_T006_A01,P02_L049_T006,7,34,162,0.0009732950819671632,True,True
P02_L049,P02,P02_L049_T006_A01,P02_L049_T006,8,41,183,0.005107918032786863,True,True
P02_L049,P02,P02_L049_T006_A01,P02_L049_T006,9,47,189,0.0012658032786884864,True,True
P02_L049,P02,P02_L049_T006_A01,P02_L049_T006,10,51,193,0.0028997868852458654,True,True
P02_L049,P02,P02_L049_T006_A02,P02_L049_T006,1,9,18,0.0013182622950819816,False,True
P02_L049,P02,P02_L049_T006_A02,P02_L049_T006,2,13,29,0.0030199672131147066,False,True
P02_L049,P02,P02_L049_T006_A02,P02_L049_T006,3,15,33,0.0015033606557376636,True,True
P02_L049,P02,P02_L049_T006_A02,P02_L049_T006,4,19,54,0.0034439999999999883,True,True
P02_L049,P02,P02_L049_T006_A02,P02_L049_T006,5,22,71,0.0017144426229507876,True,True
P02_L049,P02,P02_L049_T006_A02,P02_L049_T006,6,26,80,0.003927557377049177,True,True
P02_L049,P02,P02_L049_T006_A02,P02_L049_T006,7,29,100,0.001955163934426167,True,True
P02_L049,P02,P02_L049_T006_A02,P02_L049_T006,8,33,115,0.004479016393442561,True,True
P02_L049,P02,P02_L049_T006_A02,P02_L049_T006,9,38,127,0.0011099508196721342,True,True
P02_L049,P02,P02_L049_T006_A02,P02_L049_T006,10,42,140,0.002542754098360627,True,True
P02_L049,P02,P02_L049_T006_A03,P02_L049_T006,1,11,55,0.0013182622950819816,False,True
P02_L049,P02,P02_L049_T006_A03,P02_L049_T006,2,15,74,0.0030199672131147066,False,True
P02_L049,P02,P02_L049_T006_A03,P02_L049_T006,3,20,83,0.0007483770491802714,True,True
P02_L049,P02,P02_L049_T006_A03,P02_L049_T006,4,25,92,0.003927524590163949,True,True
P02_L049,P02,P02_L049_T006_A03,P02_L049_T006,5,27,98,0.0019551475409835526,True,True
P02_L049,P02,P02_L049_T006_A03,P02_L049_T006,6,31,108,0.004478983606557333,True,True
P02_L049,P02,P02_L049_T006_A03,P02_L049_T006,7,33,113,0.0022296721311475002,True,True
P02_L049,P02,P02_L049_T006_A03,P02_L049_T006,8,37,130,0.005107885245901634,True,True
P02_L049,P02,P02_L049_T006_A03,P02_L049_T006,9,39,134,0.0025427377049180126,True,True
P02_L049,P02,P02_L049_T006_A03,P02_L049_T006,10,46,166,0.013344491803278628,True,True
P02_L049,P02,P02_L049_T006_A04,P02_L049_T006,1,17,60,0.00032668852459011207,False,True
P02_L049,P02,P02_L049_T006_A04,P02_L049_T006,2,22,85,0.001714475409836016,False,True
P02_L049,P02,P02_L049_T006_A04,P02_L049_T006,3,25,95,0.0008534754098360191,True,True
P02_L049,P02,P02_L049_T006_A04,P02_L049_T006,4,29,123,0.0019551967213114864,True,True
P02_L049,P02,P02_L049_T006_A04,P02_L049_T006,5,30,125,0.0009733114754097776,True,True
P02_L049,P02,P02_L049_T006_A04,P02_L049_T006,6,34,137,0.0022297213114753434,True,True
P02_L049,P02,P02_L049_T006_A04,P02_L049_T006,7,39,151,0.0005525409836065662,True,True
P02_L049,P02,P02_L049_T006_A04,P02_L049_T006,8,43,167,0.0012658032786884864,True,True
P02_L049,P02,P02_L049_T006_A04,P02_L049_T006,9,45,169,0.0006301311475409212,True,True
P02_L049,P02,P02_L049_T006_A04,P02_L049_T006,10,50,178,0.0033069672131147056,True,True
P02_L049,P02,P02_L049_T007_A01,P02_L049_T007,1,8,20,0.0030199508196720923,False,True
P02_L049,P02,P02_L049_T007_A01,P02_L049_T007,2,14,38,0.015848934426229474,False,True
P02_L049,P02,P02_L049_T007_A01,P02_L049_T007,3,15,40,0.00788968852459016,True,True
P02_L049,P02,P02_L049_T007_A01,P02_L049_T007,4,19,48,0.018074229508196673,True,True
P02_L049,P02,P02_L049_T007_A01,P02_L049_T007,5,22,68,0.008997459016393407,True,True
P02_L049,P02,P02_L049_T007_A01,P02_L049_T007,6,26,87,0.020611983606557385,True,True
P02_L049,P02,P02_L049_T007_A01,P02_L049_T007,7,31,112,0.00510786885245902,True,True
P02_L049,P02,P02_L049_T007_A01,P02_L049_T007,8,35,124,0.01170145901639341,True,True
P02_L049,P02,P02_L049_T007_A01,P02_L049_T007,9,36,137,0.005825049180327856,True,True
P02_L049,P02,P02_L049_T007_A01,P02_L049_T007,10,42,169,0.030570278688524608,True,True
P02_L049,P02,P02_L049_T007_A02,P02_L049_T007,1,17,85,0.0007483770491802714,False,True
P02_L049,P02,P02_L049_T007_A02,P02_L049_T007,2,21,98,0.0017144262295081731,False,True
P02_L049,P02,P02_L049_T007_A02,P02_L049_T007,3,23,104,0.0008534590163934049,True,True
P02_L049,P02,P02_L049_T007_A02,P02_L049_T007,4,28,123,0.004479016393442561,True,True
P02_L049,P02,P02_L049_T007_A02,P02_L049_T007,5,31,135,0.002229688524590115,True,True
P02_L049,P02,P02_L049_T007_A02,P02_L049_T007,6,35,140,0.005107918032786863,True,True
P02_L049,P02,P02_L049_T007_A02,P02_L049_T007,7,43,160,0.0012658032786884864,True,True
P02_L049,P02,P02_L049_T007_A02,P02_L049_T007,8,47,172,0.0028997868852458654,True,True
P02_L049,P02,P02_L049_T007_A02,P02_L049_T007,9,53,190,0.000718590163934396,True,True
P02_L049,P02,P02_L049_T007_A02,P02_L049_T007,10,61,207,0.0037712131147540316,True,True
P02_L049,P02,P02_L049_T007_A03,P02_L049_T007,1,17,65,0.0007483770491802714,False,True
P02_L049,P02,P02_L049_T007_A03,P02_L049_T007,2,21,81,0.0017144262295081731,False,True
P02_L049,P02,P02_L049_T007_A03,P02_L049_T007,3,25,96,0.0008534590163934049,True,True
P02_L049,P02,P02_L049_T007_A03,P02_L049_T007,4,29,108,0.001955163934426167,True,True
P02_L049,P02,P02_L049_T007_A03,P02_L049_T007,5,31,111,0.0009732950819671632,True,True
P02_L049,P02,P02_L049_T007_A03,P02_L049_T007,6,35,127,0.002229688524590115,True,True
P02_L049,P02,P02_L049_T007_A03,P02_L049_T007,7,37,132,0.0011099508196721342,True,True
P02_L049,P02,P02_L049_T007_A03,P02_L049_T007,8,41,157,0.002542754098360627,True,True
P02_L049,P02,P02_L049_T007_A03,P02_L049_T007,9,45,163,0.0012658032786884864,True,True
P02_L049,P02,P02_L049_T007_A03,P02_L049_T007,10,49,186,0.0028997868852458654,True,True
P02_L049,P02,P02_L049_T007_A04,P02_L049_T007,1,13,56,0.0015033442622950494,False,True
P02_L049,P02,P02_L049_T007_A04,P02_L049_T007,2,17,64,0.0034439672131147594,False,True
P02_L049,P02,P02_L049_T007_A04,P02_L049_T007,3,22,89,0.0008534590163934049,False,True
P02_L049,P02,P02_L049_T007_A04,P02_L049_T007,4,26,102,0.001955163934426167,True,True
P02_L049,P02,P02_L049_T007_A04,P02_L049_T007,5,31,131,0.00048450819672127504,True,True
P02_L049,P02,P02_L049_T007_A04,P02_L049_T007,6,39,185,0.002542754098360627,True,True
P02_L049,P02,P02_L049_T007_A04,P02_L049_T007,7,44,194,0.0006301311475409212,True,True
P02_L049,P02,P02_L049_T007_A04,P02_L049_T007,8,49,202,0.0033069672131147056,True,True
P02_L049,P02,P02_L049_T007_A04,P02_L049_T007,9,55,213,0.0008195081967213075,True,True
P02_L049,P02,P02_L049_T007_A04,P02_L049_T007,10,59,217,0.001877377049180349,True,True
P02_L049,P02,P02_L049_T007_A04,P02_L049_T007,11,61,219,0.0009345737704917501,True,True
P02_L049,P02,P02_L049_T008_A01,P02_L049_T008,1,16,82,0.0007483770491802714,False,True
P02_L049,P02,P02_L049_T008_A01,P02_L049_T008,2,20,89,0.0017144262295081731,False,True
P02_L049,P02,P02_L049_T008_A01,P02_L049_T008,3,21,93,0.0008534590163934049,True,True
P02_L049,P02,P02_L049_T008_A01,P02_L049_T008,4,29,118,0.004479016393442561,True,True
P02_L049,P02,P02_L049_T008_A01,P02_L049_T008,5,35,158,0.0011099508196721342,True,True
P02_L049,P02,P02_L049_T008_A01,P02_L049_T008,6,39,179,0.002542754098360627,True,True
P02_L049,P02,P02_L049_T008_A01,P02_L049_T008,7,42,192,0.0012658032786884864,True,True
P02_L049,P02,P02_L049_T008_A01,P02_L049_T008,8,47,202,0.0066430327868852125,True,True
P02_L049,P02,P02_L049_T008_A01,P02_L049_T008,9,52,211,0.0016462131147540334,True,True
P02_L049,P02,P02_L049_T008_A01,P02_L049_T008,10,56,216,0.0037712622950819654,True,True
P02_L049,P02,P02_L049_T008_A02,P02_L049_T008,1,17,42,0.0007483770491802714,False,True
P02_L049,P02,P02_L049_T008_A02,P02_L049_T008,2,21,46,0.0017144262295081731,False,True
P02_L049,P02,P02_L049_T008_A02,P02_L049_T008,3,24,62,0.0008534590163934049,True,True
P02_L049,P02,P02_L049_T008_A02,P02_L049_T008,4,28,73,0.001955163934426167,True,True
P02_L049,P02,P02_L049_T008_A02,P02_L049_T008,5,30,77,0.0009732950819671632,True,True
P02_L049,P02,P02_L049_T008_A02,P02_L049_T008,6,34,97,0.002229688524590115,True,True
P02_L049,P02,P02_L049_T008_A02,P02_L049_T008,7,38,111,0.0011099508196721342,True,True
P02_L049,P02,P02_L049_T008_A02,P02_L049_T008,8,42,124,0.002542754098360627,True,True
P02_L049,P02,P02_L049_T008_A02,P02_L049_T008,9,54,190,0.0003136885245901296,True,True
P02_L049,P02,P02_L049_T008_A02,P02_L049_T008,10,59,206,0.0016462622950819674,True,True
P02_L049,P02,P02_L049_T008_A03,P02_L049_T008,1,9,55,0.0030199508196720923,False,True
P02_L049,P02,P02_L049_T008_A03,P02_L049_T008,2,15,78,0.015848934426229474,False,True
P02_L049,P02,P02_L049_T008_A03,P02_L049_T008,3,16,81,0.00788968852459016,True,True
P02_L049,P02,P02_L049_T008_A03,P02_L049_T008,4,20,91,0.018074229508196673,True,True
P02_L049,P02,P02_L049_T008_A03,P02_L049_T008,5,22,98,0.008997459016393407,True,True
P02_L049,P02,P02_L049_T008_A03,P02_L049_T008,6,26,120,0.020611983606557385,True,True
P02_L049,P02,P02_L049_T008_A03,P02_L049_T008,7,32,138,0.00510786885245902,True,True
P02_L049,P02,P02_L049_T008_A03,P02_L049_T008,8,37,146,0.02680649180327869,True,True
P02_L049,P02,P02_L049_T008_A03,P02_L049_T008,9,43,163,0.006642934426229526,True,True
P02_L049,P02,P02_L049_T008_A03,P02_L049_T008,10,47,182,0.015218081967213066,True,True
P02_L049,P02,P02_L049_T008_A04,P02_L049_T008,1,21,96,0.00037254098360657735,False,True
P02_L049,P02,P02_L049_T008_A04,P02_L049_T008,2,27,130,0.0019551311475409384,False,True
P02_L049,P02,P02_L049_T008_A04,P02_L049_T008,3,30,137,0.0009732786885245488,False,True
P02_L049,P02,P02_L049_T008_A04,P02_L049_T008,4,34,154,0.002229655737704886,True,True
P02_L049,P02,P02_L049_T008_A04,P02_L049_T008,5,38,165,0.00110993442622952,True,True
P02_L049,P02,P02_L049_T008_A04,P02_L049_T008,6,43,181,0.005825000000000013,True,True
P02_L049,P02,P02_L049_T008_A04,P02_L049_T008,7,53,219,0.0007185737704917816,True,True
P02_L049,P02,P02_L049_T008_A04,P02_L049_T008,8,57,223,0.0016461639344261905,True,True
P02_L049,P02,P02_L049_T008_A04,P02_L049_T008,9,58,224,0.0008194754098360789,True,True
P02_L049,P02,P02_L049_T008_A04,P02_L049_T008,10,62,228,0.0018773114754098007,True,True
P02_L049,P02,P02_L049_T008_A04,P02_L049_T008,11,63,229,0.0009345409836065215,True,True
P02_L100,P02,P02_L100_T001_A01,P02_L100_T001,1,10,41,0.003019956521739109,False,True
P02_L100,P02,P02_L100_T001_A01,P02_L100_T001,2,15,58,0.015848978260869603,False,True
P02_L100,P02,P02_L100_T001_A01,P02_L100_T001,3,17,62,0.007889717391304387,True,True
P02_L100,P02,P02_L100_T001_A01,P02_L100_T001,4,21,70,0.018074304347825976,True,True
P02_L100,P02,P02_L100_T001_A01,P02_L100_T001,5,26,99,0.004478999999999987,True,True
P02_L100,P02,P02_L100_T001_A01,P02_L100_T001,6,32,120,0.023506152173913036,True,True
P02_L100,P02,P02_L100_T001_A01,P02_L100_T001,7,41,141,0.002899760869565106,True,True
P02_L100,P02,P02_L100_T001_A01,P02_L100_T001,8,45,145,0.006642978260869594,True,True
P02_L100,P02,P02_L100_T001_A01,P02_L100_T001,9,48,160,0.0033069130434782846,True,True
P02_L100,P02,P02_L100_T001_A01,P02_L100_T001,10,52,188,0.007575695652173792,True,True
P02_L100,P02,P02_L100_T001_A02,P02_L100_T001,1,9,17,0.003019956521739109,False,True
P02_L100,P02,P02_L100_T001_A02,P02_L100_T001,2,14,30,0.015848978260869603,False,True
P02_L100,P02,P02_L100_T001_A02,P02_L100_T001,3,19,48,0.003927543478260892,True,True
P02_L100,P02,P02_L100_T001_A02,P02_L100_T001,4,23,69,0.008997478260869517,True,True
P02_L100,P02,P02_L100_T001_A02,P02_L100_T001,5,24,71,0.004478999999999987,True,True
P02_L100,P02,P02_L100_T001_A02,P02_L100_T001,6,28,80,0.010260804347826126,True,True
P02_L100,P02,P02_L100_T001_A02,P02_L100_T001,7,30,83,0.005107891304347808,True,True
P02_L100,P02,P02_L100_T001_A02,P02_L100_T001,8,34,98,0.011701499999999811,True,True
P02_L100,P02,P02_L100_T001_A02,P02_L100_T001,9,36,105,0.005825065217391273,True,True
P02_L100,P02,P02_L100_T001_A02,P02_L100_T001,10,40,125,0.01334445652173917,True,True
P02_L100,P02,P02_L100_T001_A03,P02_L100_T001,1,9,44,0.003019956521739109,False,True
P02_L100,P02,P02_L100_T001_A03,P02_L100_T001,2,13,53,0.0069183260869564315,False,True
P02_L100,P02,P02_L100_T001_A03,P02_L100_T001,3,19,93,0.0017144347826087113,True,True
P02_L100,P02,P02_L100_T001_A03,P02_L100_T001,4,23,104,0.003927543478260892,True,True
P02_L100,P02,P02_L100_T001_A03,P02_L100_T001,5,24,117,0.0019551521739129456,True,True
P02_L100,P02,P02_L100_T001_A03,P02_L100_T001,6,28,147,0.004478999999999987,True,True
P02_L100,P02,P02_L100_T001_A03,P02_L100_T001,7,32,154,0.002229673913043455,True,True
P02_L100,P02,P02_L100_T001_A03,P02_L100_T001,8,37,162,0.011701499999999811,True,True
P02_L100,P02,P02_L100_T001_A03,P02_L100_T001,9,45,180,0.002899760869565106,True,True
P02_L100,P02,P02_L100_T001_A03,P02_L100_T001,10,49,186,0.006642978260869594,True,True
P02_L100,P02,P02_L100_T001_A04,P02_L100_T001,1,7,32,0.006918304347826129,False,True
P02_L100,P02,P02_L100_T001_A04,P02_L100_T001,2,11,72,0.015848913043478213,False,True
P02_L100,P02,P02_L100_T001_A04,P02_L100_T001,3,25,122,0.0009732826086956307,True,True
P02_L100,P02,P02_L100_T001_A04,P02_L100_T001,4,29,131,0.0022296521739129105,True,True
P02_L100,P02,P02_L100_T001_A04,P02_L100_T001,5,33,146,0.0011099347826086696,True,True
P02_L100,P02,P02_L100_T001_A04,P02_L100_T001,6,37,165,0.0025427173913041548,True,True
P02_L100,P02,P02_L100_T001_A04,P02_L100_T001,7,43,177,0.0006301086956520107,True,True
P02_L100,P02,P02_L100_T001_A04,P02_L100_T001,8,52,196,0.007575608695652099,True,True
P02_L100,P02,P02_L100_T001_A04,P02_L100_T001,9,60,204,0.0018773043478260555,True,True
P02_L100,P02,P02_L100_T001_A04,P02_L100_T001,10,68,212,0.009852217391304284,True,True
P02_L100,P02,P02_L100_T002_A01,P02_L100_T002,1,8,24,0.003019956521739109,False,True
P02_L100,P02,P02_L100_T002_A01,P02_L100_T002,2,15,56,0.015848978260869603,False,True
P02_L100,P02,P02_L100_T002_A01,P02_L100_T002,3,17,66,0.007889717391304387,True,True
P02_L100,P02,P02_L100_T002_A01,P02_L100_T002,4,21,81,0.018074304347825976,True,True
P02_L100,P02,P02_L100_T002_A01,P02_L100_T002,5,26,99,0.004478999999999987,True,True
P02_L100,P02,P02_L100_T002_A01,P02_L100_T002,6,30,124,0.010260804347826126,True,True
P02_L100,P02,P02_L100_T002_A01,P02_L100_T002,7,31,129,0.005107891304347808,True,True
P02_L100,P02,P02_L100_T002_A01,P02_L100_T002,8,35,148,0.011701499999999811,True,True
P02_L100,P02,P02_L100_T002_A01,P02_L100_T002,9,41,164,0.002899760869565106,True,True
P02_L100,P02,P02_L100_T002_A01,P02_L100_T002,10,45,197,0.006642978260869594,True,True
P02_L100,P02,P02_L100_T002_A02,P02_L100_T002,1,14,36,0.0015033478260868152,False,True
P02_L100,P02,P02_L100_T002_A02,P02_L100_T002,2,18,65,0.003443978260869488,False,True
P02_L100,P02,P02_L100_T002_A02,P02_L100_T002,3,19,72,0.0017144347826087113,False,True
P02_L100,P02,P02_L100_T002_A02,P02_L100_T002,4,25,115,0.008997478260869517,True,True
P02_L100,P02,P02_L100_T002_A02,P02_L100_T002,5,31,152,0.002229673913043455,True,True
P02_L100,P02,P02_L100_T002_A02,P02_L100_T002,6,35,175,0.005107891304347808,True,True
P02_L100,P02,P02_L100_T002_A02,P02_L100_T002,7,40,184,0.001265782608695534,True,True
P02_L100,P02,P02_L100_T002_A02,P02_L100_T002,8,44,193,0.0028997391304348033,True,True
P02_L100,P02,P02_L100_T002_A02,P02_L100_T002,9,50,204,0.0007185869565215859,True,True
P02_L100,P02,P02_L100_T002_A02,P02_L100_T002,10,55,209,0.0037712173913042315,True,True
P02_L100,P02,P02_L100_T002_A02,P02_L100_T002,11,58,212,0.001877326086956358,True,True
P02_L100,P02,P02_L100_T002_A03,P02_L100_T002,1,10,44,0.003019956521739109,False,True
P02_L100,P02,P02_L100_T002_A03,P02_L100_T002,2,14,59,0.0069183260869564315,False,True
P02_L100,P02,P02_L100_T002_A03,P02_L100_T002,3,15,64,0.003443978260869488,True,True
P02_L100,P02,P02_L100_T002_A03,P02_L100_T002,4,19,74,0.007889695652173843,True,True
P02_L100,P02,P02_L100_T002_A03,P02_L100_T002,5,29,119,0.0009732826086956307,True,True
P02_L100,P02,P02_L100_T002_A03,P02_L100_T002,6,35,134,0.005107847826086961,True,True
P02_L100,P02,P02_L100_T002_A03,P02_L100_T002,7,37,138,0.0025427173913041548,True,True
P02_L100,P02,P02_L100_T002_A03,P02_L100_T002,8,44,162,0.013344347826086933,True,True
P02_L100,P02,P02_L100_T002_A03,P02_L100_T002,9,49,178,0.003306869565217197,True,True
P02_L100,P02,P02_L100_T002_A03,P02_L100_T002,10,53,190,0.007575608695652099,True,True
P02_L100,P02,P02_L100_T002_A04,P02_L100_T002,1,12,55,0.0015033478260868152,False,True
P02_L100,P02,P02_L100_T002_A04,P02_L100_T002,2,16,63,0.003443978260869488,False,True
P02_L100,P02,P02_L100_T002_A04,P02_L100_T002,3,17,71,0.0017144347826087113,True,True
P02_L100,P02,P02_L100_T002_A04,P02_L100_T002,4,21,86,0.003927543478260892,True,True
P02_L100,P02,P02_L100_T002_A04,P02_L100_T002,5,22,89,0.0019551521739129456,True,True
P02_L100,P02,P02_L100_T002_A04,P02_L100_T002,6,30,106,0.010260804347826126,True,True
P02_L100,P02,P02_L100_T002_A04,P02_L100_T002,7,39,135,0.001265782608695534,True,True
P02_L100,P02,P02_L100_T002_A04,P02_L100_T002,8,43,153,0.0028997391304348033,True,True
P02_L100,P02,P02_L100_T002_A04,P02_L100_T002,9,47,170,0.0014434999999998635,True,True
P02_L100,P02,P02_L100_T002_A04,P02_L100_T002,10,52,183,0.007575608695652099,True,True
P02_L100,P02,P02_L100_T003_A01,P02_L100_T003,1,11,31,0.003019956521739109,False,True
P02_L100,P02,P02_L100_T003_A01,P02_L100_T003,2,15,41,0.0069183260869564315,False,True
P02_L100,P02,P02_L100_T003_A01,P02_L100_T003,3,16,42,0.003443978260869488,False,True
P02_L100,P02,P02_L100_T003_A01,P02_L100_T003,4,20,59,0.007889695652173843,True,True
P02_L100,P02,P02_L100_T003_A01,P02_L100_T003,5,24,74,0.003927543478260892,True,True
P02_L100,P02,P02_L100_T003_A01,P02_L100_T003,6,28,106,0.008997478260869517,True,True
P02_L100,P02,P02_L100_T003_A01,P02_L100_T003,7,30,109,0.004478999999999987,True,True
P02_L100,P02,P02_L100_T003_A01,P02_L100_T003,8,34,130,0.010260804347826126,True,True
P02_L100,P02,P02_L100_T003_A01,P02_L100_T003,9,43,172,0.001265782608695534,True,True
P02_L100,P02,P02_L100_T003_A01,P02_L100_T003,10,50,196,0.006642913043478204,True,True
P02_L100,P02,P02_L100_T003_A01,P02_L100_T003,11,52,200,0.0033068913043477408,True,True
P02_L100,P02,P02_L100_T003_A02,P02_L100_T003,1,8,28,0.003019956521739109,False,True
P02_L100,P02,P02_L100_T003_A02,P02_L100_T003,2,12,35,0.0069183260869564315,False,True
P02_L100,P02,P02_L100_T003_A02,P02_L100_T003,3,15,43,0.003443978260869488,True,True
P02_L100,P02,P02_L100_T003_A02,P02_L100_T003,4,21,80,0.018074239130434586,True,True
P02_L100,P02,P02_L100_T003_A02,P02_L100_T003,5,22,81,0.008997456521738972,True,True
P02_L100,P02,P02_L100_T003_A02,P02_L100_T003,6,26,92,0.020611978260869503,True,True
P02_L100,P02,P02_L100_T003_A02,P02_L100_T003,7,31,117,0.005107869565217264,True,True
P02_L100,P02,P02_L100_T003_A02,P02_L100_T003,8,37,135,0.02680647826086955,True,True
P02_L100,P02,P02_L100_T003_A02,P02_L100_T003,9,38,141,0.013344413043478082,True,True
P02_L100,P02,P02_L100_T003_A02,P02_L100_T003,10,42,153,0.03057028260869568,True,True
P02_L100,P02,P02_L100_T003_A03,P02_L100_T003,1,9,49,0.003019956521739109,False,True
P02_L100,P02,P02_L100_T003_A03,P02_L100_T003,2,13,64,0.0069183260869564315,False,True
P02_L100,P02,P02_L100_T003_A03,P02_L100_T003,3,18,71,0.0017144347826087113,True,True
P02_L100,P02,P02_L100_T003_A03,P02_L100_T003,4,22,82,0.003927543478260892,True,True
P02_L100,P02,P02_L100_T003_A03,P02_L100_T003,5,23,83,0.0019551521739129456,True,True
P02_L100,P02,P02_L100_T003_A03,P02_L100_T003,6,27,98,0.004478999999999987,True,True
P02_L100,P02,P02_L100_T003_A03,P02_L100_T003,7,32,123,0.0011099347826086696,True,True
P02_L100,P02,P02_L100_T003_A03,P02_L100_T003,8,39,145,0.013344347826086933,True,True
P02_L100,P02,P02_L100_T003_A03,P02_L100_T003,9,49,180,0.0016461739130434617,True,True
P02_L100,P02,P02_L100_T003_A03,P02_L100_T003,10,56,197,0.008639260869565221,True,True
P02_L100,P02,P02_L100_T003_A04,P02_L100_T003,1,7,45,0.006918304347826129,False,True
P02_L100,P02,P02_L100_T003_A04,P02_L100_T003,2,11,62,0.015848913043478213,False,True
P02_L100,P02,P02_L100_T003_A04,P02_L100_T003,3,19,103,0.003927521739130348,True,True
P02_L100,P02,P02_L100_T003_A04,P02_L100_T003,4,23,118,0.00899743478260867,True,True
P02_L100,P02,P02_L100_T003_A04,P02_L100_T003,5,26,124,0.004478978260869443,True,True
P02_L100,P02,P02_L100_T003_A04,P02_L100_T003,6,31,142,0.02350599999999995,True,True
P02_L100,P02,P02_L100_T003_A04,P02_L100_T003,7,36,165,0.005825043478260729,True,True
P02_L100,P02,P02_L100_T003_A04,P02_L100_T003,8,40,171,0.013344413043478082,True,True
P02_L100,P02,P02_L100_T003_A04,P02_L100_T003,9,41,176,0.006642934782608506,True,True
P02_L100,P02,P02_L100_T003_A04,P02_L100_T003,10,45,184,0.01521808695652163,True,True
P02_L100,P02,P02_L100_T004_A01,P02_L100_T004,1,12,41,0.0015033478260868152,False,True
P02_L100,P02,P02_L100_T004_A01,P02_L100_T004,2,16,52,0.003443978260869488,False,True
P02_L100,P02,P02_L100_T004_A01,P02_L100_T004,3,18,55,0.0017144347826087113,True,True
P02_L100,P02,P02_L100_T004_A01,P02_L100_T004,4,22,82,0.003927543478260892,True,True
P02_L100,P02,P02_L100_T004_A01,P02_L100_T004,5,24,106,0.0019551521739129456,True,True
P02_L100,P02,P02_L100_T004_A01,P02_L100_T004,6,28,123,0.004478999999999987,True,True
P02_L100,P02,P02_L100_T004_A01,P02_L100_T004,7,33,140,0.0011099347826086696,True,True
P02_L100,P02,P02_L100_T004_A01,P02_L100_T004,8,41,152,0.013344347826086933,True,True
P02_L100,P02,P02_L100_T004_A01,P02_L100_T004,9,48,169,0.003306869565217197,True,True
P02_L100,P02,P02_L100_T004_A01,P02_L100_T004,10,52,180,0.007575608695652099,True,True
P02_L100,P02,P02_L100_T004_A02,P02_L100_T004,1,7,37,0.006918304347826129,False,True
P02_L100,P02,P02_L100_T004_A02,P02_L100_T004,2,11,66,0.015848913043478213,False,True
P02_L100,P02,P02_L100_T004_A02,P02_L100_T004,3,15,80,0.007889673913043299,True,True
P02_L100,P02,P02_L100_T004_A02,P02_L100_T004,4,19,102,0.01807419565217374,True,True
P02_L100,P02,P02_L100_T004_A02,P02_L100_T004,5,31,150,0.0022296521739129105,True,True
P02_L100,P02,P02_L100_T004_A02,P02_L100_T004,6,35,165,0.005107847826086961,True,True
P02_L100,P02,P02_L100_T004_A02,P02_L100_T004,7,36,172,0.0025427173913041548,True,True
P02_L100,P02,P02_L100_T004_A02,P02_L100_T004,8,40,178,0.005825021739130427,True,True
P02_L100,P02,P02_L100_T004_A02,P02_L100_T004,9,46,191,0.0014434999999998635,True,True
P02_L100,P02,P02_L100_T004_A02,P02_L100_T004,10,52,201,0.007575608695652099,True,True
P02_L100,P02,P02_L100_T004_A03,P02_L100_T004,1,6,24,0.015848934782608515,False,True
P02_L100,P02,P02_L100_T004_A03,P02_L100_T004,2,10,30,0.03630780434782594,False,True
P02_L100,P02,P02_L100_T004_A03,P02_L100_T004,3,14,50,0.018074239130434586,True,True
P02_L100,P02,P02_L100_T004_A03,P02_L100_T004,4,18,57,0.041405695652173946,True,True
P02_L100,P02,P02_L100_T004_A03,P02_L100_T004,5,22,71,0.020611999999999808,True,True
P02_L100,P02,P02_L100_T004_A03,P02_L100_T004,6,26,78,0.047219369565217356,True,True
P02_L100,P02,P02_L100_T004_A03,P02_L100_T004,7,31,91,0.011701478260869508,True,True
P02_L100,P02,P02_L100_T004_A03,P02_L100_T004,8,35,111,0.026806543478260697,True,True
P02_L100,P02,P02_L100_T004_A03,P02_L100_T004,9,36,114,0.01334445652173917,True,True
P02_L100,P02,P02_L100_T004_A03,P02_L100_T004,10,40,127,0.030570391304347678,True,True
P02_L100,P02,P02_L100_T004_A04,P02_L100_T004,1,7,34,0.006918304347826129,False,True
P02_L100,P02,P02_L100_T004_A04,P02_L100_T004,2,11,46,0.015848913043478213,False,True
P02_L100,P02,P02_L100_T004_A04,P02_L100_T004,3,21,89,0.0019551521739129456,False,True
P02_L100,P02,P02_L100_T004_A04,P02_L100_T004,4,26,101,0.010260804347826126,True,True
P02_L100,P02,P02_L100_T004_A04,P02_L100_T004,5,36,132,0.001265782608695534,True,True
P02_L100,P02,P02_L100_T004_A04,P02_L100_T004,6,48,181,0.0348625217391304,True,True
P02_L100,P02,P02_L100_T004_A04,P02_L100_T004,7,59,207,0.0043006956521738655,True,True
P02_L100,P02,P02_L100_T004_A04,P02_L100_T004,8,63,211,0.00985232608695652,True,True
P02_L100,P02,P02_L100_T004_A04,P02_L100_T004,9,76,224,0.0006050217391304431,True,True
P02_L100,P02,P02_L100_T004_A04,P02_L100_T004,10,81,229,0.0031751956521738783,True,True
P02_L100,P02,P02_L100_T004_A04,P02_L100_T004,11,84,232,0.0015806304347824572,True,True
P02_L100,P02,P02_L100_T005_A01,P02_L100_T005,1,8,30,0.003019956521739109,False,True
P02_L100,P02,P02_L100_T005_A01,P02_L100_T005,2,16,77,0.015848978260869603,False,True
P02_L100,P02,P02_L100_T005_A01,P02_L100_T005,3,23,100,0.003927543478260892,True,True
P02_L100,P02,P02_L100_T005_A01,P02_L100_T005,4,29,144,0.02061202173913035,True,True
P02_L100,P02,P02_L100_T005_A01,P02_L100_T005,5,31,146,0.010260782608695583,True,True
P02_L100,P02,P02_L100_T005_A01,P02_L100_T005,6,35,161,0.023506086956521646,True,True
P02_L100,P02,P02_L100_T005_A01,P02_L100_T005,7,45,185,0.002899760869565106,True,True
P02_L100,P02,P02_L100_T005_A01,P02_L100_T005,8,50,190,0.015218173913043323,True,True
P02_L100,P02,P02_L100_T005_A01,P02_L100_T005,9,59,199,0.001877326086956358,True,True
P02_L100,P02,P02_L100_T005_A01,P02_L100_T005,10,64,204,0.00985232608695652,True,True
P02_L100,P02,P02_L100_T005_A02,P02_L100_T005,1,8,27,0.003019956521739109,False,True
P02_L100,P02,P02_L100_T005_A02,P02_L100_T005,2,12,39,0.0069183260869564315,False,True
P02_L100,P02,P02_L100_T005_A02,P02_L100_T005,3,14,45,0.003443978260869488,True,True
P02_L100,P02,P02_L100_T005_A02,P02_L100_T005,4,20,65,0.018074239130434586,True,True
P02_L100,P02,P02_L100_T005_A02,P02_L100_T005,5,22,71,0.008997456521738972,True,True
P02_L100,P02,P02_L100_T005_A02,P02_L100_T005,6,26,80,0.020611978260869503,True,True
P02_L100,P02,P02_L100_T005_A02,P02_L100_T005,7,27,84,0.010260760869565039,True,True
P02_L100,P02,P02_L100_T005_A02,P02_L100_T005,8,31,105,0.0235060434782608,True,True
P02_L100,P02,P02_L100_T005_A02,P02_L100_T005,9,35,117,0.011701456521738964,True,True
P02_L100,P02,P02_L100_T005_A02,P02_L100_T005,10,41,133,0.06141008695652161,True,True
P02_L100,P02,P02_L100_T005_A03,P02_L100_T005,1,8,41,0.003019956521739109,False,True
P02_L100,P02,P02_L100_T005_A03,P02_L100_T005,2,12,54,0.0069183260869564315,False,True
P02_L100,P02,P02_L100_T005_A03,P02_L100_T005,3,19,93,0.0017144347826087113,True,True
P02_L100,P02,P02_L100_T005_A03,P02_L100_T005,4,24,108,0.008997478260869517,True,True
P02_L100,P02,P02_L100_T005_A03,P02_L100_T005,5,28,119,0.004478999999999987,True,True
P02_L100,P02,P02_L100_T005_A03,P02_L100_T005,6,32,141,0.010260804347826126,True,True
P02_L100,P02,P02_L100_T005_A03,P02_L100_T005,7,37,155,0.0025427391304346987,True,True
P02_L100,P02,P02_L100_T005_A03,P02_L100_T005,8,41,162,0.005825086956521576,True,True
P02_L100,P02,P02_L100_T005_A03,P02_L100_T005,9,48,175,0.0014435217391304074,True,True
P02_L100,P02,P02_L100_T005_A03,P02_L100_T005,10,52,182,0.0033069130434782846,True,True
P02_L100,P02,P02_L100_T005_A04,P02_L100_T005,1,12,47,0.0015033478260868152,False,True
P02_L100,P02,P02_L100_T005_A04,P02_L100_T005,2,16,55,0.003443978260869488,False,True
P02_L100,P02,P02_L100_T005_A04,P02_L100_T005,3,18,62,0.0017144347826087113,True,True
P02_L100,P02,P02_L100_T005_A04,P02_L100_T005,4,22,68,0.003927543478260892,True,True
P02_L100,P02,P02_L100_T005_A04,P02_L100_T005,5,23,70,0.0019551521739129456,True,True
P02_L100,P02,P02_L100_T005_A04,P02_L100_T005,6,29,107,0.010260804347826126,True,True
P02_L100,P02,P02_L100_T005_A04,P02_L100_T005,7,32,123,0.005107891304347808,True,True
P02_L100,P02,P02_L100_T005_A04,P02_L100_T005,8,36,132,0.011701499999999811,True,True
P02_L100,P02,P02_L100_T005_A04,P02_L100_T005,9,38,137,0.005825065217391273,True,True
P02_L100,P02,P02_L100_T005_A04,P02_L100_T005,10,42,151,0.01334445652173917,True,True
P02_L100,P02,P02_L100_T006_A01,P02_L100_T006,1,8,25,0.003019956521739109,False,True
P02_L100,P02,P02_L100_T006_A01,P02_L100_T006,2,12,48,0.0069183260869564315,False,True
P02_L100,P02,P02_L100_T006_A01,P02_L100_T006,3,18,63,0.0017144347826087113,True,True
P02_L100,P02,P02_L100_T006_A01,P02_L100_T006,4,26,124,0.008997478260869517,True,True
P02_L100,P02,P02_L100_T006_A01,P02_L100_T006,5,28,134,0.004478999999999987,True,True
P02_L100,P02,P02_L100_T006_A01,P02_L100_T006,6,35,157,0.023506152173913036,True,True
P02_L100,P02,P02_L100_T006_A01,P02_L100_T006,7,43,177,0.005825065217391273,True,True
P02_L100,P02,P02_L100_T006_A01,P02_L100_T006,8,47,186,0.01334445652173917,True,True
P02_L100,P02,P02_L100_T006_A01,P02_L100_T006,9,53,201,0.0033069130434782846,True,True
P02_L100,P02,P02_L100_T006_A01,P02_L100_T006,10,58,208,0.017354913043478123,True,True
P02_L100,P02,P02_L100_T006_A02,P02_L100_T006,1,9,36,0.003019956521739109,False,True
P02_L100,P02,P02_L100_T006_A02,P02_L100_T006,2,13,46,0.0069183260869564315,False,True
P02_L100,P02,P02_L100_T006_A02,P02_L100_T006,3,20,86,0.0017144347826087113,True,True
P02_L100,P02,P02_L100_T006_A02,P02_L100_T006,4,25,101,0.008997478260869517,True,True
P02_L100,P02,P02_L100_T006_A02,P02_L100_T006,5,30,120,0.002229673913043455,True,True
P02_L100,P02,P02_L100_T006_A02,P02_L100_T006,6,35,138,0.011701499999999811,True,True
P02_L100,P02,P02_L100_T006_A02,P02_L100_T006,7,38,149,0.005825065217391273,True,True
P02_L100,P02,P02_L100_T006_A02,P02_L100_T006,8,42,155,0.01334445652173917,True,True
P02_L100,P02,P02_L100_T006_A02,P02_L100_T006,9,47,171,0.0033069130434782846,True,True
P02_L100,P02,P02_L100_T006_A02,P02_L100_T006,10,52,191,0.017354913043478123,True,True
P02_L100,P02,P02_L100_T006_A03,P02_L100_T006,1,9,29,0.003019956521739109,False,True
P02_L100,P02,P02_L100_T006_A03,P02_L100_T006,2,13,41,0.0069183260869564315,False,True
P02_L100,P02,P02_L100_T006_A03,P02_L100_T006,3,17,59,0.003443978260869488,True,True
P02_L100,P02,P02_L100_T006_A03,P02_L100_T006,4,21,67,0.007889695652173843,True,True
P02_L100,P02,P02_L100_T006_A03,P02_L100_T006,5,28,78,0.0019551521739129456,True,True
P02_L100,P02,P02_L100_T006_A03,P02_L100_T006,6,35,95,0.010260804347826126,True,True
P02_L100,P02,P02_L100_T006_A03,P02_L100_T006,7,40,107,0.0025427391304346987,True,True
P02_L100,P02,P02_L100_T006_A03,P02_L100_T006,8,44,113,0.005825086956521576,True,True
P02_L100,P02,P02_L100_T006_A03,P02_L100_T006,9,48,125,0.002899760869565106,True,True
P02_L100,P02,P02_L100_T006_A03,P02_L100_T006,10,53,164,0.015218173913043323,True,True
P02_L100,P02,P02_L100_T006_A04,P02_L100_T006,1,9,51,0.003019956521739109,False,True
P02_L100,P02,P02_L100_T006_A04,P02_L100_T006,2,17,92,0.015848978260869603,False,True
P02_L100,P02,P02_L100_T006_A04,P02_L100_T006,3,18,99,0.007889717391304387,True,True
P02_L100,P02,P02_L100_T006_A04,P02_L100_T006,4,22,127,0.018074304347825976,True,True
P02_L100,P02,P02_L100_T006_A04,P02_L100_T006,5,25,137,0.008997499999999818,True,True
P02_L100,P02,P02_L100_T006_A04,P02_L100_T006,6,29,148,0.020612086956521742,True,True
P02_L100,P02,P02_L100_T006_A04,P02_L100_T006,7,31,174,0.010260826086956429,True,True
P02_L100,P02,P02_L100_T006_A04,P02_L100_T006,8,35,187,0.02350619565217388,True,True
P02_L100,P02,P02_L100_T006_A04,P02_L100_T006,9,40,197,0.005825086956521576,True,True
P02_L100,P02,P02_L100_T006_A04,P02_L100_T006,10,49,215,0.0700329130434781,True,True
P02_L100,P02,P02_L100_T007_A01,P02_L100_T007,1,11,32,0.003019956521739109,False,True
P02_L100,P02,P02_L100_T007_A01,P02_L100_T007,2,16,53,0.015848978260869603,False,True
P02_L100,P02,P02_L100_T007_A01,P02_L100_T007,3,27,104,0.0019551521739129456,True,True
P02_L100,P02,P02_L100_T007_A01,P02_L100_T007,4,31,117,0.004478999999999987,True,True
P02_L100,P02,P02_L100_T007_A01,P02_L100_T007,5,39,155,0.0011099347826086696,True,True
P02_L100,P02,P02_L100_T007_A01,P02_L100_T007,6,47,187,0.013344347826086933,True,True
P02_L100,P02,P02_L100_T007_A01,P02_L100_T007,7,51,193,0.00664289130434766,True,True
P02_L100,P02,P02_L100_T007_A01,P02_L100_T007,8,55,200,0.015217978260869392,True,True
P02_L100,P02,P02_L100_T007_A01,P02_L100_T007,9,58,205,0.007575608695652099,True,True
P02_L100,P02,P02_L100_T007_A01,P02_L100_T007,10,62,210,0.017354717391304193,True,True
P02_L100,P02,P02_L100_T007_A02,P02_L100_T007,1,7,49,0.006918304347826129,False,True
P02_L100,P02,P02_L100_T007_A02,P02_L100_T007,2,11,57,0.015848913043478213,False,True
P02_L100,P02,P02_L100_T007_A02,P02_L100_T007,3,19,85,0.003927521739130348,True,True
P02_L100,P02,P02_L100_T007_A02,P02_L100_T007,4,23,100,0.00899743478260867,True,True
P02_L100,P02,P02_L100_T007_A02,P02_L100_T007,5,29,127,0.0022296521739129105,True,True
P02_L100,P02,P02_L100_T007_A02,P02_L100_T007,6,33,134,0.005107847826086961,True,True
P02_L100,P02,P02_L100_T007_A02,P02_L100_T007,7,36,145,0.0025427173913041548,True,True
P02_L100,P02,P02_L100_T007_A02,P02_L100_T007,8,43,184,0.013344347826086933,True,True
P02_L100,P02,P02_L100_T007_A02,P02_L100_T007,9,48,199,0.003306869565217197,True,True
P02_L100,P02,P02_L100_T007_A02,P02_L100_T007,10,52,211,0.007575608695652099,True,True
P02_L100,P02,P02_L100_T007_A03,P02_L100_T007,1,16,48,0.0007483695652172498,False,True
P02_L100,P02,P02_L100_T007_A03,P02_L100_T007,2,22,90,0.003927499999999804,False,True
P02_L100,P02,P02_L100_T007_A03,P02_L100_T007,3,23,96,0.001955130434782643,True,True
P02_L100,P02,P02_L100_T007_A03,P02_L100_T007,4,27,122,0.004478934782608596,True,True
P02_L100,P02,P02_L100_T007_A03,P02_L100_T007,5,29,136,0.002229630434782608,True,True
P02_L100,P02,P02_L100_T007_A03,P02_L100_T007,6,33,149,0.0051077826086955705,True,True
P02_L100,P02,P02_L100_T007_A03,P02_L100_T007,7,35,156,0.002542673913043308,True,True
P02_L100,P02,P02_L100_T007_A03,P02_L100_T007,8,39,162,0.005824934782608733,True,True
P02_L100,P02,P02_L100_T007_A03,P02_L100_T007,9,40,168,0.0028996956521737155,True,True
P02_L100,P02,P02_L100_T007_A03,P02_L100_T007,10,44,179,0.006642826086956511,True,True
P02_L100,P02,P02_L100_T007_A04,P02_L100_T007,1,8,35,0.003019956521739109,False,True
P02_L100,P02,P02_L100_T007_A04,P02_L100_T007,2,12,45,0.0069183260869564315,False,True
P02_L100,P02,P02_L100_T007_A04,P02_L100_T007,3,13,50,0.003443978260869488,True,True
P02_L100,P02,P02_L100_T007_A04,P02_L100_T007,4,17,61,0.007889695652173843,True,True
P02_L100,P02,P02_L100_T007_A04,P02_L100_T007,5,24,80,0.0019551521739129456,True,True
P02_L100,P02,P02_L100_T007_A04,P02_L100_T007,6,28,95,0.004478999999999987,True,True
P02_L100,P02,P02_L100_T007_A04,P02_L100_T007,7,34,115,0.0011099347826086696,True,True
P02_L100,P02,P02_L100_T007_A04,P02_L100_T007,8,40,138,0.005825021739130427,True,True
P02_L100,P02,P02_L100_T007_A04,P02_L100_T007,9,47,163,0.0014434999999998635,True,True
P02_L100,P02,P02_L100_T007_A04,P02_L100_T007,10,51,177,0.003306869565217197,True,True
P02_L100,P02,P02_L100_T008_A01,P02_L100_T008,1,10,35,0.003019956521739109,False,True
P02_L100,P02,P02_L100_T008_A01,P02_L100_T008,2,16,74,0.015848978260869603,False,True
P02_L100,P02,P02_L100_T008_A01,P02_L100_T008,3,26,112,0.0019551521739129456,False,True
P02_L100,P02,P02_L100_T008_A01,P02_L100_T008,4,30,141,0.004478999999999987,True,True
P02_L100,P02,P02_L100_T008_A01,P02_L100_T008,5,31,142,0.002229673913043455,True,True
P02_L100,P02,P02_L100_T008_A01,P02_L100_T008,6,36,154,0.011701499999999811,True,True
P02_L100,P02,P02_L100_T008_A01,P02_L100_T008,7,42,177,0.002899760869565106,True,True
P02_L100,P02,P02_L100_T008_A01,P02_L100_T008,8,46,184,0.006642978260869594,True,True
P02_L100,P02,P02_L100_T008_A01,P02_L100_T008,9,51,194,0.0016461956521737645,True,True
P02_L100,P02,P02_L100_T008_A01,P02_L100_T008,10,55,200,0.0037712173913042315,True,True
P02_L100,P02,P02_L100_T008_A01,P02_L100_T008,11,56,201,0.001877326086956358,True,True
P02_L100,P02,P02_L100_T008_A02,P02_L100_T008,1,9,38,0.003019956521739109,False,True
P02_L100,P02,P02_L100_T008_A02,P02_L100_T008,2,13,51,0.0069183260869564315,False,True
P02_L100,P02,P02_L100_T008_A02,P02_L100_T008,3,15,58,0.003443978260869488,True,True
P02_L100,P02,P02_L100_T008_A02,P02_L100_T008,4,19,90,0.007889695652173843,True,True
P02_L100,P02,P02_L100_T008_A02,P02_L100_T008,5,24,106,0.0019551521739129456,True,True
P02_L100,P02,P02_L100_T008_A02,P02_L100_T008,6,29,114,0.010260804347826126,True,True
P02_L100,P02,P02_L100_T008_A02,P02_L100_T008,7,34,152,0.0025427391304346987,True,True
P02_L100,P02,P02_L100_T008_A02,P02_L100_T008,8,38,162,0.005825086956521576,True,True
P02_L100,P02,P02_L100_T008_A02,P02_L100_T008,9,41,170,0.002899760869565106,True,True
P02_L100,P02,P02_L100_T008_A02,P02_L100_T008,10,47,196,0.015218173913043323,True,True
P02_L100,P02,P02_L100_T008_A03,P02_L100_T008,1,9,28,0.003019956521739109,False,True
P02_L100,P02,P02_L100_T008_A03,P02_L100_T008,2,13,40,0.0069183260869564315,False,True
P02_L100,P02,P02_L100_T008_A03,P02_L100_T008,3,19,52,0.0017144347826087113,False,True
P02_L100,P02,P02_L100_T008_A03,P02_L100_T008,4,23,63,0.003927543478260892,True,True
P02_L100,P02,P02_L100_T008_A03,P02_L100_T008,5,26,67,0.0019551521739129456,True,True
P02_L100,P02,P02_L100_T008_A03,P02_L100_T008,6,30,77,0.004478999999999987,True,True
P02_L100,P02,P02_L100_T008_A03,P02_L100_T008,7,31,80,0.002229673913043455,True,True
P02_L100,P02,P02_L100_T008_A03,P02_L100_T008,8,35,89,0.005107891304347808,True,True
P02_L100,P02,P02_L100_T008_A03,P02_L100_T008,9,42,122,0.001265782608695534,True,True
P02_L100,P02,P02_L100_T008_A03,P02_L100_T008,10,46,127,0.0028997391304348033,True,True
P02_L100,P02,P02_L100_T008_A03,P02_L100_T008,11,47,132,0.0014434999999998635,True,True
P02_L100,P02,P02_L100_T008_A04,P02_L100_T008,1,12,61,0.0015033478260868152,False,True
P02_L100,P02,P02_L100_T008_A04,P02_L100_T008,2,17,79,0.007889695652173843,False,True
P02_L100,P02,P02_L100_T008_A04,P02_L100_T008,3,19,87,0.003927543478260892,True,True
P02_L100,P02,P02_L100_T008_A04,P02_L100_T008,4,25,130,0.02061202173913035,True,True
P02_L100,P02,P02_L100_T008_A04,P02_L100_T008,5,30,139,0.005107869565217264,True,True
P02_L100,P02,P02_L100_T008_A04,P02_L100_T008,6,34,146,0.011701456521738964,True,True
P02_L100,P02,P02_L100_T008_A04,P02_L100_T008,7,37,158,0.005825043478260729,True,True
P02_L100,P02,P02_L100_T008_A04,P02_L100_T008,8,41,166,0.013344413043478082,True,True
P02_L100,P02,P02_L100_T008_A04,P02_L100_T008,9,44,174,0.006642934782608506,True,True
P02_L100,P02,P02_L100_T008_A04,P02_L100_T008,10,48,182,0.01521808695652163,True,True
P02_L204,P02,P02_L204_T001_A01,P02_L204_T001,1,13,50,0.0034439642857145686,False,True
P02_L204,P02,P02_L204_T001_A01,P02_L204_T001,2,17,67,0.00788967857142862,False,True
P02_L204,P02,P02_L204_T001_A01,P02_L204_T001,3,23,93,0.0019551428571430913,True,True
P02_L204,P02,P02_L204_T001_A01,P02_L204_T001,4,27,117,0.004478964285714196,True,True
P02_L204,P02,P02_L204_T001_A01,P02_L204_T001,5,28,119,0.0022296428571429356,True,True
P02_L204,P02,P02_L204_T001_A01,P02_L204_T001,6,33,143,0.011701357142857423,True,True
P02_L204,P02,P02_L204_T001_A01,P02_L204_T001,7,38,161,0.0028997142857145604,True,True
P02_L204,P02,P02_L204_T001_A01,P02_L204_T001,8,42,181,0.006642857142857045,True,True
P02_L204,P02,P02_L204_T001_A01,P02_L204_T001,9,46,193,0.0033068571428572302,True,True
P02_L204,P02,P02_L204_T001_A01,P02_L204_T001,10,50,197,0.007575571428571665,True,True
P02_L204,P02,P02_L204_T001_A02,P02_L204_T001,1,8,25,0.006918321428571659,False,True
P02_L204,P02,P02_L204_T001_A02,P02_L204_T001,2,12,30,0.015848964285714424,False,True
P02_L204,P02,P02_L204_T001_A02,P02_L204_T001,3,18,53,0.003927535714285628,True,True
P02_L204,P02,P02_L204_T001_A02,P02_L204_T001,4,28,72,0.04721935714285728,True,True
P02_L204,P02,P02_L204_T001_A02,P02_L204_T001,5,35,96,0.011701464285714312,True,True
P02_L204,P02,P02_L204_T001_A02,P02_L204_T001,6,39,107,0.026806499999999983,True,True
P02_L204,P02,P02_L204_T001_A02,P02_L204_T001,7,40,112,0.013344428571428795,True,True
P02_L204,P02,P02_L204_T001_A02,P02_L204_T001,8,44,131,0.030570321428571457,True,True
P02_L204,P02,P02_L204_T001_A02,P02_L204_T001,9,52,170,0.007575642857143056,True,True
P02_L204,P02,P02_L204_T001_A02,P02_L204_T001,10,56,192,0.017354785714285677,True,True
P02_L204,P02,P02_L204_T001_A03,P02_L204_T001,1,14,80,0.0034439642857145686,False,True
P02_L204,P02,P02_L204_T001_A03,P02_L204_T001,2,18,97,0.00788967857142862,False,True
P02_L204,P02,P02_L204_T001_A03,P02_L204_T001,3,19,101,0.003927535714285628,True,True
P02_L204,P02,P02_L204_T001_A03,P02_L204_T001,4,24,113,0.02061200000000001,True,True
P02_L204,P02,P02_L204_T001_A03,P02_L204_T001,5,25,115,0.010260785714285727,True,True
P02_L204,P02,P02_L204_T001_A03,P02_L204_T001,6,29,125,0.023506107142857405,True,True
P02_L204,P02,P02_L204_T001_A03,P02_L204_T001,7,33,138,0.011701464285714312,True,True
P02_L204,P02,P02_L204_T001_A03,P02_L204_T001,8,37,150,0.026806499999999983,True,True
P02_L204,P02,P02_L204_T001_A03,P02_L204_T001,9,44,174,0.006642928571428832,True,True
P02_L204,P02,P02_L204_T001_A03,P02_L204_T001,10,48,184,0.015218071428571565,True,True
P02_L204,P02,P02_L204_T001_A04,P02_L204_T001,1,8,38,0.006918321428571659,False,True
P02_L204,P02,P02_L204_T001_A04,P02_L204_T001,2,12,44,0.015848964285714424,False,True
P02_L204,P02,P02_L204_T001_A04,P02_L204_T001,3,17,76,0.003927535714285628,True,True
P02_L204,P02,P02_L204_T001_A04,P02_L204_T001,4,21,105,0.00899746428571451,True,True
P02_L204,P02,P02_L204_T001_A04,P02_L204_T001,5,27,124,0.0022296785714288293,True,True
P02_L204,P02,P02_L204_T001_A04,P02_L204_T001,6,31,145,0.005107892857142812,True,True
P02_L204,P02,P02_L204_T001_A04,P02_L204_T001,7,33,154,0.002542750000000022,True,True
P02_L204,P02,P02_L204_T001_A04,P02_L204_T001,8,37,171,0.005825107142857063,True,True
P02_L204,P02,P02_L204_T001_A04,P02_L204_T001,9,46,203,0.0007186071428573668,True,True
P02_L204,P02,P02_L204_T001_A04,P02_L204_T001,10,51,208,0.0037713571428573834,True,True
P02_L204,P02,P02_L204_T002_A01,P02_L204_T002,1,8,35,0.006918321428571659,False,True
P02_L204,P02,P02_L204_T002_A01,P02_L204_T002,2,13,53,0.03630789285714309,False,True
P02_L204,P02,P02_L204_T002_A01,P02_L204_T002,3,16,64,0.01807428571428563,True,True
P02_L204,P02,P02_L204_T002_A01,P02_L204_T002,4,20,76,0.04140578571428561,True,True
P02_L204,P02,P02_L204_T002_A01,P02_L204_T002,5,25,87,0.010260785714285727,True,True
P02_L204,P02,P02_L204_T002_A01,P02_L204_T002,6,29,101,0.023506107142857405,True,True
P02_L204,P02,P02_L204_T002_A01,P02_L204_T002,7,33,109,0.011701464285714312,True,True
P02_L204,P02,P02_L204_T002_A01,P02_L204_T002,8,37,131,0.026806499999999983,True,True
P02_L204,P02,P02_L204_T002_A01,P02_L204_T002,9,48,158,0.003306892857143124,True,True
P02_L204,P02,P02_L204_T002_A01,P02_L204_T002,10,55,181,0.017354785714285677,True,True
P02_L204,P02,P02_L204_T002_A02,P02_L204_T002,1,16,60,0.0017144285714286245,False,True
P02_L204,P02,P02_L204_T002_A02,P02_L204_T002,2,20,72,0.003927535714285628,False,True
P02_L204,P02,P02_L204_T002_A02,P02_L204_T002,3,26,113,0.0009732857142857082,True,True
P02_L204,P02,P02_L204_T002_A02,P02_L204_T002,4,30,134,0.0022296785714288293,True,True
P02_L204,P02,P02_L204_T002_A02,P02_L204_T002,5,35,150,0.0005525357142857226,True,True
P02_L204,P02,P02_L204_T002_A02,P02_L204_T002,6,39,170,0.0012657857142859908,True,True
P02_L204,P02,P02_L204_T002_A02,P02_L204_T002,7,43,188,0.0006301071428571613,True,True
P02_L204,P02,P02_L204_T002_A02,P02_L204_T002,8,57,219,0.017354642857142895,True,True
P02_L204,P02,P02_L204_T002_A02,P02_L204_T002,9,66,228,0.0021408928571430602,True,True
P02_L204,P02,P02_L204_T002_A02,P02_L204_T002,10,70,232,0.004904500000000153,True,True
P02_L204,P02,P02_L204_T002_A03,P02_L204_T002,1,9,30,0.006918321428571659,False,True
P02_L204,P02,P02_L204_T002_A03,P02_L204_T002,2,13,44,0.015848964285714424,False,True
P02_L204,P02,P02_L204_T002_A03,P02_L204_T002,3,19,66,0.003927535714285628,True,True
P02_L204,P02,P02_L204_T002_A03,P02_L204_T002,4,23,88,0.00899746428571451,True,True
P02_L204,P02,P02_L204_T002_A03,P02_L204_T002,5,24,90,0.00447900000000009,True,True
P02_L204,P02,P02_L204_T002_A03,P02_L204_T002,6,29,110,0.023506107142857405,True,True
P02_L204,P02,P02_L204_T002_A03,P02_L204_T002,7,33,124,0.011701464285714312,True,True
P02_L204,P02,P02_L204_T002_A03,P02_L204_T002,8,38,130,0.06141014285714301,True,True
P02_L204,P02,P02_L204_T002_A03,P02_L204_T002,9,43,163,0.015218071428571565,True,True
P02_L204,P02,P02_L204_T002_A03,P02_L204_T002,10,47,177,0.03486257142857171,True,True
P02_L204,P02,P02_L204_T002_A04,P02_L204_T002,1,13,54,0.0034439642857145686,False,True
P02_L204,P02,P02_L204_T002_A04,P02_L204_T002,2,17,78,0.00788967857142862,False,True
P02_L204,P02,P02_L204_T002_A04,P02_L204_T002,3,25,116,0.0019551428571430913,True,True
P02_L204,P02,P02_L204_T002_A04,P02_L204_T002,4,29,141,0.004478964285714196,True,True
P02_L204,P02,P02_L204_T002_A04,P02_L204_T002,5,35,164,0.001109928571428807,True,True
P02_L204,P02,P02_L204_T002_A04,P02_L204_T002,6,41,195,0.013344392857142902,True,True
P02_L204,P02,P02_L204_T002_A04,P02_L204_T002,7,42,197,0.006642928571428832,True,True
P02_L204,P02,P02_L204_T002_A04,P02_L204_T002,8,46,202,0.015218071428571565,True,True
P02_L204,P02,P02_L204_T002_A04,P02_L204_T002,9,49,206,0.007575642857143056,True,True
P02_L204,P02,P02_L204_T002_A04,P02_L204_T002,10,53,212,0.017354785714285677,True,True
P02_L204,P02,P02_L204_T003_A01,P02_L204_T003,1,9,32,0.006918321428571659,False,True
P02_L204,P02,P02_L204_T003_A01,P02_L204_T003,2,16,76,0.03630789285714309,False,True
P02_L204,P02,P02_L204_T003_A01,P02_L204_T003,3,23,91,0.008997500000000007,True,True
P02_L204,P02,P02_L204_T003_A01,P02_L204_T003,4,27,104,0.0206120714285714,True,True
P02_L204,P02,P02_L204_T003_A01,P02_L204_T003,5,37,144,0.002542750000000022,True,True
P02_L204,P02,P02_L204_T003_A01,P02_L204_T003,6,45,172,0.030570571428571523,True,True
P02_L204,P02,P02_L204_T003_A01,P02_L204_T003,7,48,187,0.015218214285714347,True,True
P02_L204,P02,P02_L204_T003_A01,P02_L204_T003,8,52,202,0.03486292857142866,True,True
P02_L204,P02,P02_L204_T003_A01,P02_L204_T003,9,54,206,0.017354964285714352,True,True
P02_L204,P02,P02_L204_T003_A01,P02_L204_T003,10,58,217,0.03975792857142866,True,True
P02_L204,P02,P02_L204_T003_A02,P02_L204_T003,1,20,84,0.0008534642857145018,False,True
P02_L204,P02,P02_L204_T003_A02,P02_L204_T003,2,24,107,0.0019551785714285886,False,True
P02_L204,P02,P02_L204_T003_A02,P02_L204_T003,3,25,111,0.0009732857142857082,True,True
P02_L204,P02,P02_L204_T003_A02,P02_L204_T003,4,29,126,0.0022296785714288293,True,True
P02_L204,P02,P02_L204_T003_A02,P02_L204_T003,5,34,154,0.0005525357142857226,True,True
P02_L204,P02,P02_L204_T003_A02,P02_L204_T003,6,42,197,0.0028997500000000577,True,True
P02_L204,P02,P02_L204_T003_A02,P02_L204_T003,7,49,219,0.0007185714285714731,True,True
P02_L204,P02,P02_L204_T003_A02,P02_L204_T003,8,55,225,0.008639107142857252,True,True
P02_L204,P02,P02_L204_T003_A02,P02_L204_T003,9,61,231,0.0021408571428571666,True,True
P02_L204,P02,P02_L204_T003_A02,P02_L204_T003,10,65,235,0.004904428571428762,True,True
P02_L204,P02,P02_L204_T003_A03,P02_L204_T003,1,7,31,0.006918321428571659,False,True
P02_L204,P02,P02_L204_T003_A03,P02_L204_T003,2,11,42,0.015848964285714424,False,True
P02_L204,P02,P02_L204_T003_A03,P02_L204_T003,3,18,60,0.003927535714285628,True,True
P02_L204,P02,P02_L204_T003_A03,P02_L204_T003,4,22,67,0.00899746428571451,True,True
P02_L204,P02,P02_L204_T003_A03,P02_L204_T003,5,25,75,0.00447900000000009,True,True
P02_L204,P02,P02_L204_T003_A03,P02_L204_T003,6,29,102,0.010260785714285727,True,True
P02_L204,P02,P02_L204_T003_A03,P02_L204_T003,7,40,150,0.0012657857142859908,True,True
P02_L204,P02,P02_L204_T003_A03,P02_L204_T003,8,47,168,0.006642928571428832,True,True
P02_L204,P02,P02_L204_T003_A03,P02_L204_T003,9,49,185,0.003306892857143124,True,True
P02_L204,P02,P02_L204_T003_A03,P02_L204_T003,10,53,209,0.007575642857143056,True,True
P02_L204,P02,P02_L204_T003_A04,P02_L204_T003,1,5,19,0.036307821428571696,False,True
P02_L204,P02,P02_L204_T003_A04,P02_L204_T003,2,9,35,0.08317642857142862,False,True
P02_L204,P02,P02_L204_T003_A04,P02_L204_T003,3,24,95,0.005107892857142812,True,True
P02_L204,P02,P02_L204_T003_A04,P02_L204_T003,4,28,118,0.011701500000000205,True,True
P02_L204,P02,P02_L204_T003_A04,P02_L204_T003,5,34,133,0.0028997500000000577,True,True
P02_L204,P02,P02_L204_T003_A04,P02_L204_T003,6,39,145,0.015218071428571565,True,True
P02_L204,P02,P02_L204_T003_A04,P02_L204_T003,7,44,174,0.0037712142857142046,True,True
P02_L204,P02,P02_L204_T003_A04,P02_L204_T003,8,48,181,0.008639357142857318,True,True
P02_L204,P02,P02_L204_T003_A04,P02_L204_T003,9,50,183,0.0043007142857142446,True,True
P02_L204,P02,P02_L204_T003_A04,P02_L204_T003,10,55,198,0.022570428571428672,True,True
P02_L204,P02,P02_L204_T004_A01,P02_L204_T004,1,9,31,0.006918321428571659,False,True
P02_L204,P02,P02_L204_T004_A01,P02_L204_T004,2,14,45,0.03630789285714309,False,True
P02_L204,P02,P02_L204_T004_A01,P02_L204_T004,3,16,55,0.01807428571428563,True,True
P02_L204,P02,P02_L204_T004_A01,P02_L204_T004,4,20,75,0.04140578571428561,True,True
P02_L204,P02,P02_L204_T004_A01,P02_L204_T004,5,23,82,0.020612035714285902,True,True
P02_L204,P02,P02_L204_T004_A01,P02_L204_T004,6,27,96,0.04721942857142867,True,True
P02_L204,P02,P02_L204_T004_A01,P02_L204_T004,7,34,127,0.011701464285714312,True,True
P02_L204,P02,P02_L204_T004_A01,P02_L204_T004,8,38,138,0.026806499999999983,True,True
P02_L204,P02,P02_L204_T004_A01,P02_L204_T004,9,42,146,0.013344428571428795,True,True
P02_L204,P02,P02_L204_T004_A01,P02_L204_T004,10,46,171,0.030570321428571457,True,True
P02_L204,P02,P02_L204_T004_A02,P02_L204_T004,1,9,34,0.006918321428571659,False,True
P02_L204,P02,P02_L204_T004_A02,P02_L204_T004,2,13,51,0.015848964285714424,False,True
P02_L204,P02,P02_L204_T004_A02,P02_L204_T004,3,20,84,0.003927535714285628,True,True
P02_L204,P02,P02_L204_T004_A02,P02_L204_T004,4,27,105,0.02061200000000001,True,True
P02_L204,P02,P02_L204_T004_A02,P02_L204_T004,5,39,149,0.002542750000000022,True,True
P02_L204,P02,P02_L204_T004_A02,P02_L204_T004,6,45,172,0.013344535714285684,True,True
P02_L204,P02,P02_L204_T004_A02,P02_L204_T004,7,54,197,0.001646214285714558,True,True
P02_L204,P02,P02_L204_T004_A02,P02_L204_T004,8,59,204,0.00863942857142871,True,True
P02_L204,P02,P02_L204_T004_A02,P02_L204_T004,9,63,212,0.004300750000000139,True,True
P02_L204,P02,P02_L204_T004_A02,P02_L204_T004,10,67,216,0.009852464285714511,True,True
P02_L204,P02,P02_L204_T004_A03,P02_L204_T004,1,17,59,0.0017144285714286245,False,True
P02_L204,P02,P02_L204_T004_A03,P02_L204_T004,2,21,68,0.003927535714285628,False,True
P02_L204,P02,P02_L204_T004_A03,P02_L204_T004,3,26,88,0.0009732857142857082,True,True
P02_L204,P02,P02_L204_T004_A03,P02_L204_T004,4,30,109,0.0022296785714288293,True,True
P02_L204,P02,P02_L204_T004_A03,P02_L204_T004,5,33,120,0.0011099642857143044,True,True
P02_L204,P02,P02_L204_T004_A03,P02_L204_T004,6,37,153,0.0025427857142859157,True,True
P02_L204,P02,P02_L204_T004_A03,P02_L204_T004,7,39,156,0.001265821428571488,True,True
P02_L204,P02,P02_L204_T004_A03,P02_L204_T004,8,43,169,0.0028998214285714486,True,True
P02_L204,P02,P02_L204_T004_A03,P02_L204_T004,9,45,174,0.0014435357142858088,True,True
P02_L204,P02,P02_L204_T004_A03,P02_L204_T004,10,49,190,0.003306964285714515,True,True
P02_L204,P02,P02_L204_T004_A04,P02_L204_T004,1,7,32,0.006918321428571659,False,True
P02_L204,P02,P02_L204_T004_A04,P02_L204_T004,2,11,53,0.015848964285714424,False,True
P02_L204,P02,P02_L204_T004_A04,P02_L204_T004,3,13,64,0.007889714285714515,True,True
P02_L204,P02,P02_L204_T004_A04,P02_L204_T004,4,17,87,0.01807428571428563,True,True
P02_L204,P02,P02_L204_T004_A04,P02_L204_T004,5,22,103,0.00447900000000009,True,True
P02_L204,P02,P02_L204_T004_A04,P02_L204_T004,6,26,121,0.010260785714285727,True,True
P02_L204,P02,P02_L204_T004_A04,P02_L204_T004,7,32,148,0.002542750000000022,True,True
P02_L204,P02,P02_L204_T004_A04,P02_L204_T004,8,37,168,0.013344535714285684,True,True
P02_L204,P02,P02_L204_T004_A04,P02_L204_T004,9,42,188,0.003306928571428621,True,True
P02_L204,P02,P02_L204_T004_A04,P02_L204_T004,10,49,208,0.017355035714285743,True,True
P02_L300,P02,P02_L300_T001_A01,P02_L300_T001,1,6,19,0.01584892857142853,False,True
P02_L300,P02,P02_L300_T001_A01,P02_L300_T001,2,10,39,0.036307785714286195,False,True
P02_L300,P02,P02_L300_T001_A01,P02_L300_T001,3,12,48,0.01807421428571424,True,True
P02_L300,P02,P02_L300_T001_A01,P02_L300_T001,4,16,58,0.04140564285714283,True,True
P02_L300,P02,P02_L300_T001_A01,P02_L300_T001,5,20,62,0.02061200000000001,True,True
P02_L300,P02,P02_L300_T001_A01,P02_L300_T001,6,24,84,0.04721935714285728,True,True
P02_L300,P02,P02_L300_T001_A01,P02_L300_T001,7,30,116,0.011701428571428814,True,True
P02_L300,P02,P02_L300_T001_A01,P02_L300_T001,8,34,134,0.02680642857142899,True,True
P02_L300,P02,P02_L300_T001_A01,P02_L300_T001,9,35,137,0.0133444285714284,True,True
P02_L300,P02,P02_L300_T001_A01,P02_L300_T001,10,39,153,0.03057028571428596,True,True
P02_L300,P02,P02_L300_T001_A02,P02_L300_T001,1,10,88,0.006918285714285765,False,True
P02_L300,P02,P02_L300_T001_A02,P02_L300_T001,2,14,103,0.015848857142857536,False,True
P02_L300,P02,P02_L300_T001_A02,P02_L300_T001,3,18,123,0.007889642857142727,True,True
P02_L300,P02,P02_L300_T001_A02,P02_L300_T001,4,22,148,0.018074142857143243,True,True
P02_L300,P02,P02_L300_T001_A02,P02_L300_T001,5,27,159,0.00447900000000009,True,True
P02_L300,P02,P02_L300_T001_A02,P02_L300_T001,6,32,166,0.023506071428571907,True,True
P02_L300,P02,P02_L300_T001_A02,P02_L300_T001,7,37,171,0.005825071428571566,True,True
P02_L300,P02,P02_L300_T001_A02,P02_L300_T001,8,41,175,0.013344500000000186,True,True
P02_L300,P02,P02_L300_T001_A02,P02_L300_T001,9,42,176,0.006642999999999827,True,True
P02_L300,P02,P02_L300_T001_A02,P02_L300_T001,10,47,181,0.03486292857142906,True,True
P02_L300,P02,P02_L300_T001_A03,P02_L300_T001,1,14,40,0.003443928571428278,False,True
P02_L300,P02,P02_L300_T001_A03,P02_L300_T001,2,18,49,0.007889571428571733,False,True
P02_L300,P02,P02_L300_T001_A03,P02_L300_T001,3,20,63,0.003927499999999734,True,True
P02_L300,P02,P02_L300_T001_A03,P02_L300_T001,4,24,77,0.00899735714285762,True,True
P02_L300,P02,P02_L300_T001_A03,P02_L300_T001,5,30,96,0.0022296428571433324,True,True
P02_L300,P02,P02_L300_T001_A03,P02_L300_T001,6,35,107,0.011701285714286032,True,True
P02_L300,P02,P02_L300_T001_A03,P02_L300_T001,7,36,108,0.005824999999999778,True,True
P02_L300,P02,P02_L300_T001_A03,P02_L300_T001,8,40,121,0.013344285714285618,True,True
P02_L300,P02,P02_L300_T001_A03,P02_L300_T001,9,43,128,0.006642857142857045,True,True
P02_L300,P02,P02_L300_T001_A03,P02_L300_T001,10,47,146,0.015217928571428388,True,True
P02_L300,P02,P02_L300_T001_A04,P02_L300_T001,1,10,34,0.006918285714285765,False,True
P02_L300,P02,P02_L300_T001_A04,P02_L300_T001,2,14,44,0.015848857142857536,False,True
P02_L300,P02,P02_L300_T001_A04,P02_L300_T001,3,16,54,0.007889642857142727,True,True
P02_L300,P02,P02_L300_T001_A04,P02_L300_T001,4,20,68,0.018074142857143243,True,True
P02_L300,P02,P02_L300_T001_A04,P02_L300_T001,5,21,75,0.008997428571428616,True,True
P02_L300,P02,P02_L300_T001_A04,P02_L300_T001,6,25,86,0.020611928571429013,True,True
P02_L300,P02,P02_L300_T001_A04,P02_L300_T001,7,26,87,0.010260714285714732,True,True
P02_L300,P02,P02_L300_T001_A04,P02_L300_T001,8,30,104,0.02350592857142833,True,True
P02_L300,P02,P02_L300_T001_A04,P02_L300_T001,9,38,140,0.005824999999999778,True,True
P02_L300,P02,P02_L300_T001_A04,P02_L300_T001,10,44,158,0.030570000000000395,True,True
P02_L300,P02,P02_L300_T002_A01,P02_L300_T002,1,11,41,0.003443928571428278,False,True
P02_L300,P02,P02_L300_T002_A01,P02_L300_T002,2,15,57,0.007889571428571733,False,True
P02_L300,P02,P02_L300_T002_A01,P02_L300_T002,3,17,66,0.003927499999999734,False,True
P02_L300,P02,P02_L300_T002_A01,P02_L300_T002,4,22,93,0.02061178571428544,True,True
P02_L300,P02,P02_L300_T002_A01,P02_L300_T002,5,31,132,0.0025427142857145247,True,True
P02_L300,P02,P02_L300_T002_A01,P02_L300_T002,6,38,153,0.013344285714285618,True,True
P02_L300,P02,P02_L300_T002_A01,P02_L300_T002,7,43,164,0.0033068571428572302,True,True
P02_L300,P02,P02_L300_T002_A01,P02_L300_T002,8,48,187,0.01735464285714329,True,True
P02_L300,P02,P02_L300_T002_A01,P02_L300_T002,9,54,200,0.004300642857142854,True,True
P02_L300,P02,P02_L300_T002_A01,P02_L300_T002,10,58,204,0.009852214285714445,True,True
P02_L300,P02,P02_L300_T002_A01,P02_L300_T002,11,63,209,0.002441499999999985,True,True
P02_L300,P02,P02_L300_T002_A02,P02_L300_T002,1,8,30,0.006918285714285765,False,True
P02_L300,P02,P02_L300_T002_A02,P02_L300_T002,2,12,62,0.015848857142857536,False,True
P02_L300,P02,P02_L300_T002_A02,P02_L300_T002,3,15,76,0.007889642857142727,True,True
P02_L300,P02,P02_L300_T002_A02,P02_L300_T002,4,19,88,0.018074142857143243,True,True
P02_L300,P02,P02_L300_T002_A02,P02_L300_T002,5,24,101,0.00447900000000009,True,True
P02_L300,P02,P02_L300_T002_A02,P02_L300_T002,6,29,123,0.023506071428571907,True,True
P02_L300,P02,P02_L300_T002_A02,P02_L300_T002,7,35,136,0.005825071428571566,True,True
P02_L300,P02,P02_L300_T002_A02,P02_L300_T002,8,39,155,0.013344500000000186,True,True
P02_L300,P02,P02_L300_T002_A02,P02_L300_T002,9,43,184,0.006642999999999827,True,True
P02_L300,P02,P02_L300_T002_A02,P02_L300_T002,10,47,197,0.015218214285714744,True,True
P02_L300,P02,P02_L300_T002_A03,P02_L300_T002,1,5,21,0.036307785714286195,False,True
P02_L300,P02,P02_L300_T002_A03,P02_L300_T002,2,9,31,0.08317635714285723,False,True
P02_L300,P02,P02_L300_T002_A03,P02_L300_T002,3,22,78,0.005107857142856918,True,True
P02_L300,P02,P02_L300_T002_A03,P02_L300_T002,4,26,103,0.011701428571428814,True,True
P02_L300,P02,P02_L300_T002_A03,P02_L300_T002,5,28,109,0.005825071428571566,True,True
P02_L300,P02,P02_L300_T002_A03,P02_L300_T002,6,32,120,0.013344500000000186,True,True
P02_L300,P02,P02_L300_T002_A03,P02_L300_T002,7,33,138,0.006642999999999827,True,True
P02_L300,P02,P02_L300_T002_A03,P02_L300_T002,8,37,151,0.015218214285714744,True,True
P02_L300,P02,P02_L300_T002_A03,P02_L300_T002,9,41,168,0.00757571428571405,True,True
P02_L300,P02,P02_L300_T002_A03,P02_L300_T002,10,45,192,0.017354928571428854,True,True
P02_L300,P02,P02_L300_T002_A04,P02_L300_T002,1,8,35,0.006918285714285765,False,True
P02_L300,P02,P02_L300_T002_A04,P02_L300_T002,2,12,48,0.015848857142857536,False,True
P02_L300,P02,P02_L300_T002_A04,P02_L300_T002,3,13,50,0.007889642857142727,True,True
P02_L300,P02,P02_L300_T002_A04,P02_L300_T002,4,20,72,0.041405500000000046,True,True
P02_L300,P02,P02_L300_T002_A04,P02_L300_T002,5,25,84,0.010260714285714732,True,True
P02_L300,P02,P02_L300_T002_A04,P02_L300_T002,6,29,112,0.02350592857142833,True,True
P02_L300,P02,P02_L300_T002_A04,P02_L300_T002,7,30,114,0.011701357142857026,True,True
P02_L300,P02,P02_L300_T002_A04,P02_L300_T002,8,38,137,0.06140964285714327,True,True
P02_L300,P02,P02_L300_T002_A04,P02_L300_T002,9,47,172,0.0075755714285712684,True,True
P02_L300,P02,P02_L300_T002_A04,P02_L300_T002,10,51,186,0.01735464285714329,True,True
P02_L300,P02,P02_L300_T003_A01,P02_L300_T003,1,11,36,0.003443928571428278,False,True
P02_L300,P02,P02_L300_T003_A01,P02_L300_T003,2,15,45,0.007889571428571733,False,True
P02_L300,P02,P02_L300_T003_A01,P02_L300_T003,3,17,63,0.003927499999999734,True,True
P02_L300,P02,P02_L300_T003_A01,P02_L300_T003,4,21,92,0.00899735714285762,True,True
P02_L300,P02,P02_L300_T003_A01,P02_L300_T003,5,28,113,0.0022296428571433324,True,True
P02_L300,P02,P02_L300_T003_A01,P02_L300_T003,6,34,139,0.011701285714286032,True,True
P02_L300,P02,P02_L300_T003_A01,P02_L300_T003,7,36,151,0.005824999999999778,True,True
P02_L300,P02,P02_L300_T003_A01,P02_L300_T003,8,40,159,0.013344285714285618,True,True
P02_L300,P02,P02_L300_T003_A01,P02_L300_T003,9,45,167,0.0033068571428572302,True,True
P02_L300,P02,P02_L300_T003_A01,P02_L300_T003,10,50,175,0.01735464285714329,True,True
P02_L300,P02,P02_L300_T003_A02,P02_L300_T003,1,7,28,0.006918285714285765,False,True
P02_L300,P02,P02_L300_T003_A02,P02_L300_T003,2,11,37,0.015848857142857536,False,True
P02_L300,P02,P02_L300_T003_A02,P02_L300_T003,3,16,56,0.003927499999999734,False,True
P02_L300,P02,P02_L300_T003_A02,P02_L300_T003,4,20,80,0.00899735714285762,True,True
P02_L300,P02,P02_L300_T003_A02,P02_L300_T003,5,21,81,0.004478928571428302,True,True
P02_L300,P02,P02_L300_T003_A02,P02_L300_T003,6,27,104,0.02350578571428555,True,True
P02_L300,P02,P02_L300_T003_A02,P02_L300_T003,7,35,143,0.005824999999999778,True,True
P02_L300,P02,P02_L300_T003_A02,P02_L300_T003,8,41,161,0.030570000000000395,True,True
P02_L300,P02,P02_L300_T003_A02,P02_L300_T003,9,52,185,0.0037711428571428137,True,True
P02_L300,P02,P02_L300_T003_A02,P02_L300_T003,10,57,190,0.01979128571428552,True,True
P02_L300,P02,P02_L300_T003_A02,P02_L300_T003,11,59,192,0.009852214285714445,True,True
P02_L300,P02,P02_L300_T003_A03,P02_L300_T003,1,7,19,0.006918285714285765,False,True
P02_L300,P02,P02_L300_T003_A03,P02_L300_T003,2,13,44,0.03630764285714262,False,True
P02_L300,P02,P02_L300_T003_A03,P02_L300_T003,3,20,64,0.008997428571428616,True,True
P02_L300,P02,P02_L300_T003_A03,P02_L300_T003,4,24,79,0.020611928571429013,True,True
P02_L300,P02,P02_L300_T003_A03,P02_L300_T003,5,25,87,0.010260714285714732,True,True
P02_L300,P02,P02_L300_T003_A03,P02_L300_T003,6,29,103,0.02350592857142833,True,True
P02_L300,P02,P02_L300_T003_A03,P02_L300_T003,7,30,108,0.011701357142857026,True,True
P02_L300,P02,P02_L300_T003_A03,P02_L300_T003,8,34,122,0.026806285714285415,True,True
P02_L300,P02,P02_L300_T003_A03,P02_L300_T003,9,36,127,0.013344357142857404,True,True
P02_L300,P02,P02_L300_T003_A03,P02_L300_T003,10,40,134,0.030570142857143177,True,True
P02_L300,P02,P02_L300_T003_A04,P02_L300_T003,1,7,48,0.006918285714285765,False,True
P02_L300,P02,P02_L300_T003_A04,P02_L300_T003,2,11,66,0.015848857142857536,False,True
P02_L300,P02,P02_L300_T003_A04,P02_L300_T003,3,16,72,0.003927499999999734,True,True
P02_L300,P02,P02_L300_T003_A04,P02_L300_T003,4,20,89,0.00899735714285762,True,True
P02_L300,P02,P02_L300_T003_A04,P02_L300_T003,5,24,105,0.004478928571428302,True,True
P02_L300,P02,P02_L300_T003_A04,P02_L300_T003,6,28,135,0.010260642857142946,True,True
P02_L300,P02,P02_L300_T003_A04,P02_L300_T003,7,30,138,0.005107785714285923,True,True
P02_L300,P02,P02_L300_T003_A04,P02_L300_T003,8,34,145,0.011701285714286032,True,True
P02_L300,P02,P02_L300_T003_A04,P02_L300_T003,9,35,146,0.005824999999999778,True,True
P02_L300,P02,P02_L300_T003_A04,P02_L300_T003,10,39,163,0.013344285714285618,True,True
P02_L300,P02,P02_L300_T004_A01,P02_L300_T004,1,9,15,0.006918285714285765,False,True
P02_L300,P02,P02_L300_T004_A01,P02_L300_T004,2,14,43,0.03630764285714262,False,True
P02_L300,P02,P02_L300_T004_A01,P02_L300_T004,3,22,69,0.008997428571428616,True,True
P02_L300,P02,P02_L300_T004_A01,P02_L300_T004,4,26,93,0.020611928571429013,True,True
P02_L300,P02,P02_L300_T004_A01,P02_L300_T004,5,27,95,0.010260714285714732,True,True
P02_L300,P02,P02_L300_T004_A01,P02_L300_T004,6,31,113,0.02350592857142833,True,True
P02_L300,P02,P02_L300_T004_A01,P02_L300_T004,7,33,117,0.011701357142857026,True,True
P02_L300,P02,P02_L300_T004_A01,P02_L300_T004,8,37,138,0.026806285714285415,True,True
P02_L300,P02,P02_L300_T004_A01,P02_L300_T004,9,38,144,0.013344357142857404,True,True
P02_L300,P02,P02_L300_T004_A01,P02_L300_T004,10,43,155,0.0700321428571428,True,True
P02_L300,P02,P02_L300_T004_A02,P02_L300_T004,1,12,45,0.003443928571428278,False,True
P02_L300,P02,P02_L300_T004_A02,P02_L300_T004,2,17,73,0.018073928571428675,False,True
P02_L300,P02,P02_L300_T004_A02,P02_L300_T004,3,22,114,0.004478928571428302,True,True
P02_L300,P02,P02_L300_T004_A02,P02_L300_T004,4,29,137,0.02350578571428555,True,True
P02_L300,P02,P02_L300_T004_A02,P02_L300_T004,5,37,174,0.005824999999999778,True,True
P02_L300,P02,P02_L300_T004_A02,P02_L300_T004,6,41,189,0.013344285714285618,True,True
P02_L300,P02,P02_L300_T004_A02,P02_L300_T004,7,42,190,0.006642857142857045,True,True
P02_L300,P02,P02_L300_T004_A02,P02_L300_T004,8,46,194,0.015217928571428388,True,True
P02_L300,P02,P02_L300_T004_A02,P02_L300_T004,9,51,199,0.0037711428571428137,True,True
P02_L300,P02,P02_L300_T004_A02,P02_L300_T004,10,59,207,0.01979128571428552,True,True
P02_L300,P02,P02_L300_T004_A03,P02_L300_T004,1,7,41,0.006918285714285765,False,True
P02_L300,P02,P02_L300_T004_A03,P02_L300_T004,2,11,65,0.015848857142857536,False,True
P02_L300,P02,P02_L300_T004_A03,P02_L300_T004,3,13,75,0.007889642857142727,True,True
P02_L300,P02,P02_L300_T004_A03,P02_L300_T004,4,18,90,0.041405500000000046,True,True
P02_L300,P02,P02_L300_T004_A03,P02_L300_T004,5,23,104,0.010260714285714732,True,True
P02_L300,P02,P02_L300_T004_A03,P02_L300_T004,6,28,118,0.05384900000000025,True,True
P02_L300,P02,P02_L300_T004_A03,P02_L300_T004,7,36,154,0.013344357142857404,True,True
P02_L300,P02,P02_L300_T004_A03,P02_L300_T004,8,40,166,0.030570142857143177,True,True
P02_L300,P02,P02_L300_T004_A03,P02_L300_T004,9,42,169,0.015218000000000174,True,True
P02_L300,P02,P02_L300_T004_A03,P02_L300_T004,10,46,181,0.034862428571428926,True,True
P02_L300,P02,P02_L300_T004_A04,P02_L300_T004,1,10,37,0.006918285714285765,False,True
P02_L300,P02,P02_L300_T004_A04,P02_L300_T004,2,14,49,0.015848857142857536,False,True
P02_L300,P02,P02_L300_T004_A04,P02_L300_T004,3,24,77,0.0019551428571430913,True,True
P02_L300,P02,P02_L300_T004_A04,P02_L300_T004,4,30,96,0.010260785714285727,True,True
P02_L300,P02,P02_L300_T004_A04,P02_L300_T004,5,32,98,0.005107857142856918,True,True
P02_L300,P02,P02_L300_T004_A04,P02_L300_T004,6,37,123,0.02680642857142899,True,True
P02_L300,P02,P02_L300_T004_A04,P02_L300_T004,7,42,147,0.006642928571428832,True,True
P02_L300,P02,P02_L300_T004_A04,P02_L300_T004,8,46,163,0.01521807142857117,True,True
P02_L300,P02,P02_L300_T004_A04,P02_L300_T004,9,49,173,0.007575642857143056,True,True
P02_L300,P02,P02_L300_T004_A04,P02_L300_T004,10,53,186,0.017354785714286072,True,True
P03_L010,P03,P03_L010_T001_A01,P03_L010_T001,1,10,18,0.0012079753086419586,False,True
P03_L010,P03,P03_L010_T001_A01,P03_L010_T001,2,14,54,0.0027673086419753045,False,True
P03_L010,P03,P03_L010_T001_A01,P03_L010_T001,3,15,57,0.0013775802469135885,True,True
P03_L010,P03,P03_L010_T001_A01,P03_L010_T001,4,19,71,0.003155851851851836,True,True
P03_L010,P03,P03_L010_T001_A01,P03_L010_T001,5,24,83,0.0007820493827160523,True,True
P03_L010,P03,P03_L010_T001_A01,P03_L010_T001,6,28,98,0.0017915679012345698,True,True
P03_L010,P03,P03_L010_T001_A01,P03_L010_T001,7,34,122,0.00044396296296297553,True,True
P03_L010,P03,P03_L010_T001_A01,P03_L010_T001,8,39,142,0.0023299506172839526,True,True
P03_L010,P03,P03_L010_T001_A01,P03_L010_T001,9,40,143,0.0011598641975308485,True,True
P03_L010,P03,P03_L010_T001_A01,P03_L010_T001,10,44,154,0.002657098765432092,True,True
P03_L010,P03,P03_L010_T001_A02,P03_L010_T001,1,10,37,0.0012079753086419586,False,True
P03_L010,P03,P03_L010_T001_A02,P03_L010_T001,2,14,53,0.0027673086419753045,False,True
P03_L010,P03,P03_L010_T001_A02,P03_L010_T001,3,17,63,0.0013775802469135885,True,True
P03_L010,P03,P03_L010_T001_A02,P03_L010_T001,4,21,90,0.003155851851851836,True,True
P03_L010,P03,P03_L010_T001_A02,P03_L010_T001,5,27,152,0.0007820493827160523,True,True
P03_L010,P03,P03_L010_T001_A02,P03_L010_T001,6,33,161,0.004104246913580227,True,True
P03_L010,P03,P03_L010_T001_A02,P03_L010_T001,7,39,167,0.001017074074074071,True,True
P03_L010,P03,P03_L010_T001_A02,P03_L010_T001,8,43,171,0.00232998765432097,True,True
P03_L010,P03,P03_L010_T001_A02,P03_L010_T001,9,44,172,0.0011598765432098885,True,True
P03_L010,P03,P03_L010_T001_A02,P03_L010_T001,10,48,176,0.0026571234567901035,True,True
P03_L010,P03,P03_L010_T001_A03,P03_L010_T001,1,12,40,0.0006013333333333344,False,True
P03_L010,P03,P03_L010_T001_A03,P03_L010_T001,2,16,55,0.0013775802469135885,False,True
P03_L010,P03,P03_L010_T001_A03,P03_L010_T001,3,19,89,0.0006857654320987683,True,True
P03_L010,P03,P03_L010_T001_A03,P03_L010_T001,4,23,100,0.0015710000000000053,True,True
P03_L010,P03,P03_L010_T001_A03,P03_L010_T001,5,25,105,0.0007820493827160523,True,True
P03_L010,P03,P03_L010_T001_A03,P03_L010_T001,6,29,115,0.0017915679012345698,True,True
P03_L010,P03,P03_L010_T001_A03,P03_L010_T001,7,30,120,0.0008918518518518323,True,True
P03_L010,P03,P03_L010_T001_A03,P03_L010_T001,8,34,132,0.002043111111111116,True,True
P03_L010,P03,P03_L010_T001_A03,P03_L010_T001,9,37,139,0.001017074074074071,True,True
P03_L010,P03,P03_L010_T001_A03,P03_L010_T001,10,41,149,0.00232998765432097,True,True
P03_L010,P03,P03_L010_T001_A04,P03_L010_T001,1,9,47,0.0012079753086419586,False,True
P03_L010,P03,P03_L010_T001_A04,P03_L010_T001,2,13,60,0.0027673086419753045,False,True
P03_L010,P03,P03_L010_T001_A04,P03_L010_T001,3,19,74,0.0006857654320987683,True,True
P03_L010,P03,P03_L010_T001_A04,P03_L010_T001,4,23,87,0.0015710000000000053,True,True
P03_L010,P03,P03_L010_T001_A04,P03_L010_T001,5,24,88,0.0007820493827160523,True,True
P03_L010,P03,P03_L010_T001_A04,P03_L010_T001,6,28,96,0.0017915679012345698,True,True
P03_L010,P03,P03_L010_T001_A04,P03_L010_T001,7,30,102,0.0008918518518518323,True,True
P03_L010,P03,P03_L010_T001_A04,P03_L010_T001,8,34,114,0.002043111111111116,True,True
P03_L010,P03,P03_L010_T001_A04,P03_L010_T001,9,35,119,0.001017074074074071,True,True
P03_L010,P03,P03_L010_T001_A04,P03_L010_T001,10,39,133,0.00232998765432097,True,True
P03_L010,P03,P03_L010_T002_A01,P03_L010_T002,1,16,94,0.0015710123456790113,False,True
P03_L010,P03,P03_L010_T002_A01,P03_L010_T002,2,20,104,0.0035989753086419687,False,True
P03_L010,P03,P03_L010_T002_A01,P03_L010_T002,3,22,110,0.0017915925925925814,False,True
P03_L010,P03,P03_L010_T002_A01,P03_L010_T002,4,26,127,0.004104296296296285,True,True
P03_L010,P03,P03_L010_T002_A01,P03_L010_T002,5,32,149,0.0010170864197530769,True,True
P03_L010,P03,P03_L010_T002_A01,P03_L010_T002,6,37,160,0.005337753086419744,True,True
P03_L010,P03,P03_L010_T002_A01,P03_L010_T002,7,45,183,0.0013227530864197336,True,True
P03_L010,P03,P03_L010_T002_A01,P03_L010_T002,8,49,187,0.0030302469135802448,True,True
P03_L010,P03,P03_L010_T002_A01,P03_L010_T002,9,54,194,0.0007509259259259316,True,True
P03_L010,P03,P03_L010_T002_A01,P03_L010_T002,10,62,211,0.003940913580246926,True,True
P03_L010,P03,P03_L010_T002_A01,P03_L010_T002,11,63,212,0.001961814814814812,True,True
P03_L010,P03,P03_L010_T002_A02,P03_L010_T002,1,14,41,0.0015710123456790113,False,True
P03_L010,P03,P03_L010_T002_A02,P03_L010_T002,2,18,48,0.0035989753086419687,False,True
P03_L010,P03,P03_L010_T002_A02,P03_L010_T002,3,19,49,0.0017915925925925814,True,True
P03_L010,P03,P03_L010_T002_A02,P03_L010_T002,4,23,60,0.004104296296296285,True,True
P03_L010,P03,P03_L010_T002_A02,P03_L010_T002,5,24,62,0.002043148148148134,True,True
P03_L010,P03,P03_L010_T002_A02,P03_L010_T002,6,28,84,0.004680580246913562,True,True
P03_L010,P03,P03_L010_T002_A02,P03_L010_T002,7,34,108,0.0011599012345679001,True,True
P03_L010,P03,P03_L010_T002_A02,P03_L010_T002,8,38,121,0.002657185185185167,True,True
P03_L010,P03,P03_L010_T002_A02,P03_L010_T002,9,40,129,0.0013227654320987737,True,True
P03_L010,P03,P03_L010_T002_A02,P03_L010_T002,10,44,142,0.0030302839506172966,True,True
P03_L010,P03,P03_L010_T002_A03,P03_L010_T002,1,20,93,0.000782061728395058,False,True
P03_L010,P03,P03_L010_T002_A03,P03_L010_T002,2,25,134,0.004104333333333337,False,True
P03_L010,P03,P03_L010_T002_A03,P03_L010_T002,3,31,155,0.0010170987654320829,True,True
P03_L010,P03,P03_L010_T002_A03,P03_L010_T002,4,35,164,0.0023300370370370276,True,True
P03_L010,P03,P03_L010_T002_A03,P03_L010_T002,5,36,166,0.0011599012345679001,True,True
P03_L010,P03,P03_L010_T002_A03,P03_L010_T002,6,40,177,0.002657185185185167,True,True
P03_L010,P03,P03_L010_T002_A03,P03_L010_T002,7,42,179,0.0013227654320987737,True,True
P03_L010,P03,P03_L010_T002_A03,P03_L010_T002,8,46,192,0.0030302839506172966,True,True
P03_L010,P03,P03_L010_T002_A03,P03_L010_T002,9,50,201,0.0015084938271605042,True,True
P03_L010,P03,P03_L010_T002_A03,P03_L010_T002,10,54,207,0.0034557654320987526,True,True
P03_L010,P03,P03_L010_T002_A04,P03_L010_T002,1,18,71,0.000782061728395058,False,True
P03_L010,P03,P03_L010_T002_A04,P03_L010_T002,2,22,82,0.0017916049382715874,False,True
P03_L010,P03,P03_L010_T002_A04,P03_L010_T002,3,23,83,0.0008918765432098782,True,True
P03_L010,P03,P03_L010_T002_A04,P03_L010_T002,4,27,92,0.0020431728395061796,True,True
P03_L010,P03,P03_L010_T002_A04,P03_L010_T002,5,29,98,0.0010170987654320829,True,True
P03_L010,P03,P03_L010_T002_A04,P03_L010_T002,6,33,113,0.0023300370370370276,True,True
P03_L010,P03,P03_L010_T002_A04,P03_L010_T002,7,38,126,0.000577407407407392,True,True
P03_L010,P03,P03_L010_T002_A04,P03_L010_T002,8,42,139,0.0013227654320987737,True,True
P03_L010,P03,P03_L010_T002_A04,P03_L010_T002,9,44,156,0.0006584814814814879,True,True
P03_L010,P03,P03_L010_T002_A04,P03_L010_T002,10,48,175,0.0015084938271605042,True,True
P03_L010,P03,P03_L010_T003_A01,P03_L010_T003,1,11,38,0.0012079753086419586,False,True
P03_L010,P03,P03_L010_T003_A01,P03_L010_T003,2,15,50,0.0027673086419753045,False,True
P03_L010,P03,P03_L010_T003_A01,P03_L010_T003,3,21,70,0.0006857654320987683,True,True
P03_L010,P03,P03_L010_T003_A01,P03_L010_T003,4,25,83,0.0015710000000000053,True,True
P03_L010,P03,P03_L010_T003_A01,P03_L010_T003,5,26,84,0.0007820493827160523,True,True
P03_L010,P03,P03_L010_T003_A01,P03_L010_T003,6,30,93,0.0017915679012345698,True,True
P03_L010,P03,P03_L010_T003_A01,P03_L010_T003,7,31,95,0.0008918518518518323,True,True
P03_L010,P03,P03_L010_T003_A01,P03_L010_T003,8,35,109,0.002043111111111116,True,True
P03_L010,P03,P03_L010_T003_A01,P03_L010_T003,9,36,115,0.001017074074074071,True,True
P03_L010,P03,P03_L010_T003_A01,P03_L010_T003,10,40,128,0.00232998765432097,True,True
P03_L010,P03,P03_L010_T003_A02,P03_L010_T003,1,9,35,0.0012079753086419586,False,True
P03_L010,P03,P03_L010_T003_A02,P03_L010_T003,2,13,51,0.0027673086419753045,False,True
P03_L010,P03,P03_L010_T003_A02,P03_L010_T003,3,15,61,0.0013775802469135885,True,True
P03_L010,P03,P03_L010_T003_A02,P03_L010_T003,4,19,90,0.003155851851851836,True,True
P03_L010,P03,P03_L010_T003_A02,P03_L010_T003,5,20,94,0.0015710000000000053,True,True
P03_L010,P03,P03_L010_T003_A02,P03_L010_T003,6,24,124,0.0035989506172839567,True,True
P03_L010,P03,P03_L010_T003_A02,P03_L010_T003,7,27,142,0.0017915802469135756,True,True
P03_L010,P03,P03_L010_T003_A02,P03_L010_T003,8,31,148,0.004104271604938273,True,True
P03_L010,P03,P03_L010_T003_A02,P03_L010_T003,9,32,149,0.0020431358024691278,True,True
P03_L010,P03,P03_L010_T003_A02,P03_L010_T003,10,36,157,0.004680555555555551,True,True
P03_L010,P03,P03_L010_T003_A03,P03_L010_T003,1,12,45,0.0006013333333333344,False,True
P03_L010,P03,P03_L010_T003_A03,P03_L010_T003,2,16,57,0.0013775802469135885,False,True
P03_L010,P03,P03_L010_T003_A03,P03_L010_T003,3,19,73,0.0006857654320987683,True,True
P03_L010,P03,P03_L010_T003_A03,P03_L010_T003,4,23,79,0.0015710000000000053,True,True
P03_L010,P03,P03_L010_T003_A03,P03_L010_T003,5,26,86,0.0007820493827160523,True,True
P03_L010,P03,P03_L010_T003_A03,P03_L010_T003,6,30,105,0.0017915679012345698,True,True
P03_L010,P03,P03_L010_T003_A03,P03_L010_T003,7,31,106,0.0008918518518518323,True,True
P03_L010,P03,P03_L010_T003_A03,P03_L010_T003,8,35,114,0.002043111111111116,True,True
P03_L010,P03,P03_L010_T003_A03,P03_L010_T003,9,36,121,0.001017074074074071,True,True
P03_L010,P03,P03_L010_T003_A03,P03_L010_T003,10,40,133,0.00232998765432097,True,True
P03_L010,P03,P03_L010_T003_A04,P03_L010_T003,1,8,33,0.0012079753086419586,False,True
P03_L010,P03,P03_L010_T003_A04,P03_L010_T003,2,12,55,0.0027673086419753045,False,True
P03_L010,P03,P03_L010_T003_A04,P03_L010_T003,3,18,97,0.0006857654320987683,False,True
P03_L010,P03,P03_L010_T003_A04,P03_L010_T003,4,22,103,0.0015710000000000053,True,True
P03_L010,P03,P03_L010_T003_A04,P03_L010_T003,5,23,111,0.0007820493827160523,True,True
P03_L010,P03,P03_L010_T003_A04,P03_L010_T003,6,27,131,0.0017915679012345698,True,True
P03_L010,P03,P03_L010_T003_A04,P03_L010_T003,7,28,134,0.0008918518518518323,True,True
P03_L010,P03,P03_L010_T003_A04,P03_L010_T003,8,34,143,0.004680493827160487,True,True
P03_L010,P03,P03_L010_T003_A04,P03_L010_T003,9,40,160,0.0011598765432098885,True,True
P03_L010,P03,P03_L010_T003_A04,P03_L010_T003,10,44,164,0.0026571234567901035,True,True
P03_L010,P03,P03_L010_T003_A04,P03_L010_T003,11,46,166,0.001322728395061722,True,True
P03_L010,P03,P03_L010_T004_A01,P03_L010_T004,1,12,56,0.0006013333333333344,False,True
P03_L010,P03,P03_L010_T004_A01,P03_L010_T004,2,17,68,0.003155851851851836,False,True
P03_L010,P03,P03_L010_T004_A01,P03_L010_T004,3,25,99,0.0007820493827160523,True,True
P03_L010,P03,P03_L010_T004_A01,P03_L010_T004,4,33,135,0.004104246913580227,True,True
P03_L010,P03,P03_L010_T004_A01,P03_L010_T004,5,36,150,0.0020431234567901218,True,True
P03_L010,P03,P03_L010_T004_A01,P03_L010_T004,6,40,161,0.004680530864197539,True,True
P03_L010,P03,P03_L010_T004_A01,P03_L010_T004,7,41,162,0.0023300000000000104,True,True
P03_L010,P03,P03_L010_T004_A01,P03_L010_T004,8,45,178,0.005337716049382727,True,True
P03_L010,P03,P03_L010_T004_A01,P03_L010_T004,9,48,185,0.0026571481481481494,True,True
P03_L010,P03,P03_L010_T004_A01,P03_L010_T004,10,55,195,0.013944901234567899,True,True
P03_L010,P03,P03_L010_T004_A02,P03_L010_T004,1,12,46,0.0006013333333333344,False,True
P03_L010,P03,P03_L010_T004_A02,P03_L010_T004,2,19,104,0.003155851851851836,False,True
P03_L010,P03,P03_L010_T004_A02,P03_L010_T004,3,25,124,0.0007820493827160523,False,True
P03_L010,P03,P03_L010_T004_A02,P03_L010_T004,4,29,133,0.0017915679012345698,True,True
P03_L010,P03,P03_L010_T004_A02,P03_L010_T004,5,31,137,0.0008918518518518323,True,True
P03_L010,P03,P03_L010_T004_A02,P03_L010_T004,6,35,146,0.002043111111111116,True,True
P03_L010,P03,P03_L010_T004_A02,P03_L010_T004,7,39,153,0.001017074074074071,True,True
P03_L010,P03,P03_L010_T004_A02,P03_L010_T004,8,43,166,0.00232998765432097,True,True
P03_L010,P03,P03_L010_T004_A02,P03_L010_T004,9,46,172,0.0011598765432098885,True,True
P03_L010,P03,P03_L010_T004_A02,P03_L010_T004,10,50,186,0.0026571234567901035,True,True
P03_L010,P03,P03_L010_T004_A02,P03_L010_T004,11,51,189,0.001322728395061722,True,True
P03_L010,P03,P03_L010_T004_A03,P03_L010_T004,1,11,54,0.0012079753086419586,False,True
P03_L010,P03,P03_L010_T004_A03,P03_L010_T004,2,16,73,0.006339543209876524,False,True
P03_L010,P03,P03_L010_T004_A03,P03_L010_T004,3,24,96,0.0015710123456790113,True,True
P03_L010,P03,P03_L010_T004_A03,P03_L010_T004,4,28,114,0.0035989753086419687,True,True
P03_L010,P03,P03_L010_T004_A03,P03_L010_T004,5,33,129,0.0008918641975308723,True,True
P03_L010,P03,P03_L010_T004_A03,P03_L010_T004,6,37,138,0.002043148148148134,True,True
P03_L010,P03,P03_L010_T004_A03,P03_L010_T004,7,38,139,0.0010170864197530769,True,True
P03_L010,P03,P03_L010_T004_A03,P03_L010_T004,8,42,158,0.002330012345679016,True,True
P03_L010,P03,P03_L010_T004_A03,P03_L010_T004,9,46,170,0.0011598888888888943,True,True
P03_L010,P03,P03_L010_T004_A03,P03_L010_T004,10,50,179,0.0026571481481481494,True,True
P03_L010,P03,P03_L010_T004_A04,P03_L010_T004,1,12,36,0.0006013333333333344,False,True
P03_L010,P03,P03_L010_T004_A04,P03_L010_T004,2,16,45,0.0013775802469135885,False,True
P03_L010,P03,P03_L010_T004_A04,P03_L010_T004,3,17,47,0.0006857654320987683,True,True
P03_L010,P03,P03_L010_T004_A04,P03_L010_T004,4,21,62,0.0015710000000000053,True,True
P03_L010,P03,P03_L010_T004_A04,P03_L010_T004,5,22,65,0.0007820493827160523,True,True
P03_L010,P03,P03_L010_T004_A04,P03_L010_T004,6,26,72,0.0017915679012345698,True,True
P03_L010,P03,P03_L010_T004_A04,P03_L010_T004,7,27,75,0.0008918518518518323,True,True
P03_L010,P03,P03_L010_T004_A04,P03_L010_T004,8,31,95,0.002043111111111116,True,True
P03_L010,P03,P03_L010_T004_A04,P03_L010_T004,9,32,98,0.001017074074074071,True,True
P03_L010,P03,P03_L010_T004_A04,P03_L010_T004,10,36,105,0.00232998765432097,True,True
P03_L010,P03,P03_L010_T005_A01,P03_L010_T005,1,9,26,0.0012079753086419586,False,True
P03_L010,P03,P03_L010_T005_A01,P03_L010_T005,2,13,37,0.0027673086419753045,False,True
P03_L010,P03,P03_L010_T005_A01,P03_L010_T005,3,15,39,0.0013775802469135885,True,True
P03_L010,P03,P03_L010_T005_A01,P03_L010_T005,4,19,46,0.003155851851851836,True,True
P03_L010,P03,P03_L010_T005_A01,P03_L010_T005,5,21,53,0.0015710000000000053,True,True
P03_L010,P03,P03_L010_T005_A01,P03_L010_T005,6,25,64,0.0035989506172839567,True,True
P03_L010,P03,P03_L010_T005_A01,P03_L010_T005,7,29,77,0.0017915802469135756,True,True
P03_L010,P03,P03_L010_T005_A01,P03_L010_T005,8,33,103,0.004104271604938273,True,True
P03_L010,P03,P03_L010_T005_A01,P03_L010_T005,9,36,107,0.0020431358024691278,True,True
P03_L010,P03,P03_L010_T005_A01,P03_L010_T005,10,40,121,0.004680555555555551,True,True
P03_L010,P03,P03_L010_T005_A02,P03_L010_T005,1,13,57,0.0006013333333333344,False,True
P03_L010,P03,P03_L010_T005_A02,P03_L010_T005,2,17,81,0.0013775802469135885,False,True
P03_L010,P03,P03_L010_T005_A02,P03_L010_T005,3,18,82,0.0006857654320987683,True,True
P03_L010,P03,P03_L010_T005_A02,P03_L010_T005,4,22,90,0.0015710000000000053,True,True
P03_L010,P03,P03_L010_T005_A02,P03_L010_T005,5,23,91,0.0007820493827160523,True,True
P03_L010,P03,P03_L010_T005_A02,P03_L010_T005,6,27,98,0.0017915679012345698,True,True
P03_L010,P03,P03_L010_T005_A02,P03_L010_T005,7,30,111,0.0008918518518518323,True,True
P03_L010,P03,P03_L010_T005_A02,P03_L010_T005,8,34,133,0.002043111111111116,True,True
P03_L010,P03,P03_L010_T005_A02,P03_L010_T005,9,37,142,0.001017074074074071,True,True
P03_L010,P03,P03_L010_T005_A02,P03_L010_T005,10,41,163,0.00232998765432097,True,True
P03_L010,P03,P03_L010_T005_A03,P03_L010_T005,1,8,28,0.0012079753086419586,False,True
P03_L010,P03,P03_L010_T005_A03,P03_L010_T005,2,12,62,0.0027673086419753045,False,True
P03_L010,P03,P03_L010_T005_A03,P03_L010_T005,3,20,95,0.0006857654320987683,True,True
P03_L010,P03,P03_L010_T005_A03,P03_L010_T005,4,27,117,0.0035989506172839567,True,True
P03_L010,P03,P03_L010_T005_A03,P03_L010_T005,5,35,139,0.0008918641975308723,True,True
P03_L010,P03,P03_L010_T005_A03,P03_L010_T005,6,39,145,0.002043148148148134,True,True
P03_L010,P03,P03_L010_T005_A03,P03_L010_T005,7,45,159,0.0005063086419752979,True,True
P03_L010,P03,P03_L010_T005_A03,P03_L010_T005,8,50,180,0.0026571481481481494,True,True
P03_L010,P03,P03_L010_T005_A03,P03_L010_T005,9,53,183,0.0013227407407407279,True,True
P03_L010,P03,P03_L010_T005_A03,P03_L010_T005,10,57,187,0.003030222222222233,True,True
P03_L010,P03,P03_L010_T005_A04,P03_L010_T005,1,8,50,0.0012079753086419586,False,True
P03_L010,P03,P03_L010_T005_A04,P03_L010_T005,2,12,60,0.0027673086419753045,False,True
P03_L010,P03,P03_L010_T005_A04,P03_L010_T005,3,17,79,0.0006857654320987683,True,True
P03_L010,P03,P03_L010_T005_A04,P03_L010_T005,4,21,110,0.0015710000000000053,True,True
P03_L010,P03,P03_L010_T005_A04,P03_L010_T005,5,22,120,0.0007820493827160523,True,True
P03_L010,P03,P03_L010_T005_A04,P03_L010_T005,6,27,140,0.004104246913580227,True,True
P03_L010,P03,P03_L010_T005_A04,P03_L010_T005,7,33,156,0.001017074074074071,True,True
P03_L010,P03,P03_L010_T005_A04,P03_L010_T005,8,37,167,0.00232998765432097,True,True
P03_L010,P03,P03_L010_T005_A04,P03_L010_T005,9,40,170,0.0011598765432098885,True,True
P03_L010,P03,P03_L010_T005_A04,P03_L010_T005,10,44,177,0.0026571234567901035,True,True
P03_L010,P03,P03_L010_T006_A01,P03_L010_T006,1,9,32,0.0012079753086419586,False,True
P03_L010,P03,P03_L010_T006_A01,P03_L010_T006,2,13,49,0.0027673086419753045,False,True
P03_L010,P03,P03_L010_T006_A01,P03_L010_T006,3,19,66,0.0006857654320987683,True,True
P03_L010,P03,P03_L010_T006_A01,P03_L010_T006,4,23,81,0.0015710000000000053,True,True
P03_L010,P03,P03_L010_T006_A01,P03_L010_T006,5,24,85,0.0007820493827160523,True,True
P03_L010,P03,P03_L010_T006_A01,P03_L010_T006,6,28,93,0.0017915679012345698,True,True
P03_L010,P03,P03_L010_T006_A01,P03_L010_T006,7,32,107,0.0008918518518518323,True,True
P03_L010,P03,P03_L010_T006_A01,P03_L010_T006,8,36,124,0.002043111111111116,True,True
P03_L010,P03,P03_L010_T006_A01,P03_L010_T006,9,41,136,0.0005063086419752979,True,True
P03_L010,P03,P03_L010_T006_A01,P03_L010_T006,10,48,154,0.0026571481481481494,True,True
P03_L010,P03,P03_L010_T006_A02,P03_L010_T006,1,11,48,0.0012079753086419586,False,True
P03_L010,P03,P03_L010_T006_A02,P03_L010_T006,2,15,59,0.0027673086419753045,False,True
P03_L010,P03,P03_L010_T006_A02,P03_L010_T006,3,21,84,0.0006857654320987683,True,True
P03_L010,P03,P03_L010_T006_A02,P03_L010_T006,4,25,105,0.0015710000000000053,True,True
P03_L010,P03,P03_L010_T006_A02,P03_L010_T006,5,26,106,0.0007820493827160523,True,True
P03_L010,P03,P03_L010_T006_A02,P03_L010_T006,6,30,130,0.0017915679012345698,True,True
P03_L010,P03,P03_L010_T006_A02,P03_L010_T006,7,31,132,0.0008918518518518323,True,True
P03_L010,P03,P03_L010_T006_A02,P03_L010_T006,8,35,150,0.002043111111111116,True,True
P03_L010,P03,P03_L010_T006_A02,P03_L010_T006,9,39,163,0.001017074074074071,True,True
P03_L010,P03,P03_L010_T006_A02,P03_L010_T006,10,43,169,0.00232998765432097,True,True
P03_L010,P03,P03_L010_T006_A03,P03_L010_T006,1,12,47,0.0006013333333333344,False,True
P03_L010,P03,P03_L010_T006_A03,P03_L010_T006,2,17,64,0.003155851851851836,False,True
P03_L010,P03,P03_L010_T006_A03,P03_L010_T006,3,18,70,0.0015710000000000053,True,True
P03_L010,P03,P03_L010_T006_A03,P03_L010_T006,4,22,88,0.0035989506172839567,True,True
P03_L010,P03,P03_L010_T006_A03,P03_L010_T006,5,23,94,0.0017915802469135756,True,True
P03_L010,P03,P03_L010_T006_A03,P03_L010_T006,6,27,108,0.004104271604938273,True,True
P03_L010,P03,P03_L010_T006_A03,P03_L010_T006,7,32,140,0.0010170864197530769,True,True
P03_L010,P03,P03_L010_T006_A03,P03_L010_T006,8,36,153,0.002330012345679016,True,True
P03_L010,P03,P03_L010_T006_A03,P03_L010_T006,9,37,158,0.0011598888888888943,True,True
P03_L010,P03,P03_L010_T006_A03,P03_L010_T006,10,43,173,0.006087172839506175,True,True
P03_L010,P03,P03_L010_T006_A04,P03_L010_T006,1,8,20,0.0012079753086419586,False,True
P03_L010,P03,P03_L010_T006_A04,P03_L010_T006,2,12,40,0.0027673086419753045,False,True
P03_L010,P03,P03_L010_T006_A04,P03_L010_T006,3,17,74,0.0006857654320987683,True,True
P03_L010,P03,P03_L010_T006_A04,P03_L010_T006,4,21,89,0.0015710000000000053,True,True
P03_L010,P03,P03_L010_T006_A04,P03_L010_T006,5,22,91,0.0007820493827160523,True,True
P03_L010,P03,P03_L010_T006_A04,P03_L010_T006,6,26,114,0.0017915679012345698,True,True
P03_L010,P03,P03_L010_T006_A04,P03_L010_T006,7,27,116,0.0008918518518518323,True,True
P03_L010,P03,P03_L010_T006_A04,P03_L010_T006,8,31,126,0.002043111111111116,True,True
P03_L010,P03,P03_L010_T006_A04,P03_L010_T006,9,32,128,0.001017074074074071,True,True
P03_L010,P03,P03_L010_T006_A04,P03_L010_T006,10,36,161,0.00232998765432097,True,True
P03_L010,P03,P03_L010_T007_A01,P03_L010_T007,1,8,20,0.0012079753086419586,False,True
P03_L010,P03,P03_L010_T007_A01,P03_L010_T007,2,12,30,0.0027673086419753045,False,True
P03_L010,P03,P03_L010_T007_A01,P03_L010_T007,3,18,46,0.0006857654320987683,True,True
P03_L010,P03,P03_L010_T007_A01,P03_L010_T007,4,22,71,0.0015710000000000053,True,True
P03_L010,P03,P03_L010_T007_A01,P03_L010_T007,5,27,105,0.00038930864197530527,True,True
P03_L010,P03,P03_L010_T007_A01,P03_L010_T007,6,32,130,0.002043111111111116,True,True
P03_L010,P03,P03_L010_T007_A01,P03_L010_T007,7,33,132,0.001017074074074071,True,True
P03_L010,P03,P03_L010_T007_A01,P03_L010_T007,8,37,141,0.00232998765432097,True,True
P03_L010,P03,P03_L010_T007_A01,P03_L010_T007,9,39,144,0.0011598765432098885,True,True
P03_L010,P03,P03_L010_T007_A01,P03_L010_T007,10,43,155,0.0026571234567901035,True,True
P03_L010,P03,P03_L010_T007_A02,P03_L010_T007,1,9,35,0.0012079753086419586,False,True
P03_L010,P03,P03_L010_T007_A02,P03_L010_T007,2,13,44,0.0027673086419753045,False,True
P03_L010,P03,P03_L010_T007_A02,P03_L010_T007,3,15,50,0.0013775802469135885,True,True
P03_L010,P03,P03_L010_T007_A02,P03_L010_T007,4,19,74,0.003155851851851836,True,True
P03_L010,P03,P03_L010_T007_A02,P03_L010_T007,5,26,87,0.0007820493827160523,True,True
P03_L010,P03,P03_L010_T007_A02,P03_L010_T007,6,30,97,0.0017915679012345698,True,True
P03_L010,P03,P03_L010_T007_A02,P03_L010_T007,7,31,98,0.0008918518518518323,True,True
P03_L010,P03,P03_L010_T007_A02,P03_L010_T007,8,35,110,0.002043111111111116,True,True
P03_L010,P03,P03_L010_T007_A02,P03_L010_T007,9,37,124,0.001017074074074071,True,True
P03_L010,P03,P03_L010_T007_A02,P03_L010_T007,10,41,138,0.00232998765432097,True,True
P03_L010,P03,P03_L010_T007_A03,P03_L010_T007,1,10,64,0.0012079753086419586,False,True
P03_L010,P03,P03_L010_T007_A03,P03_L010_T007,2,14,80,0.0027673086419753045,False,True
P03_L010,P03,P03_L010_T007_A03,P03_L010_T007,3,17,88,0.0013775802469135885,True,True
P03_L010,P03,P03_L010_T007_A03,P03_L010_T007,4,23,113,0.007229641975308635,True,True
P03_L010,P03,P03_L010_T007_A03,P03_L010_T007,5,33,159,0.0008918641975308723,True,True
P03_L010,P03,P03_L010_T007_A03,P03_L010_T007,6,39,170,0.004680580246913562,True,True
P03_L010,P03,P03_L010_T007_A03,P03_L010_T007,7,43,175,0.002330024691358022,True,True
P03_L010,P03,P03_L010_T007_A03,P03_L010_T007,8,48,185,0.012228148148148137,True,True
P03_L010,P03,P03_L010_T007_A03,P03_L010_T007,9,58,195,0.0015084814814814642,True,True
P03_L010,P03,P03_L010_T007_A03,P03_L010_T007,10,63,200,0.007916617283950628,True,True
P03_L010,P03,P03_L010_T007_A04,P03_L010_T007,1,7,27,0.0027673209876543105,False,True
P03_L010,P03,P03_L010_T007_A04,P03_L010_T007,2,11,45,0.00633956790123457,False,True
P03_L010,P03,P03_L010_T007_A04,P03_L010_T007,3,20,66,0.000782061728395058,True,True
P03_L010,P03,P03_L010_T007_A04,P03_L010_T007,4,28,116,0.004104333333333337,True,True
P03_L010,P03,P03_L010_T007_A04,P03_L010_T007,5,33,127,0.0010170987654320829,True,True
P03_L010,P03,P03_L010_T007_A04,P03_L010_T007,6,37,147,0.0023300370370370276,True,True
P03_L010,P03,P03_L010_T007_A04,P03_L010_T007,7,38,148,0.0011599012345679001,True,True
P03_L010,P03,P03_L010_T007_A04,P03_L010_T007,8,42,161,0.002657185185185167,True,True
P03_L010,P03,P03_L010_T007_A04,P03_L010_T007,9,44,168,0.0013227654320987737,True,True
P03_L010,P03,P03_L010_T007_A04,P03_L010_T007,10,49,180,0.006941975308641961,True,True
P03_L010,P03,P03_L010_T008_A01,P03_L010_T008,1,11,52,0.0012079753086419586,False,True
P03_L010,P03,P03_L010_T008_A01,P03_L010_T008,2,15,64,0.0027673086419753045,False,True
P03_L010,P03,P03_L010_T008_A01,P03_L010_T008,3,21,89,0.0006857654320987683,True,True
P03_L010,P03,P03_L010_T008_A01,P03_L010_T008,4,25,114,0.0015710000000000053,True,True
P03_L010,P03,P03_L010_T008_A01,P03_L010_T008,5,27,125,0.0007820493827160523,True,True
P03_L010,P03,P03_L010_T008_A01,P03_L010_T008,6,31,143,0.0017915679012345698,True,True
P03_L010,P03,P03_L010_T008_A01,P03_L010_T008,7,34,150,0.0008918518518518323,True,True
P03_L010,P03,P03_L010_T008_A01,P03_L010_T008,8,38,155,0.002043111111111116,True,True
P03_L010,P03,P03_L010_T008_A01,P03_L010_T008,9,40,161,0.001017074074074071,True,True
P03_L010,P03,P03_L010_T008_A01,P03_L010_T008,10,44,170,0.00232998765432097,True,True
P03_L010,P03,P03_L010_T008_A02,P03_L010_T008,1,8,32,0.0012079753086419586,False,True
P03_L010,P03,P03_L010_T008_A02,P03_L010_T008,2,12,45,0.0027673086419753045,False,True
P03_L010,P03,P03_L010_T008_A02,P03_L010_T008,3,13,46,0.0013775802469135885,True,True
P03_L010,P03,P03_L010_T008_A02,P03_L010_T008,4,17,72,0.003155851851851836,True,True
P03_L010,P03,P03_L010_T008_A02,P03_L010_T008,5,19,81,0.0015710000000000053,True,True
P03_L010,P03,P03_L010_T008_A02,P03_L010_T008,6,23,96,0.0035989506172839567,True,True
P03_L010,P03,P03_L010_T008_A02,P03_L010_T008,7,30,123,0.0008918641975308723,True,True
P03_L010,P03,P03_L010_T008_A02,P03_L010_T008,8,34,128,0.002043148148148134,True,True
P03_L010,P03,P03_L010_T008_A02,P03_L010_T008,9,39,138,0.0005063086419752979,True,True
P03_L010,P03,P03_L010_T008_A02,P03_L010_T008,10,43,158,0.0011598888888888943,True,True
P03_L010,P03,P03_L010_T008_A03,P03_L010_T008,1,9,36,0.0012079753086419586,False,True
P03_L010,P03,P03_L010_T008_A03,P03_L010_T008,2,13,50,0.0027673086419753045,False,True
P03_L010,P03,P03_L010_T008_A03,P03_L010_T008,3,19,68,0.0006857654320987683,True,True
P03_L010,P03,P03_L010_T008_A03,P03_L010_T008,4,23,83,0.0015710000000000053,True,True
P03_L010,P03,P03_L010_T008_A03,P03_L010_T008,5,24,87,0.0007820493827160523,True,True
P03_L010,P03,P03_L010_T008_A03,P03_L010_T008,6,28,103,0.0017915679012345698,True,True
P03_L010,P03,P03_L010_T008_A03,P03_L010_T008,7,29,104,0.0008918518518518323,True,True
P03_L010,P03,P03_L010_T008_A03,P03_L010_T008,8,34,118,0.004680493827160487,True,True
P03_L010,P03,P03_L010_T008_A03,P03_L010_T008,9,36,120,0.002329975308641964,True,True
P03_L010,P03,P03_L010_T008_A03,P03_L010_T008,10,40,139,0.005337666666666669,True,True
P03_L010,P03,P03_L010_T008_A04,P03_L010_T008,1,10,37,0.0012079753086419586,False,True
P03_L010,P03,P03_L010_T008_A04,P03_L010_T008,2,14,49,0.0027673086419753045,False,True
P03_L010,P03,P03_L010_T008_A04,P03_L010_T008,3,20,73,0.0006857654320987683,True,True
P03_L010,P03,P03_L010_T008_A04,P03_L010_T008,4,24,90,0.0015710000000000053,True,True
P03_L010,P03,P03_L010_T008_A04,P03_L010_T008,5,25,93,0.0007820493827160523,True,True
P03_L010,P03,P03_L010_T008_A04,P03_L010_T008,6,29,111,0.0017915679012345698,True,True
P03_L010,P03,P03_L010_T008_A04,P03_L010_T008,7,30,115,0.0008918518518518323,True,True
P03_L010,P03,P03_L010_T008_A04,P03_L010_T008,8,34,145,0.002043111111111116,True,True
P03_L010,P03,P03_L010_T008_A04,P03_L010_T008,9,36,157,0.001017074074074071,True,True
P03_L010,P03,P03_L010_T008_A04,P03_L010_T008,10,40,168,0.00232998765432097,True,True
P03_L049,P03,P03_L049_T001_A01,P03_L049_T001,1,12,72,0.0015033442622950494,False,True
P03_L049,P03,P03_L049_T001_A01,P03_L049_T001,2,16,85,0.0034439672131147594,False,True
P03_L049,P03,P03_L049_T001_A01,P03_L049_T001,3,21,103,0.0008534590163934049,True,True
P03_L049,P03,P03_L049_T001_A01,P03_L049_T001,4,25,134,0.001955163934426167,True,True
P03_L049,P03,P03_L049_T001_A01,P03_L049_T001,5,29,146,0.0009732950819671632,True,True
P03_L049,P03,P03_L049_T001_A01,P03_L049_T001,6,36,165,0.005107918032786863,True,True
P03_L049,P03,P03_L049_T001_A01,P03_L049_T001,7,42,187,0.0012658032786884864,True,True
P03_L049,P03,P03_L049_T001_A01,P03_L049_T001,8,46,191,0.0028997868852458654,True,True
P03_L049,P03,P03_L049_T001_A01,P03_L049_T001,9,47,192,0.0014435245901639015,True,True
P03_L049,P03,P03_L049_T001_A01,P03_L049_T001,10,53,201,0.007575704918032791,True,True
P03_L049,P03,P03_L049_T001_A02,P03_L049_T001,1,17,71,0.0007483770491802714,False,True
P03_L049,P03,P03_L049_T001_A02,P03_L049_T001,2,21,80,0.0017144262295081731,False,True
P03_L049,P03,P03_L049_T001_A02,P03_L049_T001,3,25,95,0.0008534590163934049,True,True
P03_L049,P03,P03_L049_T001_A02,P03_L049_T001,4,29,105,0.001955163934426167,True,True
P03_L049,P03,P03_L049_T001_A02,P03_L049_T001,5,30,106,0.0009732950819671632,True,True
P03_L049,P03,P03_L049_T001_A02,P03_L049_T001,6,34,121,0.002229688524590115,True,True
P03_L049,P03,P03_L049_T001_A02,P03_L049_T001,7,36,140,0.0011099508196721342,True,True
P03_L049,P03,P03_L049_T001_A02,P03_L049_T001,8,40,156,0.002542754098360627,True,True
P03_L049,P03,P03_L049_T001_A02,P03_L049_T001,9,45,168,0.0006301311475409212,True,True
P03_L049,P03,P03_L049_T001_A02,P03_L049_T001,10,49,182,0.001443540983606516,True,True
P03_L049,P03,P03_L049_T001_A03,P03_L049_T001,1,16,39,0.0007483770491802714,False,True
P03_L049,P03,P03_L049_T001_A03,P03_L049_T001,2,20,51,0.0017144262295081731,False,True
P03_L049,P03,P03_L049_T001_A03,P03_L049_T001,3,22,54,0.0008534590163934049,True,True
P03_L049,P03,P03_L049_T001_A03,P03_L049_T001,4,26,64,0.001955163934426167,True,True
P03_L049,P03,P03_L049_T001_A03,P03_L049_T001,5,27,67,0.0009732950819671632,True,True
P03_L049,P03,P03_L049_T001_A03,P03_L049_T001,6,31,101,0.002229688524590115,True,True
P03_L049,P03,P03_L049_T001_A03,P03_L049_T001,7,32,107,0.0011099508196721342,True,True
P03_L049,P03,P03_L049_T001_A03,P03_L049_T001,8,36,115,0.002542754098360627,True,True
P03_L049,P03,P03_L049_T001_A03,P03_L049_T001,9,41,125,0.0006301311475409212,True,True
P03_L049,P03,P03_L049_T001_A03,P03_L049_T001,10,45,137,0.001443540983606516,True,True
P03_L049,P03,P03_L049_T001_A04,P03_L049_T001,1,12,55,0.0015033442622950494,False,True
P03_L049,P03,P03_L049_T001_A04,P03_L049_T001,2,18,79,0.007889672131147546,False,True
P03_L049,P03,P03_L049_T001_A04,P03_L049_T001,3,24,99,0.0019551475409835526,True,True
P03_L049,P03,P03_L049_T001_A04,P03_L049_T001,4,28,127,0.004478983606557333,True,True
P03_L049,P03,P03_L049_T001_A04,P03_L049_T001,5,37,158,0.0005525409836065662,True,True
P03_L049,P03,P03_L049_T001_A04,P03_L049_T001,6,48,193,0.0066430327868852125,True,True
P03_L049,P03,P03_L049_T001_A04,P03_L049_T001,7,49,195,0.003306934426229477,True,True
P03_L049,P03,P03_L049_T001_A04,P03_L049_T001,8,53,204,0.007575754098360634,True,True
P03_L049,P03,P03_L049_T001_A04,P03_L049_T001,9,55,207,0.0037712622950819654,True,True
P03_L049,P03,P03_L049_T001_A04,P03_L049_T001,10,59,211,0.008639459016393377,True,True
P03_L049,P03,P03_L049_T002_A01,P03_L049_T002,1,22,91,0.0009732786885245488,False,True
P03_L049,P03,P03_L049_T002_A01,P03_L049_T002,2,26,110,0.002229655737704886,False,True
P03_L049,P03,P03_L049_T002_A01,P03_L049_T002,3,30,138,0.00110993442622952,True,True
P03_L049,P03,P03_L049_T002_A01,P03_L049_T002,4,34,146,0.002542704918032784,True,True
P03_L049,P03,P03_L049_T002_A01,P03_L049_T002,5,37,156,0.0012657704918032579,True,True
P03_L049,P03,P03_L049_T002_A01,P03_L049_T002,6,41,172,0.002899704918032794,True,True
P03_L049,P03,P03_L049_T002_A01,P03_L049_T002,7,45,211,0.001443491803278673,True,True
P03_L049,P03,P03_L049_T002_A01,P03_L049_T002,8,49,218,0.0033068524590164055,True,True
P03_L049,P03,P03_L049_T002_A01,P03_L049_T002,9,51,228,0.0016461639344261905,True,True
P03_L049,P03,P03_L049_T002_A01,P03_L049_T002,10,55,232,0.003771147540983574,True,True
P03_L049,P03,P03_L049_T002_A02,P03_L049_T002,1,16,49,0.003927540983606564,False,True
P03_L049,P03,P03_L049_T002_A02,P03_L049_T002,2,20,76,0.00899747540983602,False,True
P03_L049,P03,P03_L049_T002_A02,P03_L049_T002,3,27,95,0.0022296721311475002,False,True
P03_L049,P03,P03_L049_T002_A02,P03_L049_T002,4,31,120,0.005107885245901634,True,True
P03_L049,P03,P03_L049_T002_A02,P03_L049_T002,5,36,136,0.0012657868852458721,True,True
P03_L049,P03,P03_L049_T002_A02,P03_L049_T002,6,40,152,0.002899754098360637,True,True
P03_L049,P03,P03_L049_T002_A02,P03_L049_T002,7,41,158,0.0014435081967212873,True,True
P03_L049,P03,P03_L049_T002_A02,P03_L049_T002,8,45,174,0.003306885245901634,True,True
P03_L049,P03,P03_L049_T002_A02,P03_L049_T002,9,46,175,0.0016461803278688047,True,True
P03_L049,P03,P03_L049_T002_A02,P03_L049_T002,10,50,190,0.0037711803278688027,True,True
P03_L049,P03,P03_L049_T002_A02,P03_L049_T002,11,51,192,0.0018773114754098007,True,True
P03_L049,P03,P03_L049_T002_A03,P03_L049_T002,1,10,34,0.00788968852459016,False,True
P03_L049,P03,P03_L049_T002_A03,P03_L049_T002,2,14,58,0.018074229508196673,False,True
P03_L049,P03,P03_L049_T002_A03,P03_L049_T002,3,25,97,0.0022296721311475002,True,True
P03_L049,P03,P03_L049_T002_A03,P03_L049_T002,4,29,108,0.005107885245901634,True,True
P03_L049,P03,P03_L049_T002_A03,P03_L049_T002,5,30,112,0.0025427377049180126,True,True
P03_L049,P03,P03_L049_T002_A03,P03_L049_T002,6,40,133,0.030570459016393457,True,True
P03_L049,P03,P03_L049_T002_A03,P03_L049_T002,7,45,161,0.0075756885245901765,True,True
P03_L049,P03,P03_L049_T002_A03,P03_L049_T002,8,49,180,0.017354901639344267,True,True
P03_L049,P03,P03_L049_T002_A03,P03_L049_T002,9,59,207,0.002140934426229491,True,True
P03_L049,P03,P03_L049_T002_A03,P03_L049_T002,10,63,219,0.004904590163934408,True,True
P03_L049,P03,P03_L049_T002_A04,P03_L049_T002,1,23,96,0.0009732786885245488,False,True
P03_L049,P03,P03_L049_T002_A04,P03_L049_T002,2,27,113,0.002229655737704886,False,True
P03_L049,P03,P03_L049_T002_A04,P03_L049_T002,3,28,119,0.00110993442622952,True,True
P03_L049,P03,P03_L049_T002_A04,P03_L049_T002,4,32,149,0.002542704918032784,True,True
P03_L049,P03,P03_L049_T002_A04,P03_L049_T002,5,34,153,0.0012657704918032579,True,True
P03_L049,P03,P03_L049_T002_A04,P03_L049_T002,6,38,165,0.002899704918032794,True,True
P03_L049,P03,P03_L049_T002_A04,P03_L049_T002,7,44,188,0.0007185737704917816,True,True
P03_L049,P03,P03_L049_T002_A04,P03_L049_T002,8,49,199,0.003771147540983574,True,True
P03_L049,P03,P03_L049_T002_A04,P03_L049_T002,9,55,216,0.0009345245901639072,True,True
P03_L049,P03,P03_L049_T002_A04,P03_L049_T002,10,59,224,0.002140868852459034,True,True
P03_L049,P03,P03_L049_T003_A01,P03_L049_T003,1,11,42,0.00788968852459016,False,True
P03_L049,P03,P03_L049_T003_A01,P03_L049_T003,2,15,51,0.018074229508196673,False,True
P03_L049,P03,P03_L049_T003_A01,P03_L049_T003,3,17,54,0.008997459016393407,False,True
P03_L049,P03,P03_L049_T003_A01,P03_L049_T003,4,21,62,0.020611983606557385,True,True
P03_L049,P03,P03_L049_T003_A01,P03_L049_T003,5,38,159,0.000630114754098307,True,True
P03_L049,P03,P03_L049_T003_A01,P03_L049_T003,6,44,181,0.003306885245901634,True,True
P03_L049,P03,P03_L049_T003_A01,P03_L049_T003,7,50,212,0.0008194754098360789,True,True
P03_L049,P03,P03_L049_T003_A01,P03_L049_T003,8,54,223,0.0018773114754098007,True,True
P03_L049,P03,P03_L049_T003_A01,P03_L049_T003,9,57,228,0.0009345409836065215,True,True
P03_L049,P03,P03_L049_T003_A01,P03_L049_T003,10,61,237,0.0021409016393442626,True,True
P03_L049,P03,P03_L049_T003_A01,P03_L049_T003,11,63,239,0.0010657540983606256,True,True
P03_L049,P03,P03_L049_T003_A02,P03_L049_T003,1,6,17,0.015848934426229474,False,True
P03_L049,P03,P03_L049_T003_A02,P03_L049_T003,2,10,38,0.03630780327868846,False,True
P03_L049,P03,P03_L049_T003_A02,P03_L049_T003,3,31,113,0.0005525409836065662,True,True
P03_L049,P03,P03_L049_T003_A02,P03_L049_T003,4,35,121,0.0012658032786884864,True,True
P03_L049,P03,P03_L049_T003_A02,P03_L049_T003,5,36,123,0.0006301311475409212,True,True
P03_L049,P03,P03_L049_T003_A02,P03_L049_T003,6,42,140,0.0033069672131147056,True,True
P03_L049,P03,P03_L049_T003_A02,P03_L049_T003,7,49,169,0.0008195081967213075,True,True
P03_L049,P03,P03_L049_T003_A02,P03_L049_T003,8,53,185,0.001877377049180349,True,True
P03_L049,P03,P03_L049_T003_A02,P03_L049_T003,9,54,186,0.0009345737704917501,True,True
P03_L049,P03,P03_L049_T003_A02,P03_L049_T003,10,62,206,0.004904704918032799,True,True
P03_L049,P03,P03_L049_T003_A03,P03_L049_T003,1,11,49,0.00788968852459016,False,True
P03_L049,P03,P03_L049_T003_A03,P03_L049_T003,2,15,68,0.018074229508196673,False,True
P03_L049,P03,P03_L049_T003_A03,P03_L049_T003,3,16,72,0.008997459016393407,True,True
P03_L049,P03,P03_L049_T003_A03,P03_L049_T003,4,21,89,0.047219327868852454,True,True
P03_L049,P03,P03_L049_T003_A03,P03_L049_T003,5,30,146,0.005825049180327856,True,True
P03_L049,P03,P03_L049_T003_A03,P03_L049_T003,6,34,155,0.013344409836065555,True,True
P03_L049,P03,P03_L049_T003_A03,P03_L049_T003,7,35,156,0.006642918032786821,True,True
P03_L049,P03,P03_L049_T003_A03,P03_L049_T003,8,39,175,0.015218049180327837,True,True
P03_L049,P03,P03_L049_T003_A03,P03_L049_T003,9,43,188,0.007575639344262243,True,True
P03_L049,P03,P03_L049_T003_A03,P03_L049_T003,10,47,205,0.017354786885245877,True,True
P03_L049,P03,P03_L049_T003_A04,P03_L049_T003,1,12,39,0.00788968852459016,False,True
P03_L049,P03,P03_L049_T003_A04,P03_L049_T003,2,16,82,0.018074229508196673,False,True
P03_L049,P03,P03_L049_T003_A04,P03_L049_T003,3,24,103,0.004478983606557333,True,True
P03_L049,P03,P03_L049_T003_A04,P03_L049_T003,4,29,116,0.023506032786885234,True,True
P03_L049,P03,P03_L049_T003_A04,P03_L049_T003,5,43,173,0.0014435081967212873,True,True
P03_L049,P03,P03_L049_T003_A04,P03_L049_T003,6,47,198,0.003306885245901634,True,True
P03_L049,P03,P03_L049_T003_A04,P03_L049_T003,7,48,204,0.0016461803278688047,True,True
P03_L049,P03,P03_L049_T003_A04,P03_L049_T003,8,52,213,0.0037711803278688027,True,True
P03_L049,P03,P03_L049_T003_A04,P03_L049_T003,9,59,226,0.0009345409836065215,True,True
P03_L049,P03,P03_L049_T003_A04,P03_L049_T003,10,63,232,0.0021409016393442626,True,True
P03_L049,P03,P03_L049_T004_A01,P03_L049_T004,1,23,91,0.0009732786885245488,False,True
P03_L049,P03,P03_L049_T004_A01,P03_L049_T004,2,27,100,0.002229655737704886,False,True
P03_L049,P03,P03_L049_T004_A01,P03_L049_T004,3,28,109,0.00110993442622952,True,True
P03_L049,P03,P03_L049_T004_A01,P03_L049_T004,4,32,125,0.002542704918032784,True,True
P03_L049,P03,P03_L049_T004_A01,P03_L049_T004,5,38,142,0.000630114754098307,True,True
P03_L049,P03,P03_L049_T004_A01,P03_L049_T004,6,46,172,0.003306885245901634,True,True
P03_L049,P03,P03_L049_T004_A01,P03_L049_T004,7,53,203,0.0008194754098360789,True,True
P03_L049,P03,P03_L049_T004_A01,P03_L049_T004,8,57,211,0.0018773114754098007,True,True
P03_L049,P03,P03_L049_T004_A01,P03_L049_T004,9,58,213,0.0009345409836065215,True,True
P03_L049,P03,P03_L049_T004_A01,P03_L049_T004,10,62,225,0.0021409016393442626,True,True
P03_L049,P03,P03_L049_T004_A02,P03_L049_T004,1,9,38,0.015848934426229474,False,True
P03_L049,P03,P03_L049_T004_A02,P03_L049_T004,2,13,53,0.03630780327868846,False,True
P03_L049,P03,P03_L049_T004_A02,P03_L049_T004,3,22,103,0.004478983606557333,True,True
P03_L049,P03,P03_L049_T004_A02,P03_L049_T004,4,30,147,0.023506032786885234,True,True
P03_L049,P03,P03_L049_T004_A02,P03_L049_T004,5,31,150,0.011701442622950796,True,True
P03_L049,P03,P03_L049_T004_A02,P03_L049_T004,6,36,162,0.06141004918032784,True,True
P03_L049,P03,P03_L049_T004_A02,P03_L049_T004,7,40,175,0.030570278688524608,True,True
P03_L049,P03,P03_L049_T004_A02,P03_L049_T004,8,44,180,0.0700324590163934,True,True
P03_L049,P03,P03_L049_T004_A02,P03_L049_T004,9,55,218,0.008639311475409849,True,True
P03_L049,P03,P03_L049_T004_A02,P03_L049_T004,10,59,234,0.0197915245901639,True,True
P03_L049,P03,P03_L049_T004_A03,P03_L049_T004,1,21,96,0.0019551475409835526,False,True
P03_L049,P03,P03_L049_T004_A03,P03_L049_T004,2,25,114,0.004478983606557333,False,True
P03_L049,P03,P03_L049_T004_A03,P03_L049_T004,3,29,149,0.0022296721311475002,True,True
P03_L049,P03,P03_L049_T004_A03,P03_L049_T004,4,40,185,0.026806573770491757,True,True
P03_L049,P03,P03_L049_T004_A03,P03_L049_T004,5,53,237,0.0016461967213114192,True,True
P03_L049,P03,P03_L049_T004_A03,P03_L049_T004,6,57,241,0.0037712131147540316,True,True
P03_L049,P03,P03_L049_T004_A03,P03_L049_T004,7,58,242,0.001877327868852415,True,True
P03_L049,P03,P03_L049_T004_A03,P03_L049_T004,8,62,246,0.004300704918032758,True,True
P03_L049,P03,P03_L049_T004_A03,P03_L049_T004,9,67,251,0.0010657540983606256,True,True
P03_L049,P03,P03_L049_T004_A03,P03_L049_T004,10,71,255,0.002441508196721247,True,True
P03_L049,P03,P03_L049_T004_A04,P03_L049_T004,1,22,66,0.0009732786885245488,False,True
P03_L049,P03,P03_L049_T004_A04,P03_L049_T004,2,26,83,0.002229655737704886,False,True
P03_L049,P03,P03_L049_T004_A04,P03_L049_T004,3,29,94,0.00110993442622952,True,True
P03_L049,P03,P03_L049_T004_A04,P03_L049_T004,4,33,104,0.002542704918032784,True,True
P03_L049,P03,P03_L049_T004_A04,P03_L049_T004,5,36,112,0.0012657704918032579,True,True
P03_L049,P03,P03_L049_T004_A04,P03_L049_T004,6,40,124,0.002899704918032794,True,True
P03_L049,P03,P03_L049_T004_A04,P03_L049_T004,7,46,138,0.0007185737704917816,True,True
P03_L049,P03,P03_L049_T004_A04,P03_L049_T004,8,50,152,0.0016461639344261905,True,True
P03_L049,P03,P03_L049_T004_A04,P03_L049_T004,9,52,181,0.0008194754098360789,True,True
P03_L049,P03,P03_L049_T004_A04,P03_L049_T004,10,60,222,0.004300672131147529,True,True
P03_L049,P03,P03_L049_T005_A01,P03_L049_T005,1,6,23,0.015848934426229474,False,True
P03_L049,P03,P03_L049_T005_A01,P03_L049_T005,2,10,54,0.03630780327868846,False,True
P03_L049,P03,P03_L049_T005_A01,P03_L049_T005,3,19,106,0.004478983606557333,True,True
P03_L049,P03,P03_L049_T005_A01,P03_L049_T005,4,23,127,0.010260754098360627,True,True
P03_L049,P03,P03_L049_T005_A01,P03_L049_T005,5,26,135,0.00510786885245902,True,True
P03_L049,P03,P03_L049_T005_A01,P03_L049_T005,6,30,151,0.01170145901639341,True,True
P03_L049,P03,P03_L049_T005_A01,P03_L049_T005,7,43,197,0.000718590163934396,True,True
P03_L049,P03,P03_L049_T005_A01,P03_L049_T005,8,49,223,0.0037712131147540316,True,True
P03_L049,P03,P03_L049_T005_A01,P03_L049_T005,9,52,226,0.001877327868852415,True,True
P03_L049,P03,P03_L049_T005_A01,P03_L049_T005,10,56,230,0.004300704918032758,True,True
P03_L049,P03,P03_L049_T005_A02,P03_L049_T005,1,4,18,0.08317637704918032,False,True
P03_L049,P03,P03_L049_T005_A02,P03_L049_T005,2,8,28,0.19054606557377046,False,True
P03_L049,P03,P03_L049_T005_A02,P03_L049_T005,3,12,52,0.09485495081967213,True,True
P03_L049,P03,P03_L049_T005_A02,P03_L049_T005,4,16,60,0.21730013114754096,True,True
P03_L049,P03,P03_L049_T005_A02,P03_L049_T005,5,32,116,0.01334442622950817,True,True
P03_L049,P03,P03_L049_T005_A02,P03_L049_T005,6,36,138,0.030570311475409836,True,True
P03_L049,P03,P03_L049_T005_A02,P03_L049_T005,7,43,161,0.007575655737704857,True,True
P03_L049,P03,P03_L049_T005_A02,P03_L049_T005,8,50,186,0.039757590163934396,True,True
P03_L049,P03,P03_L049_T005_A02,P03_L049_T005,9,51,188,0.01979155737704913,True,True
P03_L049,P03,P03_L049_T005_A02,P03_L049_T005,10,55,201,0.04533983606557376,True,True
P03_L049,P03,P03_L049_T005_A03,P03_L049_T005,1,22,83,0.0009732786885245488,False,True
P03_L049,P03,P03_L049_T005_A03,P03_L049_T005,2,26,89,0.002229655737704886,False,True
P03_L049,P03,P03_L049_T005_A03,P03_L049_T005,3,28,92,0.00110993442622952,True,True
P03_L049,P03,P03_L049_T005_A03,P03_L049_T005,4,32,107,0.002542704918032784,True,True
P03_L049,P03,P03_L049_T005_A03,P03_L049_T005,5,33,113,0.0012657704918032579,True,True
P03_L049,P03,P03_L049_T005_A03,P03_L049_T005,6,37,125,0.002899704918032794,True,True
P03_L049,P03,P03_L049_T005_A03,P03_L049_T005,7,43,155,0.0007185737704917816,True,True
P03_L049,P03,P03_L049_T005_A03,P03_L049_T005,8,47,175,0.0016461639344261905,True,True
P03_L049,P03,P03_L049_T005_A03,P03_L049_T005,9,48,177,0.0008194754098360789,True,True
P03_L049,P03,P03_L049_T005_A03,P03_L049_T005,10,52,191,0.0018773114754098007,True,True
P03_L049,P03,P03_L049_T005_A04,P03_L049_T005,1,22,64,0.0009732786885245488,False,True
P03_L049,P03,P03_L049_T005_A04,P03_L049_T005,2,26,85,0.002229655737704886,False,True
P03_L049,P03,P03_L049_T005_A04,P03_L049_T005,3,28,97,0.00110993442622952,False,True
P03_L049,P03,P03_L049_T005_A04,P03_L049_T005,4,32,118,0.002542704918032784,True,True
P03_L049,P03,P03_L049_T005_A04,P03_L049_T005,5,38,144,0.000630114754098307,True,True
P03_L049,P03,P03_L049_T005_A04,P03_L049_T005,6,45,174,0.003306885245901634,True,True
P03_L049,P03,P03_L049_T005_A04,P03_L049_T005,7,50,199,0.0008194754098360789,True,True
P03_L049,P03,P03_L049_T005_A04,P03_L049_T005,8,54,210,0.0018773114754098007,True,True
P03_L049,P03,P03_L049_T005_A04,P03_L049_T005,9,58,215,0.0009345409836065215,True,True
P03_L049,P03,P03_L049_T005_A04,P03_L049_T005,10,62,219,0.0021409016393442626,True,True
P03_L049,P03,P03_L049_T005_A04,P03_L049_T005,11,63,220,0.0010657540983606256,True,True
P03_L049,P03,P03_L049_T006_A01,P03_L049_T006,1,17,56,0.0007483770491802714,False,True
P03_L049,P03,P03_L049_T006_A01,P03_L049_T006,2,21,67,0.0017144262295081731,False,True
P03_L049,P03,P03_L049_T006_A01,P03_L049_T006,3,22,68,0.0008534590163934049,True,True
P03_L049,P03,P03_L049_T006_A01,P03_L049_T006,4,26,92,0.001955163934426167,True,True
P03_L049,P03,P03_L049_T006_A01,P03_L049_T006,5,29,102,0.0009732950819671632,True,True
P03_L049,P03,P03_L049_T006_A01,P03_L049_T006,6,33,114,0.002229688524590115,True,True
P03_L049,P03,P03_L049_T006_A01,P03_L049_T006,7,46,152,0.00013693442622950545,True,True
P03_L049,P03,P03_L049_T006_A01,P03_L049_T006,8,53,171,0.001646344262295039,True,True
P03_L049,P03,P03_L049_T006_A01,P03_L049_T006,9,55,178,0.0008195573770491504,True,True
P03_L049,P03,P03_L049_T006_A01,P03_L049_T006,10,59,190,0.0018774918032786493,True,True
P03_L049,P03,P03_L049_T006_A02,P03_L049_T006,1,8,22,0.0030199508196720923,False,True
P03_L049,P03,P03_L049_T006_A02,P03_L049_T006,2,17,73,0.03630780327868846,False,True
P03_L049,P03,P03_L049_T006_A02,P03_L049_T006,3,23,95,0.008997459016393407,True,True
P03_L049,P03,P03_L049_T006_A02,P03_L049_T006,4,31,129,0.047219327868852454,True,True
P03_L049,P03,P03_L049_T006_A02,P03_L049_T006,5,40,198,0.005825049180327856,True,True
P03_L049,P03,P03_L049_T006_A02,P03_L049_T006,6,44,204,0.013344409836065555,True,True
P03_L049,P03,P03_L049_T006_A02,P03_L049_T006,7,50,217,0.003306885245901634,True,True
P03_L049,P03,P03_L049_T006_A02,P03_L049_T006,8,58,230,0.017354786885245877,True,True
P03_L049,P03,P03_L049_T006_A02,P03_L049_T006,9,60,234,0.008639311475409849,True,True
P03_L049,P03,P03_L049_T006_A02,P03_L049_T006,10,64,242,0.0197915245901639,True,True
P03_L049,P03,P03_L049_T006_A03,P03_L049_T006,1,12,66,0.0015033442622950494,False,True
P03_L049,P03,P03_L049_T006_A03,P03_L049_T006,2,16,81,0.0034439672131147594,False,True
P03_L049,P03,P03_L049_T006_A03,P03_L049_T006,3,17,82,0.0017144262295081731,True,True
P03_L049,P03,P03_L049_T006_A03,P03_L049_T006,4,21,90,0.003927524590163949,True,True
P03_L049,P03,P03_L049_T006_A03,P03_L049_T006,5,22,91,0.0019551475409835526,True,True
P03_L049,P03,P03_L049_T006_A03,P03_L049_T006,6,26,106,0.004478983606557333,True,True
P03_L049,P03,P03_L049_T006_A03,P03_L049_T006,7,31,134,0.0011099508196721342,True,True
P03_L049,P03,P03_L049_T006_A03,P03_L049_T006,8,35,140,0.002542754098360627,True,True
P03_L049,P03,P03_L049_T006_A03,P03_L049_T006,9,39,162,0.0012658032786884864,True,True
P03_L049,P03,P03_L049_T006_A03,P03_L049_T006,10,43,179,0.0028997868852458654,True,True
P03_L049,P03,P03_L049_T006_A04,P03_L049_T006,1,10,28,0.0030199508196720923,False,True
P03_L049,P03,P03_L049_T006_A04,P03_L049_T006,2,14,39,0.006918311475409783,False,True
P03_L049,P03,P03_L049_T006_A04,P03_L049_T006,3,24,84,0.0008534590163934049,True,True
P03_L049,P03,P03_L049_T006_A04,P03_L049_T006,4,33,142,0.01026083606557379,True,True
P03_L049,P03,P03_L049_T006_A04,P03_L049_T006,5,44,175,0.0012657868852458721,True,True
P03_L049,P03,P03_L049_T006_A04,P03_L049_T006,6,51,192,0.006642950819672141,True,True
P03_L049,P03,P03_L049_T006_A04,P03_L049_T006,7,59,210,0.0016461967213114192,True,True
P03_L049,P03,P03_L049_T006_A04,P03_L049_T006,8,63,215,0.0037712131147540316,True,True
P03_L049,P03,P03_L049_T006_A04,P03_L049_T006,9,68,229,0.0009345409836065215,True,True
P03_L049,P03,P03_L049_T006_A04,P03_L049_T006,10,75,243,0.004904524590163951,True,True
P03_L049,P03,P03_L049_T007_A01,P03_L049_T007,1,13,50,0.0015033442622950494,False,True
P03_L049,P03,P03_L049_T007_A01,P03_L049_T007,2,20,88,0.007889672131147546,False,True
P03_L049,P03,P03_L049_T007_A01,P03_L049_T007,3,27,121,0.0019551475409835526,True,True
P03_L049,P03,P03_L049_T007_A01,P03_L049_T007,4,31,137,0.004478983606557333,True,True
P03_L049,P03,P03_L049_T007_A01,P03_L049_T007,5,36,152,0.0011099508196721342,True,True
P03_L049,P03,P03_L049_T007_A01,P03_L049_T007,6,40,161,0.002542754098360627,True,True
P03_L049,P03,P03_L049_T007_A01,P03_L049_T007,7,41,162,0.0012658032786884864,True,True
P03_L049,P03,P03_L049_T007_A01,P03_L049_T007,8,45,169,0.0028997868852458654,True,True
P03_L049,P03,P03_L049_T007_A01,P03_L049_T007,9,47,175,0.0014435245901639015,True,True
P03_L049,P03,P03_L049_T007_A01,P03_L049_T007,10,51,197,0.003306918032786863,True,True
P03_L049,P03,P03_L049_T007_A02,P03_L049_T007,1,16,70,0.0007483770491802714,False,True
P03_L049,P03,P03_L049_T007_A02,P03_L049_T007,2,20,89,0.0017144262295081731,False,True
P03_L049,P03,P03_L049_T007_A02,P03_L049_T007,3,21,95,0.0008534590163934049,False,True
P03_L049,P03,P03_L049_T007_A02,P03_L049_T007,4,25,110,0.001955163934426167,True,True
P03_L049,P03,P03_L049_T007_A02,P03_L049_T007,5,27,113,0.0009732950819671632,True,True
P03_L049,P03,P03_L049_T007_A02,P03_L049_T007,6,31,122,0.002229688524590115,True,True
P03_L049,P03,P03_L049_T007_A02,P03_L049_T007,7,36,145,0.0005525409836065662,True,True
P03_L049,P03,P03_L049_T007_A02,P03_L049_T007,8,40,156,0.0012658032786884864,True,True
P03_L049,P03,P03_L049_T007_A02,P03_L049_T007,9,45,174,0.0003136885245901296,True,True
P03_L049,P03,P03_L049_T007_A02,P03_L049_T007,10,50,198,0.0016462622950819674,True,True
P03_L049,P03,P03_L049_T007_A02,P03_L049_T007,11,51,202,0.0008195245901639218,True,True
P03_L049,P03,P03_L049_T007_A03,P03_L049_T007,1,7,28,0.006918311475409783,False,True
P03_L049,P03,P03_L049_T007_A03,P03_L049_T007,2,11,49,0.015848934426229474,False,True
P03_L049,P03,P03_L049_T007_A03,P03_L049_T007,3,12,58,0.00788968852459016,True,True
P03_L049,P03,P03_L049_T007_A03,P03_L049_T007,4,16,72,0.018074229508196673,True,True
P03_L049,P03,P03_L049_T007_A03,P03_L049_T007,5,20,87,0.008997459016393407,True,True
P03_L049,P03,P03_L049_T007_A03,P03_L049_T007,6,24,96,0.020611983606557385,True,True
P03_L049,P03,P03_L049_T007_A03,P03_L049_T007,7,37,144,0.0012657868852458721,True,True
P03_L049,P03,P03_L049_T007_A03,P03_L049_T007,8,44,183,0.006642950819672141,True,True
P03_L049,P03,P03_L049_T007_A03,P03_L049_T007,9,46,194,0.0033069016393442487,True,True
P03_L049,P03,P03_L049_T007_A03,P03_L049_T007,10,50,205,0.007575672131147563,True,True
P03_L049,P03,P03_L049_T007_A04,P03_L049_T007,1,5,19,0.03630780327868846,False,True
P03_L049,P03,P03_L049_T007_A04,P03_L049_T007,2,9,31,0.08317637704918032,False,True
P03_L049,P03,P03_L049_T007_A04,P03_L049_T007,3,32,104,0.0012657868852458721,True,True
P03_L049,P03,P03_L049_T007_A04,P03_L049_T007,4,36,135,0.002899754098360637,True,True
P03_L049,P03,P03_L049_T007_A04,P03_L049_T007,5,37,136,0.0014435081967212873,True,True
P03_L049,P03,P03_L049_T007_A04,P03_L049_T007,6,41,168,0.003306885245901634,True,True
P03_L049,P03,P03_L049_T007_A04,P03_L049_T007,7,43,178,0.0016461803278688047,True,True
P03_L049,P03,P03_L049_T007_A04,P03_L049_T007,8,47,186,0.0037711803278688027,True,True
P03_L049,P03,P03_L049_T007_A04,P03_L049_T007,9,51,200,0.0018773114754098007,True,True
P03_L049,P03,P03_L049_T007_A04,P03_L049_T007,10,55,210,0.004300672131147529,True,True
P03_L049,P03,P03_L049_T008_A01,P03_L049_T008,1,12,41,0.0015033442622950494,False,True
P03_L049,P03,P03_L049_T008_A01,P03_L049_T008,2,18,56,0.007889672131147546,False,True
P03_L049,P03,P03_L049_T008_A01,P03_L049_T008,3,22,68,0.003927524590163949,True,True
P03_L049,P03,P03_L049_T008_A01,P03_L049_T008,4,26,78,0.008997442622950793,True,True
P03_L049,P03,P03_L049_T008_A01,P03_L049_T008,5,35,98,0.0011099508196721342,True,True
P03_L049,P03,P03_L049_T008_A01,P03_L049_T008,6,41,114,0.0058251147540983135,True,True
P03_L049,P03,P03_L049_T008_A01,P03_L049_T008,7,44,134,0.002899770491803251,True,True
P03_L049,P03,P03_L049_T008_A01,P03_L049_T008,8,48,142,0.006642983606557369,True,True
P03_L049,P03,P03_L049_T008_A01,P03_L049_T008,9,54,158,0.0016461967213114192,True,True
P03_L049,P03,P03_L049_T008_A01,P03_L049_T008,10,58,170,0.0037712131147540316,True,True
P03_L049,P03,P03_L049_T008_A02,P03_L049_T008,1,9,34,0.0030199508196720923,False,True
P03_L049,P03,P03_L049_T008_A02,P03_L049_T008,2,13,62,0.006918311475409783,False,True
P03_L049,P03,P03_L049_T008_A02,P03_L049_T008,3,18,77,0.0017144426229507876,True,True
P03_L049,P03,P03_L049_T008_A02,P03_L049_T008,4,22,90,0.003927557377049177,True,True
P03_L049,P03,P03_L049_T008_A02,P03_L049_T008,5,28,115,0.0009732950819671632,True,True
P03_L049,P03,P03_L049_T008_A02,P03_L049_T008,6,32,125,0.002229688524590115,True,True
P03_L049,P03,P03_L049_T008_A02,P03_L049_T008,7,37,139,0.0005525409836065662,True,True
P03_L049,P03,P03_L049_T008_A02,P03_L049_T008,8,46,177,0.0066430327868852125,True,True
P03_L049,P03,P03_L049_T008_A02,P03_L049_T008,9,47,180,0.003306934426229477,True,True
P03_L049,P03,P03_L049_T008_A02,P03_L049_T008,10,51,190,0.007575754098360634,True,True
P03_L049,P03,P03_L049_T008_A03,P03_L049_T008,1,10,51,0.0030199508196720923,False,True
P03_L049,P03,P03_L049_T008_A03,P03_L049_T008,2,14,79,0.006918311475409783,False,True
P03_L049,P03,P03_L049_T008_A03,P03_L049_T008,3,23,123,0.0008534590163934049,True,True
P03_L049,P03,P03_L049_T008_A03,P03_L049_T008,4,27,140,0.001955163934426167,True,True
P03_L049,P03,P03_L049_T008_A03,P03_L049_T008,5,30,149,0.0009732950819671632,True,True
P03_L049,P03,P03_L049_T008_A03,P03_L049_T008,6,34,173,0.002229688524590115,True,True
P03_L049,P03,P03_L049_T008_A03,P03_L049_T008,7,38,185,0.0011099508196721342,True,True
P03_L049,P03,P03_L049_T008_A03,P03_L049_T008,8,42,196,0.002542754098360627,True,True
P03_L049,P03,P03_L049_T008_A03,P03_L049_T008,9,44,198,0.0012658032786884864,True,True
P03_L049,P03,P03_L049_T008_A03,P03_L049_T008,10,48,211,0.0028997868852458654,True,True
P03_L049,P03,P03_L049_T008_A04,P03_L049_T008,1,15,52,0.0015033442622950494,False,True
P03_L049,P03,P03_L049_T008_A04,P03_L049_T008,2,19,64,0.0034439672131147594,False,True
P03_L049,P03,P03_L049_T008_A04,P03_L049_T008,3,24,100,0.0008534590163934049,True,True
P03_L049,P03,P03_L049_T008_A04,P03_L049_T008,4,28,124,0.001955163934426167,True,True
P03_L049,P03,P03_L049_T008_A04,P03_L049_T008,5,29,130,0.0009732950819671632,True,True
P03_L049,P03,P03_L049_T008_A04,P03_L049_T008,6,33,155,0.002229688524590115,True,True
P03_L049,P03,P03_L049_T008_A04,P03_L049_T008,7,38,178,0.0005525409836065662,True,True
P03_L049,P03,P03_L049_T008_A04,P03_L049_T008,8,43,195,0.0028997868852458654,True,True
P03_L049,P03,P03_L049_T008_A04,P03_L049_T008,9,46,202,0.0014435245901639015,True,True
P03_L049,P03,P03_L049_T008_A04,P03_L049_T008,10,50,206,0.003306918032786863,True,True
P03_L100,P03,P03_L100_T001_A01,P03_L100_T001,1,3,15,0.19054606521739129,False,True
P03_L100,P03,P03_L100_T001_A01,P03_L100_T001,2,7,28,0.4365158260869565,False,True
P03_L100,P03,P03_L100_T001_A01,P03_L100_T001,3,23,78,0.02680647826086955,True,True
P03_L100,P03,P03_L100_T001_A01,P03_L100_T001,4,27,96,0.06141008695652161,True,True
P03_L100,P03,P03_L100_T001_A01,P03_L100_T001,5,36,135,0.007575652173912945,True,True
P03_L100,P03,P03_L100_T001_A01,P03_L100_T001,6,43,162,0.03975760869565202,True,True
P03_L100,P03,P03_L100_T001_A01,P03_L100_T001,7,51,194,0.009852347826086823,True,True
P03_L100,P03,P03_L100_T001_A01,P03_L100_T001,8,57,245,0.051705869565217374,True,True
P03_L100,P03,P03_L100_T001_A01,P03_L100_T001,9,65,259,0.012813260869565248,True,True
P03_L100,P03,P03_L100_T001_A01,P03_L100_T001,10,69,263,0.029353478260869394,True,True
P03_L100,P03,P03_L100_T001_A02,P03_L100_T001,1,11,63,0.003019956521739109,False,True
P03_L100,P03,P03_L100_T001_A02,P03_L100_T001,2,17,99,0.015848978260869603,False,True
P03_L100,P03,P03_L100_T001_A02,P03_L100_T001,3,30,141,0.0009732826086956307,False,True
P03_L100,P03,P03_L100_T001_A02,P03_L100_T001,4,36,160,0.005107847826086961,True,True
P03_L100,P03,P03_L100_T001_A02,P03_L100_T001,5,39,171,0.0025427173913041548,True,True
P03_L100,P03,P03_L100_T001_A02,P03_L100_T001,6,45,200,0.013344347826086933,True,True
P03_L100,P03,P03_L100_T001_A02,P03_L100_T001,7,46,202,0.00664289130434766,True,True
P03_L100,P03,P03_L100_T001_A02,P03_L100_T001,8,50,221,0.015217978260869392,True,True
P03_L100,P03,P03_L100_T001_A02,P03_L100_T001,9,59,242,0.0018773043478260555,True,True
P03_L100,P03,P03_L100_T001_A02,P03_L100_T001,10,63,253,0.004300652173913019,True,True
P03_L100,P03,P03_L100_T001_A02,P03_L100_T001,11,64,255,0.0021408913043477113,True,True
P03_L100,P03,P03_L100_T001_A03,P03_L100_T001,1,9,16,0.003019956521739109,False,True
P03_L100,P03,P03_L100_T001_A03,P03_L100_T001,2,16,36,0.015848978260869603,False,True
P03_L100,P03,P03_L100_T001_A03,P03_L100_T001,3,24,80,0.003927543478260892,True,True
P03_L100,P03,P03_L100_T001_A03,P03_L100_T001,4,30,113,0.02061202173913035,True,True
P03_L100,P03,P03_L100_T001_A03,P03_L100_T001,5,41,155,0.0025427173913041548,True,True
P03_L100,P03,P03_L100_T001_A03,P03_L100_T001,6,45,170,0.005825021739130427,True,True
P03_L100,P03,P03_L100_T001_A03,P03_L100_T001,7,46,172,0.0028997391304348033,True,True
P03_L100,P03,P03_L100_T001_A03,P03_L100_T001,8,51,201,0.015218043478260782,True,True
P03_L100,P03,P03_L100_T001_A03,P03_L100_T001,9,57,213,0.0037711956521739288,True,True
P03_L100,P03,P03_L100_T001_A03,P03_L100_T001,10,63,236,0.01979150000000002,True,True
P03_L100,P03,P03_L100_T001_A04,P03_L100_T001,1,8,41,0.003019956521739109,False,True
P03_L100,P03,P03_L100_T001_A04,P03_L100_T001,2,12,56,0.0069183260869564315,False,True
P03_L100,P03,P03_L100_T001_A04,P03_L100_T001,3,17,71,0.0017144347826087113,True,True
P03_L100,P03,P03_L100_T001_A04,P03_L100_T001,4,27,100,0.02061202173913035,True,True
P03_L100,P03,P03_L100_T001_A04,P03_L100_T001,5,39,156,0.0025427173913041548,True,True
P03_L100,P03,P03_L100_T001_A04,P03_L100_T001,6,43,169,0.005825021739130427,True,True
P03_L100,P03,P03_L100_T001_A04,P03_L100_T001,7,47,184,0.0028997391304348033,True,True
P03_L100,P03,P03_L100_T001_A04,P03_L100_T001,8,51,195,0.006642913043478204,True,True
P03_L100,P03,P03_L100_T001_A04,P03_L100_T001,9,57,218,0.0016461956521737645,True,True
P03_L100,P03,P03_L100_T001_A04,P03_L100_T001,10,64,230,0.008639369565217218,True,True
P03_L100,P03,P03_L100_T002_A01,P03_L100_T002,1,8,28,0.003019956521739109,False,True
P03_L100,P03,P03_L100_T002_A01,P03_L100_T002,2,12,44,0.0069183260869564315,False,True
P03_L100,P03,P03_L100_T002_A01,P03_L100_T002,3,18,63,0.0017144347826087113,True,True
P03_L100,P03,P03_L100_T002_A01,P03_L100_T002,4,22,77,0.003927543478260892,True,True
P03_L100,P03,P03_L100_T002_A01,P03_L100_T002,5,24,84,0.0019551521739129456,True,True
P03_L100,P03,P03_L100_T002_A01,P03_L100_T002,6,28,94,0.004478999999999987,True,True
P03_L100,P03,P03_L100_T002_A01,P03_L100_T002,7,31,97,0.002229673913043455,True,True
P03_L100,P03,P03_L100_T002_A01,P03_L100_T002,8,35,109,0.005107891304347808,True,True
P03_L100,P03,P03_L100_T002_A01,P03_L100_T002,9,36,111,0.0025427391304346987,True,True
P03_L100,P03,P03_L100_T002_A01,P03_L100_T002,10,44,137,0.013344500000000016,True,True
P03_L100,P03,P03_L100_T002_A02,P03_L100_T002,1,6,20,0.015848934782608515,False,True
P03_L100,P03,P03_L100_T002_A02,P03_L100_T002,2,10,29,0.03630780434782594,False,True
P03_L100,P03,P03_L100_T002_A02,P03_L100_T002,3,11,30,0.018074239130434586,True,True
P03_L100,P03,P03_L100_T002_A02,P03_L100_T002,4,15,40,0.041405695652173946,True,True
P03_L100,P03,P03_L100_T002_A02,P03_L100_T002,5,16,41,0.020611999999999808,True,True
P03_L100,P03,P03_L100_T002_A02,P03_L100_T002,6,20,52,0.047219369565217356,True,True
P03_L100,P03,P03_L100_T002_A02,P03_L100_T002,7,29,91,0.005825065217391273,True,True
P03_L100,P03,P03_L100_T002_A02,P03_L100_T002,8,33,104,0.01334445652173917,True,True
P03_L100,P03,P03_L100_T002_A02,P03_L100_T002,9,34,110,0.006642956521739051,True,True
P03_L100,P03,P03_L100_T002_A02,P03_L100_T002,10,40,120,0.0798658695652174,True,True
P03_L100,P03,P03_L100_T002_A03,P03_L100_T002,1,11,62,0.003019956521739109,False,True
P03_L100,P03,P03_L100_T002_A03,P03_L100_T002,2,15,80,0.0069183260869564315,False,True
P03_L100,P03,P03_L100_T002_A03,P03_L100_T002,3,16,82,0.003443978260869488,True,True
P03_L100,P03,P03_L100_T002_A03,P03_L100_T002,4,20,133,0.007889695652173843,True,True
P03_L100,P03,P03_L100_T002_A03,P03_L100_T002,5,26,145,0.0019551521739129456,True,True
P03_L100,P03,P03_L100_T002_A03,P03_L100_T002,6,30,152,0.004478999999999987,True,True
P03_L100,P03,P03_L100_T002_A03,P03_L100_T002,7,32,155,0.002229673913043455,True,True
P03_L100,P03,P03_L100_T002_A03,P03_L100_T002,8,36,167,0.005107891304347808,True,True
P03_L100,P03,P03_L100_T002_A03,P03_L100_T002,9,37,171,0.0025427391304346987,True,True
P03_L100,P03,P03_L100_T002_A03,P03_L100_T002,10,43,192,0.013344500000000016,True,True
P03_L100,P03,P03_L100_T002_A04,P03_L100_T002,1,8,23,0.003019956521739109,False,True
P03_L100,P03,P03_L100_T002_A04,P03_L100_T002,2,16,70,0.015848978260869603,False,True
P03_L100,P03,P03_L100_T002_A04,P03_L100_T002,3,21,93,0.003927543478260892,True,True
P03_L100,P03,P03_L100_T002_A04,P03_L100_T002,4,27,130,0.02061202173913035,True,True
P03_L100,P03,P03_L100_T002_A04,P03_L100_T002,5,37,156,0.0025427173913041548,True,True
P03_L100,P03,P03_L100_T002_A04,P03_L100_T002,6,42,164,0.013344347826086933,True,True
P03_L100,P03,P03_L100_T002_A04,P03_L100_T002,7,52,178,0.0016461739130434617,True,True
P03_L100,P03,P03_L100_T002_A04,P03_L100_T002,8,59,186,0.019791413043478086,True,True
P03_L100,P03,P03_L100_T002_A04,P03_L100_T002,9,62,191,0.009852282608695674,True,True
P03_L100,P03,P03_L100_T002_A04,P03_L100_T002,10,68,199,0.051705521739130365,True,True
P03_L100,P03,P03_L100_T003_A01,P03_L100_T003,1,12,47,0.0015033478260868152,False,True
P03_L100,P03,P03_L100_T003_A01,P03_L100_T003,2,16,72,0.003443978260869488,False,True
P03_L100,P03,P03_L100_T003_A01,P03_L100_T003,3,17,80,0.0017144347826087113,True,True
P03_L100,P03,P03_L100_T003_A01,P03_L100_T003,4,21,97,0.003927543478260892,True,True
P03_L100,P03,P03_L100_T003_A01,P03_L100_T003,5,22,100,0.0019551521739129456,True,True
P03_L100,P03,P03_L100_T003_A01,P03_L100_T003,6,29,130,0.010260804347826126,True,True
P03_L100,P03,P03_L100_T003_A01,P03_L100_T003,7,34,149,0.0025427391304346987,True,True
P03_L100,P03,P03_L100_T003_A01,P03_L100_T003,8,41,170,0.013344500000000016,True,True
P03_L100,P03,P03_L100_T003_A01,P03_L100_T003,9,51,193,0.0016461956521737645,True,True
P03_L100,P03,P03_L100_T003_A01,P03_L100_T003,10,55,199,0.0037712173913042315,True,True
P03_L100,P03,P03_L100_T003_A02,P03_L100_T003,1,8,36,0.003019956521739109,False,True
P03_L100,P03,P03_L100_T003_A02,P03_L100_T003,2,12,48,0.0069183260869564315,False,True
P03_L100,P03,P03_L100_T003_A02,P03_L100_T003,3,15,55,0.003443978260869488,True,True
P03_L100,P03,P03_L100_T003_A02,P03_L100_T003,4,19,70,0.007889695652173843,True,True
P03_L100,P03,P03_L100_T003_A02,P03_L100_T003,5,25,82,0.0019551521739129456,True,True
P03_L100,P03,P03_L100_T003_A02,P03_L100_T003,6,29,93,0.004478999999999987,True,True
P03_L100,P03,P03_L100_T003_A02,P03_L100_T003,7,34,141,0.0011099347826086696,True,True
P03_L100,P03,P03_L100_T003_A02,P03_L100_T003,8,39,174,0.005825021739130427,True,True
P03_L100,P03,P03_L100_T003_A02,P03_L100_T003,9,42,183,0.0028997391304348033,True,True
P03_L100,P03,P03_L100_T003_A02,P03_L100_T003,10,46,198,0.006642913043478204,True,True
P03_L100,P03,P03_L100_T003_A03,P03_L100_T003,1,8,23,0.003019956521739109,False,True
P03_L100,P03,P03_L100_T003_A03,P03_L100_T003,2,13,53,0.015848978260869603,False,True
P03_L100,P03,P03_L100_T003_A03,P03_L100_T003,3,21,73,0.003927543478260892,True,True
P03_L100,P03,P03_L100_T003_A03,P03_L100_T003,4,29,107,0.0472194130434782,True,True
P03_L100,P03,P03_L100_T003_A03,P03_L100_T003,5,30,111,0.02350610869565219,True,True
P03_L100,P03,P03_L100_T003_A03,P03_L100_T003,6,35,136,0.12336182608695644,True,True
P03_L100,P03,P03_L100_T003_A03,P03_L100_T003,7,45,176,0.015218108695652172,True,True
P03_L100,P03,P03_L100_T003_A03,P03_L100_T003,8,50,194,0.07986578260869547,True,True
P03_L100,P03,P03_L100_T003_A03,P03_L100_T003,9,52,204,0.03975765217391287,True,True
P03_L100,P03,P03_L100_T003_A03,P03_L100_T003,10,56,208,0.09107952173913035,True,True
P03_L100,P03,P03_L100_T003_A04,P03_L100_T003,1,8,26,0.003019956521739109,False,True
P03_L100,P03,P03_L100_T003_A04,P03_L100_T003,2,14,57,0.015848978260869603,False,True
P03_L100,P03,P03_L100_T003_A04,P03_L100_T003,3,16,67,0.007889717391304387,True,True
P03_L100,P03,P03_L100_T003_A04,P03_L100_T003,4,20,89,0.018074304347825976,True,True
P03_L100,P03,P03_L100_T003_A04,P03_L100_T003,5,26,110,0.004478999999999987,True,True
P03_L100,P03,P03_L100_T003_A04,P03_L100_T003,6,30,115,0.010260804347826126,True,True
P03_L100,P03,P03_L100_T003_A04,P03_L100_T003,7,35,127,0.0025427391304346987,True,True
P03_L100,P03,P03_L100_T003_A04,P03_L100_T003,8,40,147,0.013344500000000016,True,True
P03_L100,P03,P03_L100_T003_A04,P03_L100_T003,9,42,151,0.006642978260869594,True,True
P03_L100,P03,P03_L100_T003_A04,P03_L100_T003,10,46,158,0.015218173913043323,True,True
P03_L100,P03,P03_L100_T004_A01,P03_L100_T004,1,7,27,0.006918304347826129,False,True
P03_L100,P03,P03_L100_T004_A01,P03_L100_T004,2,11,43,0.015848913043478213,False,True
P03_L100,P03,P03_L100_T004_A01,P03_L100_T004,3,17,55,0.003927521739130348,True,True
P03_L100,P03,P03_L100_T004_A01,P03_L100_T004,4,21,82,0.00899743478260867,True,True
P03_L100,P03,P03_L100_T004_A01,P03_L100_T004,5,22,83,0.004478978260869443,True,True
P03_L100,P03,P03_L100_T004_A01,P03_L100_T004,6,26,93,0.010260739130434736,True,True
P03_L100,P03,P03_L100_T004_A01,P03_L100_T004,7,28,107,0.005107847826086961,True,True
P03_L100,P03,P03_L100_T004_A01,P03_L100_T004,8,32,136,0.011701413043478116,True,True
P03_L100,P03,P03_L100_T004_A01,P03_L100_T004,9,36,144,0.005825021739130427,True,True
P03_L100,P03,P03_L100_T004_A01,P03_L100_T004,10,40,150,0.013344347826086933,True,True
P03_L100,P03,P03_L100_T004_A02,P03_L100_T004,1,7,23,0.006918304347826129,False,True
P03_L100,P03,P03_L100_T004_A02,P03_L100_T004,2,11,44,0.015848913043478213,False,True
P03_L100,P03,P03_L100_T004_A02,P03_L100_T004,3,15,62,0.007889673913043299,True,True
P03_L100,P03,P03_L100_T004_A02,P03_L100_T004,4,20,73,0.04140558695652171,True,True
P03_L100,P03,P03_L100_T004_A02,P03_L100_T004,5,31,117,0.005107847826086961,True,True
P03_L100,P03,P03_L100_T004_A02,P03_L100_T004,6,35,130,0.011701413043478116,True,True
P03_L100,P03,P03_L100_T004_A02,P03_L100_T004,7,41,154,0.0028997391304348033,True,True
P03_L100,P03,P03_L100_T004_A02,P03_L100_T004,8,45,163,0.006642913043478204,True,True
P03_L100,P03,P03_L100_T004_A02,P03_L100_T004,9,52,187,0.0016461956521737645,True,True
P03_L100,P03,P03_L100_T004_A02,P03_L100_T004,10,59,205,0.019791652173912863,True,True
P03_L100,P03,P03_L100_T004_A03,P03_L100_T004,1,6,21,0.015848934782608515,False,True
P03_L100,P03,P03_L100_T004_A03,P03_L100_T004,2,10,37,0.03630780434782594,False,True
P03_L100,P03,P03_L100_T004_A03,P03_L100_T004,3,12,46,0.018074239130434586,True,True
P03_L100,P03,P03_L100_T004_A03,P03_L100_T004,4,16,67,0.041405695652173946,True,True
P03_L100,P03,P03_L100_T004_A03,P03_L100_T004,5,19,77,0.020611999999999808,True,True
P03_L100,P03,P03_L100_T004_A03,P03_L100_T004,6,23,95,0.047219369565217356,True,True
P03_L100,P03,P03_L100_T004_A03,P03_L100_T004,7,26,102,0.023506086956521646,True,True
P03_L100,P03,P03_L100_T004_A03,P03_L100_T004,8,30,111,0.053849326086956494,True,True
P03_L100,P03,P03_L100_T004_A03,P03_L100_T004,9,31,119,0.02680649999999985,True,True
P03_L100,P03,P03_L100_T004_A03,P03_L100_T004,10,35,140,0.061410152173913,True,True
P03_L100,P03,P03_L100_T004_A04,P03_L100_T004,1,6,28,0.015848934782608515,False,True
P03_L100,P03,P03_L100_T004_A04,P03_L100_T004,2,10,40,0.03630780434782594,False,True
P03_L100,P03,P03_L100_T004_A04,P03_L100_T004,3,22,101,0.004478978260869443,False,True
P03_L100,P03,P03_L100_T004_A04,P03_L100_T004,4,26,114,0.010260739130434736,True,True
P03_L100,P03,P03_L100_T004_A04,P03_L100_T004,5,31,126,0.0025427173913041548,True,True
P03_L100,P03,P03_L100_T004_A04,P03_L100_T004,6,37,159,0.013344347826086933,True,True
P03_L100,P03,P03_L100_T004_A04,P03_L100_T004,7,46,171,0.0016461739130434617,True,True
P03_L100,P03,P03_L100_T004_A04,P03_L100_T004,8,52,182,0.008639260869565221,True,True
P03_L100,P03,P03_L100_T004_A04,P03_L100_T004,9,57,188,0.0021408913043477113,True,True
P03_L100,P03,P03_L100_T004_A04,P03_L100_T004,10,65,199,0.011235565217391268,True,True
P03_L100,P03,P03_L100_T004_A04,P03_L100_T004,11,66,200,0.005593130434782412,True,True
P03_L100,P03,P03_L100_T005_A01,P03_L100_T005,1,14,42,0.0015033478260868152,False,True
P03_L100,P03,P03_L100_T005_A01,P03_L100_T005,2,22,69,0.007889695652173843,False,True
P03_L100,P03,P03_L100_T005_A01,P03_L100_T005,3,25,86,0.003927543478260892,True,True
P03_L100,P03,P03_L100_T005_A01,P03_L100_T005,4,29,97,0.008997478260869517,True,True
P03_L100,P03,P03_L100_T005_A01,P03_L100_T005,5,32,106,0.004478999999999987,True,True
P03_L100,P03,P03_L100_T005_A01,P03_L100_T005,6,39,145,0.023506152173913036,True,True
P03_L100,P03,P03_L100_T005_A01,P03_L100_T005,7,45,174,0.005825065217391273,True,True
P03_L100,P03,P03_L100_T005_A01,P03_L100_T005,8,49,180,0.01334445652173917,True,True
P03_L100,P03,P03_L100_T005_A01,P03_L100_T005,9,53,193,0.006642956521739051,True,True
P03_L100,P03,P03_L100_T005_A01,P03_L100_T005,10,57,207,0.015218130434782475,True,True
P03_L100,P03,P03_L100_T005_A02,P03_L100_T005,1,4,20,0.08317636956521735,False,True
P03_L100,P03,P03_L100_T005_A02,P03_L100_T005,2,11,59,0.4365158260869565,False,True
P03_L100,P03,P03_L100_T005_A02,P03_L100_T005,3,38,177,0.0033068913043477408,True,True
P03_L100,P03,P03_L100_T005_A02,P03_L100_T005,4,42,191,0.007575652173912945,True,True
P03_L100,P03,P03_L100_T005_A02,P03_L100_T005,5,43,192,0.0037711956521739288,True,True
P03_L100,P03,P03_L100_T005_A02,P03_L100_T005,6,51,216,0.01979150000000002,True,True
P03_L100,P03,P03_L100_T005_A02,P03_L100_T005,7,55,220,0.00985232608695652,True,True
P03_L100,P03,P03_L100_T005_A02,P03_L100_T005,8,59,224,0.022570369565217338,True,True
P03_L100,P03,P03_L100_T005_A02,P03_L100_T005,9,67,232,0.005593173913043501,True,True
P03_L100,P03,P03_L100_T005_A02,P03_L100_T005,10,73,238,0.0293533913043477,True,True
P03_L100,P03,P03_L100_T005_A03,P03_L100_T005,1,9,35,0.003019956521739109,False,True
P03_L100,P03,P03_L100_T005_A03,P03_L100_T005,2,13,49,0.0069183260869564315,False,True
P03_L100,P03,P03_L100_T005_A03,P03_L100_T005,3,18,58,0.0017144347826087113,True,True
P03_L100,P03,P03_L100_T005_A03,P03_L100_T005,4,22,73,0.003927543478260892,True,True
P03_L100,P03,P03_L100_T005_A03,P03_L100_T005,5,23,82,0.0019551521739129456,True,True
P03_L100,P03,P03_L100_T005_A03,P03_L100_T005,6,27,98,0.004478999999999987,True,True
P03_L100,P03,P03_L100_T005_A03,P03_L100_T005,7,35,118,0.0011099347826086696,True,True
P03_L100,P03,P03_L100_T005_A03,P03_L100_T005,8,42,148,0.005825021739130427,True,True
P03_L100,P03,P03_L100_T005_A03,P03_L100_T005,9,46,161,0.0028997391304348033,True,True
P03_L100,P03,P03_L100_T005_A03,P03_L100_T005,10,50,178,0.006642913043478204,True,True
P03_L100,P03,P03_L100_T005_A04,P03_L100_T005,1,7,28,0.006918304347826129,False,True
P03_L100,P03,P03_L100_T005_A04,P03_L100_T005,2,14,67,0.08317628260869565,False,True
P03_L100,P03,P03_L100_T005_A04,P03_L100_T005,3,20,93,0.02061195652173896,True,True
P03_L100,P03,P03_L100_T005_A04,P03_L100_T005,4,24,103,0.04721926086956512,True,True
P03_L100,P03,P03_L100_T005_A04,P03_L100_T005,5,29,120,0.01170143478260866,True,True
P03_L100,P03,P03_L100_T005_A04,P03_L100_T005,6,33,126,0.0268064347826087,True,True
P03_L100,P03,P03_L100_T005_A04,P03_L100_T005,7,35,130,0.013344391304347778,True,True
P03_L100,P03,P03_L100_T005_A04,P03_L100_T005,8,41,166,0.16043489130434785,True,True
P03_L100,P03,P03_L100_T005_A04,P03_L100_T005,9,51,205,0.01979150000000002,True,True
P03_L100,P03,P03_L100_T005_A04,P03_L100_T005,10,55,213,0.04533971739130437,True,True
P03_L100,P03,P03_L100_T006_A01,P03_L100_T006,1,13,41,0.0015033478260868152,False,True
P03_L100,P03,P03_L100_T006_A01,P03_L100_T006,2,17,57,0.003443978260869488,False,True
P03_L100,P03,P03_L100_T006_A01,P03_L100_T006,3,18,69,0.0017144347826087113,True,True
P03_L100,P03,P03_L100_T006_A01,P03_L100_T006,4,22,82,0.003927543478260892,True,True
P03_L100,P03,P03_L100_T006_A01,P03_L100_T006,5,24,98,0.0019551521739129456,True,True
P03_L100,P03,P03_L100_T006_A01,P03_L100_T006,6,31,133,0.010260804347826126,True,True
P03_L100,P03,P03_L100_T006_A01,P03_L100_T006,7,33,159,0.005107891304347808,True,True
P03_L100,P03,P03_L100_T006_A01,P03_L100_T006,8,37,172,0.011701499999999811,True,True
P03_L100,P03,P03_L100_T006_A01,P03_L100_T006,9,47,203,0.0014435217391304074,True,True
P03_L100,P03,P03_L100_T006_A01,P03_L100_T006,10,54,210,0.007575695652173792,True,True
P03_L100,P03,P03_L100_T006_A02,P03_L100_T006,1,12,40,0.0015033478260868152,False,True
P03_L100,P03,P03_L100_T006_A02,P03_L100_T006,2,17,58,0.007889695652173843,False,True
P03_L100,P03,P03_L100_T006_A02,P03_L100_T006,3,19,65,0.003927543478260892,True,True
P03_L100,P03,P03_L100_T006_A02,P03_L100_T006,4,23,79,0.008997478260869517,True,True
P03_L100,P03,P03_L100_T006_A02,P03_L100_T006,5,29,99,0.002229673913043455,True,True
P03_L100,P03,P03_L100_T006_A02,P03_L100_T006,6,34,129,0.011701499999999811,True,True
P03_L100,P03,P03_L100_T006_A02,P03_L100_T006,7,36,138,0.005825065217391273,True,True
P03_L100,P03,P03_L100_T006_A02,P03_L100_T006,8,40,150,0.01334445652173917,True,True
P03_L100,P03,P03_L100_T006_A02,P03_L100_T006,9,47,179,0.0033069130434782846,True,True
P03_L100,P03,P03_L100_T006_A02,P03_L100_T006,10,51,190,0.007575695652173792,True,True
P03_L100,P03,P03_L100_T006_A03,P03_L100_T006,1,9,47,0.003019956521739109,False,True
P03_L100,P03,P03_L100_T006_A03,P03_L100_T006,2,16,66,0.015848978260869603,False,True
P03_L100,P03,P03_L100_T006_A03,P03_L100_T006,3,17,71,0.007889717391304387,True,True
P03_L100,P03,P03_L100_T006_A03,P03_L100_T006,4,23,103,0.04140584782608679,True,True
P03_L100,P03,P03_L100_T006_A03,P03_L100_T006,5,28,123,0.010260804347826126,True,True
P03_L100,P03,P03_L100_T006_A03,P03_L100_T006,6,32,130,0.023506152173913036,True,True
P03_L100,P03,P03_L100_T006_A03,P03_L100_T006,7,34,144,0.011701499999999811,True,True
P03_L100,P03,P03_L100_T006_A03,P03_L100_T006,8,38,154,0.026806586956521546,True,True
P03_L100,P03,P03_L100_T006_A03,P03_L100_T006,9,44,178,0.006642956521739051,True,True
P03_L100,P03,P03_L100_T006_A03,P03_L100_T006,10,48,188,0.015218130434782475,True,True
P03_L100,P03,P03_L100_T006_A04,P03_L100_T006,1,9,33,0.003019956521739109,False,True
P03_L100,P03,P03_L100_T006_A04,P03_L100_T006,2,13,56,0.0069183260869564315,False,True
P03_L100,P03,P03_L100_T006_A04,P03_L100_T006,3,20,83,0.0017144347826087113,True,True
P03_L100,P03,P03_L100_T006_A04,P03_L100_T006,4,24,95,0.003927543478260892,True,True
P03_L100,P03,P03_L100_T006_A04,P03_L100_T006,5,26,102,0.0019551521739129456,True,True
P03_L100,P03,P03_L100_T006_A04,P03_L100_T006,6,30,113,0.004478999999999987,True,True
P03_L100,P03,P03_L100_T006_A04,P03_L100_T006,7,36,132,0.0011099347826086696,True,True
P03_L100,P03,P03_L100_T006_A04,P03_L100_T006,8,44,149,0.013344347826086933,True,True
P03_L100,P03,P03_L100_T006_A04,P03_L100_T006,9,49,175,0.003306869565217197,True,True
P03_L100,P03,P03_L100_T006_A04,P03_L100_T006,10,53,197,0.007575608695652099,True,True
P03_L100,P03,P03_L100_T007_A01,P03_L100_T007,1,7,18,0.006918304347826129,False,True
P03_L100,P03,P03_L100_T007_A01,P03_L100_T007,2,11,36,0.015848913043478213,False,True
P03_L100,P03,P03_L100_T007_A01,P03_L100_T007,3,14,55,0.007889673913043299,True,True
P03_L100,P03,P03_L100_T007_A01,P03_L100_T007,4,18,73,0.01807419565217374,True,True
P03_L100,P03,P03_L100_T007_A01,P03_L100_T007,5,20,80,0.00899743478260867,True,True
P03_L100,P03,P03_L100_T007_A01,P03_L100_T007,6,24,95,0.020611934782608657,True,True
P03_L100,P03,P03_L100_T007_A01,P03_L100_T007,7,26,103,0.010260739130434736,True,True
P03_L100,P03,P03_L100_T007_A01,P03_L100_T007,8,30,122,0.02350599999999995,True,True
P03_L100,P03,P03_L100_T007_A01,P03_L100_T007,9,31,123,0.01170143478260866,True,True
P03_L100,P03,P03_L100_T007_A01,P03_L100_T007,10,35,132,0.0268064347826087,True,True
P03_L100,P03,P03_L100_T007_A02,P03_L100_T007,1,10,33,0.003019956521739109,False,True
P03_L100,P03,P03_L100_T007_A02,P03_L100_T007,2,14,43,0.0069183260869564315,False,True
P03_L100,P03,P03_L100_T007_A02,P03_L100_T007,3,16,49,0.003443978260869488,True,True
P03_L100,P03,P03_L100_T007_A02,P03_L100_T007,4,21,67,0.018074239130434586,True,True
P03_L100,P03,P03_L100_T007_A02,P03_L100_T007,5,31,116,0.0022296521739129105,True,True
P03_L100,P03,P03_L100_T007_A02,P03_L100_T007,6,38,138,0.011701413043478116,True,True
P03_L100,P03,P03_L100_T007_A02,P03_L100_T007,7,46,169,0.0028997391304348033,True,True
P03_L100,P03,P03_L100_T007_A02,P03_L100_T007,8,51,185,0.015218043478260782,True,True
P03_L100,P03,P03_L100_T007_A02,P03_L100_T007,9,55,193,0.007575630434782643,True,True
P03_L100,P03,P03_L100_T007_A02,P03_L100_T007,10,59,199,0.017354760869565042,True,True
P03_L100,P03,P03_L100_T007_A03,P03_L100_T007,1,8,26,0.003019956521739109,False,True
P03_L100,P03,P03_L100_T007_A03,P03_L100_T007,2,12,52,0.0069183260869564315,False,True
P03_L100,P03,P03_L100_T007_A03,P03_L100_T007,3,15,59,0.003443978260869488,True,True
P03_L100,P03,P03_L100_T007_A03,P03_L100_T007,4,19,66,0.007889695652173843,True,True
P03_L100,P03,P03_L100_T007_A03,P03_L100_T007,5,26,90,0.0019551521739129456,True,True
P03_L100,P03,P03_L100_T007_A03,P03_L100_T007,6,33,121,0.010260804347826126,True,True
P03_L100,P03,P03_L100_T007_A03,P03_L100_T007,7,38,142,0.0025427391304346987,True,True
P03_L100,P03,P03_L100_T007_A03,P03_L100_T007,8,43,160,0.013344500000000016,True,True
P03_L100,P03,P03_L100_T007_A03,P03_L100_T007,9,52,181,0.0016461956521737645,True,True
P03_L100,P03,P03_L100_T007_A03,P03_L100_T007,10,56,194,0.0037712173913042315,True,True
P03_L100,P03,P03_L100_T007_A04,P03_L100_T007,1,7,40,0.006918304347826129,False,True
P03_L100,P03,P03_L100_T007_A04,P03_L100_T007,2,11,48,0.015848913043478213,False,True
P03_L100,P03,P03_L100_T007_A04,P03_L100_T007,3,13,69,0.007889673913043299,True,True
P03_L100,P03,P03_L100_T007_A04,P03_L100_T007,4,17,86,0.01807419565217374,True,True
P03_L100,P03,P03_L100_T007_A04,P03_L100_T007,5,24,114,0.004478978260869443,True,True
P03_L100,P03,P03_L100_T007_A04,P03_L100_T007,6,28,134,0.010260739130434736,True,True
P03_L100,P03,P03_L100_T007_A04,P03_L100_T007,7,29,140,0.005107847826086961,True,True
P03_L100,P03,P03_L100_T007_A04,P03_L100_T007,8,33,148,0.011701413043478116,True,True
P03_L100,P03,P03_L100_T007_A04,P03_L100_T007,9,38,167,0.0028997391304348033,True,True
P03_L100,P03,P03_L100_T007_A04,P03_L100_T007,10,45,182,0.015218043478260782,True,True
P03_L100,P03,P03_L100_T008_A01,P03_L100_T008,1,7,16,0.006918304347826129,False,True
P03_L100,P03,P03_L100_T008_A01,P03_L100_T008,2,11,37,0.015848913043478213,False,True
P03_L100,P03,P03_L100_T008_A01,P03_L100_T008,3,16,61,0.003927521739130348,True,True
P03_L100,P03,P03_L100_T008_A01,P03_L100_T008,4,24,93,0.020611934782608657,True,True
P03_L100,P03,P03_L100_T008_A01,P03_L100_T008,5,32,112,0.005107847826086961,True,True
P03_L100,P03,P03_L100_T008_A01,P03_L100_T008,6,36,126,0.011701413043478116,True,True
P03_L100,P03,P03_L100_T008_A01,P03_L100_T008,7,40,137,0.005825021739130427,True,True
P03_L100,P03,P03_L100_T008_A01,P03_L100_T008,8,44,169,0.013344347826086933,True,True
P03_L100,P03,P03_L100_T008_A01,P03_L100_T008,9,46,171,0.00664289130434766,True,True
P03_L100,P03,P03_L100_T008_A01,P03_L100_T008,10,50,179,0.015217978260869392,True,True
P03_L100,P03,P03_L100_T008_A02,P03_L100_T008,1,12,52,0.0015033478260868152,False,True
P03_L100,P03,P03_L100_T008_A02,P03_L100_T008,2,22,86,0.018074239130434586,False,True
P03_L100,P03,P03_L100_T008_A02,P03_L100_T008,3,32,122,0.0022296521739129105,False,True
P03_L100,P03,P03_L100_T008_A02,P03_L100_T008,4,36,143,0.005107847826086961,True,True
P03_L100,P03,P03_L100_T008_A02,P03_L100_T008,5,37,144,0.0025427173913041548,True,True
P03_L100,P03,P03_L100_T008_A02,P03_L100_T008,6,42,155,0.013344347826086933,True,True
P03_L100,P03,P03_L100_T008_A02,P03_L100_T008,7,50,175,0.003306869565217197,True,True
P03_L100,P03,P03_L100_T008_A02,P03_L100_T008,8,59,201,0.09107886956521742,True,True
P03_L100,P03,P03_L100_T008_A02,P03_L100_T008,9,79,238,0.0027843043478260466,True,True
P03_L100,P03,P03_L100_T008_A02,P03_L100_T008,10,83,244,0.0063784782608694345,True,True
P03_L100,P03,P03_L100_T008_A02,P03_L100_T008,11,84,245,0.003175239130434725,True,True
P03_L100,P03,P03_L100_T008_A03,P03_L100_T008,1,13,47,0.0015033478260868152,False,True
P03_L100,P03,P03_L100_T008_A03,P03_L100_T008,2,19,77,0.007889695652173843,False,True
P03_L100,P03,P03_L100_T008_A03,P03_L100_T008,3,20,80,0.003927543478260892,True,True
P03_L100,P03,P03_L100_T008_A03,P03_L100_T008,4,24,110,0.008997478260869517,True,True
P03_L100,P03,P03_L100_T008_A03,P03_L100_T008,5,38,182,0.0005525217391304419,True,True
P03_L100,P03,P03_L100_T008_A03,P03_L100_T008,6,45,192,0.006642826086956511,True,True
P03_L100,P03,P03_L100_T008_A03,P03_L100_T008,7,51,204,0.0016461739130434617,True,True
P03_L100,P03,P03_L100_T008_A03,P03_L100_T008,8,55,213,0.003771173913043385,True,True
P03_L100,P03,P03_L100_T008_A03,P03_L100_T008,9,57,219,0.0018773043478260555,True,True
P03_L100,P03,P03_L100_T008_A03,P03_L100_T008,10,65,235,0.009852217391304284,True,True
P03_L100,P03,P03_L100_T008_A04,P03_L100_T008,1,10,43,0.003019956521739109,False,True
P03_L100,P03,P03_L100_T008_A04,P03_L100_T008,2,15,59,0.015848978260869603,False,True
P03_L100,P03,P03_L100_T008_A04,P03_L100_T008,3,18,65,0.007889717391304387,False,True
P03_L100,P03,P03_L100_T008_A04,P03_L100_T008,4,22,83,0.018074304347825976,True,True
P03_L100,P03,P03_L100_T008_A04,P03_L100_T008,5,24,87,0.008997499999999818,True,True
P03_L100,P03,P03_L100_T008_A04,P03_L100_T008,6,28,111,0.020612086956521742,True,True
P03_L100,P03,P03_L100_T008_A04,P03_L100_T008,7,32,128,0.010260826086956429,True,True
P03_L100,P03,P03_L100_T008_A04,P03_L100_T008,8,36,138,0.02350619565217388,True,True
P03_L100,P03,P03_L100_T008_A04,P03_L100_T008,9,37,142,0.011701521739130354,True,True
P03_L100,P03,P03_L100_T008_A04,P03_L100_T008,10,41,154,0.02680663043478263,True,True
P03_L100,P03,P03_L100_T008_A04,P03_L100_T008,11,42,157,0.013344500000000016,True,True
P03_L200,P03,P03_L200_T001_A01,P03_L200_T001,1,16,87,0.0007483773584904682,False,True
P03_L200,P03,P03_L200_T001_A01,P03_L200_T001,2,23,100,0.003927509433962316,False,True
P03_L200,P03,P03_L200_T001_A01,P03_L200_T001,3,25,109,0.0019551320754717587,True,True
P03_L200,P03,P03_L200_T001_A01,P03_L200_T001,4,29,125,0.00447894339622634,True,True
P03_L200,P03,P03_L200_T001_A01,P03_L200_T001,5,34,134,0.0011099245283019003,True,True
P03_L200,P03,P03_L200_T001_A01,P03_L200_T001,6,46,171,0.013344188679245432,True,True
P03_L200,P03,P03_L200_T001_A01,P03_L200_T001,7,52,205,0.003306830188679212,True,True
P03_L200,P03,P03_L200_T001_A01,P03_L200_T001,8,59,212,0.03975683018867924,True,True
P03_L200,P03,P03_L200_T001_A01,P03_L200_T001,9,70,223,0.004904452830188775,True,True
P03_L200,P03,P03_L200_T001_A01,P03_L200_T001,10,74,227,0.011235433962264032,True,True
P03_L200,P03,P03_L200_T001_A02,P03_L200_T001,1,7,14,0.006918301886792705,False,True
P03_L200,P03,P03_L200_T001_A02,P03_L200_T001,2,11,31,0.015848905660377367,False,True
P03_L200,P03,P03_L200_T001_A02,P03_L200_T001,3,18,60,0.003927509433962316,True,True
P03_L200,P03,P03_L200_T001_A02,P03_L200_T001,4,22,82,0.008997396226415306,True,True
P03_L200,P03,P03_L200_T001_A02,P03_L200_T001,5,29,127,0.0022296603773583803,True,True
P03_L200,P03,P03_L200_T001_A02,P03_L200_T001,6,33,139,0.005107849056603643,True,True
P03_L200,P03,P03_L200_T001_A02,P03_L200_T001,7,34,160,0.002542716981132253,True,True
P03_L200,P03,P03_L200_T001_A02,P03_L200_T001,8,38,179,0.005825018867924596,True,True
P03_L200,P03,P03_L200_T001_A02,P03_L200_T001,9,41,184,0.0028997358490567625,True,True
P03_L200,P03,P03_L200_T001_A02,P03_L200_T001,10,45,193,0.0066429056603776095,True,True
P03_L200,P03,P03_L200_T001_A03,P03_L200_T001,1,8,19,0.0030199622641510823,False,True
P03_L200,P03,P03_L200_T001_A03,P03_L200_T001,2,14,37,0.015849018867924686,False,True
P03_L200,P03,P03_L200_T001_A03,P03_L200_T001,3,21,76,0.0039275471698115615,True,True
P03_L200,P03,P03_L200_T001_A03,P03_L200_T001,4,25,101,0.008997509433962207,True,True
P03_L200,P03,P03_L200_T001_A03,P03_L200_T001,5,29,113,0.004479018867924413,True,True
P03_L200,P03,P03_L200_T001_A03,P03_L200_T001,6,35,135,0.023506188679245154,True,True
P03_L200,P03,P03_L200_T001_A03,P03_L200_T001,7,40,156,0.00582509433962267,True,True
P03_L200,P03,P03_L200_T001_A03,P03_L200_T001,8,44,165,0.013344528301886972,True,True
P03_L200,P03,P03_L200_T001_A03,P03_L200_T001,9,47,177,0.006642981132075683,True,True
P03_L200,P03,P03_L200_T001_A03,P03_L200_T001,10,51,200,0.015218188679245464,True,True
P03_L200,P03,P03_L200_T001_A04,P03_L200_T001,1,8,36,0.0030199622641510823,False,True
P03_L200,P03,P03_L200_T001_A04,P03_L200_T001,2,12,48,0.006918339622641532,False,True
P03_L200,P03,P03_L200_T001_A04,P03_L200_T001,3,18,64,0.0017144528301888992,True,True
P03_L200,P03,P03_L200_T001_A04,P03_L200_T001,4,22,77,0.003927584905660389,True,True
P03_L200,P03,P03_L200_T001_A04,P03_L200_T001,5,23,78,0.001955169811321005,True,True
P03_L200,P03,P03_L200_T001_A04,P03_L200_T001,6,27,97,0.004479018867924413,True,True
P03_L200,P03,P03_L200_T001_A04,P03_L200_T001,7,34,121,0.0011099622641511464,True,True
P03_L200,P03,P03_L200_T001_A04,P03_L200_T001,8,41,147,0.00582520754716999,True,True
P03_L200,P03,P03_L200_T001_A04,P03_L200_T001,9,45,173,0.0028998113207548363,True,True
P03_L200,P03,P03_L200_T001_A04,P03_L200_T001,10,53,195,0.01521845283018893,True,True
P03_L200,P03,P03_L200_T002_A01,P03_L200_T002,1,14,59,0.0039275471698115615,False,True
P03_L200,P03,P03_L200_T002_A01,P03_L200_T002,2,18,67,0.008997509433962207,False,True
P03_L200,P03,P03_L200_T002_A01,P03_L200_T002,3,29,110,0.0011099622641511464,True,True
P03_L200,P03,P03_L200_T002_A01,P03_L200_T002,4,33,127,0.002542792452830327,True,True
P03_L200,P03,P03_L200_T002_A01,P03_L200_T002,5,40,161,0.0006301132075473161,True,True
P03_L200,P03,P03_L200_T002_A01,P03_L200_T002,6,52,198,0.01735490566037754,True,True
P03_L200,P03,P03_L200_T002_A01,P03_L200_T002,7,57,233,0.004300716981132175,True,True
P03_L200,P03,P03_L200_T002_A01,P03_L200_T002,8,61,248,0.009852377358490498,True,True
P03_L200,P03,P03_L200_T002_A01,P03_L200_T002,9,66,260,0.0024415094339625062,True,True
P03_L200,P03,P03_L200_T002_A01,P03_L200_T002,10,71,284,0.012813207547169794,True,True
P03_L200,P03,P03_L200_T002_A02,P03_L200_T002,1,7,45,0.015848943396226615,False,True
P03_L200,P03,P03_L200_T002_A02,P03_L200_T002,2,11,61,0.03630784905660384,False,True
P03_L200,P03,P03_L200_T002_A02,P03_L200_T002,3,18,90,0.00899747169811338,True,True
P03_L200,P03,P03_L200_T002_A02,P03_L200_T002,4,22,96,0.020611999999999936,True,True
P03_L200,P03,P03_L200_T002_A02,P03_L200_T002,5,26,123,0.010260792452830281,True,True
P03_L200,P03,P03_L200_T002_A02,P03_L200_T002,6,30,152,0.023506113207547082,True,True
P03_L200,P03,P03_L200_T002_A02,P03_L200_T002,7,41,217,0.0028997358490567625,True,True
P03_L200,P03,P03_L200_T002_A02,P03_L200_T002,8,49,231,0.03486241509433969,True,True
P03_L200,P03,P03_L200_T002_A02,P03_L200_T002,9,61,279,0.004300679245282929,True,True
P03_L200,P03,P03_L200_T002_A02,P03_L200_T002,10,67,295,0.022570301886792456,True,True
P03_L200,P03,P03_L200_T002_A03,P03_L200_T002,1,8,21,0.015848943396226615,False,True
P03_L200,P03,P03_L200_T002_A03,P03_L200_T002,2,16,62,0.08317649056603758,False,True
P03_L200,P03,P03_L200_T002_A03,P03_L200_T002,3,39,136,0.0012658113207545836,True,True
P03_L200,P03,P03_L200_T002_A03,P03_L200_T002,4,43,146,0.0028998113207548363,True,True
P03_L200,P03,P03_L200_T002_A03,P03_L200_T002,5,44,149,0.0014435471698114803,True,True
P03_L200,P03,P03_L200_T002_A03,P03_L200_T002,6,49,162,0.007575849056603767,True,True
P03_L200,P03,P03_L200_T002_A03,P03_L200_T002,7,56,191,0.0018773962264150143,True,True
P03_L200,P03,P03_L200_T002_A03,P03_L200_T002,8,60,202,0.004300867924528323,True,True
P03_L200,P03,P03_L200_T002_A03,P03_L200_T002,9,65,213,0.0010658113207546978,True,True
P03_L200,P03,P03_L200_T002_A03,P03_L200_T002,10,73,243,0.0128138113207548,True,True
P03_L200,P03,P03_L200_T002_A04,P03_L200_T002,1,23,77,0.0009732830188680097,False,True
P03_L200,P03,P03_L200_T002_A04,P03_L200_T002,2,27,103,0.0022296603773583803,False,True
P03_L200,P03,P03_L200_T002_A04,P03_L200_T002,3,28,104,0.0011099245283019003,True,True
P03_L200,P03,P03_L200_T002_A04,P03_L200_T002,4,35,126,0.005824943396226523,True,True
P03_L200,P03,P03_L200_T002_A04,P03_L200_T002,5,43,165,0.0014434716981134067,True,True
P03_L200,P03,P03_L200_T002_A04,P03_L200_T002,6,50,192,0.007575433962264153,True,True
P03_L200,P03,P03_L200_T002_A04,P03_L200_T002,7,55,215,0.0018772830188681134,True,True
P03_L200,P03,P03_L200_T002_A04,P03_L200_T002,8,65,252,0.022569886792452844,True,True
P03_L200,P03,P03_L200_T002_A04,P03_L200_T002,9,81,294,0.001386037735848903,True,True
P03_L200,P03,P03_L200_T002_A04,P03_L200_T002,10,85,301,0.0031752452830187588,True,True
P03_L200,P03,P03_L200_T003_A01,P03_L200_T003,1,10,24,0.0030199622641510823,False,True
P03_L200,P03,P03_L200_T003_A01,P03_L200_T003,2,14,33,0.006918339622641532,False,True
P03_L200,P03,P03_L200_T003_A01,P03_L200_T003,3,23,62,0.0008534716981133038,True,True
P03_L200,P03,P03_L200_T003_A01,P03_L200_T003,4,30,85,0.004479132075471733,True,True
P03_L200,P03,P03_L200_T003_A01,P03_L200_T003,5,31,88,0.002229735849056454,True,True
P03_L200,P03,P03_L200_T003_A01,P03_L200_T003,6,35,104,0.0051080377358490355,True,True
P03_L200,P03,P03_L200_T003_A01,P03_L200_T003,7,44,143,0.0006301132075473161,True,True
P03_L200,P03,P03_L200_T003_A01,P03_L200_T003,8,51,165,0.0033069056603772856,True,True
P03_L200,P03,P03_L200_T003_A01,P03_L200_T003,9,54,171,0.0016461886792451948,True,True
P03_L200,P03,P03_L200_T003_A01,P03_L200_T003,10,58,199,0.0037712075471700184,True,True
P03_L200,P03,P03_L200_T003_A02,P03_L200_T003,1,6,39,0.015848943396226615,False,True
P03_L200,P03,P03_L200_T003_A02,P03_L200_T003,2,10,63,0.03630784905660384,False,True
P03_L200,P03,P03_L200_T003_A02,P03_L200_T003,3,15,78,0.00899747169811338,False,True
P03_L200,P03,P03_L200_T003_A02,P03_L200_T003,4,19,90,0.020611999999999936,True,True
P03_L200,P03,P03_L200_T003_A02,P03_L200_T003,5,27,121,0.005107886792452889,True,True
P03_L200,P03,P03_L200_T003_A02,P03_L200_T003,6,32,135,0.02680660377358477,True,True
P03_L200,P03,P03_L200_T003_A02,P03_L200_T003,7,37,153,0.006642981132075683,True,True
P03_L200,P03,P03_L200_T003_A02,P03_L200_T003,8,41,166,0.015218188679245464,True,True
P03_L200,P03,P03_L200_T003_A02,P03_L200_T003,9,42,173,0.00757569811320762,True,True
P03_L200,P03,P03_L200_T003_A02,P03_L200_T003,10,46,181,0.01735490566037754,True,True
P03_L200,P03,P03_L200_T003_A02,P03_L200_T003,11,47,186,0.008639358490566176,True,True
P03_L200,P03,P03_L200_T003_A03,P03_L200_T003,1,9,45,0.0030199622641510823,False,True
P03_L200,P03,P03_L200_T003_A03,P03_L200_T003,2,13,58,0.006918339622641532,False,True
P03_L200,P03,P03_L200_T003_A03,P03_L200_T003,3,18,73,0.0017144528301888992,True,True
P03_L200,P03,P03_L200_T003_A03,P03_L200_T003,4,22,96,0.003927584905660389,True,True
P03_L200,P03,P03_L200_T003_A03,P03_L200_T003,5,23,108,0.001955169811321005,True,True
P03_L200,P03,P03_L200_T003_A03,P03_L200_T003,6,30,161,0.010260830188679107,True,True
P03_L200,P03,P03_L200_T003_A03,P03_L200_T003,7,31,164,0.005107886792452889,True,True
P03_L200,P03,P03_L200_T003_A03,P03_L200_T003,8,35,194,0.01170150943396212,True,True
P03_L200,P03,P03_L200_T003_A03,P03_L200_T003,9,36,195,0.00582509433962267,True,True
P03_L200,P03,P03_L200_T003_A03,P03_L200_T003,10,40,205,0.013344528301886972,True,True
P03_L200,P03,P03_L200_T003_A04,P03_L200_T003,1,14,52,0.001503358490565927,False,True
P03_L200,P03,P03_L200_T003_A04,P03_L200_T003,2,19,81,0.007889735849056449,False,True
P03_L200,P03,P03_L200_T003_A04,P03_L200_T003,3,27,106,0.001955169811321005,False,True
P03_L200,P03,P03_L200_T003_A04,P03_L200_T003,4,36,137,0.023506188679245154,True,True
P03_L200,P03,P03_L200_T003_A04,P03_L200_T003,5,42,160,0.00582509433962267,True,True
P03_L200,P03,P03_L200_T003_A04,P03_L200_T003,6,46,172,0.013344528301886972,True,True
P03_L200,P03,P03_L200_T003_A04,P03_L200_T003,7,50,184,0.006642981132075683,True,True
P03_L200,P03,P03_L200_T003_A04,P03_L200_T003,8,54,191,0.015218188679245464,True,True
P03_L200,P03,P03_L200_T003_A04,P03_L200_T003,9,65,214,0.001877358490566187,True,True
P03_L200,P03,P03_L200_T003_A04,P03_L200_T003,10,71,220,0.009852528301886645,True,True
P03_L200,P03,P03_L200_T003_A04,P03_L200_T003,11,72,221,0.004904641509434167,True,True
P03_L200,P03,P03_L200_T004_A01,P03_L200_T004,1,12,46,0.001503358490565927,False,True
P03_L200,P03,P03_L200_T004_A01,P03_L200_T004,2,24,111,0.018074339622641537,False,True
P03_L200,P03,P03_L200_T004_A01,P03_L200_T004,3,33,149,0.002229698113207627,False,True
P03_L200,P03,P03_L200_T004_A01,P03_L200_T004,4,40,181,0.011701584905660613,True,True
P03_L200,P03,P03_L200_T004_A01,P03_L200_T004,5,50,220,0.0014435094339622341,True,True
P03_L200,P03,P03_L200_T004_A01,P03_L200_T004,6,60,235,0.01735490566037754,True,True
P03_L200,P03,P03_L200_T004_A01,P03_L200_T004,7,73,248,0.0010657735849058704,True,True
P03_L200,P03,P03_L200_T004_A01,P03_L200_T004,8,79,254,0.005593245283019016,True,True
P03_L200,P03,P03_L200_T004_A01,P03_L200_T004,9,81,256,0.00278433962264166,True,True
P03_L200,P03,P03_L200_T004_A01,P03_L200_T004,10,85,260,0.0063785660377359355,True,True
P03_L200,P03,P03_L200_T004_A01,P03_L200_T004,11,86,261,0.003175283018868005,True,True
P03_L200,P03,P03_L200_T004_A02,P03_L200_T004,1,17,77,0.0007483773584904682,False,True
P03_L200,P03,P03_L200_T004_A02,P03_L200_T004,2,25,94,0.02061184905660379,False,True
P03_L200,P03,P03_L200_T004_A02,P03_L200_T004,3,27,100,0.010260716981132208,True,True
P03_L200,P03,P03_L200_T004_A02,P03_L200_T004,4,31,116,0.023505962264150936,True,True
P03_L200,P03,P03_L200_T004_A02,P03_L200_T004,5,34,128,0.01170139622641522,True,True
P03_L200,P03,P03_L200_T004_A02,P03_L200_T004,6,38,142,0.02680633962264172,True,True
P03_L200,P03,P03_L200_T004_A02,P03_L200_T004,7,42,165,0.013344339622641579,True,True
P03_L200,P03,P03_L200_T004_A02,P03_L200_T004,8,46,178,0.030570113207547104,True,True
P03_L200,P03,P03_L200_T004_A02,P03_L200_T004,9,47,182,0.01521800000000007,True,True
P03_L200,P03,P03_L200_T004_A02,P03_L200_T004,10,51,205,0.03486241509433969,True,True
P03_L200,P03,P03_L200_T004_A03,P03_L200_T004,1,9,27,0.0030199622641510823,False,True
P03_L200,P03,P03_L200_T004_A03,P03_L200_T004,2,13,44,0.006918339622641532,False,True
P03_L200,P03,P03_L200_T004_A03,P03_L200_T004,3,15,49,0.003444000000000036,True,True
P03_L200,P03,P03_L200_T004_A03,P03_L200_T004,4,19,65,0.007889735849056449,True,True
P03_L200,P03,P03_L200_T004_A03,P03_L200_T004,5,27,89,0.001955169811321005,True,True
P03_L200,P03,P03_L200_T004_A03,P03_L200_T004,6,36,127,0.023506188679245154,True,True
P03_L200,P03,P03_L200_T004_A03,P03_L200_T004,7,38,131,0.01170150943396212,True,True
P03_L200,P03,P03_L200_T004_A03,P03_L200_T004,8,46,158,0.06141037735849047,True,True
P03_L200,P03,P03_L200_T004_A03,P03_L200_T004,9,63,207,0.001877358490566187,True,True
P03_L200,P03,P03_L200_T004_A03,P03_L200_T004,10,71,225,0.009852528301886645,True,True
P03_L200,P03,P03_L200_T004_A04,P03_L200_T004,1,16,67,0.0007483773584904682,False,True
P03_L200,P03,P03_L200_T004_A04,P03_L200_T004,2,20,87,0.001714415094339653,False,True
P03_L200,P03,P03_L200_T004_A04,P03_L200_T004,3,22,96,0.0008534339622640576,True,True
P03_L200,P03,P03_L200_T004_A04,P03_L200_T004,4,26,108,0.0019550943396225125,True,True
P03_L200,P03,P03_L200_T004_A04,P03_L200_T004,5,29,117,0.0009732452830187635,True,True
P03_L200,P03,P03_L200_T004_A04,P03_L200_T004,6,34,148,0.005107698113207495,True,True
P03_L200,P03,P03_L200_T004_A04,P03_L200_T004,7,41,173,0.00126573584905651,True,True
P03_L200,P03,P03_L200_T004_A04,P03_L200_T004,8,45,195,0.002899622641509443,True,True
P03_L200,P03,P03_L200_T004_A04,P03_L200_T004,9,46,196,0.0014434339622641605,True,True
P03_L200,P03,P03_L200_T004_A04,P03_L200_T004,10,50,211,0.0033067169811323116,True,True
P03_L200,P03,P03_L200_T005_A01,P03_L200_T005,1,7,18,0.006918301886792705,False,True
P03_L200,P03,P03_L200_T005_A01,P03_L200_T005,2,11,34,0.015848905660377367,False,True
P03_L200,P03,P03_L200_T005_A01,P03_L200_T005,3,15,51,0.007889660377358375,True,True
P03_L200,P03,P03_L200_T005_A01,P03_L200_T005,4,19,60,0.018074150943396147,True,True
P03_L200,P03,P03_L200_T005_A01,P03_L200_T005,5,26,96,0.0044789811320755865,True,True
P03_L200,P03,P03_L200_T005_A01,P03_L200_T005,6,30,118,0.010260754716981034,True,True
P03_L200,P03,P03_L200_T005_A01,P03_L200_T005,7,38,152,0.002542716981132253,True,True
P03_L200,P03,P03_L200_T005_A01,P03_L200_T005,8,42,174,0.005825018867924596,True,True
P03_L200,P03,P03_L200_T005_A01,P03_L200_T005,9,48,190,0.0014435094339622341,True,True
P03_L200,P03,P03_L200_T005_A01,P03_L200_T005,10,52,200,0.0033069056603772856,True,True
P03_L200,P03,P03_L200_T005_A02,P03_L200_T005,1,6,20,0.015848943396226615,False,True
P03_L200,P03,P03_L200_T005_A02,P03_L200_T005,2,10,31,0.03630784905660384,False,True
P03_L200,P03,P03_L200_T005_A02,P03_L200_T005,3,16,74,0.00899747169811338,True,True
P03_L200,P03,P03_L200_T005_A02,P03_L200_T005,4,20,93,0.020611999999999936,True,True
P03_L200,P03,P03_L200_T005_A02,P03_L200_T005,5,21,94,0.010260792452830281,True,True
P03_L200,P03,P03_L200_T005_A02,P03_L200_T005,6,25,103,0.023506113207547082,True,True
P03_L200,P03,P03_L200_T005_A02,P03_L200_T005,7,26,104,0.011701471698113293,True,True
P03_L200,P03,P03_L200_T005_A02,P03_L200_T005,8,30,121,0.026806528301886696,True,True
P03_L200,P03,P03_L200_T005_A02,P03_L200_T005,9,32,123,0.013344452830188898,True,True
P03_L200,P03,P03_L200_T005_A02,P03_L200_T005,10,36,135,0.03057037735849057,True,True
P03_L200,P03,P03_L200_T005_A03,P03_L200_T005,1,13,44,0.001503358490565927,False,True
P03_L200,P03,P03_L200_T005_A03,P03_L200_T005,2,17,50,0.003444000000000036,False,True
P03_L200,P03,P03_L200_T005_A03,P03_L200_T005,3,19,56,0.0017144528301888992,True,True
P03_L200,P03,P03_L200_T005_A03,P03_L200_T005,4,28,79,0.020612264150943402,True,True
P03_L200,P03,P03_L200_T005_A03,P03_L200_T005,5,41,163,0.0012658113207545836,True,True
P03_L200,P03,P03_L200_T005_A03,P03_L200_T005,6,46,183,0.006643094339622584,True,True
P03_L200,P03,P03_L200_T005_A03,P03_L200_T005,7,47,184,0.003306981132075359,True,True
P03_L200,P03,P03_L200_T005_A03,P03_L200_T005,8,51,192,0.007575849056603767,True,True
P03_L200,P03,P03_L200_T005_A03,P03_L200_T005,9,53,197,0.003771320754716919,True,True
P03_L200,P03,P03_L200_T005_A03,P03_L200_T005,10,60,214,0.019792150943396175,True,True
P03_L200,P03,P03_L200_T005_A04,P03_L200_T005,1,4,29,0.08317637735849068,False,True
P03_L200,P03,P03_L200_T005_A04,P03_L200_T005,2,8,59,0.1905460754716983,False,True
P03_L200,P03,P03_L200_T005_A04,P03_L200_T005,3,30,127,0.0028997358490567625,False,True
P03_L200,P03,P03_L200_T005_A04,P03_L200_T005,4,34,141,0.0066429056603776095,True,True
P03_L200,P03,P03_L200_T005_A04,P03_L200_T005,5,43,159,0.0008194716981133945,True,True
P03_L200,P03,P03_L200_T005_A04,P03_L200_T005,6,48,165,0.004300603773584856,True,True
P03_L200,P03,P03_L200_T005_A04,P03_L200_T005,7,54,180,0.0010657358490566242,True,True
P03_L200,P03,P03_L200_T005_A04,P03_L200_T005,8,60,203,0.005593094339622869,True,True
P03_L200,P03,P03_L200_T005_A04,P03_L200_T005,9,68,219,0.001386037735848903,True,True
P03_L200,P03,P03_L200_T005_A04,P03_L200_T005,10,72,223,0.0031752452830187588,True,True
P03_L200,P03,P03_L200_T005_A04,P03_L200_T005,11,75,226,0.0015806415094338116,True,True
P03_L200,P03,P03_L200_T006_A01,P03_L200_T006,1,8,40,0.0030199622641510823,False,True
P03_L200,P03,P03_L200_T006_A01,P03_L200_T006,2,12,47,0.006918339622641532,False,True
P03_L200,P03,P03_L200_T006_A01,P03_L200_T006,3,17,74,0.0017144528301888992,True,True
P03_L200,P03,P03_L200_T006_A01,P03_L200_T006,4,22,107,0.00899758490566028,True,True
P03_L200,P03,P03_L200_T006_A01,P03_L200_T006,5,24,119,0.00447905660377366,True,True
P03_L200,P03,P03_L200_T006_A01,P03_L200_T006,6,32,142,0.023506452830188623,True,True
P03_L200,P03,P03_L200_T006_A01,P03_L200_T006,7,38,160,0.005825169811320743,True,True
P03_L200,P03,P03_L200_T006_A01,P03_L200_T006,8,42,175,0.013344679245283118,True,True
P03_L200,P03,P03_L200_T006_A01,P03_L200_T006,9,43,182,0.006643056603773756,True,True
P03_L200,P03,P03_L200_T006_A01,P03_L200_T006,10,47,195,0.015218377358490437,True,True
P03_L200,P03,P03_L200_T006_A02,P03_L200_T006,1,16,37,0.0007483773584904682,False,True
P03_L200,P03,P03_L200_T006_A02,P03_L200_T006,2,26,77,0.008997396226415306,False,True
P03_L200,P03,P03_L200_T006_A02,P03_L200_T006,3,27,82,0.00447894339622634,True,True
P03_L200,P03,P03_L200_T006_A02,P03_L200_T006,4,31,101,0.01026067924528296,True,True
P03_L200,P03,P03_L200_T006_A02,P03_L200_T006,5,42,130,0.0012657735849057562,True,True
P03_L200,P03,P03_L200_T006_A02,P03_L200_T006,6,47,149,0.0066429056603776095,True,True
P03_L200,P03,P03_L200_T006_A02,P03_L200_T006,7,48,151,0.0033068679245284584,True,True
P03_L200,P03,P03_L200_T006_A02,P03_L200_T006,8,52,166,0.0075755849056603,True,True
P03_L200,P03,P03_L200_T006_A02,P03_L200_T006,9,61,184,0.0009345283018869572,True,True
P03_L200,P03,P03_L200_T006_A02,P03_L200_T006,10,68,206,0.011235433962264032,True,True
P03_L200,P03,P03_L200_T006_A03,P03_L200_T006,1,8,35,0.0030199622641510823,False,True
P03_L200,P03,P03_L200_T006_A03,P03_L200_T006,2,12,63,0.006918339622641532,False,True
P03_L200,P03,P03_L200_T006_A03,P03_L200_T006,3,15,75,0.003444000000000036,True,True
P03_L200,P03,P03_L200_T006_A03,P03_L200_T006,4,19,88,0.007889735849056449,True,True
P03_L200,P03,P03_L200_T006_A03,P03_L200_T006,5,24,98,0.001955169811321005,True,True
P03_L200,P03,P03_L200_T006_A03,P03_L200_T006,6,28,106,0.004479018867924413,True,True
P03_L200,P03,P03_L200_T006_A03,P03_L200_T006,7,36,138,0.0011099622641511464,True,True
P03_L200,P03,P03_L200_T006_A03,P03_L200_T006,8,42,150,0.00582520754716999,True,True
P03_L200,P03,P03_L200_T006_A03,P03_L200_T006,9,43,156,0.0028998113207548363,True,True
P03_L200,P03,P03_L200_T006_A03,P03_L200_T006,10,47,188,0.006643094339622584,True,True
P03_L200,P03,P03_L200_T006_A04,P03_L200_T006,1,9,41,0.0030199622641510823,False,True
P03_L200,P03,P03_L200_T006_A04,P03_L200_T006,2,13,57,0.006918339622641532,False,True
P03_L200,P03,P03_L200_T006_A04,P03_L200_T006,3,20,78,0.0017144528301888992,True,True
P03_L200,P03,P03_L200_T006_A04,P03_L200_T006,4,26,126,0.00899758490566028,True,True
P03_L200,P03,P03_L200_T006_A04,P03_L200_T006,5,29,152,0.00447905660377366,True,True
P03_L200,P03,P03_L200_T006_A04,P03_L200_T006,6,33,176,0.010260943396226428,True,True
P03_L200,P03,P03_L200_T006_A04,P03_L200_T006,7,34,180,0.005107962264150962,True,True
P03_L200,P03,P03_L200_T006_A04,P03_L200_T006,8,38,200,0.011701660377358687,True,True
P03_L200,P03,P03_L200_T006_A04,P03_L200_T006,9,40,202,0.005825169811320743,True,True
P03_L200,P03,P03_L200_T006_A04,P03_L200_T006,10,44,211,0.013344679245283118,True,True
P03_L200,P03,P03_L200_T007_A01,P03_L200_T007,1,8,31,0.0030199622641510823,False,True
P03_L200,P03,P03_L200_T007_A01,P03_L200_T007,2,12,39,0.006918339622641532,False,True
P03_L200,P03,P03_L200_T007_A01,P03_L200_T007,3,14,49,0.003444000000000036,True,True
P03_L200,P03,P03_L200_T007_A01,P03_L200_T007,4,19,62,0.018074339622641537,True,True
P03_L200,P03,P03_L200_T007_A01,P03_L200_T007,5,32,111,0.0011099622641511464,True,True
P03_L200,P03,P03_L200_T007_A01,P03_L200_T007,6,36,131,0.002542792452830327,True,True
P03_L200,P03,P03_L200_T007_A01,P03_L200_T007,7,37,132,0.0012658113207545836,True,True
P03_L200,P03,P03_L200_T007_A01,P03_L200_T007,8,41,142,0.0028998113207548363,True,True
P03_L200,P03,P03_L200_T007_A01,P03_L200_T007,9,45,154,0.0014435471698114803,True,True
P03_L200,P03,P03_L200_T007_A01,P03_L200_T007,10,51,164,0.007575849056603767,True,True
P03_L200,P03,P03_L200_T007_A02,P03_L200_T007,1,6,36,0.015848943396226615,False,True
P03_L200,P03,P03_L200_T007_A02,P03_L200_T007,2,10,69,0.03630784905660384,False,True
P03_L200,P03,P03_L200_T007_A02,P03_L200_T007,3,16,92,0.00899747169811338,False,True
P03_L200,P03,P03_L200_T007_A02,P03_L200_T007,4,20,105,0.020611999999999936,True,True
P03_L200,P03,P03_L200_T007_A02,P03_L200_T007,5,36,183,0.0012658113207545836,True,True
P03_L200,P03,P03_L200_T007_A02,P03_L200_T007,6,42,196,0.01521845283018893,True,True
P03_L200,P03,P03_L200_T007_A02,P03_L200_T007,7,51,205,0.0018773962264150143,True,True
P03_L200,P03,P03_L200_T007_A02,P03_L200_T007,8,55,209,0.004300867924528323,True,True
P03_L200,P03,P03_L200_T007_A02,P03_L200_T007,9,58,212,0.0021409811320755347,True,True
P03_L200,P03,P03_L200_T007_A02,P03_L200_T007,10,62,216,0.004904716981132241,True,True
P03_L200,P03,P03_L200_T007_A02,P03_L200_T007,11,64,218,0.0024415849056605796,True,True
P03_L200,P03,P03_L200_T007_A03,P03_L200_T007,1,10,26,0.0030199622641510823,False,True
P03_L200,P03,P03_L200_T007_A03,P03_L200_T007,2,14,46,0.006918339622641532,False,True
P03_L200,P03,P03_L200_T007_A03,P03_L200_T007,3,19,64,0.0017144528301888992,True,True
P03_L200,P03,P03_L200_T007_A03,P03_L200_T007,4,23,78,0.003927584905660389,True,True
P03_L200,P03,P03_L200_T007_A03,P03_L200_T007,5,29,96,0.0009732830188680097,True,True
P03_L200,P03,P03_L200_T007_A03,P03_L200_T007,6,33,110,0.0022296603773583803,True,True
P03_L200,P03,P03_L200_T007_A03,P03_L200_T007,7,34,113,0.0011099245283019003,True,True
P03_L200,P03,P03_L200_T007_A03,P03_L200_T007,8,42,135,0.005824943396226523,True,True
P03_L200,P03,P03_L200_T007_A03,P03_L200_T007,9,47,167,0.0014434716981134067,True,True
P03_L200,P03,P03_L200_T007_A03,P03_L200_T007,10,52,184,0.007575433962264153,True,True
P03_L200,P03,P03_L200_T007_A04,P03_L200_T007,1,9,35,0.0030199622641510823,False,True
P03_L200,P03,P03_L200_T007_A04,P03_L200_T007,2,13,47,0.006918339622641532,False,True
P03_L200,P03,P03_L200_T007_A04,P03_L200_T007,3,19,77,0.0017144528301888992,True,True
P03_L200,P03,P03_L200_T007_A04,P03_L200_T007,4,23,90,0.003927584905660389,True,True
P03_L200,P03,P03_L200_T007_A04,P03_L200_T007,5,27,121,0.001955169811321005,True,True
P03_L200,P03,P03_L200_T007_A04,P03_L200_T007,6,31,137,0.004479018867924413,True,True
P03_L200,P03,P03_L200_T007_A04,P03_L200_T007,7,37,159,0.0011099622641511464,True,True
P03_L200,P03,P03_L200_T007_A04,P03_L200_T007,8,41,173,0.002542792452830327,True,True
P03_L200,P03,P03_L200_T007_A04,P03_L200_T007,9,42,175,0.0012658113207545836,True,True
P03_L200,P03,P03_L200_T007_A04,P03_L200_T007,10,46,187,0.0028998113207548363,True,True
P03_L200,P03,P03_L200_T008_A01,P03_L200_T008,1,15,58,0.001503358490565927,False,True
P03_L200,P03,P03_L200_T008_A01,P03_L200_T008,2,19,66,0.003444000000000036,False,True
P03_L200,P03,P03_L200_T008_A01,P03_L200_T008,3,23,89,0.0017144528301888992,True,True
P03_L200,P03,P03_L200_T008_A01,P03_L200_T008,4,31,127,0.04721996226415098,True,True
P03_L200,P03,P03_L200_T008_A01,P03_L200_T008,5,37,174,0.01170162264150944,True,True
P03_L200,P03,P03_L200_T008_A01,P03_L200_T008,6,41,191,0.026806867924528237,True,True
P03_L200,P03,P03_L200_T008_A01,P03_L200_T008,7,49,205,0.006643018867924511,True,True
P03_L200,P03,P03_L200_T008_A01,P03_L200_T008,8,53,215,0.015218264150943538,True,True
P03_L200,P03,P03_L200_T008_A01,P03_L200_T008,9,58,223,0.0037712452830188457,True,True
P03_L200,P03,P03_L200_T008_A01,P03_L200_T008,10,62,227,0.00863943396226425,True,True
P03_L200,P03,P03_L200_T008_A02,P03_L200_T008,1,10,41,0.0030199622641510823,False,True
P03_L200,P03,P03_L200_T008_A02,P03_L200_T008,2,14,54,0.006918339622641532,False,True
P03_L200,P03,P03_L200_T008_A02,P03_L200_T008,3,15,59,0.003444000000000036,True,True
P03_L200,P03,P03_L200_T008_A02,P03_L200_T008,4,19,82,0.007889735849056449,True,True
P03_L200,P03,P03_L200_T008_A02,P03_L200_T008,5,21,88,0.0039275471698115615,True,True
P03_L200,P03,P03_L200_T008_A02,P03_L200_T008,6,25,102,0.008997509433962207,True,True
P03_L200,P03,P03_L200_T008_A02,P03_L200_T008,7,26,107,0.004479018867924413,True,True
P03_L200,P03,P03_L200_T008_A02,P03_L200_T008,8,30,128,0.010260830188679107,True,True
P03_L200,P03,P03_L200_T008_A02,P03_L200_T008,9,36,143,0.0025427547169810808,True,True
P03_L200,P03,P03_L200_T008_A02,P03_L200_T008,10,45,160,0.03057071698113211,True,True
P03_L200,P03,P03_L200_T008_A03,P03_L200_T008,1,13,47,0.001503358490565927,False,True
P03_L200,P03,P03_L200_T008_A03,P03_L200_T008,2,19,69,0.007889735849056449,False,True
P03_L200,P03,P03_L200_T008_A03,P03_L200_T008,3,24,84,0.001955169811321005,True,True
P03_L200,P03,P03_L200_T008_A03,P03_L200_T008,4,29,91,0.010260830188679107,True,True
P03_L200,P03,P03_L200_T008_A03,P03_L200_T008,5,32,105,0.005107886792452889,True,True
P03_L200,P03,P03_L200_T008_A03,P03_L200_T008,6,36,125,0.01170150943396212,True,True
P03_L200,P03,P03_L200_T008_A03,P03_L200_T008,7,39,137,0.00582509433962267,True,True
P03_L200,P03,P03_L200_T008_A03,P03_L200_T008,8,43,155,0.013344528301886972,True,True
P03_L200,P03,P03_L200_T008_A03,P03_L200_T008,9,48,167,0.0033069056603772856,True,True
P03_L200,P03,P03_L200_T008_A03,P03_L200_T008,10,55,188,0.01735490566037754,True,True
P03_L200,P03,P03_L200_T008_A04,P03_L200_T008,1,9,29,0.0030199622641510823,False,True
P03_L200,P03,P03_L200_T008_A04,P03_L200_T008,2,16,72,0.015849018867924686,False,True
P03_L200,P03,P03_L200_T008_A04,P03_L200_T008,3,26,115,0.001955169811321005,True,True
P03_L200,P03,P03_L200_T008_A04,P03_L200_T008,4,32,131,0.010260830188679107,True,True
P03_L200,P03,P03_L200_T008_A04,P03_L200_T008,5,45,178,0.0006301132075473161,True,True
P03_L200,P03,P03_L200_T008_A04,P03_L200_T008,6,51,194,0.0033069056603772856,True,True
P03_L200,P03,P03_L200_T008_A04,P03_L200_T008,7,52,200,0.0016461886792451948,True,True
P03_L200,P03,P03_L200_T008_A04,P03_L200_T008,8,56,209,0.0037712075471700184,True,True
P03_L200,P03,P03_L200_T008_A04,P03_L200_T008,9,58,212,0.0018773207547169407,True,True
P03_L200,P03,P03_L200_T008_A04,P03_L200_T008,10,62,217,0.004300679245282929,True,True
P03_L300,P03,P03_L300_T001_A01,P03_L300_T001,1,16,92,0.0039275714285715215,False,True
P03_L300,P03,P03_L300_T001_A01,P03_L300_T001,2,20,109,0.008997571428571398,False,True
P03_L300,P03,P03_L300_T001_A01,P03_L300_T001,3,22,114,0.004479071428571877,True,True
P03_L300,P03,P03_L300_T001_A01,P03_L300_T001,4,26,137,0.01026092857142851,True,True
P03_L300,P03,P03_L300_T001_A01,P03_L300_T001,5,32,157,0.0025427857142855193,True,True
P03_L300,P03,P03_L300_T001_A01,P03_L300_T001,6,39,178,0.01334478571428575,True,True
P03_L300,P03,P03_L300_T001_A01,P03_L300_T001,7,42,192,0.006643142857142609,True,True
P03_L300,P03,P03_L300_T001_A01,P03_L300_T001,8,46,200,0.015218571428571302,True,True
P03_L300,P03,P03_L300_T001_A01,P03_L300_T001,9,51,212,0.0037713571428573834,True,True
P03_L300,P03,P03_L300_T001_A01,P03_L300_T001,10,55,222,0.00863971428571467,True,True
P03_L300,P03,P03_L300_T001_A02,P03_L300_T001,1,15,51,0.0039275714285715215,False,True
P03_L300,P03,P03_L300_T001_A02,P03_L300_T001,2,19,68,0.008997571428571398,False,True
P03_L300,P03,P03_L300_T001_A02,P03_L300_T001,3,21,71,0.004479071428571877,True,True
P03_L300,P03,P03_L300_T001_A02,P03_L300_T001,4,25,86,0.01026092857142851,True,True
P03_L300,P03,P03_L300_T001_A02,P03_L300_T001,5,30,96,0.0025427857142855193,True,True
P03_L300,P03,P03_L300_T001_A02,P03_L300_T001,6,38,124,0.01334478571428575,True,True
P03_L300,P03,P03_L300_T001_A02,P03_L300_T001,7,43,148,0.003307000000000012,True,True
P03_L300,P03,P03_L300_T001_A02,P03_L300_T001,8,53,189,0.039759000000000315,True,True
P03_L300,P03,P03_L300_T001_A02,P03_L300_T001,9,58,205,0.009852714285714579,True,True
P03_L300,P03,P03_L300_T001_A02,P03_L300_T001,10,62,214,0.022571285714286158,True,True
P03_L300,P03,P03_L300_T001_A03,P03_L300_T001,1,10,31,0.007889714285714515,False,True
P03_L300,P03,P03_L300_T001_A03,P03_L300_T001,2,15,49,0.04140578571428561,False,True
P03_L300,P03,P03_L300_T001_A03,P03_L300_T001,3,22,67,0.010260785714285727,True,True
P03_L300,P03,P03_L300_T001_A03,P03_L300_T001,4,26,79,0.023506071428571907,True,True
P03_L300,P03,P03_L300_T001_A03,P03_L300_T001,5,32,97,0.005825071428571566,True,True
P03_L300,P03,P03_L300_T001_A03,P03_L300_T001,6,38,116,0.030570499999999737,True,True
P03_L300,P03,P03_L300_T001_A03,P03_L300_T001,7,42,125,0.015218142857142956,True,True
P03_L300,P03,P03_L300_T001_A03,P03_L300_T001,8,46,135,0.034862785714285485,True,True
P03_L300,P03,P03_L300_T001_A03,P03_L300_T001,9,50,151,0.017354928571428854,True,True
P03_L300,P03,P03_L300_T001_A03,P03_L300_T001,10,54,155,0.03975785714285727,True,True
P03_L300,P03,P03_L300_T001_A04,P03_L300_T001,1,19,82,0.0019551428571430913,False,True
P03_L300,P03,P03_L300_T001_A04,P03_L300_T001,2,24,128,0.010260785714285727,False,True
P03_L300,P03,P03_L300_T001_A04,P03_L300_T001,3,30,166,0.0025427142857145247,False,True
P03_L300,P03,P03_L300_T001_A04,P03_L300_T001,4,34,174,0.005824999999999778,True,True
P03_L300,P03,P03_L300_T001_A04,P03_L300_T001,5,36,181,0.0028997142857145604,True,True
P03_L300,P03,P03_L300_T001_A04,P03_L300_T001,6,40,188,0.006642857142857045,True,True
P03_L300,P03,P03_L300_T001_A04,P03_L300_T001,7,45,209,0.001646142857143167,True,True
P03_L300,P03,P03_L300_T001_A04,P03_L300_T001,8,55,230,0.019790785714286177,True,True
P03_L300,P03,P03_L300_T001_A04,P03_L300_T001,9,67,242,0.0024414285714289908,True,True
P03_L300,P03,P03_L300_T001_A04,P03_L300_T001,10,75,250,0.012812857142857624,True,True
P03_L300,P03,P03_L300_T001_A04,P03_L300_T001,11,77,252,0.006378285714286097,True,True
P03_L300,P03,P03_L300_T002_A01,P03_L300_T002,1,18,56,0.0019551428571430913,False,True
P03_L300,P03,P03_L300_T002_A01,P03_L300_T002,2,24,89,0.010260785714285727,False,True
P03_L300,P03,P03_L300_T002_A01,P03_L300_T002,3,32,116,0.0025427142857145247,True,True
P03_L300,P03,P03_L300_T002_A01,P03_L300_T002,4,38,134,0.013344285714285618,True,True
P03_L300,P03,P03_L300_T002_A01,P03_L300_T002,5,40,136,0.006642857142857045,True,True
P03_L300,P03,P03_L300_T002_A01,P03_L300_T002,6,44,148,0.015217928571428388,True,True
P03_L300,P03,P03_L300_T002_A01,P03_L300_T002,7,50,165,0.0037711428571428137,True,True
P03_L300,P03,P03_L300_T002_A01,P03_L300_T002,8,56,181,0.01979128571428552,True,True
P03_L300,P03,P03_L300_T002_A01,P03_L300_T002,9,59,188,0.009852214285714445,True,True
P03_L300,P03,P03_L300_T002_A01,P03_L300_T002,10,63,199,0.022570142857143108,True,True
P03_L300,P03,P03_L300_T002_A02,P03_L300_T002,1,6,39,0.01584892857142853,False,True
P03_L300,P03,P03_L300_T002_A02,P03_L300_T002,2,10,46,0.036307785714286195,False,True
P03_L300,P03,P03_L300_T002_A02,P03_L300_T002,3,15,58,0.008997428571428616,True,True
P03_L300,P03,P03_L300_T002_A02,P03_L300_T002,4,19,90,0.020611928571429013,True,True
P03_L300,P03,P03_L300_T002_A02,P03_L300_T002,5,27,121,0.005107857142856918,True,True
P03_L300,P03,P03_L300_T002_A02,P03_L300_T002,6,31,132,0.011701428571428814,True,True
P03_L300,P03,P03_L300_T002_A02,P03_L300_T002,7,34,145,0.005825071428571566,True,True
P03_L300,P03,P03_L300_T002_A02,P03_L300_T002,8,39,166,0.030570499999999737,True,True
P03_L300,P03,P03_L300_T002_A02,P03_L300_T002,9,40,168,0.015218142857142956,True,True
P03_L300,P03,P03_L300_T002_A02,P03_L300_T002,10,44,183,0.034862785714285485,True,True
P03_L300,P03,P03_L300_T002_A03,P03_L300_T002,1,9,48,0.01584892857142853,False,True
P03_L300,P03,P03_L300_T002_A03,P03_L300_T002,2,13,59,0.036307785714286195,False,True
P03_L300,P03,P03_L300_T002_A03,P03_L300_T002,3,19,86,0.008997428571428616,True,True
P03_L300,P03,P03_L300_T002_A03,P03_L300_T002,4,23,110,0.020611928571429013,True,True
P03_L300,P03,P03_L300_T002_A03,P03_L300_T002,5,26,128,0.010260714285714732,True,True
P03_L300,P03,P03_L300_T002_A03,P03_L300_T002,6,30,157,0.02350592857142833,True,True
P03_L300,P03,P03_L300_T002_A03,P03_L300_T002,7,33,170,0.011701357142857026,True,True
P03_L300,P03,P03_L300_T002_A03,P03_L300_T002,8,41,192,0.06140964285714327,True,True
P03_L300,P03,P03_L300_T002_A03,P03_L300_T002,9,42,193,0.03057007142857139,True,True
P03_L300,P03,P03_L300_T002_A03,P03_L300_T002,10,46,200,0.07003200000000002,True,True
P03_L300,P03,P03_L300_T002_A04,P03_L300_T002,1,16,65,0.0039275714285715215,False,True
P03_L300,P03,P03_L300_T002_A04,P03_L300_T002,2,20,71,0.008997571428571398,False,True
P03_L300,P03,P03_L300_T002_A04,P03_L300_T002,3,21,72,0.004479071428571877,True,True
P03_L300,P03,P03_L300_T002_A04,P03_L300_T002,4,25,81,0.01026092857142851,True,True
P03_L300,P03,P03_L300_T002_A04,P03_L300_T002,5,27,83,0.005107928571428705,True,True
P03_L300,P03,P03_L300_T002_A04,P03_L300_T002,6,31,106,0.011701571428571596,True,True
P03_L300,P03,P03_L300_T002_A04,P03_L300_T002,7,33,112,0.00582514285714256,True,True
P03_L300,P03,P03_L300_T002_A04,P03_L300_T002,8,37,119,0.013344642857142968,True,True
P03_L300,P03,P03_L300_T002_A04,P03_L300_T002,9,40,138,0.006643071428571614,True,True
P03_L300,P03,P03_L300_T002_A04,P03_L300_T002,10,44,154,0.01521842857142852,True,True
P03_L300,P03,P03_L300_T003_A01,P03_L300_T003,1,14,56,0.0039275714285715215,False,True
P03_L300,P03,P03_L300_T003_A01,P03_L300_T003,2,20,66,0.020612214285714577,False,True
P03_L300,P03,P03_L300_T003_A01,P03_L300_T003,3,27,109,0.005107928571428705,True,True
P03_L300,P03,P03_L300_T003_A01,P03_L300_T003,4,32,126,0.026806785714285547,True,True
P03_L300,P03,P03_L300_T003_A01,P03_L300_T003,5,43,155,0.0033069285714290176,True,True
P03_L300,P03,P03_L300_T003_A01,P03_L300_T003,6,47,165,0.00757571428571405,True,True
P03_L300,P03,P03_L300_T003_A01,P03_L300_T003,7,50,176,0.0037712142857146014,True,True
P03_L300,P03,P03_L300_T003_A01,P03_L300_T003,8,57,199,0.01979164285714287,True,True
P03_L300,P03,P03_L300_T003_A01,P03_L300_T003,9,64,215,0.004904571428571146,True,True
P03_L300,P03,P03_L300_T003_A01,P03_L300_T003,10,70,223,0.02573950000000015,True,True
P03_L300,P03,P03_L300_T003_A02,P03_L300_T003,1,10,28,0.007889714285714515,False,True
P03_L300,P03,P03_L300_T003_A02,P03_L300_T003,2,15,50,0.04140578571428561,False,True
P03_L300,P03,P03_L300_T003_A02,P03_L300_T003,3,18,67,0.020612071428571795,True,True
P03_L300,P03,P03_L300_T003_A02,P03_L300_T003,4,22,80,0.04721950000000006,True,True
P03_L300,P03,P03_L300_T003_A02,P03_L300_T003,5,23,81,0.023506142857142902,True,True
P03_L300,P03,P03_L300_T003_A02,P03_L300_T003,6,31,120,0.12336192857142887,True,True
P03_L300,P03,P03_L300_T003_A02,P03_L300_T003,7,38,154,0.03057042857142874,True,True
P03_L300,P03,P03_L300_T003_A02,P03_L300_T003,8,42,173,0.07003278571428573,True,True
P03_L300,P03,P03_L300_T003_A02,P03_L300_T003,9,46,184,0.03486271428571449,True,True
P03_L300,P03,P03_L300_T003_A02,P03_L300_T003,10,50,202,0.07986585714285707,True,True
P03_L300,P03,P03_L300_T003_A03,P03_L300_T003,1,6,24,0.01584892857142853,False,True
P03_L300,P03,P03_L300_T003_A03,P03_L300_T003,2,10,41,0.036307785714286195,False,True
P03_L300,P03,P03_L300_T003_A03,P03_L300_T003,3,18,77,0.008997428571428616,True,True
P03_L300,P03,P03_L300_T003_A03,P03_L300_T003,4,23,102,0.047219214285714496,True,True
P03_L300,P03,P03_L300_T003_A03,P03_L300_T003,5,24,105,0.02350600000000012,True,True
P03_L300,P03,P03_L300_T003_A03,P03_L300_T003,6,28,119,0.05384914285714303,True,True
P03_L300,P03,P03_L300_T003_A03,P03_L300_T003,7,39,159,0.006642928571428832,True,True
P03_L300,P03,P03_L300_T003_A03,P03_L300_T003,8,43,168,0.01521807142857117,True,True
P03_L300,P03,P03_L300_T003_A03,P03_L300_T003,9,47,190,0.007575642857143056,True,True
P03_L300,P03,P03_L300_T003_A03,P03_L300_T003,10,54,216,0.03975749999999992,True,True
P03_L300,P03,P03_L300_T003_A04,P03_L300_T003,1,11,43,0.007889714285714515,False,True
P03_L300,P03,P03_L300_T003_A04,P03_L300_T003,2,15,55,0.018074285714286025,False,True
P03_L300,P03,P03_L300_T003_A04,P03_L300_T003,3,21,85,0.00447900000000009,True,True
P03_L300,P03,P03_L300_T003_A04,P03_L300_T003,4,27,99,0.023506071428571907,True,True
P03_L300,P03,P03_L300_T003_A04,P03_L300_T003,5,28,101,0.011701428571428814,True,True
P03_L300,P03,P03_L300_T003_A04,P03_L300_T003,6,32,118,0.02680642857142899,True,True
P03_L300,P03,P03_L300_T003_A04,P03_L300_T003,7,35,142,0.0133444285714284,True,True
P03_L300,P03,P03_L300_T003_A04,P03_L300_T003,8,39,171,0.03057028571428596,True,True
P03_L300,P03,P03_L300_T003_A04,P03_L300_T003,9,42,183,0.01521807142857117,True,True
P03_L300,P03,P03_L300_T003_A04,P03_L300_T003,10,46,198,0.03486257142857171,True,True
P03_L300,P03,P03_L300_T004_A01,P03_L300_T004,1,6,17,0.01584892857142853,False,True
P03_L300,P03,P03_L300_T004_A01,P03_L300_T004,2,11,30,0.08317635714285723,False,True
P03_L300,P03,P03_L300_T004_A01,P03_L300_T004,3,14,39,0.04140564285714283,True,True
P03_L300,P03,P03_L300_T004_A01,P03_L300_T004,4,18,70,0.09485485714285724,True,True
P03_L300,P03,P03_L300_T004_A01,P03_L300_T004,5,26,91,0.023506071428571907,True,True
P03_L300,P03,P03_L300_T004_A01,P03_L300_T004,6,30,101,0.053849285714285815,True,True
P03_L300,P03,P03_L300_T004_A01,P03_L300_T004,7,37,123,0.0133444285714284,True,True
P03_L300,P03,P03_L300_T004_A01,P03_L300_T004,8,44,163,0.07003250000000016,True,True
P03_L300,P03,P03_L300_T004_A01,P03_L300_T004,9,49,180,0.017354785714286072,True,True
P03_L300,P03,P03_L300_T004_A01,P03_L300_T004,10,53,195,0.03975749999999992,True,True
P03_L300,P03,P03_L300_T004_A02,P03_L300_T004,1,18,104,0.0019551428571430913,False,True
P03_L300,P03,P03_L300_T004_A02,P03_L300_T004,2,28,135,0.023506071428571907,False,True
P03_L300,P03,P03_L300_T004_A02,P03_L300_T004,3,35,160,0.005825071428571566,False,True
P03_L300,P03,P03_L300_T004_A02,P03_L300_T004,4,39,184,0.013344500000000186,True,True
P03_L300,P03,P03_L300_T004_A02,P03_L300_T004,5,44,197,0.0033069285714290176,True,True
P03_L300,P03,P03_L300_T004_A02,P03_L300_T004,6,52,211,0.017354928571428854,True,True
P03_L300,P03,P03_L300_T004_A02,P03_L300_T004,7,62,225,0.002140928571428954,True,True
P03_L300,P03,P03_L300_T004_A02,P03_L300_T004,8,66,229,0.004904571428571146,True,True
P03_L300,P03,P03_L300_T004_A02,P03_L300_T004,9,67,230,0.002441499999999985,True,True
P03_L300,P03,P03_L300_T004_A02,P03_L300_T004,10,75,238,0.012813142857143188,True,True
P03_L300,P03,P03_L300_T004_A02,P03_L300_T004,11,78,241,0.006378428571428879,True,True
P03_L300,P03,P03_L300_T004_A03,P03_L300_T004,1,4,9,0.08317635714285723,False,True
P03_L300,P03,P03_L300_T004_A03,P03_L300_T004,2,8,28,0.19054600000000016,False,True
P03_L300,P03,P03_L300_T004_A03,P03_L300_T004,3,14,44,0.04721935714285728,True,True
P03_L300,P03,P03_L300_T004_A03,P03_L300_T004,4,18,53,0.10817328571428585,True,True
P03_L300,P03,P03_L300_T004_A03,P03_L300_T004,5,29,108,0.0133444285714284,True,True
P03_L300,P03,P03_L300_T004_A03,P03_L300_T004,6,33,124,0.03057028571428596,True,True
P03_L300,P03,P03_L300_T004_A03,P03_L300_T004,7,38,154,0.007575642857143056,True,True
P03_L300,P03,P03_L300_T004_A03,P03_L300_T004,8,42,167,0.017354785714286072,True,True
P03_L300,P03,P03_L300_T004_A03,P03_L300_T004,9,43,174,0.008639285714285532,True,True
P03_L300,P03,P03_L300_T004_A03,P03_L300_T004,10,47,190,0.0197914285714283,True,True
P03_L300,P03,P03_L300_T004_A04,P03_L300_T004,1,5,16,0.036307785714286195,False,True
P03_L300,P03,P03_L300_T004_A04,P03_L300_T004,2,10,41,0.19054600000000016,False,True
P03_L300,P03,P03_L300_T004_A04,P03_L300_T004,3,23,88,0.011701428571428814,True,True
P03_L300,P03,P03_L300_T004_A04,P03_L300_T004,4,27,100,0.02680642857142899,True,True
P03_L300,P03,P03_L300_T004_A04,P03_L300_T004,5,36,140,0.0033068571428572302,True,True
P03_L300,P03,P03_L300_T004_A04,P03_L300_T004,6,44,165,0.01735464285714329,True,True
P03_L300,P03,P03_L300_T004_A04,P03_L300_T004,7,46,169,0.008639214285714536,True,True
P03_L300,P03,P03_L300_T004_A04,P03_L300_T004,8,50,187,0.01979128571428552,True,True
P03_L300,P03,P03_L300_T004_A04,P03_L300_T004,9,54,207,0.009852214285714445,True,True
P03_L300,P03,P03_L300_T004_A04,P03_L300_T004,10,60,215,0.05170521428571408,True,True
P03_L370,P03,P03_L370_T001_A01,P03_L370_T001,1,11,63,0.007889800000000495,False,True
P03_L370,P03,P03_L370_T001_A01,P03_L370_T001,2,15,80,0.018074400000001028,False,True
P03_L370,P03,P03_L370_T001_A01,P03_L370_T001,3,20,118,0.004479000000001672,True,True
P03_L370,P03,P03_L370_T001_A01,P03_L370_T001,4,24,125,0.010260800000001504,True,True
P03_L370,P03,P03_L370_T001_A01,P03_L370_T001,5,26,131,0.005107800000001546,True,True
P03_L370,P03,P03_L370_T001_A01,P03_L370_T001,6,30,168,0.011701200000000512,True,True
P03_L370,P03,P03_L370_T001_A01,P03_L370_T001,7,33,177,0.005825000000001518,True,True
P03_L370,P03,P03_L370_T001_A01,P03_L370_T001,8,37,182,0.013344400000001576,True,True
P03_L370,P03,P03_L370_T001_A01,P03_L370_T001,9,38,183,0.006643000000001725,True,True
P03_L370,P03,P03_L370_T001_A01,P03_L370_T001,10,42,188,0.015218200000000057,True,True
P03_L370,P03,P03_L370_T001_A02,P03_L370_T001,1,13,56,0.007889800000000495,False,True
P03_L370,P03,P03_L370_T001_A02,P03_L370_T001,2,17,75,0.018074400000001028,False,True
P03_L370,P03,P03_L370_T001_A02,P03_L370_T001,3,23,93,0.004479000000001672,True,True
P03_L370,P03,P03_L370_T001_A02,P03_L370_T001,4,29,112,0.02350620000000079,True,True
P03_L370,P03,P03_L370_T001_A02,P03_L370_T001,5,30,115,0.011701600000000301,True,True
P03_L370,P03,P03_L370_T001_A02,P03_L370_T001,6,36,133,0.061410800000001264,True,True
P03_L370,P03,P03_L370_T001_A02,P03_L370_T001,7,42,143,0.015218200000000057,True,True
P03_L370,P03,P03_L370_T001_A02,P03_L370_T001,8,46,159,0.03486280000000172,True,True
P03_L370,P03,P03_L370_T001_A02,P03_L370_T001,9,51,167,0.008639400000001178,True,True
P03_L370,P03,P03_L370_T001_A02,P03_L370_T001,10,55,173,0.019791800000001896,True,True
P03_L370,P03,P03_L370_T001_A03,P03_L370_T001,1,10,26,0.007889800000000495,False,True
P03_L370,P03,P03_L370_T001_A03,P03_L370_T001,2,14,34,0.018074400000001028,False,True
P03_L370,P03,P03_L370_T001_A03,P03_L370_T001,3,20,59,0.004479000000001672,True,True
P03_L370,P03,P03_L370_T001_A03,P03_L370_T001,4,24,69,0.010260800000001504,True,True
P03_L370,P03,P03_L370_T001_A03,P03_L370_T001,5,28,89,0.005107800000001546,True,True
P03_L370,P03,P03_L370_T001_A03,P03_L370_T001,6,32,102,0.011701200000000512,True,True
P03_L370,P03,P03_L370_T001_A03,P03_L370_T001,7,33,105,0.005825000000001518,True,True
P03_L370,P03,P03_L370_T001_A03,P03_L370_T001,8,37,116,0.013344400000001576,True,True
P03_L370,P03,P03_L370_T001_A03,P03_L370_T001,9,43,142,0.003307000000001278,True,True
P03_L370,P03,P03_L370_T001_A03,P03_L370_T001,10,48,161,0.01735519999999989,True,True
P03_L370,P03,P03_L370_T001_A04,P03_L370_T001,1,6,14,0.0158490000000011,False,True
P03_L370,P03,P03_L370_T001_A04,P03_L370_T001,2,11,32,0.08317679999999987,False,True
P03_L370,P03,P03_L370_T001_A04,P03_L370_T001,3,20,78,0.010260800000001504,True,True
P03_L370,P03,P03_L370_T001_A04,P03_L370_T001,4,24,88,0.02350620000000079,True,True
P03_L370,P03,P03_L370_T001_A04,P03_L370_T001,5,29,111,0.005825200000000303,True,True
P03_L370,P03,P03_L370_T001_A04,P03_L370_T001,6,34,148,0.030571200000000215,True,True
P03_L370,P03,P03_L370_T001_A04,P03_L370_T001,7,41,191,0.007576000000000242,True,True
P03_L370,P03,P03_L370_T001_A04,P03_L370_T001,8,49,199,0.03975940000000119,True,True
P03_L370,P03,P03_L370_T001_A04,P03_L370_T001,9,58,208,0.004904800000000704,True,True
P03_L370,P03,P03_L370_T001_A04,P03_L370_T001,10,63,213,0.025740600000001532,True,True
P03_L370,P03,P03_L370_T002_A01,P03_L370_T002,1,21,86,0.0019552000000011543,False,True
P03_L370,P03,P03_L370_T002_A01,P03_L370_T002,2,27,127,0.010261200000001294,False,True
P03_L370,P03,P03_L370_T002_A01,P03_L370_T002,3,28,128,0.00510800000000033,True,True
P03_L370,P03,P03_L370_T002_A01,P03_L370_T002,4,32,159,0.011701800000001306,True,True
P03_L370,P03,P03_L370_T002_A01,P03_L370_T002,5,36,168,0.005825200000000303,True,True
P03_L370,P03,P03_L370_T002_A01,P03_L370_T002,6,40,182,0.013344800000001366,True,True
P03_L370,P03,P03_L370_T002_A01,P03_L370_T002,7,41,183,0.006643200000000509,True,True
P03_L370,P03,P03_L370_T002_A01,P03_L370_T002,8,45,196,0.015218599999999846,True,True
P03_L370,P03,P03_L370_T002_A01,P03_L370_T002,9,50,215,0.003771400000001087,True,True
P03_L370,P03,P03_L370_T002_A01,P03_L370_T002,10,54,227,0.008639800000000968,True,True
P03_L370,P03,P03_L370_T002_A02,P03_L370_T002,1,18,67,0.0019552000000011543,False,True
P03_L370,P03,P03_L370_T002_A02,P03_L370_T002,2,23,88,0.010261200000001294,False,True
P03_L370,P03,P03_L370_T002_A02,P03_L370_T002,3,28,100,0.002542800000000509,True,True
P03_L370,P03,P03_L370_T002_A02,P03_L370_T002,4,33,110,0.013344800000001366,True,True
P03_L370,P03,P03_L370_T002_A02,P03_L370_T002,5,39,126,0.003307000000001278,True,True
P03_L370,P03,P03_L370_T002_A02,P03_L370_T002,6,44,143,0.01735519999999989,True,True
P03_L370,P03,P03_L370_T002_A02,P03_L370_T002,7,49,169,0.0043008000000011,True,True
P03_L370,P03,P03_L370_T002_A02,P03_L370_T002,8,53,180,0.00985259999999987,True,True
P03_L370,P03,P03_L370_T002_A02,P03_L370_T002,9,57,198,0.00490460000000192,True,True
P03_L370,P03,P03_L370_T002_A02,P03_L370_T002,10,62,221,0.025739800000001953,True,True
P03_L370,P03,P03_L370_T002_A03,P03_L370_T002,1,12,46,0.007889800000000495,False,True
P03_L370,P03,P03_L370_T002_A03,P03_L370_T002,2,18,79,0.041406000000001573,False,True
P03_L370,P03,P03_L370_T002_A03,P03_L370_T002,3,23,103,0.010260800000001504,True,True
P03_L370,P03,P03_L370_T002_A03,P03_L370_T002,4,27,130,0.02350620000000079,True,True
P03_L370,P03,P03_L370_T002_A03,P03_L370_T002,5,30,137,0.011701600000000301,True,True
P03_L370,P03,P03_L370_T002_A03,P03_L370_T002,6,34,158,0.026806800000000994,True,True
P03_L370,P03,P03_L370_T002_A03,P03_L370_T002,7,39,175,0.006643000000001725,True,True
P03_L370,P03,P03_L370_T002_A03,P03_L370_T002,8,47,193,0.0798660000000017,True,True
P03_L370,P03,P03_L370_T002_A03,P03_L370_T002,9,56,210,0.009852400000001085,True,True
P03_L370,P03,P03_L370_T002_A03,P03_L370_T002,10,60,222,0.02257060000000031,True,True
P03_L370,P03,P03_L370_T002_A04,P03_L370_T002,1,7,23,0.0158490000000011,False,True
P03_L370,P03,P03_L370_T002_A04,P03_L370_T002,2,11,42,0.036308000000000416,False,True
P03_L370,P03,P03_L370_T002_A04,P03_L370_T002,3,18,57,0.008997600000000263,True,True
P03_L370,P03,P03_L370_T002_A04,P03_L370_T002,4,22,71,0.020612400000001845,True,True
P03_L370,P03,P03_L370_T002_A04,P03_L370_T002,5,23,80,0.010261000000000289,True,True
P03_L370,P03,P03_L370_T002_A04,P03_L370_T002,6,27,99,0.02350660000000058,True,True
P03_L370,P03,P03_L370_T002_A04,P03_L370_T002,7,28,104,0.011701800000001306,True,True
P03_L370,P03,P03_L370_T002_A04,P03_L370_T002,8,32,118,0.026807200000000784,True,True
P03_L370,P03,P03_L370_T002_A04,P03_L370_T002,9,34,124,0.013344800000001366,True,True
P03_L370,P03,P03_L370_T002_A04,P03_L370_T002,10,46,156,0.36754680000000006,True,True
P03_L370,P03,P03_L370_T003_A01,P03_L370_T003,1,14,67,0.003927599999999917,False,True
P03_L370,P03,P03_L370_T003_A01,P03_L370_T003,2,18,90,0.008997600000000263,False,True
P03_L370,P03,P03_L370_T003_A01,P03_L370_T003,3,19,92,0.004479000000001672,False,True
P03_L370,P03,P03_L370_T003_A01,P03_L370_T003,4,25,112,0.02350620000000079,True,True
P03_L370,P03,P03_L370_T003_A01,P03_L370_T003,5,33,128,0.005825200000000303,True,True
P03_L370,P03,P03_L370_T003_A01,P03_L370_T003,6,37,140,0.013344800000001366,True,True
P03_L370,P03,P03_L370_T003_A01,P03_L370_T003,7,42,156,0.003307000000001278,True,True
P03_L370,P03,P03_L370_T003_A01,P03_L370_T003,8,46,169,0.007575800000001458,True,True
P03_L370,P03,P03_L370_T003_A01,P03_L370_T003,9,47,172,0.003771200000000082,True,True
P03_L370,P03,P03_L370_T003_A01,P03_L370_T003,10,51,186,0.008639400000001178,True,True
P03_L370,P03,P03_L370_T003_A01,P03_L370_T003,11,52,193,0.0043008000000011,True,True
P03_L370,P03,P03_L370_T003_A02,P03_L370_T003,1,7,35,0.0158490000000011,False,True
P03_L370,P03,P03_L370_T003_A02,P03_L370_T003,2,11,42,0.036308000000000416,False,True
P03_L370,P03,P03_L370_T003_A02,P03_L370_T003,3,13,47,0.018074400000001028,True,True
P03_L370,P03,P03_L370_T003_A02,P03_L370_T003,4,18,68,0.09485560000000107,True,True
P03_L370,P03,P03_L370_T003_A02,P03_L370_T003,5,19,78,0.04721960000000132,True,True
P03_L370,P03,P03_L370_T003_A02,P03_L370_T003,6,23,86,0.10817379999999978,True,True
P03_L370,P03,P03_L370_T003_A02,P03_L370_T003,7,29,114,0.02680659999999999,True,True
P03_L370,P03,P03_L370_T003_A02,P03_L370_T003,8,33,132,0.061410400000001475,True,True
P03_L370,P03,P03_L370_T003_A02,P03_L370_T003,9,41,152,0.015218200000000057,True,True
P03_L370,P03,P03_L370_T003_A02,P03_L370_T003,10,45,166,0.03486280000000172,True,True
P03_L370,P03,P03_L370_T003_A03,P03_L370_T003,1,10,29,0.007889800000000495,False,True
P03_L370,P03,P03_L370_T003_A03,P03_L370_T003,2,14,46,0.018074400000001028,False,True
P03_L370,P03,P03_L370_T003_A03,P03_L370_T003,3,18,69,0.008997600000000263,True,True
P03_L370,P03,P03_L370_T003_A03,P03_L370_T003,4,22,74,0.020612400000001845,True,True
P03_L370,P03,P03_L370_T003_A03,P03_L370_T003,5,25,82,0.010261000000000289,True,True
P03_L370,P03,P03_L370_T003_A03,P03_L370_T003,6,30,98,0.05385060000000048,True,True
P03_L370,P03,P03_L370_T003_A03,P03_L370_T003,7,43,158,0.003307000000001278,True,True
P03_L370,P03,P03_L370_T003_A03,P03_L370_T003,8,48,178,0.01735519999999989,True,True
P03_L370,P03,P03_L370_T003_A03,P03_L370_T003,9,51,184,0.008639599999999963,True,True
P03_L370,P03,P03_L370_T003_A03,P03_L370_T003,10,57,192,0.04534140000000071,True,True
P03_L370,P03,P03_L370_T003_A04,P03_L370_T003,1,17,62,0.003927599999999917,False,True
P03_L370,P03,P03_L370_T003_A04,P03_L370_T003,2,21,75,0.008997600000000263,False,True
P03_L370,P03,P03_L370_T003_A04,P03_L370_T003,3,22,80,0.004479000000001672,True,True
P03_L370,P03,P03_L370_T003_A04,P03_L370_T003,4,26,108,0.010260800000001504,True,True
P03_L370,P03,P03_L370_T003_A04,P03_L370_T003,5,27,122,0.005107800000001546,True,True
P03_L370,P03,P03_L370_T003_A04,P03_L370_T003,6,31,165,0.011701200000000512,True,True
P03_L370,P03,P03_L370_T003_A04,P03_L370_T003,7,33,171,0.005825000000001518,True,True
P03_L370,P03,P03_L370_T003_A04,P03_L370_T003,8,37,180,0.013344400000001576,True,True
P03_L370,P03,P03_L370_T003_A04,P03_L370_T003,9,38,187,0.006643000000001725,True,True
P03_L370,P03,P03_L370_T003_A04,P03_L370_T003,10,42,200,0.015218200000000057,True,True
P03_L370,P03,P03_L370_T004_A01,P03_L370_T004,1,13,59,0.007889800000000495,False,True
P03_L370,P03,P03_L370_T004_A01,P03_L370_T004,2,17,76,0.018074400000001028,False,True
P03_L370,P03,P03_L370_T004_A01,P03_L370_T004,3,22,87,0.004479000000001672,True,True
P03_L370,P03,P03_L370_T004_A01,P03_L370_T004,4,30,115,0.02350620000000079,True,True
P03_L370,P03,P03_L370_T004_A01,P03_L370_T004,5,39,166,0.0028998000000002274,True,True
P03_L370,P03,P03_L370_T004_A01,P03_L370_T004,6,43,182,0.006643000000001725,True,True
P03_L370,P03,P03_L370_T004_A01,P03_L370_T004,7,44,187,0.003307000000001278,True,True
P03_L370,P03,P03_L370_T004_A01,P03_L370_T004,8,50,201,0.01735519999999989,True,True
P03_L370,P03,P03_L370_T004_A01,P03_L370_T004,9,51,202,0.008639599999999963,True,True
P03_L370,P03,P03_L370_T004_A01,P03_L370_T004,10,55,206,0.019792200000001686,True,True
P03_L370,P03,P03_L370_T004_A02,P03_L370_T004,1,4,16,0.08317640000000008,False,True
P03_L370,P03,P03_L370_T004_A02,P03_L370_T004,2,10,38,0.43651620000000074,False,True
P03_L370,P03,P03_L370_T004_A02,P03_L370_T004,3,33,129,0.006643000000001725,True,True
P03_L370,P03,P03_L370_T004_A02,P03_L370_T004,4,37,150,0.015218200000000057,True,True
P03_L370,P03,P03_L370_T004_A02,P03_L370_T004,5,39,153,0.007575800000001458,True,True
P03_L370,P03,P03_L370_T004_A02,P03_L370_T004,6,44,164,0.0397584000000006,True,True
P03_L370,P03,P03_L370_T004_A02,P03_L370_T004,7,47,175,0.01979200000000068,True,True
P03_L370,P03,P03_L370_T004_A02,P03_L370_T004,8,51,183,0.04534079999999992,True,True
P03_L370,P03,P03_L370_T004_A02,P03_L370_T004,9,56,190,0.011236000000001124,True,True
P03_L370,P03,P03_L370_T004_A02,P03_L370_T004,10,60,195,0.025740200000001743,True,True
P03_L370,P03,P03_L370_T004_A03,P03_L370_T004,1,8,27,0.0158490000000011,False,True
P03_L370,P03,P03_L370_T004_A03,P03_L370_T004,2,12,46,0.036308000000000416,False,True
P03_L370,P03,P03_L370_T004_A03,P03_L370_T004,3,20,74,0.008997600000000263,True,True
P03_L370,P03,P03_L370_T004_A03,P03_L370_T004,4,24,96,0.020612400000001845,True,True
P03_L370,P03,P03_L370_T004_A03,P03_L370_T004,5,29,119,0.00510800000000033,True,True
P03_L370,P03,P03_L370_T004_A03,P03_L370_T004,6,33,135,0.011701800000001306,True,True
P03_L370,P03,P03_L370_T004_A03,P03_L370_T004,7,34,137,0.005825200000000303,True,True
P03_L370,P03,P03_L370_T004_A03,P03_L370_T004,8,38,156,0.013344800000001366,True,True
P03_L370,P03,P03_L370_T004_A03,P03_L370_T004,9,40,159,0.006643200000000509,True,True
P03_L370,P03,P03_L370_T004_A03,P03_L370_T004,10,44,171,0.015218599999999846,True,True
P03_L370,P03,P03_L370_T004_A04,P03_L370_T004,1,4,17,0.08317640000000008,False,True
P03_L370,P03,P03_L370_T004_A04,P03_L370_T004,2,8,24,0.19054620000000116,False,True
P03_L370,P03,P03_L370_T004_A04,P03_L370_T004,3,18,67,0.023505999999999784,True,True
P03_L370,P03,P03_L370_T004_A04,P03_L370_T004,4,22,88,0.053849200000000104,True,True
P03_L370,P03,P03_L370_T004_A04,P03_L370_T004,5,27,103,0.013344400000001576,True,True
P03_L370,P03,P03_L370_T004_A04,P03_L370_T004,6,31,117,0.03057020000000185,True,True
P03_L370,P03,P03_L370_T004_A04,P03_L370_T004,7,32,120,0.015218000000001272,True,True
P03_L370,P03,P03_L370_T004_A04,P03_L370_T004,8,36,128,0.03486240000000193,True,True
P03_L370,P03,P03_L370_T004_A04,P03_L370_T004,9,39,136,0.0173548000000001,True,True
P03_L370,P03,P03_L370_T004_A04,P03_L370_T004,10,43,165,0.039757600000001024,True,True
P03_L415,P03,P03_L415_T001_A01,P03_L415_T001,1,15,76,0.0017139999999971052,False,True
P03_L415,P03,P03_L415_T001_A01,P03_L415_T001,2,23,116,0.008996000000005546,False,True
P03_L415,P03,P03_L415_T001_A01,P03_L415_T001,3,28,137,0.002228999999998036,True,True
P03_L415,P03,P03_L415_T001_A01,P03_L415_T001,4,33,151,0.011696999999999392,True,True
P03_L415,P03,P03_L415_T001_A01,P03_L415_T001,5,34,153,0.005823000000004791,True,True
P03_L415,P03,P03_L415_T001_A01,P03_L415_T001,6,38,171,0.013340000000006113,True,True
P03_L415,P03,P03_L415_T001_A01,P03_L415_T001,7,39,176,0.006640999999996116,True,True
P03_L415,P03,P03_L415_T001_A01,P03_L415_T001,8,43,186,0.015213999999996716,True,True
P03_L415,P03,P03_L415_T001_A01,P03_L415_T001,9,46,201,0.0075739999999990745,True,True
P03_L415,P03,P03_L415_T001_A01,P03_L415_T001,10,50,214,0.01735099999999877,True,True
P03_L415,P03,P03_L415_T001_A02,P03_L415_T001,1,15,60,0.0017139999999971052,False,True
P03_L415,P03,P03_L415_T001_A02,P03_L415_T001,2,20,82,0.008996000000005546,False,True
P03_L415,P03,P03_L415_T001_A02,P03_L415_T001,3,21,88,0.004477999999996647,True,True
P03_L415,P03,P03_L415_T001_A02,P03_L415_T001,4,26,107,0.02350199999999745,True,True
P03_L415,P03,P03_L415_T001_A02,P03_L415_T001,5,30,130,0.01169899999999834,True,True
P03_L415,P03,P03_L415_T001_A02,P03_L415_T001,6,34,144,0.026800999999998496,True,True
P03_L415,P03,P03_L415_T001_A02,P03_L415_T001,7,36,155,0.01334200000000506,True,True
P03_L415,P03,P03_L415_T001_A02,P03_L415_T001,8,41,172,0.07002000000000391,True,True
P03_L415,P03,P03_L415_T001_A02,P03_L415_T001,9,46,196,0.017352000000003795,True,True
P03_L415,P03,P03_L415_T001_A02,P03_L415_T001,10,51,213,0.09106399999999618,True,True
P03_L415,P03,P03_L415_T001_A03,P03_L415_T001,1,13,49,0.003443999999996891,False,True
P03_L415,P03,P03_L415_T001_A03,P03_L415_T001,2,17,56,0.00788999999999928,False,True
P03_L415,P03,P03_L415_T001_A03,P03_L415_T001,3,19,66,0.003927999999997486,False,True
P03_L415,P03,P03_L415_T001_A03,P03_L415_T001,4,23,80,0.008998999999998416,True,True
P03_L415,P03,P03_L415_T001_A03,P03_L415_T001,5,26,98,0.004479999999995594,True,True
P03_L415,P03,P03_L415_T001_A03,P03_L415_T001,6,30,113,0.010262999999999236,True,True
P03_L415,P03,P03_L415_T001_A03,P03_L415_T001,7,32,118,0.0051090000000031345,True,True
P03_L415,P03,P03_L415_T001_A03,P03_L415_T001,8,39,145,0.026811999999998257,True,True
P03_L415,P03,P03_L415_T001_A03,P03_L415_T001,9,51,218,0.003306999999996837,True,True
P03_L415,P03,P03_L415_T001_A03,P03_L415_T001,10,55,224,0.007575999999998022,True,True
P03_L415,P03,P03_L415_T001_A03,P03_L415_T001,11,60,231,0.001877000000005678,True,True
P03_L415,P03,P03_L415_T001_A04,P03_L415_T001,1,10,41,0.006918000000000196,False,True
P03_L415,P03,P03_L415_T001_A04,P03_L415_T001,2,18,67,0.03630599999999703,False,True
P03_L415,P03,P03_L415_T001_A04,P03_L415_T001,3,27,90,0.004479000000001672,True,True
P03_L415,P03,P03_L415_T001_A04,P03_L415_T001,4,34,108,0.023507000000000368,True,True
P03_L415,P03,P03_L415_T001_A04,P03_L415_T001,5,39,128,0.005825000000003739,True,True
P03_L415,P03,P03_L415_T001_A04,P03_L415_T001,6,43,152,0.013344000000004007,True,True
P03_L415,P03,P03_L415_T001_A04,P03_L415_T001,7,47,164,0.006643000000006166,True,True
P03_L415,P03,P03_L415_T001_A04,P03_L415_T001,8,52,174,0.03486200000000214,True,True
P03_L415,P03,P03_L415_T001_A04,P03_L415_T001,9,62,206,0.004300999999995444,True,True
P03_L415,P03,P03_L415_T001_A04,P03_L415_T001,10,66,223,0.0098530000000041,True,True
P03_L415,P03,P03_L415_T002_A01,P03_L415_T002,1,14,69,0.003443999999996891,False,True
P03_L415,P03,P03_L415_T002_A01,P03_L415_T002,2,18,91,0.00788999999999928,False,True
P03_L415,P03,P03_L415_T002_A01,P03_L415_T002,3,29,151,0.0009730000000041086,True,True
P03_L415,P03,P03_L415_T002_A01,P03_L415_T002,4,33,157,0.002228999999998036,True,True
P03_L415,P03,P03_L415_T002_A01,P03_L415_T002,5,35,169,0.0011100000000041621,True,True
P03_L415,P03,P03_L415_T002_A01,P03_L415_T002,6,46,199,0.013346999999996877,True,True
P03_L415,P03,P03_L415_T002_A01,P03_L415_T002,7,53,216,0.003306999999996837,True,True
P03_L415,P03,P03_L415_T002_A01,P03_L415_T002,8,57,221,0.007575999999998022,True,True
P03_L415,P03,P03_L415_T002_A01,P03_L415_T002,9,61,228,0.0037709999999968567,True,True
P03_L415,P03,P03_L415_T002_A01,P03_L415_T002,10,70,241,0.045338999999999754,True,True
P03_L415,P03,P03_L415_T002_A02,P03_L415_T002,1,10,29,0.006918000000000196,False,True
P03_L415,P03,P03_L415_T002_A02,P03_L415_T002,2,14,43,0.015847999999996074,False,True
P03_L415,P03,P03_L415_T002_A02,P03_L415_T002,3,16,48,0.007889000000005357,True,True
P03_L415,P03,P03_L415_T002_A02,P03_L415_T002,4,20,66,0.018072999999996214,True,True
P03_L415,P03,P03_L415_T002_A02,P03_L415_T002,5,23,80,0.008996999999999469,True,True
P03_L415,P03,P03_L415_T002_A02,P03_L415_T002,6,27,97,0.020611000000003692,True,True
P03_L415,P03,P03_L415_T002_A02,P03_L415_T002,7,29,100,0.010260000000006366,True,True
P03_L415,P03,P03_L415_T002_A02,P03_L415_T002,8,33,111,0.023503999999996396,True,True
P03_L415,P03,P03_L415_T002_A02,P03_L415_T002,9,35,118,0.011700000000003364,True,True
P03_L415,P03,P03_L415_T002_A02,P03_L415_T002,10,39,134,0.026802999999997443,True,True
P03_L415,P03,P03_L415_T002_A03,P03_L415_T002,1,21,75,0.000853000000000658,False,True
P03_L415,P03,P03_L415_T002_A03,P03_L415_T002,2,28,104,0.010253999999998422,False,True
P03_L415,P03,P03_L415_T002_A03,P03_L415_T002,3,29,105,0.00510500000000524,True,True
P03_L415,P03,P03_L415_T002_A03,P03_L415_T002,4,33,113,0.011695000000000445,True,True
P03_L415,P03,P03_L415_T002_A03,P03_L415_T002,5,35,115,0.005821999999999767,True,True
P03_L415,P03,P03_L415_T002_A03,P03_L415_T002,6,39,138,0.01333700000000214,True,True
P03_L415,P03,P03_L415_T002_A03,P03_L415_T002,7,44,149,0.00330499999999789,True,True
P03_L415,P03,P03_L415_T002_A03,P03_L415_T002,8,48,168,0.007571000000006205,True,True
P03_L415,P03,P03_L415_T002_A03,P03_L415_T002,9,57,205,0.0009339999999968809,True,True
P03_L415,P03,P03_L415_T002_A03,P03_L415_T002,10,61,217,0.0021400000000060242,True,True
P03_L415,P03,P03_L415_T002_A04,P03_L415_T002,1,2,15,2.2908679999999992,False,True
P03_L415,P03,P03_L415_T002_A04,P03_L415_T002,2,27,108,0.015218000000005713,False,True
P03_L415,P03,P03_L415_T002_A04,P03_L415_T002,3,32,130,0.07986399999999609,False,True
P03_L415,P03,P03_L415_T002_A04,P03_L415_T002,4,37,140,0.019791000000002317,True,True
P03_L415,P03,P03_L415_T002_A04,P03_L415_T002,5,41,159,0.045338999999999754,True,True
P03_L415,P03,P03_L415_T002_A04,P03_L415_T002,6,44,164,0.022569999999999514,True,True
P03_L415,P03,P03_L415_T002_A04,P03_L415_T002,7,48,171,0.05170500000000184,True,True
P03_L415,P03,P03_L415_T002_A04,P03_L415_T002,8,57,195,0.00637799999999577,True,True
P03_L415,P03,P03_L415_T002_A04,P03_L415_T002,9,66,237,0.07667999999999557,True,True
P03_L415,P03,P03_L415_T002_A04,P03_L415_T002,10,71,245,0.01900200000000128,True,True
P03_L415,P03,P03_L415_T002_A04,P03_L415_T002,11,75,249,0.043530999999996614,True,True
P03_L415,P03,P03_L415_T003_A01,P03_L415_T003,1,10,25,0.006918000000000196,False,True
P03_L415,P03,P03_L415_T003_A01,P03_L415_T003,2,14,38,0.015847999999996074,False,True
P03_L415,P03,P03_L415_T003_A01,P03_L415_T003,3,17,50,0.007889000000005357,True,True
P03_L415,P03,P03_L415_T003_A01,P03_L415_T003,4,21,62,0.018072999999996214,True,True
P03_L415,P03,P03_L415_T003_A01,P03_L415_T003,5,26,85,0.004479000000001672,True,True
P03_L415,P03,P03_L415_T003_A01,P03_L415_T003,6,30,107,0.010261000000000289,True,True
P03_L415,P03,P03_L415_T003_A01,P03_L415_T003,7,32,112,0.00510799999999811,True,True
P03_L415,P03,P03_L415_T003_A01,P03_L415_T003,8,36,123,0.011702000000002311,True,True
P03_L415,P03,P03_L415_T003_A01,P03_L415_T003,9,39,137,0.005825000000003739,True,True
P03_L415,P03,P03_L415_T003_A01,P03_L415_T003,10,43,153,0.013344000000004007,True,True
P03_L415,P03,P03_L415_T003_A02,P03_L415_T003,1,9,43,0.006918000000000196,False,True
P03_L415,P03,P03_L415_T003_A02,P03_L415_T003,2,16,70,0.03630599999999703,False,True
P03_L415,P03,P03_L415_T003_A02,P03_L415_T003,3,17,72,0.018072999999996214,False,True
P03_L415,P03,P03_L415_T003_A02,P03_L415_T003,4,21,125,0.04140299999999538,True,True
P03_L415,P03,P03_L415_T003_A02,P03_L415_T003,5,24,131,0.020611000000003692,True,True
P03_L415,P03,P03_L415_T003_A02,P03_L415_T003,6,28,138,0.04721699999999936,True,True
P03_L415,P03,P03_L415_T003_A02,P03_L415_T003,7,34,160,0.011700999999997286,True,True
P03_L415,P03,P03_L415_T003_A02,P03_L415_T003,8,44,193,0.14067500000000108,True,True
P03_L415,P03,P03_L415_T003_A02,P03_L415_T003,9,57,212,0.008638999999999168,True,True
P03_L415,P03,P03_L415_T003_A02,P03_L415_T003,10,63,218,0.045338999999999754,True,True
P03_L415,P03,P03_L415_T003_A02,P03_L415_T003,11,64,219,0.022569999999999514,True,True
P03_L415,P03,P03_L415_T003_A03,P03_L415_T003,1,2,5,2.2908679999999992,False,True
P03_L415,P03,P03_L415_T003_A03,P03_L415_T003,2,16,56,0.12336200000000452,False,True
P03_L415,P03,P03_L415_T003_A03,P03_L415_T003,3,20,73,0.2826059999999961,True,True
P03_L415,P03,P03_L415_T003_A03,P03_L415_T003,4,39,145,0.008638999999999168,True,True
P03_L415,P03,P03_L415_T003_A03,P03_L415_T003,5,43,159,0.019791000000002317,True,True
P03_L415,P03,P03_L415_T003_A03,P03_L415_T003,6,45,166,0.009851999999999075,True,True
P03_L415,P03,P03_L415_T003_A03,P03_L415_T003,7,49,173,0.022569999999999514,True,True
P03_L415,P03,P03_L415_T003_A03,P03_L415_T003,8,52,183,0.01123499999999832,True,True
P03_L415,P03,P03_L415_T003_A03,P03_L415_T003,9,56,192,0.02573799999999735,True,True
P03_L415,P03,P03_L415_T003_A03,P03_L415_T003,10,60,203,0.012813000000000395,True,True
P03_L415,P03,P03_L415_T003_A04,P03_L415_T003,1,9,45,0.006918000000000196,False,True
P03_L415,P03,P03_L415_T003_A04,P03_L415_T003,2,13,71,0.015847999999996074,False,True
P03_L415,P03,P03_L415_T003_A04,P03_L415_T003,3,22,97,0.001954999999997929,True,True
P03_L415,P03,P03_L415_T003_A04,P03_L415_T003,4,26,104,0.004479000000001672,True,True
P03_L415,P03,P03_L415_T003_A04,P03_L415_T003,5,29,120,0.0022300000000030607,True,True
P03_L415,P03,P03_L415_T003_A04,P03_L415_T003,6,33,136,0.0051090000000031345,True,True
P03_L415,P03,P03_L415_T003_A04,P03_L415_T003,7,36,143,0.0025429999999992937,True,True
P03_L415,P03,P03_L415_T003_A04,P03_L415_T003,8,41,163,0.013346999999996877,True,True
P03_L415,P03,P03_L415_T003_A04,P03_L415_T003,9,45,179,0.006644000000000088,True,True
P03_L415,P03,P03_L415_T003_A04,P03_L415_T003,10,49,188,0.015220999999998583,True,True
P03_L415,P03,P03_L415_T004_A01,P03_L415_T004,1,8,24,0.006918000000000196,False,True
P03_L415,P03,P03_L415_T004_A01,P03_L415_T004,2,15,52,0.03630599999999703,False,True
P03_L415,P03,P03_L415_T004_A01,P03_L415_T004,3,16,55,0.018072999999996214,True,True
P03_L415,P03,P03_L415_T004_A01,P03_L415_T004,4,20,69,0.04140299999999538,True,True
P03_L415,P03,P03_L415_T004_A01,P03_L415_T004,5,34,121,0.002542000000005371,True,True
P03_L415,P03,P03_L415_T004_A01,P03_L415_T004,6,39,141,0.013340000000006113,True,True
P03_L415,P03,P03_L415_T004_A01,P03_L415_T004,7,40,143,0.006640999999996116,True,True
P03_L415,P03,P03_L415_T004_A01,P03_L415_T004,8,44,153,0.015213999999996716,True,True
P03_L415,P03,P03_L415_T004_A01,P03_L415_T004,9,47,181,0.0075739999999990745,True,True
P03_L415,P03,P03_L415_T004_A01,P03_L415_T004,10,52,200,0.039749,True,True
P03_L415,P03,P03_L415_T004_A02,P03_L415_T004,1,10,49,0.006918000000000196,False,True
P03_L415,P03,P03_L415_T004_A02,P03_L415_T004,2,20,94,0.08317199999999796,False,True
P03_L415,P03,P03_L415_T004_A02,P03_L415_T004,3,32,133,0.010260000000006366,True,True
P03_L415,P03,P03_L415_T004_A02,P03_L415_T004,4,40,168,0.053844999999996764,True,True
P03_L415,P03,P03_L415_T004_A02,P03_L415_T004,5,57,229,0.0016459999999995907,True,True
P03_L415,P03,P03_L415_T004_A02,P03_L415_T004,6,68,254,0.019791000000002317,True,True
P03_L415,P03,P03_L415_T004_A02,P03_L415_T004,7,69,255,0.009851999999999075,True,True
P03_L415,P03,P03_L415_T004_A02,P03_L415_T004,8,73,262,0.022569999999999514,True,True
P03_L415,P03,P03_L415_T004_A02,P03_L415_T004,9,75,267,0.01123499999999832,True,True
P03_L415,P03,P03_L415_T004_A02,P03_L415_T004,10,81,282,0.058961999999995685,True,True
P03_L415,P03,P03_L415_T004_A03,P03_L415_T004,1,13,56,0.003443999999996891,False,True
P03_L415,P03,P03_L415_T004_A03,P03_L415_T004,2,17,68,0.00788999999999928,False,True
P03_L415,P03,P03_L415_T004_A03,P03_L415_T004,3,26,98,0.0009730000000041086,True,True
P03_L415,P03,P03_L415_T004_A03,P03_L415_T004,4,34,138,0.011696999999999392,True,True
P03_L415,P03,P03_L415_T004_A03,P03_L415_T004,5,39,161,0.0028990000000006485,True,True
P03_L415,P03,P03_L415_T004_A03,P03_L415_T004,6,47,190,0.015213999999996716,True,True
P03_L415,P03,P03_L415_T004_A03,P03_L415_T004,7,60,230,0.0009339999999968809,True,True
P03_L415,P03,P03_L415_T004_A03,P03_L415_T004,8,67,249,0.004901999999995517,True,True
P03_L415,P03,P03_L415_T004_A03,P03_L415_T004,9,68,251,0.0024400000000035483,True,True
P03_L415,P03,P03_L415_T004_A03,P03_L415_T004,10,76,275,0.012805999999998529,True,True
P03_L415,P03,P03_L415_T004_A04,P03_L415_T004,1,13,41,0.003443999999996891,False,True
P03_L415,P03,P03_L415_T004_A04,P03_L415_T004,2,17,57,0.00788999999999928,False,True
P03_L415,P03,P03_L415_T004_A04,P03_L415_T004,3,21,87,0.003927999999997486,True,True
P03_L415,P03,P03_L415_T004_A04,P03_L415_T004,4,27,107,0.02061599999999551,True,True
P03_L415,P03,P03_L415_T004_A04,P03_L415_T004,5,32,134,0.0051090000000031345,True,True
P03_L415,P03,P03_L415_T004_A04,P03_L415_T004,6,39,156,0.026811999999998257,True,True
P03_L415,P03,P03_L415_T004_A04,P03_L415_T004,7,54,206,0.0016459999999995907,True,True
P03_L415,P03,P03_L415_T004_A04,P03_L415_T004,8,58,222,0.0037709999999968567,True,True
P03_L415,P03,P03_L415_T004_A04,P03_L415_T004,9,60,226,0.001877000000005678,True,True
P03_L415,P03,P03_L415_T004_A04,P03_L415_T004,10,68,266,0.022566999999995542,True,True
P04_L010,P04,P04_L010_T001_A01,P04_L010_T001,1,17,60,0.0003266790123456771,False,True
P04_L010,P04,P04_L010_T001_A01,P04_L010_T001,2,25,94,0.00392756790123458,False,True
P04_L010,P04,P04_L010_T001_A01,P04_L010_T001,3,30,128,0.0009732962962963091,False,True
P04_L010,P04,P04_L010_T001_A01,P04_L010_T001,4,34,151,0.0022296913580246956,True,True
P04_L010,P04,P04_L010_T001_A01,P04_L010_T001,5,36,162,0.0011099506172839594,True,True
P04_L010,P04,P04_L010_T001_A01,P04_L010_T001,6,40,176,0.002542753086419761,True,True
P04_L010,P04,P04_L010_T001_A01,P04_L010_T001,7,47,195,0.0006301234567901163,True,True
P04_L010,P04,P04_L010_T001_A01,P04_L010_T001,8,53,201,0.003306938271604929,True,True
P04_L010,P04,P04_L010_T001_A01,P04_L010_T001,9,59,207,0.0008194938271604906,True,True
P04_L010,P04,P04_L010_T001_A01,P04_L010_T001,10,63,211,0.0018773580246913666,True,True
P04_L010,P04,P04_L010_T001_A01,P04_L010_T001,11,64,212,0.0009345555555555372,True,True
P04_L010,P04,P04_L010_T001_A02,P04_L010_T001,1,10,23,0.0013182592592592408,False,True
P04_L010,P04,P04_L010_T001_A02,P04_L010_T001,2,14,32,0.0030199629629629595,False,True
P04_L010,P04,P04_L010_T001_A02,P04_L010_T001,3,19,42,0.0007483827160493906,True,True
P04_L010,P04,P04_L010_T001_A02,P04_L010_T001,4,23,74,0.0017144444444444353,True,True
P04_L010,P04,P04_L010_T001_A02,P04_L010_T001,5,25,79,0.0008534567901234639,True,True
P04_L010,P04,P04_L010_T001_A02,P04_L010_T001,6,29,95,0.0019551604938271654,True,True
P04_L010,P04,P04_L010_T001_A02,P04_L010_T001,7,30,97,0.0009732962962963091,True,True
P04_L010,P04,P04_L010_T001_A02,P04_L010_T001,8,34,119,0.0022296913580246956,True,True
P04_L010,P04,P04_L010_T001_A02,P04_L010_T001,9,41,143,0.0005525432098765256,True,True
P04_L010,P04,P04_L010_T001_A02,P04_L010_T001,10,49,167,0.0028997901234567853,True,True
P04_L010,P04,P04_L010_T001_A03,P04_L010_T001,1,10,67,0.0013182592592592408,False,True
P04_L010,P04,P04_L010_T001_A03,P04_L010_T001,2,14,81,0.0030199629629629595,False,True
P04_L010,P04,P04_L010_T001_A03,P04_L010_T001,3,17,91,0.0015033580246913646,True,True
P04_L010,P04,P04_L010_T001_A03,P04_L010_T001,4,22,102,0.007889753086419751,True,True
P04_L010,P04,P04_L010_T001_A03,P04_L010_T001,5,29,120,0.0019551604938271654,True,True
P04_L010,P04,P04_L010_T001_A03,P04_L010_T001,6,33,135,0.004479012345679003,True,True
P04_L010,P04,P04_L010_T001_A03,P04_L010_T001,7,40,155,0.0011099506172839594,True,True
P04_L010,P04,P04_L010_T001_A03,P04_L010_T001,8,44,173,0.002542753086419761,True,True
P04_L010,P04,P04_L010_T001_A03,P04_L010_T001,9,46,180,0.0012658024691358108,True,True
P04_L010,P04,P04_L010_T001_A03,P04_L010_T001,10,50,188,0.0028997901234567853,True,True
P04_L010,P04,P04_L010_T001_A04,P04_L010_T001,1,10,48,0.0013182592592592408,False,True
P04_L010,P04,P04_L010_T001_A04,P04_L010_T001,2,14,58,0.0030199629629629595,False,True
P04_L010,P04,P04_L010_T001_A04,P04_L010_T001,3,15,61,0.0015033580246913646,True,True
P04_L010,P04,P04_L010_T001_A04,P04_L010_T001,4,19,77,0.003444000000000012,True,True
P04_L010,P04,P04_L010_T001_A04,P04_L010_T001,5,27,109,0.0008534567901234639,True,True
P04_L010,P04,P04_L010_T001_A04,P04_L010_T001,6,32,127,0.004479012345679003,True,True
P04_L010,P04,P04_L010_T001_A04,P04_L010_T001,7,33,131,0.0022296790123456896,True,True
P04_L010,P04,P04_L010_T001_A04,P04_L010_T001,8,37,157,0.005107901234567883,True,True
P04_L010,P04,P04_L010_T001_A04,P04_L010_T001,9,42,174,0.0012657901234567706,True,True
P04_L010,P04,P04_L010_T001_A04,P04_L010_T001,10,46,187,0.0028997530864197335,True,True
P04_L010,P04,P04_L010_T002_A01,P04_L010_T002,1,16,60,0.0017144320987654295,False,True
P04_L010,P04,P04_L010_T002_A01,P04_L010_T002,2,20,74,0.003927543209876534,False,True
P04_L010,P04,P04_L010_T002_A01,P04_L010_T002,3,26,93,0.0009732839506172691,False,True
P04_L010,P04,P04_L010_T002_A01,P04_L010_T002,4,30,112,0.0022296666666666493,True,True
P04_L010,P04,P04_L010_T002_A01,P04_L010_T002,5,32,128,0.001109938271604919,True,True
P04_L010,P04,P04_L010_T002_A01,P04_L010_T002,6,37,145,0.00582502469135802,True,True
P04_L010,P04,P04_L010_T002_A01,P04_L010_T002,7,49,182,0.000718580246913581,True,True
P04_L010,P04,P04_L010_T002_A01,P04_L010_T002,8,57,208,0.008639234567901244,True,True
P04_L010,P04,P04_L010_T002_A01,P04_L010_T002,9,65,216,0.0021409012345679017,True,True
P04_L010,P04,P04_L010_T002_A01,P04_L010_T002,10,69,220,0.004904518518518504,True,True
P04_L010,P04,P04_L010_T002_A01,P04_L010_T002,11,72,223,0.0024414938271604823,True,True
P04_L010,P04,P04_L010_T002_A02,P04_L010_T002,1,16,76,0.0017144320987654295,False,True
P04_L010,P04,P04_L010_T002_A02,P04_L010_T002,2,20,105,0.003927543209876534,False,True
P04_L010,P04,P04_L010_T002_A02,P04_L010_T002,3,25,130,0.0009732839506172691,True,True
P04_L010,P04,P04_L010_T002_A02,P04_L010_T002,4,29,147,0.0022296666666666493,True,True
P04_L010,P04,P04_L010_T002_A02,P04_L010_T002,5,31,156,0.001109938271604919,True,True
P04_L010,P04,P04_L010_T002_A02,P04_L010_T002,6,35,162,0.0025427160493827093,True,True
P04_L010,P04,P04_L010_T002_A02,P04_L010_T002,7,36,172,0.0012657777777777648,True,True
P04_L010,P04,P04_L010_T002_A02,P04_L010_T002,8,40,187,0.002899728395061722,True,True
P04_L010,P04,P04_L010_T002_A02,P04_L010_T002,9,43,195,0.0014435061728394914,True,True
P04_L010,P04,P04_L010_T002_A02,P04_L010_T002,10,47,203,0.0033068765432098654,True,True
P04_L010,P04,P04_L010_T002_A03,P04_L010_T002,1,19,75,0.0008534567901234639,False,True
P04_L010,P04,P04_L010_T002_A03,P04_L010_T002,2,23,87,0.0019551604938271654,False,True
P04_L010,P04,P04_L010_T002_A03,P04_L010_T002,3,24,88,0.0009732962962963091,True,True
P04_L010,P04,P04_L010_T002_A03,P04_L010_T002,4,28,97,0.0022296913580246956,True,True
P04_L010,P04,P04_L010_T002_A03,P04_L010_T002,5,29,100,0.0011099506172839594,True,True
P04_L010,P04,P04_L010_T002_A03,P04_L010_T002,6,33,108,0.002542753086419761,True,True
P04_L010,P04,P04_L010_T002_A03,P04_L010_T002,7,34,110,0.0012658024691358108,True,True
P04_L010,P04,P04_L010_T002_A03,P04_L010_T002,8,38,117,0.0028997901234567853,True,True
P04_L010,P04,P04_L010_T002_A03,P04_L010_T002,9,39,119,0.0014435308641975373,True,True
P04_L010,P04,P04_L010_T002_A03,P04_L010_T002,10,43,136,0.003306938271604929,True,True
P04_L010,P04,P04_L010_T002_A04,P04_L010_T002,1,18,62,0.0017144320987654295,False,True
P04_L010,P04,P04_L010_T002_A04,P04_L010_T002,2,22,80,0.003927543209876534,False,True
P04_L010,P04,P04_L010_T002_A04,P04_L010_T002,3,28,123,0.0009732839506172691,True,True
P04_L010,P04,P04_L010_T002_A04,P04_L010_T002,4,36,140,0.005107876543209871,True,True
P04_L010,P04,P04_L010_T002_A04,P04_L010_T002,5,43,163,0.0012657901234567706,True,True
P04_L010,P04,P04_L010_T002_A04,P04_L010_T002,6,47,168,0.0028997530864197335,True,True
P04_L010,P04,P04_L010_T002_A04,P04_L010_T002,7,49,173,0.0014435185185185315,True,True
P04_L010,P04,P04_L010_T002_A04,P04_L010_T002,8,53,184,0.0033069135802469172,True,True
P04_L010,P04,P04_L010_T002_A04,P04_L010_T002,9,54,185,0.0016461975308641997,True,True
P04_L010,P04,P04_L010_T002_A04,P04_L010_T002,10,58,206,0.0037712222222222205,True,True
P04_L010,P04,P04_L010_T003_A01,P04_L010_T003,1,11,34,0.0013182592592592408,False,True
P04_L010,P04,P04_L010_T003_A01,P04_L010_T003,2,15,42,0.0030199629629629595,False,True
P04_L010,P04,P04_L010_T003_A01,P04_L010_T003,3,16,43,0.0015033580246913646,True,True
P04_L010,P04,P04_L010_T003_A01,P04_L010_T003,4,20,62,0.003444000000000012,True,True
P04_L010,P04,P04_L010_T003_A01,P04_L010_T003,5,24,80,0.0017144444444444353,True,True
P04_L010,P04,P04_L010_T003_A01,P04_L010_T003,6,28,88,0.00392756790123458,True,True
P04_L010,P04,P04_L010_T003_A01,P04_L010_T003,7,29,89,0.0019551604938271654,True,True
P04_L010,P04,P04_L010_T003_A01,P04_L010_T003,8,33,107,0.004479012345679003,True,True
P04_L010,P04,P04_L010_T003_A01,P04_L010_T003,9,37,129,0.0022296790123456896,True,True
P04_L010,P04,P04_L010_T003_A01,P04_L010_T003,10,41,140,0.005107901234567883,True,True
P04_L010,P04,P04_L010_T003_A02,P04_L010_T003,1,9,38,0.0013182592592592408,False,True
P04_L010,P04,P04_L010_T003_A02,P04_L010_T003,2,13,54,0.0030199629629629595,False,True
P04_L010,P04,P04_L010_T003_A02,P04_L010_T003,3,15,70,0.0015033580246913646,True,True
P04_L010,P04,P04_L010_T003_A02,P04_L010_T003,4,19,100,0.003444000000000012,True,True
P04_L010,P04,P04_L010_T003_A02,P04_L010_T003,5,24,113,0.0008534567901234639,True,True
P04_L010,P04,P04_L010_T003_A02,P04_L010_T003,6,28,126,0.0019551604938271654,True,True
P04_L010,P04,P04_L010_T003_A02,P04_L010_T003,7,29,128,0.0009732962962963091,True,True
P04_L010,P04,P04_L010_T003_A02,P04_L010_T003,8,33,145,0.0022296913580246956,True,True
P04_L010,P04,P04_L010_T003_A02,P04_L010_T003,9,35,154,0.0011099506172839594,True,True
P04_L010,P04,P04_L010_T003_A02,P04_L010_T003,10,39,169,0.002542753086419761,True,True
P04_L010,P04,P04_L010_T003_A03,P04_L010_T003,1,10,44,0.0013182592592592408,False,True
P04_L010,P04,P04_L010_T003_A03,P04_L010_T003,2,14,65,0.0030199629629629595,False,True
P04_L010,P04,P04_L010_T003_A03,P04_L010_T003,3,18,79,0.0015033580246913646,False,True
P04_L010,P04,P04_L010_T003_A03,P04_L010_T003,4,22,91,0.003444000000000012,True,True
P04_L010,P04,P04_L010_T003_A03,P04_L010_T003,5,28,110,0.0008534567901234639,True,True
P04_L010,P04,P04_L010_T003_A03,P04_L010_T003,6,32,134,0.0019551604938271654,True,True
P04_L010,P04,P04_L010_T003_A03,P04_L010_T003,7,36,149,0.0009732962962963091,True,True
P04_L010,P04,P04_L010_T003_A03,P04_L010_T003,8,40,161,0.0022296913580246956,True,True
P04_L010,P04,P04_L010_T003_A03,P04_L010_T003,9,54,193,0.00013692592592591586,True,True
P04_L010,P04,P04_L010_T003_A03,P04_L010_T003,10,63,211,0.0016461975308641997,True,True
P04_L010,P04,P04_L010_T003_A03,P04_L010_T003,11,65,213,0.0008194814814814847,True,True
P04_L010,P04,P04_L010_T003_A04,P04_L010_T003,1,9,45,0.0013182592592592408,False,True
P04_L010,P04,P04_L010_T003_A04,P04_L010_T003,2,13,56,0.0030199629629629595,False,True
P04_L010,P04,P04_L010_T003_A04,P04_L010_T003,3,22,77,0.00037254320987652374,True,True
P04_L010,P04,P04_L010_T003_A04,P04_L010_T003,4,26,99,0.0008534444444444581,True,True
P04_L010,P04,P04_L010_T003_A04,P04_L010_T003,5,29,121,0.00042485185185184944,True,True
P04_L010,P04,P04_L010_T003_A04,P04_L010_T003,6,35,139,0.0022296666666666493,True,True
P04_L010,P04,P04_L010_T003_A04,P04_L010_T003,7,36,143,0.001109938271604919,True,True
P04_L010,P04,P04_L010_T003_A04,P04_L010_T003,8,42,157,0.00582502469135802,True,True
P04_L010,P04,P04_L010_T003_A04,P04_L010_T003,9,56,189,0.0003577160493827225,True,True
P04_L010,P04,P04_L010_T003_A04,P04_L010_T003,10,64,202,0.004300691358024687,True,True
P04_L010,P04,P04_L010_T004_A01,P04_L010_T004,1,14,66,0.0006562345679012243,False,True
P04_L010,P04,P04_L010_T004_A01,P04_L010_T004,2,18,84,0.0015033456790123588,False,True
P04_L010,P04,P04_L010_T004_A01,P04_L010_T004,3,20,92,0.0007483703703703505,False,True
P04_L010,P04,P04_L010_T004_A01,P04_L010_T004,4,25,109,0.003927506172839517,True,True
P04_L010,P04,P04_L010_T004_A01,P04_L010_T004,5,34,158,0.0004845061728394921,True,True
P04_L010,P04,P04_L010_T004_A01,P04_L010_T004,6,40,168,0.0025427160493827093,True,True
P04_L010,P04,P04_L010_T004_A01,P04_L010_T004,7,44,175,0.0012657777777777648,True,True
P04_L010,P04,P04_L010_T004_A01,P04_L010_T004,8,48,181,0.002899728395061722,True,True
P04_L010,P04,P04_L010_T004_A01,P04_L010_T004,9,56,189,0.000718580246913581,True,True
P04_L010,P04,P04_L010_T004_A01,P04_L010_T004,10,60,193,0.0016461728395061536,True,True
P04_L010,P04,P04_L010_T004_A01,P04_L010_T004,11,61,194,0.0008194691358024789,True,True
P04_L010,P04,P04_L010_T004_A02,P04_L010_T004,1,10,45,0.0013182592592592408,False,True
P04_L010,P04,P04_L010_T004_A02,P04_L010_T004,2,14,67,0.0030199629629629595,False,True
P04_L010,P04,P04_L010_T004_A02,P04_L010_T004,3,16,72,0.0015033580246913646,True,True
P04_L010,P04,P04_L010_T004_A02,P04_L010_T004,4,20,86,0.003444000000000012,True,True
P04_L010,P04,P04_L010_T004_A02,P04_L010_T004,5,21,93,0.0017144444444444353,True,True
P04_L010,P04,P04_L010_T004_A02,P04_L010_T004,6,25,110,0.00392756790123458,True,True
P04_L010,P04,P04_L010_T004_A02,P04_L010_T004,7,32,137,0.0009732962962963091,True,True
P04_L010,P04,P04_L010_T004_A02,P04_L010_T004,8,36,163,0.0022296913580246956,True,True
P04_L010,P04,P04_L010_T004_A02,P04_L010_T004,9,38,166,0.0011099506172839594,True,True
P04_L010,P04,P04_L010_T004_A02,P04_L010_T004,10,42,177,0.002542753086419761,True,True
P04_L010,P04,P04_L010_T004_A03,P04_L010_T004,1,15,80,0.0006562345679012243,False,True
P04_L010,P04,P04_L010_T004_A03,P04_L010_T004,2,19,91,0.0015033456790123588,False,True
P04_L010,P04,P04_L010_T004_A03,P04_L010_T004,3,21,101,0.0007483703703703505,True,True
P04_L010,P04,P04_L010_T004_A03,P04_L010_T004,4,25,112,0.0017144197530864237,True,True
P04_L010,P04,P04_L010_T004_A03,P04_L010_T004,5,27,116,0.0008534444444444581,True,True
P04_L010,P04,P04_L010_T004_A03,P04_L010_T004,6,31,123,0.0019551234567901136,True,True
P04_L010,P04,P04_L010_T004_A03,P04_L010_T004,7,32,133,0.0009732716049382632,True,True
P04_L010,P04,P04_L010_T004_A03,P04_L010_T004,8,36,140,0.0022296419753086378,True,True
P04_L010,P04,P04_L010_T004_A03,P04_L010_T004,9,37,142,0.0011099259259259133,True,True
P04_L010,P04,P04_L010_T004_A03,P04_L010_T004,10,41,147,0.0025426913580246977,True,True
P04_L010,P04,P04_L010_T004_A04,P04_L010_T004,1,10,22,0.0013182592592592408,False,True
P04_L010,P04,P04_L010_T004_A04,P04_L010_T004,2,14,30,0.0030199629629629595,False,True
P04_L010,P04,P04_L010_T004_A04,P04_L010_T004,3,19,38,0.0007483827160493906,True,True
P04_L010,P04,P04_L010_T004_A04,P04_L010_T004,4,23,50,0.0017144444444444353,True,True
P04_L010,P04,P04_L010_T004_A04,P04_L010_T004,5,24,52,0.0008534567901234639,True,True
P04_L010,P04,P04_L010_T004_A04,P04_L010_T004,6,28,62,0.0019551604938271654,True,True
P04_L010,P04,P04_L010_T004_A04,P04_L010_T004,7,34,94,0.00048451851851853223,True,True
P04_L010,P04,P04_L010_T004_A04,P04_L010_T004,8,42,132,0.0025427777777777727,True,True
P04_L010,P04,P04_L010_T004_A04,P04_L010_T004,9,43,135,0.0012658148148148166,True,True
P04_L010,P04,P04_L010_T004_A04,P04_L010_T004,10,47,156,0.002899814814814797,True,True
P04_L010,P04,P04_L010_T005_A01,P04_L010_T005,1,13,41,0.0006562345679012243,False,True
P04_L010,P04,P04_L010_T005_A01,P04_L010_T005,2,17,48,0.0015033456790123588,False,True
P04_L010,P04,P04_L010_T005_A01,P04_L010_T005,3,19,55,0.0007483703703703505,False,True
P04_L010,P04,P04_L010_T005_A01,P04_L010_T005,4,27,87,0.003927506172839517,True,True
P04_L010,P04,P04_L010_T005_A01,P04_L010_T005,5,32,115,0.0009732839506172691,True,True
P04_L010,P04,P04_L010_T005_A01,P04_L010_T005,6,36,125,0.0022296666666666493,True,True
P04_L010,P04,P04_L010_T005_A01,P04_L010_T005,7,38,130,0.001109938271604919,True,True
P04_L010,P04,P04_L010_T005_A01,P04_L010_T005,8,42,150,0.0025427160493827093,True,True
P04_L010,P04,P04_L010_T005_A01,P04_L010_T005,9,47,162,0.0006301111111111104,True,True
P04_L010,P04,P04_L010_T005_A01,P04_L010_T005,10,58,190,0.007575617283950628,True,True
P04_L010,P04,P04_L010_T005_A01,P04_L010_T005,11,59,191,0.0037711851851851687,True,True
P04_L010,P04,P04_L010_T005_A02,P04_L010_T005,1,12,40,0.0013182592592592408,False,True
P04_L010,P04,P04_L010_T005_A02,P04_L010_T005,2,16,65,0.0030199629629629595,False,True
P04_L010,P04,P04_L010_T005_A02,P04_L010_T005,3,20,75,0.0015033580246913646,True,True
P04_L010,P04,P04_L010_T005_A02,P04_L010_T005,4,24,91,0.003444000000000012,True,True
P04_L010,P04,P04_L010_T005_A02,P04_L010_T005,5,27,101,0.0017144444444444353,True,True
P04_L010,P04,P04_L010_T005_A02,P04_L010_T005,6,31,111,0.00392756790123458,True,True
P04_L010,P04,P04_L010_T005_A02,P04_L010_T005,7,36,126,0.0009732962962963091,True,True
P04_L010,P04,P04_L010_T005_A02,P04_L010_T005,8,40,140,0.0022296913580246956,True,True
P04_L010,P04,P04_L010_T005_A02,P04_L010_T005,9,43,157,0.0011099506172839594,True,True
P04_L010,P04,P04_L010_T005_A02,P04_L010_T005,10,47,171,0.002542753086419761,True,True
P04_L010,P04,P04_L010_T005_A03,P04_L010_T005,1,13,50,0.0006562345679012243,False,True
P04_L010,P04,P04_L010_T005_A03,P04_L010_T005,2,17,61,0.0015033456790123588,False,True
P04_L010,P04,P04_L010_T005_A03,P04_L010_T005,3,19,66,0.0007483703703703505,True,True
P04_L010,P04,P04_L010_T005_A03,P04_L010_T005,4,23,86,0.0017144197530864237,True,True
P04_L010,P04,P04_L010_T005_A03,P04_L010_T005,5,24,94,0.0008534444444444581,True,True
P04_L010,P04,P04_L010_T005_A03,P04_L010_T005,6,28,109,0.0019551234567901136,True,True
P04_L010,P04,P04_L010_T005_A03,P04_L010_T005,7,29,118,0.0009732716049382632,True,True
P04_L010,P04,P04_L010_T005_A03,P04_L010_T005,8,33,144,0.0022296419753086378,True,True
P04_L010,P04,P04_L010_T005_A03,P04_L010_T005,9,36,155,0.0011099259259259133,True,True
P04_L010,P04,P04_L010_T005_A03,P04_L010_T005,10,40,175,0.0025426913580246977,True,True
P04_L010,P04,P04_L010_T005_A04,P04_L010_T005,1,9,63,0.0013182592592592408,False,True
P04_L010,P04,P04_L010_T005_A04,P04_L010_T005,2,13,77,0.0030199629629629595,False,True
P04_L010,P04,P04_L010_T005_A04,P04_L010_T005,3,19,103,0.0007483827160493906,True,True
P04_L010,P04,P04_L010_T005_A04,P04_L010_T005,4,23,114,0.0017144444444444353,True,True
P04_L010,P04,P04_L010_T005_A04,P04_L010_T005,5,24,121,0.0008534567901234639,True,True
P04_L010,P04,P04_L010_T005_A04,P04_L010_T005,6,28,138,0.0019551604938271654,True,True
P04_L010,P04,P04_L010_T005_A04,P04_L010_T005,7,30,143,0.0009732962962963091,True,True
P04_L010,P04,P04_L010_T005_A04,P04_L010_T005,8,34,160,0.0022296913580246956,True,True
P04_L010,P04,P04_L010_T005_A04,P04_L010_T005,9,36,165,0.0011099506172839594,True,True
P04_L010,P04,P04_L010_T005_A04,P04_L010_T005,10,40,187,0.002542753086419761,True,True
P04_L010,P04,P04_L010_T006_A01,P04_L010_T006,1,9,29,0.0013182592592592408,False,True
P04_L010,P04,P04_L010_T006_A01,P04_L010_T006,2,13,39,0.0030199629629629595,False,True
P04_L010,P04,P04_L010_T006_A01,P04_L010_T006,3,15,45,0.0015033580246913646,True,True
P04_L010,P04,P04_L010_T006_A01,P04_L010_T006,4,19,73,0.003444000000000012,True,True
P04_L010,P04,P04_L010_T006_A01,P04_L010_T006,5,20,75,0.0017144444444444353,True,True
P04_L010,P04,P04_L010_T006_A01,P04_L010_T006,6,24,81,0.00392756790123458,True,True
P04_L010,P04,P04_L010_T006_A01,P04_L010_T006,7,26,86,0.0019551604938271654,True,True
P04_L010,P04,P04_L010_T006_A01,P04_L010_T006,8,30,105,0.004479012345679003,True,True
P04_L010,P04,P04_L010_T006_A01,P04_L010_T006,9,38,131,0.0011099506172839594,True,True
P04_L010,P04,P04_L010_T006_A01,P04_L010_T006,10,42,157,0.002542753086419761,True,True
P04_L010,P04,P04_L010_T006_A02,P04_L010_T006,1,13,56,0.0006562345679012243,False,True
P04_L010,P04,P04_L010_T006_A02,P04_L010_T006,2,19,66,0.0034439629629629603,False,True
P04_L010,P04,P04_L010_T006_A02,P04_L010_T006,3,24,95,0.0008534444444444581,True,True
P04_L010,P04,P04_L010_T006_A02,P04_L010_T006,4,28,103,0.0019551234567901136,True,True
P04_L010,P04,P04_L010_T006_A02,P04_L010_T006,5,29,106,0.0009732716049382632,True,True
P04_L010,P04,P04_L010_T006_A02,P04_L010_T006,6,33,119,0.0022296419753086378,True,True
P04_L010,P04,P04_L010_T006_A02,P04_L010_T006,7,34,128,0.0011099259259259133,True,True
P04_L010,P04,P04_L010_T006_A02,P04_L010_T006,8,38,153,0.0025426913580246977,True,True
P04_L010,P04,P04_L010_T006_A02,P04_L010_T006,9,39,160,0.001265765432098759,True,True
P04_L010,P04,P04_L010_T006_A02,P04_L010_T006,10,43,171,0.00289970370370371,True,True
P04_L010,P04,P04_L010_T006_A03,P04_L010_T006,1,10,40,0.0013182592592592408,False,True
P04_L010,P04,P04_L010_T006_A03,P04_L010_T006,2,14,53,0.0030199629629629595,False,True
P04_L010,P04,P04_L010_T006_A03,P04_L010_T006,3,23,94,0.00037254320987652374,True,True
P04_L010,P04,P04_L010_T006_A03,P04_L010_T006,4,27,121,0.0008534444444444581,True,True
P04_L010,P04,P04_L010_T006_A03,P04_L010_T006,5,28,125,0.00042485185185184944,True,True
P04_L010,P04,P04_L010_T006_A03,P04_L010_T006,6,33,144,0.0022296666666666493,True,True
P04_L010,P04,P04_L010_T006_A03,P04_L010_T006,7,36,163,0.001109938271604919,True,True
P04_L010,P04,P04_L010_T006_A03,P04_L010_T006,8,40,167,0.0025427160493827093,True,True
P04_L010,P04,P04_L010_T006_A03,P04_L010_T006,9,47,177,0.0006301111111111104,True,True
P04_L010,P04,P04_L010_T006_A03,P04_L010_T006,10,53,183,0.0033068765432098654,True,True
P04_L010,P04,P04_L010_T006_A04,P04_L010_T006,1,10,48,0.0013182592592592408,False,True
P04_L010,P04,P04_L010_T006_A04,P04_L010_T006,2,14,67,0.0030199629629629595,False,True
P04_L010,P04,P04_L010_T006_A04,P04_L010_T006,3,15,74,0.0015033580246913646,False,True
P04_L010,P04,P04_L010_T006_A04,P04_L010_T006,4,19,90,0.003444000000000012,True,True
P04_L010,P04,P04_L010_T006_A04,P04_L010_T006,5,25,108,0.0008534567901234639,True,True
P04_L010,P04,P04_L010_T006_A04,P04_L010_T006,6,29,116,0.0019551604938271654,True,True
P04_L010,P04,P04_L010_T006_A04,P04_L010_T006,7,31,123,0.0009732962962963091,True,True
P04_L010,P04,P04_L010_T006_A04,P04_L010_T006,8,35,136,0.0022296913580246956,True,True
P04_L010,P04,P04_L010_T006_A04,P04_L010_T006,9,36,138,0.0011099506172839594,True,True
P04_L010,P04,P04_L010_T006_A04,P04_L010_T006,10,40,152,0.002542753086419761,True,True
P04_L010,P04,P04_L010_T006_A04,P04_L010_T006,11,41,155,0.0012658024691358108,True,True
P04_L010,P04,P04_L010_T007_A01,P04_L010_T007,1,14,78,0.0006562345679012243,False,True
P04_L010,P04,P04_L010_T007_A01,P04_L010_T007,2,18,90,0.0015033456790123588,False,True
P04_L010,P04,P04_L010_T007_A01,P04_L010_T007,3,19,92,0.0007483703703703505,True,True
P04_L010,P04,P04_L010_T007_A01,P04_L010_T007,4,23,117,0.0017144197530864237,True,True
P04_L010,P04,P04_L010_T007_A01,P04_L010_T007,5,25,136,0.0008534444444444581,True,True
P04_L010,P04,P04_L010_T007_A01,P04_L010_T007,6,29,156,0.0019551234567901136,True,True
P04_L010,P04,P04_L010_T007_A01,P04_L010_T007,7,32,162,0.0009732716049382632,True,True
P04_L010,P04,P04_L010_T007_A01,P04_L010_T007,8,36,166,0.0022296419753086378,True,True
P04_L010,P04,P04_L010_T007_A01,P04_L010_T007,9,39,169,0.0011099259259259133,True,True
P04_L010,P04,P04_L010_T007_A01,P04_L010_T007,10,43,173,0.0025426913580246977,True,True
P04_L010,P04,P04_L010_T007_A02,P04_L010_T007,1,9,39,0.0013182592592592408,False,True
P04_L010,P04,P04_L010_T007_A02,P04_L010_T007,2,13,53,0.0030199629629629595,False,True
P04_L010,P04,P04_L010_T007_A02,P04_L010_T007,3,19,76,0.0007483827160493906,True,True
P04_L010,P04,P04_L010_T007_A02,P04_L010_T007,4,23,86,0.0017144444444444353,True,True
P04_L010,P04,P04_L010_T007_A02,P04_L010_T007,5,24,89,0.0008534567901234639,True,True
P04_L010,P04,P04_L010_T007_A02,P04_L010_T007,6,28,103,0.0019551604938271654,True,True
P04_L010,P04,P04_L010_T007_A02,P04_L010_T007,7,29,106,0.0009732962962963091,True,True
P04_L010,P04,P04_L010_T007_A02,P04_L010_T007,8,33,121,0.0022296913580246956,True,True
P04_L010,P04,P04_L010_T007_A02,P04_L010_T007,9,37,128,0.0011099506172839594,True,True
P04_L010,P04,P04_L010_T007_A02,P04_L010_T007,10,41,144,0.002542753086419761,True,True
P04_L010,P04,P04_L010_T007_A03,P04_L010_T007,1,8,35,0.003019950617283954,False,True
P04_L010,P04,P04_L010_T007_A03,P04_L010_T007,2,12,47,0.006918308641975313,False,True
P04_L010,P04,P04_L010_T007_A03,P04_L010_T007,3,17,61,0.0017144320987654295,True,True
P04_L010,P04,P04_L010_T007_A03,P04_L010_T007,4,21,71,0.003927543209876534,True,True
P04_L010,P04,P04_L010_T007_A03,P04_L010_T007,5,24,80,0.0019551481481481594,True,True
P04_L010,P04,P04_L010_T007_A03,P04_L010_T007,6,28,94,0.004478987654320991,True,True
P04_L010,P04,P04_L010_T007_A03,P04_L010_T007,7,29,96,0.0022296666666666493,True,True
P04_L010,P04,P04_L010_T007_A03,P04_L010_T007,8,33,137,0.005107876543209871,True,True
P04_L010,P04,P04_L010_T007_A03,P04_L010_T007,9,38,151,0.0012657901234567706,True,True
P04_L010,P04,P04_L010_T007_A03,P04_L010_T007,10,42,158,0.0028997530864197335,True,True
P04_L010,P04,P04_L010_T007_A04,P04_L010_T007,1,9,22,0.0013182592592592408,False,True
P04_L010,P04,P04_L010_T007_A04,P04_L010_T007,2,13,30,0.0030199629629629595,False,True
P04_L010,P04,P04_L010_T007_A04,P04_L010_T007,3,16,49,0.0015033580246913646,True,True
P04_L010,P04,P04_L010_T007_A04,P04_L010_T007,4,20,72,0.003444000000000012,True,True
P04_L010,P04,P04_L010_T007_A04,P04_L010_T007,5,26,100,0.0008534567901234639,True,True
P04_L010,P04,P04_L010_T007_A04,P04_L010_T007,6,30,114,0.0019551604938271654,True,True
P04_L010,P04,P04_L010_T007_A04,P04_L010_T007,7,34,120,0.0009732962962963091,True,True
P04_L010,P04,P04_L010_T007_A04,P04_L010_T007,8,38,130,0.0022296913580246956,True,True
P04_L010,P04,P04_L010_T007_A04,P04_L010_T007,9,39,132,0.0011099506172839594,True,True
P04_L010,P04,P04_L010_T007_A04,P04_L010_T007,10,43,145,0.002542753086419761,True,True
P04_L010,P04,P04_L010_T008_A01,P04_L010_T008,1,9,37,0.0013182592592592408,False,True
P04_L010,P04,P04_L010_T008_A01,P04_L010_T008,2,13,57,0.0030199629629629595,False,True
P04_L010,P04,P04_L010_T008_A01,P04_L010_T008,3,14,66,0.0015033580246913646,True,True
P04_L010,P04,P04_L010_T008_A01,P04_L010_T008,4,18,76,0.003444000000000012,True,True
P04_L010,P04,P04_L010_T008_A01,P04_L010_T008,5,19,80,0.0017144444444444353,True,True
P04_L010,P04,P04_L010_T008_A01,P04_L010_T008,6,23,94,0.00392756790123458,True,True
P04_L010,P04,P04_L010_T008_A01,P04_L010_T008,7,24,100,0.0019551604938271654,True,True
P04_L010,P04,P04_L010_T008_A01,P04_L010_T008,8,28,115,0.004479012345679003,True,True
P04_L010,P04,P04_L010_T008_A01,P04_L010_T008,9,29,117,0.0022296790123456896,True,True
P04_L010,P04,P04_L010_T008_A01,P04_L010_T008,10,33,125,0.005107901234567883,True,True
P04_L010,P04,P04_L010_T008_A02,P04_L010_T008,1,9,30,0.0013182592592592408,False,True
P04_L010,P04,P04_L010_T008_A02,P04_L010_T008,2,13,55,0.0030199629629629595,False,True
P04_L010,P04,P04_L010_T008_A02,P04_L010_T008,3,18,82,0.0007483827160493906,False,True
P04_L010,P04,P04_L010_T008_A02,P04_L010_T008,4,24,110,0.00392756790123458,True,True
P04_L010,P04,P04_L010_T008_A02,P04_L010_T008,5,30,131,0.0009732962962963091,True,True
P04_L010,P04,P04_L010_T008_A02,P04_L010_T008,6,34,145,0.0022296913580246956,True,True
P04_L010,P04,P04_L010_T008_A02,P04_L010_T008,7,36,148,0.0011099506172839594,True,True
P04_L010,P04,P04_L010_T008_A02,P04_L010_T008,8,40,155,0.002542753086419761,True,True
P04_L010,P04,P04_L010_T008_A02,P04_L010_T008,9,43,159,0.0012658024691358108,True,True
P04_L010,P04,P04_L010_T008_A02,P04_L010_T008,10,47,168,0.0028997901234567853,True,True
P04_L010,P04,P04_L010_T008_A02,P04_L010_T008,11,50,174,0.0014435308641975373,True,True
P04_L010,P04,P04_L010_T008_A03,P04_L010_T008,1,15,61,0.0006562345679012243,False,True
P04_L010,P04,P04_L010_T008_A03,P04_L010_T008,2,19,75,0.0015033456790123588,False,True
P04_L010,P04,P04_L010_T008_A03,P04_L010_T008,3,20,83,0.0007483703703703505,True,True
P04_L010,P04,P04_L010_T008_A03,P04_L010_T008,4,24,92,0.0017144197530864237,True,True
P04_L010,P04,P04_L010_T008_A03,P04_L010_T008,5,25,98,0.0008534444444444581,True,True
P04_L010,P04,P04_L010_T008_A03,P04_L010_T008,6,32,136,0.004478925925925927,True,True
P04_L010,P04,P04_L010_T008_A03,P04_L010_T008,7,38,152,0.0011099259259259133,True,True
P04_L010,P04,P04_L010_T008_A03,P04_L010_T008,8,42,162,0.0025426913580246977,True,True
P04_L010,P04,P04_L010_T008_A03,P04_L010_T008,9,43,165,0.001265765432098759,True,True
P04_L010,P04,P04_L010_T008_A03,P04_L010_T008,10,47,170,0.00289970370370371,True,True
P04_L010,P04,P04_L010_T008_A04,P04_L010_T008,1,14,51,0.0006562345679012243,False,True
P04_L010,P04,P04_L010_T008_A04,P04_L010_T008,2,18,59,0.0015033456790123588,False,True
P04_L010,P04,P04_L010_T008_A04,P04_L010_T008,3,20,62,0.0007483703703703505,True,True
P04_L010,P04,P04_L010_T008_A04,P04_L010_T008,4,24,72,0.0017144197530864237,True,True
P04_L010,P04,P04_L010_T008_A04,P04_L010_T008,5,25,74,0.0008534444444444581,True,True
P04_L010,P04,P04_L010_T008_A04,P04_L010_T008,6,29,91,0.0019551234567901136,True,True
P04_L010,P04,P04_L010_T008_A04,P04_L010_T008,7,32,104,0.0009732716049382632,True,True
P04_L010,P04,P04_L010_T008_A04,P04_L010_T008,8,36,121,0.0022296419753086378,True,True
P04_L010,P04,P04_L010_T008_A04,P04_L010_T008,9,37,124,0.0011099259259259133,True,True
P04_L010,P04,P04_L010_T008_A04,P04_L010_T008,10,41,143,0.0025426913580246977,True,True
P04_L049,P04,P04_L049_T001_A01,P04_L049_T001,1,17,64,0.0007483770491802714,False,True
P04_L049,P04,P04_L049_T001_A01,P04_L049_T001,2,21,73,0.0017144262295081731,False,True
P04_L049,P04,P04_L049_T001_A01,P04_L049_T001,3,23,86,0.0008534590163934049,True,True
P04_L049,P04,P04_L049_T001_A01,P04_L049_T001,4,27,102,0.001955163934426167,True,True
P04_L049,P04,P04_L049_T001_A01,P04_L049_T001,5,28,104,0.0009732950819671632,True,True
P04_L049,P04,P04_L049_T001_A01,P04_L049_T001,6,32,119,0.002229688524590115,True,True
P04_L049,P04,P04_L049_T001_A01,P04_L049_T001,7,34,126,0.0011099508196721342,True,True
P04_L049,P04,P04_L049_T001_A01,P04_L049_T001,8,38,138,0.002542754098360627,True,True
P04_L049,P04,P04_L049_T001_A01,P04_L049_T001,9,39,143,0.0012658032786884864,True,True
P04_L049,P04,P04_L049_T001_A01,P04_L049_T001,10,43,153,0.0028997868852458654,True,True
P04_L049,P04,P04_L049_T001_A02,P04_L049_T001,1,12,48,0.0015033442622950494,False,True
P04_L049,P04,P04_L049_T001_A02,P04_L049_T001,2,16,66,0.0034439672131147594,False,True
P04_L049,P04,P04_L049_T001_A02,P04_L049_T001,3,18,79,0.0017144262295081731,True,True
P04_L049,P04,P04_L049_T001_A02,P04_L049_T001,4,22,92,0.003927524590163949,True,True
P04_L049,P04,P04_L049_T001_A02,P04_L049_T001,5,27,112,0.0009732786885245488,True,True
P04_L049,P04,P04_L049_T001_A02,P04_L049_T001,6,33,135,0.005107852459016405,True,True
P04_L049,P04,P04_L049_T001_A02,P04_L049_T001,7,38,159,0.0012657868852458721,True,True
P04_L049,P04,P04_L049_T001_A02,P04_L049_T001,8,43,166,0.006642950819672141,True,True
P04_L049,P04,P04_L049_T001_A02,P04_L049_T001,9,49,186,0.0016461967213114192,True,True
P04_L049,P04,P04_L049_T001_A02,P04_L049_T001,10,54,193,0.008639344262295076,True,True
P04_L049,P04,P04_L049_T001_A03,P04_L049_T001,1,14,52,0.0015033442622950494,False,True
P04_L049,P04,P04_L049_T001_A03,P04_L049_T001,2,23,103,0.018074196721311445,False,True
P04_L049,P04,P04_L049_T001_A03,P04_L049_T001,3,24,107,0.008997442622950793,True,True
P04_L049,P04,P04_L049_T001_A03,P04_L049_T001,4,33,149,0.10817304918032787,True,True
P04_L049,P04,P04_L049_T001_A03,P04_L049_T001,5,42,196,0.013344409836065555,True,True
P04_L049,P04,P04_L049_T001_A03,P04_L049_T001,6,46,200,0.030570278688524608,True,True
P04_L049,P04,P04_L049_T001_A03,P04_L049_T001,7,58,212,0.0037711967213114174,True,True
P04_L049,P04,P04_L049_T001_A03,P04_L049_T001,8,62,216,0.008639311475409849,True,True
P04_L049,P04,P04_L049_T001_A03,P04_L049_T001,9,65,219,0.004300704918032758,True,True
P04_L049,P04,P04_L049_T001_A03,P04_L049_T001,10,73,227,0.05170581967213115,True,True
P04_L049,P04,P04_L049_T001_A04,P04_L049_T001,1,12,36,0.0015033442622950494,False,True
P04_L049,P04,P04_L049_T001_A04,P04_L049_T001,2,20,78,0.007889672131147546,False,True
P04_L049,P04,P04_L049_T001_A04,P04_L049_T001,3,32,124,0.0009732786885245488,True,True
P04_L049,P04,P04_L049_T001_A04,P04_L049_T001,4,36,134,0.002229655737704886,True,True
P04_L049,P04,P04_L049_T001_A04,P04_L049_T001,5,38,142,0.00110993442622952,True,True
P04_L049,P04,P04_L049_T001_A04,P04_L049_T001,6,42,158,0.002542704918032784,True,True
P04_L049,P04,P04_L049_T001_A04,P04_L049_T001,7,43,162,0.0012657704918032579,True,True
P04_L049,P04,P04_L049_T001_A04,P04_L049_T001,8,47,172,0.002899704918032794,True,True
P04_L049,P04,P04_L049_T001_A04,P04_L049_T001,9,49,178,0.001443491803278673,True,True
P04_L049,P04,P04_L049_T001_A04,P04_L049_T001,10,53,183,0.0033068524590164055,True,True
P04_L049,P04,P04_L049_T002_A01,P04_L049_T002,1,8,26,0.0030199508196720923,False,True
P04_L049,P04,P04_L049_T002_A01,P04_L049_T002,2,14,54,0.015848934426229474,False,True
P04_L049,P04,P04_L049_T002_A01,P04_L049_T002,3,16,59,0.00788968852459016,False,True
P04_L049,P04,P04_L049_T002_A01,P04_L049_T002,4,20,76,0.018074229508196673,True,True
P04_L049,P04,P04_L049_T002_A01,P04_L049_T002,5,21,78,0.008997459016393407,True,True
P04_L049,P04,P04_L049_T002_A01,P04_L049_T002,6,25,88,0.020611983606557385,True,True
P04_L049,P04,P04_L049_T002_A01,P04_L049_T002,7,26,98,0.010260770491803243,True,True
P04_L049,P04,P04_L049_T002_A01,P04_L049_T002,8,30,116,0.02350606557377046,True,True
P04_L049,P04,P04_L049_T002_A01,P04_L049_T002,9,33,136,0.01170145901639341,True,True
P04_L049,P04,P04_L049_T002_A01,P04_L049_T002,10,37,149,0.02680649180327869,True,True
P04_L049,P04,P04_L049_T002_A01,P04_L049_T002,11,38,150,0.01334442622950817,True,True
P04_L049,P04,P04_L049_T002_A02,P04_L049_T002,1,13,36,0.0015033442622950494,False,True
P04_L049,P04,P04_L049_T002_A02,P04_L049_T002,2,17,44,0.0034439672131147594,False,True
P04_L049,P04,P04_L049_T002_A02,P04_L049_T002,3,19,64,0.0017144262295081731,True,True
P04_L049,P04,P04_L049_T002_A02,P04_L049_T002,4,23,74,0.003927524590163949,True,True
P04_L049,P04,P04_L049_T002_A02,P04_L049_T002,5,24,75,0.0019551475409835526,True,True
P04_L049,P04,P04_L049_T002_A02,P04_L049_T002,6,28,81,0.004478983606557333,True,True
P04_L049,P04,P04_L049_T002_A02,P04_L049_T002,7,29,86,0.0022296721311475002,True,True
P04_L049,P04,P04_L049_T002_A02,P04_L049_T002,8,33,99,0.005107885245901634,True,True
P04_L049,P04,P04_L049_T002_A02,P04_L049_T002,9,39,125,0.0012657868852458721,True,True
P04_L049,P04,P04_L049_T002_A02,P04_L049_T002,10,43,133,0.002899754098360637,True,True
P04_L049,P04,P04_L049_T002_A03,P04_L049_T002,1,16,56,0.0007483770491802714,False,True
P04_L049,P04,P04_L049_T002_A03,P04_L049_T002,2,20,84,0.0017144262295081731,False,True
P04_L049,P04,P04_L049_T002_A03,P04_L049_T002,3,24,96,0.0008534590163934049,False,True
P04_L049,P04,P04_L049_T002_A03,P04_L049_T002,4,28,108,0.001955163934426167,True,True
P04_L049,P04,P04_L049_T002_A03,P04_L049_T002,5,30,110,0.0009732950819671632,True,True
P04_L049,P04,P04_L049_T002_A03,P04_L049_T002,6,34,128,0.002229688524590115,True,True
P04_L049,P04,P04_L049_T002_A03,P04_L049_T002,7,35,134,0.0011099508196721342,True,True
P04_L049,P04,P04_L049_T002_A03,P04_L049_T002,8,39,146,0.002542754098360627,True,True
P04_L049,P04,P04_L049_T002_A03,P04_L049_T002,9,45,158,0.0006301311475409212,True,True
P04_L049,P04,P04_L049_T002_A03,P04_L049_T002,10,49,163,0.001443540983606516,True,True
P04_L049,P04,P04_L049_T002_A03,P04_L049_T002,11,50,165,0.0007186065573770103,True,True
P04_L049,P04,P04_L049_T002_A04,P04_L049_T002,1,18,115,0.0007483770491802714,False,True
P04_L049,P04,P04_L049_T002_A04,P04_L049_T002,2,22,123,0.0017144262295081731,False,True
P04_L049,P04,P04_L049_T002_A04,P04_L049_T002,3,24,131,0.0008534590163934049,True,True
P04_L049,P04,P04_L049_T002_A04,P04_L049_T002,4,28,144,0.001955163934426167,True,True
P04_L049,P04,P04_L049_T002_A04,P04_L049_T002,5,31,162,0.0009732950819671632,True,True
P04_L049,P04,P04_L049_T002_A04,P04_L049_T002,6,36,170,0.005107918032786863,True,True
P04_L049,P04,P04_L049_T002_A04,P04_L049_T002,7,42,176,0.0012658032786884864,True,True
P04_L049,P04,P04_L049_T002_A04,P04_L049_T002,8,50,184,0.0066430327868852125,True,True
P04_L049,P04,P04_L049_T002_A04,P04_L049_T002,9,51,185,0.003306934426229477,True,True
P04_L049,P04,P04_L049_T002_A04,P04_L049_T002,10,55,189,0.007575754098360634,True,True
P04_L049,P04,P04_L049_T003_A01,P04_L049_T003,1,24,67,0.0009732786885245488,False,True
P04_L049,P04,P04_L049_T003_A01,P04_L049_T003,2,30,93,0.005107852459016405,False,True
P04_L049,P04,P04_L049_T003_A01,P04_L049_T003,3,40,125,0.000630114754098307,True,True
P04_L049,P04,P04_L049_T003_A01,P04_L049_T003,4,47,143,0.003306885245901634,True,True
P04_L049,P04,P04_L049_T003_A01,P04_L049_T003,5,52,160,0.0008194754098360789,True,True
P04_L049,P04,P04_L049_T003_A01,P04_L049_T003,6,56,174,0.0018773114754098007,True,True
P04_L049,P04,P04_L049_T003_A01,P04_L049_T003,7,57,176,0.0009345409836065215,True,True
P04_L049,P04,P04_L049_T003_A01,P04_L049_T003,8,61,187,0.0021409016393442626,True,True
P04_L049,P04,P04_L049_T003_A01,P04_L049_T003,9,62,193,0.0010657540983606256,True,True
P04_L049,P04,P04_L049_T003_A01,P04_L049_T003,10,66,200,0.002441508196721247,True,True
P04_L049,P04,P04_L049_T003_A02,P04_L049_T003,1,22,104,0.0009732786885245488,False,True
P04_L049,P04,P04_L049_T003_A02,P04_L049_T003,2,26,115,0.002229655737704886,False,True
P04_L049,P04,P04_L049_T003_A02,P04_L049_T003,3,27,117,0.00110993442622952,False,True
P04_L049,P04,P04_L049_T003_A02,P04_L049_T003,4,31,145,0.002542704918032784,True,True
P04_L049,P04,P04_L049_T003_A02,P04_L049_T003,5,32,147,0.0012657704918032579,True,True
P04_L049,P04,P04_L049_T003_A02,P04_L049_T003,6,36,156,0.002899704918032794,True,True
P04_L049,P04,P04_L049_T003_A02,P04_L049_T003,7,37,162,0.001443491803278673,True,True
P04_L049,P04,P04_L049_T003_A02,P04_L049_T003,8,41,169,0.0033068524590164055,True,True
P04_L049,P04,P04_L049_T003_A02,P04_L049_T003,9,47,202,0.0008194754098360789,True,True
P04_L049,P04,P04_L049_T003_A02,P04_L049_T003,10,51,218,0.0018773114754098007,True,True
P04_L049,P04,P04_L049_T003_A02,P04_L049_T003,11,52,223,0.0009345409836065215,True,True
P04_L049,P04,P04_L049_T003_A03,P04_L049_T003,1,6,24,0.015848934426229474,False,True
P04_L049,P04,P04_L049_T003_A03,P04_L049_T003,2,10,36,0.03630780327868846,False,True
P04_L049,P04,P04_L049_T003_A03,P04_L049_T003,3,21,87,0.004478983606557333,True,True
P04_L049,P04,P04_L049_T003_A03,P04_L049_T003,4,25,103,0.010260754098360627,True,True
P04_L049,P04,P04_L049_T003_A03,P04_L049_T003,5,32,137,0.0025427213114753984,True,True
P04_L049,P04,P04_L049_T003_A03,P04_L049_T003,6,36,142,0.005825032786885242,True,True
P04_L049,P04,P04_L049_T003_A03,P04_L049_T003,7,47,192,0.000718590163934396,True,True
P04_L049,P04,P04_L049_T003_A03,P04_L049_T003,8,54,221,0.008639344262295076,True,True
P04_L049,P04,P04_L049_T003_A03,P04_L049_T003,9,56,228,0.004300721311475372,True,True
P04_L049,P04,P04_L049_T003_A03,P04_L049_T003,10,60,234,0.009852377049180305,True,True
P04_L049,P04,P04_L049_T003_A04,P04_L049_T003,1,25,109,0.0009732786885245488,False,True
P04_L049,P04,P04_L049_T003_A04,P04_L049_T003,2,29,132,0.002229655737704886,False,True
P04_L049,P04,P04_L049_T003_A04,P04_L049_T003,3,31,155,0.00110993442622952,True,True
P04_L049,P04,P04_L049_T003_A04,P04_L049_T003,4,35,183,0.002542704918032784,True,True
P04_L049,P04,P04_L049_T003_A04,P04_L049_T003,5,37,189,0.0012657704918032579,True,True
P04_L049,P04,P04_L049_T003_A04,P04_L049_T003,6,44,210,0.00664283606557375,True,True
P04_L049,P04,P04_L049_T003_A04,P04_L049_T003,7,54,231,0.0008194754098360789,True,True
P04_L049,P04,P04_L049_T003_A04,P04_L049_T003,8,65,246,0.02257026229508191,True,True
P04_L049,P04,P04_L049_T003_A04,P04_L049_T003,9,77,258,0.0027842950819671774,True,True
P04_L049,P04,P04_L049_T003_A04,P04_L049_T003,10,81,262,0.0063784590163934365,True,True
P04_L049,P04,P04_L049_T004_A01,P04_L049_T004,1,17,84,0.0007483770491802714,False,True
P04_L049,P04,P04_L049_T004_A01,P04_L049_T004,2,21,99,0.0017144262295081731,False,True
P04_L049,P04,P04_L049_T004_A01,P04_L049_T004,3,22,100,0.0008534590163934049,False,True
P04_L049,P04,P04_L049_T004_A01,P04_L049_T004,4,29,141,0.004479016393442561,True,True
P04_L049,P04,P04_L049_T004_A01,P04_L049_T004,5,34,152,0.0011099508196721342,True,True
P04_L049,P04,P04_L049_T004_A01,P04_L049_T004,6,39,178,0.0058251147540983135,True,True
P04_L049,P04,P04_L049_T004_A01,P04_L049_T004,7,44,193,0.0014435245901639015,True,True
P04_L049,P04,P04_L049_T004_A01,P04_L049_T004,8,48,201,0.003306918032786863,True,True
P04_L049,P04,P04_L049_T004_A01,P04_L049_T004,9,53,212,0.0008194918032786932,True,True
P04_L049,P04,P04_L049_T004_A01,P04_L049_T004,10,57,216,0.0018773442622950294,True,True
P04_L049,P04,P04_L049_T004_A01,P04_L049_T004,11,58,217,0.0009345573770491358,True,True
P04_L049,P04,P04_L049_T004_A02,P04_L049_T004,1,11,37,0.0030199508196720923,False,True
P04_L049,P04,P04_L049_T004_A02,P04_L049_T004,2,15,41,0.006918311475409783,False,True
P04_L049,P04,P04_L049_T004_A02,P04_L049_T004,3,21,56,0.0017144426229507876,True,True
P04_L049,P04,P04_L049_T004_A02,P04_L049_T004,4,25,73,0.003927557377049177,True,True
P04_L049,P04,P04_L049_T004_A02,P04_L049_T004,5,26,80,0.001955163934426167,True,True
P04_L049,P04,P04_L049_T004_A02,P04_L049_T004,6,30,103,0.004479016393442561,True,True
P04_L049,P04,P04_L049_T004_A02,P04_L049_T004,7,35,117,0.0011099508196721342,True,True
P04_L049,P04,P04_L049_T004_A02,P04_L049_T004,8,45,151,0.01334457377049179,True,True
P04_L049,P04,P04_L049_T004_A02,P04_L049_T004,9,54,172,0.0016461967213114192,True,True
P04_L049,P04,P04_L049_T004_A02,P04_L049_T004,10,58,181,0.0037712131147540316,True,True
P04_L049,P04,P04_L049_T004_A03,P04_L049_T004,1,15,69,0.0015033442622950494,False,True
P04_L049,P04,P04_L049_T004_A03,P04_L049_T004,2,19,87,0.0034439672131147594,False,True
P04_L049,P04,P04_L049_T004_A03,P04_L049_T004,3,25,107,0.0008534590163934049,True,True
P04_L049,P04,P04_L049_T004_A03,P04_L049_T004,4,29,119,0.001955163934426167,True,True
P04_L049,P04,P04_L049_T004_A03,P04_L049_T004,5,30,120,0.0009732950819671632,True,True
P04_L049,P04,P04_L049_T004_A03,P04_L049_T004,6,34,139,0.002229688524590115,True,True
P04_L049,P04,P04_L049_T004_A03,P04_L049_T004,7,35,149,0.0011099508196721342,True,True
P04_L049,P04,P04_L049_T004_A03,P04_L049_T004,8,39,165,0.002542754098360627,True,True
P04_L049,P04,P04_L049_T004_A03,P04_L049_T004,9,41,173,0.0012658032786884864,True,True
P04_L049,P04,P04_L049_T004_A03,P04_L049_T004,10,45,191,0.0028997868852458654,True,True
P04_L049,P04,P04_L049_T004_A04,P04_L049_T004,1,9,25,0.0030199508196720923,False,True
P04_L049,P04,P04_L049_T004_A04,P04_L049_T004,2,13,43,0.006918311475409783,False,True
P04_L049,P04,P04_L049_T004_A04,P04_L049_T004,3,21,78,0.0017144426229507876,True,True
P04_L049,P04,P04_L049_T004_A04,P04_L049_T004,4,25,91,0.003927557377049177,True,True
P04_L049,P04,P04_L049_T004_A04,P04_L049_T004,5,32,129,0.0009732950819671632,True,True
P04_L049,P04,P04_L049_T004_A04,P04_L049_T004,6,36,144,0.002229688524590115,True,True
P04_L049,P04,P04_L049_T004_A04,P04_L049_T004,7,39,153,0.0011099508196721342,True,True
P04_L049,P04,P04_L049_T004_A04,P04_L049_T004,8,43,180,0.002542754098360627,True,True
P04_L049,P04,P04_L049_T004_A04,P04_L049_T004,9,44,187,0.0012658032786884864,True,True
P04_L049,P04,P04_L049_T004_A04,P04_L049_T004,10,53,208,0.015218311475409849,True,True
P04_L049,P04,P04_L049_T005_A01,P04_L049_T005,1,18,62,0.0007483770491802714,False,True
P04_L049,P04,P04_L049_T005_A01,P04_L049_T005,2,22,71,0.0017144262295081731,False,True
P04_L049,P04,P04_L049_T005_A01,P04_L049_T005,3,23,72,0.0008534590163934049,True,True
P04_L049,P04,P04_L049_T005_A01,P04_L049_T005,4,29,95,0.004479016393442561,True,True
P04_L049,P04,P04_L049_T005_A01,P04_L049_T005,5,32,112,0.002229688524590115,True,True
P04_L049,P04,P04_L049_T005_A01,P04_L049_T005,6,36,128,0.005107918032786863,True,True
P04_L049,P04,P04_L049_T005_A01,P04_L049_T005,7,41,140,0.0012658032786884864,True,True
P04_L049,P04,P04_L049_T005_A01,P04_L049_T005,8,47,180,0.0066430327868852125,True,True
P04_L049,P04,P04_L049_T005_A01,P04_L049_T005,9,52,193,0.0016462131147540334,True,True
P04_L049,P04,P04_L049_T005_A01,P04_L049_T005,10,56,198,0.0037712622950819654,True,True
P04_L049,P04,P04_L049_T005_A02,P04_L049_T005,1,12,39,0.0015033442622950494,False,True
P04_L049,P04,P04_L049_T005_A02,P04_L049_T005,2,16,58,0.0034439672131147594,False,True
P04_L049,P04,P04_L049_T005_A02,P04_L049_T005,3,18,70,0.0017144262295081731,True,True
P04_L049,P04,P04_L049_T005_A02,P04_L049_T005,4,22,93,0.003927524590163949,True,True
P04_L049,P04,P04_L049_T005_A02,P04_L049_T005,5,23,102,0.0019551475409835526,True,True
P04_L049,P04,P04_L049_T005_A02,P04_L049_T005,6,29,116,0.010260754098360627,True,True
P04_L049,P04,P04_L049_T005_A02,P04_L049_T005,7,30,120,0.00510786885245902,True,True
P04_L049,P04,P04_L049_T005_A02,P04_L049_T005,8,34,154,0.01170145901639341,True,True
P04_L049,P04,P04_L049_T005_A02,P04_L049_T005,9,38,164,0.005825049180327856,True,True
P04_L049,P04,P04_L049_T005_A02,P04_L049_T005,10,42,171,0.013344409836065555,True,True
P04_L049,P04,P04_L049_T005_A03,P04_L049_T005,1,16,78,0.0007483770491802714,False,True
P04_L049,P04,P04_L049_T005_A03,P04_L049_T005,2,20,89,0.0017144262295081731,False,True
P04_L049,P04,P04_L049_T005_A03,P04_L049_T005,3,26,111,0.0004248524590163615,True,True
P04_L049,P04,P04_L049_T005_A03,P04_L049_T005,4,31,141,0.002229655737704886,True,True
P04_L049,P04,P04_L049_T005_A03,P04_L049_T005,5,36,155,0.0005525245901639519,True,True
P04_L049,P04,P04_L049_T005_A03,P04_L049_T005,6,40,167,0.0012657540983606434,True,True
P04_L049,P04,P04_L049_T005_A03,P04_L049_T005,7,42,174,0.0006300983606556926,True,True
P04_L049,P04,P04_L049_T005_A03,P04_L049_T005,8,46,182,0.0014434754098360586,True,True
P04_L049,P04,P04_L049_T005_A03,P04_L049_T005,9,51,189,0.00035770491803278974,True,True
P04_L049,P04,P04_L049_T005_A03,P04_L049_T005,10,56,202,0.001877278688524572,True,True
P04_L049,P04,P04_L049_T005_A04,P04_L049_T005,1,12,54,0.0015033442622950494,False,True
P04_L049,P04,P04_L049_T005_A04,P04_L049_T005,2,16,68,0.0034439672131147594,False,True
P04_L049,P04,P04_L049_T005_A04,P04_L049_T005,3,19,79,0.0017144262295081731,True,True
P04_L049,P04,P04_L049_T005_A04,P04_L049_T005,4,23,85,0.003927524590163949,True,True
P04_L049,P04,P04_L049_T005_A04,P04_L049_T005,5,28,108,0.0009732786885245488,True,True
P04_L049,P04,P04_L049_T005_A04,P04_L049_T005,6,32,123,0.002229655737704886,True,True
P04_L049,P04,P04_L049_T005_A04,P04_L049_T005,7,35,131,0.00110993442622952,True,True
P04_L049,P04,P04_L049_T005_A04,P04_L049_T005,8,39,139,0.002542704918032784,True,True
P04_L049,P04,P04_L049_T005_A04,P04_L049_T005,9,40,143,0.0012657704918032579,True,True
P04_L049,P04,P04_L049_T005_A04,P04_L049_T005,10,44,170,0.002899704918032794,True,True
P04_L049,P04,P04_L049_T006_A01,P04_L049_T006,1,16,50,0.0007483770491802714,False,True
P04_L049,P04,P04_L049_T006_A01,P04_L049_T006,2,20,64,0.0017144262295081731,False,True
P04_L049,P04,P04_L049_T006_A01,P04_L049_T006,3,22,66,0.0008534590163934049,True,True
P04_L049,P04,P04_L049_T006_A01,P04_L049_T006,4,26,77,0.001955163934426167,True,True
P04_L049,P04,P04_L049_T006_A01,P04_L049_T006,5,29,84,0.0009732950819671632,True,True
P04_L049,P04,P04_L049_T006_A01,P04_L049_T006,6,33,94,0.002229688524590115,True,True
P04_L049,P04,P04_L049_T006_A01,P04_L049_T006,7,34,100,0.0011099508196721342,True,True
P04_L049,P04,P04_L049_T006_A01,P04_L049_T006,8,38,105,0.002542754098360627,True,True
P04_L049,P04,P04_L049_T006_A01,P04_L049_T006,9,46,127,0.0006301311475409212,True,True
P04_L049,P04,P04_L049_T006_A01,P04_L049_T006,10,51,144,0.0033069672131147056,True,True
P04_L049,P04,P04_L049_T006_A02,P04_L049_T006,1,12,48,0.0015033442622950494,False,True
P04_L049,P04,P04_L049_T006_A02,P04_L049_T006,2,17,69,0.007889672131147546,False,True
P04_L049,P04,P04_L049_T006_A02,P04_L049_T006,3,19,80,0.003927524590163949,False,True
P04_L049,P04,P04_L049_T006_A02,P04_L049_T006,4,23,89,0.008997442622950793,True,True
P04_L049,P04,P04_L049_T006_A02,P04_L049_T006,5,26,101,0.004478983606557333,True,True
P04_L049,P04,P04_L049_T006_A02,P04_L049_T006,6,31,139,0.023506032786885234,True,True
P04_L049,P04,P04_L049_T006_A02,P04_L049_T006,7,33,150,0.011701442622950796,True,True
P04_L049,P04,P04_L049_T006_A02,P04_L049_T006,8,38,164,0.06141004918032784,True,True
P04_L049,P04,P04_L049_T006_A02,P04_L049_T006,9,47,192,0.007575639344262243,True,True
P04_L049,P04,P04_L049_T006_A02,P04_L049_T006,10,51,199,0.017354786885245877,True,True
P04_L049,P04,P04_L049_T006_A02,P04_L049_T006,11,54,202,0.008639311475409849,True,True
P04_L049,P04,P04_L049_T006_A03,P04_L049_T006,1,12,32,0.0015033442622950494,False,True
P04_L049,P04,P04_L049_T006_A03,P04_L049_T006,2,16,73,0.0034439672131147594,False,True
P04_L049,P04,P04_L049_T006_A03,P04_L049_T006,3,22,96,0.0008534590163934049,True,True
P04_L049,P04,P04_L049_T006_A03,P04_L049_T006,4,26,117,0.001955163934426167,True,True
P04_L049,P04,P04_L049_T006_A03,P04_L049_T006,5,28,128,0.0009732950819671632,True,True
P04_L049,P04,P04_L049_T006_A03,P04_L049_T006,6,32,145,0.002229688524590115,True,True
P04_L049,P04,P04_L049_T006_A03,P04_L049_T006,7,33,149,0.0011099508196721342,True,True
P04_L049,P04,P04_L049_T006_A03,P04_L049_T006,8,37,156,0.002542754098360627,True,True
P04_L049,P04,P04_L049_T006_A03,P04_L049_T006,9,40,159,0.0012658032786884864,True,True
P04_L049,P04,P04_L049_T006_A03,P04_L049_T006,10,44,178,0.0028997868852458654,True,True
P04_L049,P04,P04_L049_T006_A04,P04_L049_T006,1,13,63,0.0015033442622950494,False,True
P04_L049,P04,P04_L049_T006_A04,P04_L049_T006,2,17,85,0.0034439672131147594,False,True
P04_L049,P04,P04_L049_T006_A04,P04_L049_T006,3,21,108,0.0017144262295081731,True,True
P04_L049,P04,P04_L049_T006_A04,P04_L049_T006,4,25,130,0.003927524590163949,True,True
P04_L049,P04,P04_L049_T006_A04,P04_L049_T006,5,28,137,0.0019551475409835526,True,True
P04_L049,P04,P04_L049_T006_A04,P04_L049_T006,6,32,148,0.004478983606557333,True,True
P04_L049,P04,P04_L049_T006_A04,P04_L049_T006,7,38,172,0.0011099508196721342,True,True
P04_L049,P04,P04_L049_T006_A04,P04_L049_T006,8,43,183,0.0058251147540983135,True,True
P04_L049,P04,P04_L049_T006_A04,P04_L049_T006,9,45,188,0.002899770491803251,True,True
P04_L049,P04,P04_L049_T006_A04,P04_L049_T006,10,49,197,0.006642983606557369,True,True
P04_L049,P04,P04_L049_T007_A01,P04_L049_T007,1,13,27,0.0015033442622950494,False,True
P04_L049,P04,P04_L049_T007_A01,P04_L049_T007,2,17,36,0.0034439672131147594,False,True
P04_L049,P04,P04_L049_T007_A01,P04_L049_T007,3,18,37,0.0017144262295081731,True,True
P04_L049,P04,P04_L049_T007_A01,P04_L049_T007,4,22,54,0.003927524590163949,True,True
P04_L049,P04,P04_L049_T007_A01,P04_L049_T007,5,28,72,0.0009732786885245488,True,True
P04_L049,P04,P04_L049_T007_A01,P04_L049_T007,6,32,85,0.002229655737704886,True,True
P04_L049,P04,P04_L049_T007_A01,P04_L049_T007,7,34,88,0.00110993442622952,True,True
P04_L049,P04,P04_L049_T007_A01,P04_L049_T007,8,38,123,0.002542704918032784,True,True
P04_L049,P04,P04_L049_T007_A01,P04_L049_T007,9,42,136,0.0012657704918032579,True,True
P04_L049,P04,P04_L049_T007_A01,P04_L049_T007,10,46,160,0.002899704918032794,True,True
P04_L049,P04,P04_L049_T007_A02,P04_L049_T007,1,16,65,0.0007483770491802714,False,True
P04_L049,P04,P04_L049_T007_A02,P04_L049_T007,2,20,93,0.0017144262295081731,False,True
P04_L049,P04,P04_L049_T007_A02,P04_L049_T007,3,21,94,0.0008534590163934049,True,True
P04_L049,P04,P04_L049_T007_A02,P04_L049_T007,4,25,108,0.001955163934426167,True,True
P04_L049,P04,P04_L049_T007_A02,P04_L049_T007,5,26,109,0.0009732950819671632,True,True
P04_L049,P04,P04_L049_T007_A02,P04_L049_T007,6,30,127,0.002229688524590115,True,True
P04_L049,P04,P04_L049_T007_A02,P04_L049_T007,7,32,145,0.0011099508196721342,True,True
P04_L049,P04,P04_L049_T007_A02,P04_L049_T007,8,36,156,0.002542754098360627,True,True
P04_L049,P04,P04_L049_T007_A02,P04_L049_T007,9,45,176,0.0003136885245901296,True,True
P04_L049,P04,P04_L049_T007_A02,P04_L049_T007,10,53,198,0.0037713770491802656,True,True
P04_L049,P04,P04_L049_T007_A03,P04_L049_T007,1,10,53,0.0030199508196720923,False,True
P04_L049,P04,P04_L049_T007_A03,P04_L049_T007,2,17,89,0.015848934426229474,False,True
P04_L049,P04,P04_L049_T007_A03,P04_L049_T007,3,24,126,0.003927540983606564,True,True
P04_L049,P04,P04_L049_T007_A03,P04_L049_T007,4,29,142,0.020612032786885226,True,True
P04_L049,P04,P04_L049_T007_A03,P04_L049_T007,5,40,186,0.0025427377049180126,True,True
P04_L049,P04,P04_L049_T007_A03,P04_L049_T007,6,47,206,0.013344491803278628,True,True
P04_L049,P04,P04_L049_T007_A03,P04_L049_T007,7,55,214,0.0033069016393442487,True,True
P04_L049,P04,P04_L049_T007_A03,P04_L049_T007,8,65,224,0.039757704918032793,True,True
P04_L049,P04,P04_L049_T007_A03,P04_L049_T007,9,71,230,0.00985239344262292,True,True
P04_L049,P04,P04_L049_T007_A03,P04_L049_T007,10,80,239,0.11845178688524587,True,True
P04_L049,P04,P04_L049_T007_A04,P04_L049_T007,1,17,81,0.0007483770491802714,False,True
P04_L049,P04,P04_L049_T007_A04,P04_L049_T007,2,21,92,0.0017144262295081731,False,True
P04_L049,P04,P04_L049_T007_A04,P04_L049_T007,3,24,97,0.0008534590163934049,False,True
P04_L049,P04,P04_L049_T007_A04,P04_L049_T007,4,28,104,0.001955163934426167,True,True
P04_L049,P04,P04_L049_T007_A04,P04_L049_T007,5,29,114,0.0009732950819671632,True,True
P04_L049,P04,P04_L049_T007_A04,P04_L049_T007,6,33,120,0.002229688524590115,True,True
P04_L049,P04,P04_L049_T007_A04,P04_L049_T007,7,43,148,0.0002750655737704934,True,True
P04_L049,P04,P04_L049_T007_A04,P04_L049_T007,8,49,173,0.001443540983606516,True,True
P04_L049,P04,P04_L049_T007_A04,P04_L049_T007,9,52,180,0.0007186065573770103,True,True
P04_L049,P04,P04_L049_T007_A04,P04_L049_T007,10,56,193,0.0016462295081967387,True,True
P04_L049,P04,P04_L049_T007_A04,P04_L049_T007,11,57,201,0.0008195081967213075,True,True
P04_L049,P04,P04_L049_T008_A01,P04_L049_T008,1,18,77,0.0007483770491802714,False,True
P04_L049,P04,P04_L049_T008_A01,P04_L049_T008,2,22,98,0.0017144262295081731,False,True
P04_L049,P04,P04_L049_T008_A01,P04_L049_T008,3,26,108,0.0008534590163934049,True,True
P04_L049,P04,P04_L049_T008_A01,P04_L049_T008,4,30,130,0.001955163934426167,True,True
P04_L049,P04,P04_L049_T008_A01,P04_L049_T008,5,31,133,0.0009732950819671632,True,True
P04_L049,P04,P04_L049_T008_A01,P04_L049_T008,6,35,140,0.002229688524590115,True,True
P04_L049,P04,P04_L049_T008_A01,P04_L049_T008,7,36,141,0.0011099508196721342,True,True
P04_L049,P04,P04_L049_T008_A01,P04_L049_T008,8,40,152,0.002542754098360627,True,True
P04_L049,P04,P04_L049_T008_A01,P04_L049_T008,9,41,153,0.0012658032786884864,True,True
P04_L049,P04,P04_L049_T008_A01,P04_L049_T008,10,45,166,0.0028997868852458654,True,True
P04_L049,P04,P04_L049_T008_A02,P04_L049_T008,1,10,44,0.0030199508196720923,False,True
P04_L049,P04,P04_L049_T008_A02,P04_L049_T008,2,19,81,0.03630780327868846,False,True
P04_L049,P04,P04_L049_T008_A02,P04_L049_T008,3,20,83,0.018074229508196673,True,True
P04_L049,P04,P04_L049_T008_A02,P04_L049_T008,4,24,100,0.041405672131147556,True,True
P04_L049,P04,P04_L049_T008_A02,P04_L049_T008,5,25,103,0.020611983606557385,True,True
P04_L049,P04,P04_L049_T008_A02,P04_L049_T008,6,29,118,0.047219327868852454,True,True
P04_L049,P04,P04_L049_T008_A02,P04_L049_T008,7,34,138,0.01170145901639341,True,True
P04_L049,P04,P04_L049_T008_A02,P04_L049_T008,8,38,151,0.02680649180327869,True,True
P04_L049,P04,P04_L049_T008_A02,P04_L049_T008,9,39,156,0.01334442622950817,True,True
P04_L049,P04,P04_L049_T008_A02,P04_L049_T008,10,43,173,0.030570311475409836,True,True
P04_L049,P04,P04_L049_T008_A03,P04_L049_T008,1,11,47,0.0030199508196720923,False,True
P04_L049,P04,P04_L049_T008_A03,P04_L049_T008,2,15,64,0.006918311475409783,False,True
P04_L049,P04,P04_L049_T008_A03,P04_L049_T008,3,26,116,0.0008534590163934049,True,True
P04_L049,P04,P04_L049_T008_A03,P04_L049_T008,4,30,126,0.001955163934426167,True,True
P04_L049,P04,P04_L049_T008_A03,P04_L049_T008,5,32,131,0.0009732950819671632,True,True
P04_L049,P04,P04_L049_T008_A03,P04_L049_T008,6,38,167,0.005107918032786863,True,True
P04_L049,P04,P04_L049_T008_A03,P04_L049_T008,7,42,175,0.002542754098360627,True,True
P04_L049,P04,P04_L049_T008_A03,P04_L049_T008,8,46,187,0.0058251147540983135,True,True
P04_L049,P04,P04_L049_T008_A03,P04_L049_T008,9,49,192,0.002899770491803251,True,True
P04_L049,P04,P04_L049_T008_A03,P04_L049_T008,10,53,196,0.006642983606557369,True,True
P04_L049,P04,P04_L049_T008_A04,P04_L049_T008,1,11,33,0.0030199508196720923,False,True
P04_L049,P04,P04_L049_T008_A04,P04_L049_T008,2,15,41,0.006918311475409783,False,True
P04_L049,P04,P04_L049_T008_A04,P04_L049_T008,3,24,70,0.0008534590163934049,True,True
P04_L049,P04,P04_L049_T008_A04,P04_L049_T008,4,28,86,0.001955163934426167,True,True
P04_L049,P04,P04_L049_T008_A04,P04_L049_T008,5,29,90,0.0009732950819671632,True,True
P04_L049,P04,P04_L049_T008_A04,P04_L049_T008,6,33,104,0.002229688524590115,True,True
P04_L049,P04,P04_L049_T008_A04,P04_L049_T008,7,37,125,0.0011099508196721342,True,True
P04_L049,P04,P04_L049_T008_A04,P04_L049_T008,8,44,174,0.0058251147540983135,True,True
P04_L049,P04,P04_L049_T008_A04,P04_L049_T008,9,49,183,0.0014435245901639015,True,True
P04_L049,P04,P04_L049_T008_A04,P04_L049_T008,10,55,198,0.007575704918032791,True,True
P04_L100,P04,P04_L100_T001_A01,P04_L100_T001,1,10,30,0.003019956521739109,False,True
P04_L100,P04,P04_L100_T001_A01,P04_L100_T001,2,16,50,0.015848978260869603,False,True
P04_L100,P04,P04_L100_T001_A01,P04_L100_T001,3,18,58,0.007889717391304387,True,True
P04_L100,P04,P04_L100_T001_A01,P04_L100_T001,4,24,100,0.04140584782608679,True,True
P04_L100,P04,P04_L100_T001_A01,P04_L100_T001,5,32,132,0.010260804347826126,True,True
P04_L100,P04,P04_L100_T001_A01,P04_L100_T001,6,36,147,0.023506152173913036,True,True
P04_L100,P04,P04_L100_T001_A01,P04_L100_T001,7,41,169,0.005825065217391273,True,True
P04_L100,P04,P04_L100_T001_A01,P04_L100_T001,8,45,181,0.01334445652173917,True,True
P04_L100,P04,P04_L100_T001_A01,P04_L100_T001,9,47,185,0.006642956521739051,True,True
P04_L100,P04,P04_L100_T001_A01,P04_L100_T001,10,54,209,0.03486271739130433,True,True
P04_L100,P04,P04_L100_T001_A02,P04_L100_T001,1,8,25,0.003019956521739109,False,True
P04_L100,P04,P04_L100_T001_A02,P04_L100_T001,2,13,57,0.015848978260869603,False,True
P04_L100,P04,P04_L100_T001_A02,P04_L100_T001,3,21,92,0.003927543478260892,False,True
P04_L100,P04,P04_L100_T001_A02,P04_L100_T001,4,29,124,0.02061202173913035,True,True
P04_L100,P04,P04_L100_T001_A02,P04_L100_T001,5,31,126,0.010260782608695583,True,True
P04_L100,P04,P04_L100_T001_A02,P04_L100_T001,6,35,155,0.023506086956521646,True,True
P04_L100,P04,P04_L100_T001_A02,P04_L100_T001,7,40,165,0.005825065217391273,True,True
P04_L100,P04,P04_L100_T001_A02,P04_L100_T001,8,44,180,0.01334445652173917,True,True
P04_L100,P04,P04_L100_T001_A02,P04_L100_T001,9,51,200,0.0033069130434782846,True,True
P04_L100,P04,P04_L100_T001_A02,P04_L100_T001,10,57,216,0.017354913043478123,True,True
P04_L100,P04,P04_L100_T001_A02,P04_L100_T001,11,58,219,0.008639369565217218,True,True
P04_L100,P04,P04_L100_T001_A03,P04_L100_T001,1,12,54,0.0015033478260868152,False,True
P04_L100,P04,P04_L100_T001_A03,P04_L100_T001,2,20,79,0.007889695652173843,False,True
P04_L100,P04,P04_L100_T001_A03,P04_L100_T001,3,25,96,0.0019551521739129456,True,True
P04_L100,P04,P04_L100_T001_A03,P04_L100_T001,4,33,137,0.010260804347826126,True,True
P04_L100,P04,P04_L100_T001_A03,P04_L100_T001,5,38,150,0.0025427391304346987,True,True
P04_L100,P04,P04_L100_T001_A03,P04_L100_T001,6,42,175,0.005825086956521576,True,True
P04_L100,P04,P04_L100_T001_A03,P04_L100_T001,7,45,183,0.002899760869565106,True,True
P04_L100,P04,P04_L100_T001_A03,P04_L100_T001,8,49,192,0.006642978260869594,True,True
P04_L100,P04,P04_L100_T001_A03,P04_L100_T001,9,52,204,0.0033069130434782846,True,True
P04_L100,P04,P04_L100_T001_A03,P04_L100_T001,10,56,215,0.007575695652173792,True,True
P04_L100,P04,P04_L100_T001_A04,P04_L100_T001,1,9,42,0.003019956521739109,False,True
P04_L100,P04,P04_L100_T001_A04,P04_L100_T001,2,13,51,0.0069183260869564315,False,True
P04_L100,P04,P04_L100_T001_A04,P04_L100_T001,3,16,65,0.003443978260869488,True,True
P04_L100,P04,P04_L100_T001_A04,P04_L100_T001,4,21,78,0.018074239130434586,True,True
P04_L100,P04,P04_L100_T001_A04,P04_L100_T001,5,28,98,0.004478978260869443,True,True
P04_L100,P04,P04_L100_T001_A04,P04_L100_T001,6,32,110,0.010260739130434736,True,True
P04_L100,P04,P04_L100_T001_A04,P04_L100_T001,7,35,115,0.005107847826086961,True,True
P04_L100,P04,P04_L100_T001_A04,P04_L100_T001,8,39,135,0.011701413043478116,True,True
P04_L100,P04,P04_L100_T001_A04,P04_L100_T001,9,43,148,0.005825021739130427,True,True
P04_L100,P04,P04_L100_T001_A04,P04_L100_T001,10,47,157,0.013344347826086933,True,True
P04_L100,P04,P04_L100_T002_A01,P04_L100_T002,1,9,32,0.003019956521739109,False,True
P04_L100,P04,P04_L100_T002_A01,P04_L100_T002,2,13,56,0.0069183260869564315,False,True
P04_L100,P04,P04_L100_T002_A01,P04_L100_T002,3,19,84,0.0017144347826087113,True,True
P04_L100,P04,P04_L100_T002_A01,P04_L100_T002,4,23,101,0.003927543478260892,True,True
P04_L100,P04,P04_L100_T002_A01,P04_L100_T002,5,24,103,0.0019551521739129456,True,True
P04_L100,P04,P04_L100_T002_A01,P04_L100_T002,6,30,118,0.010260804347826126,True,True
P04_L100,P04,P04_L100_T002_A01,P04_L100_T002,7,43,172,0.0006301086956520107,True,True
P04_L100,P04,P04_L100_T002_A01,P04_L100_T002,8,49,187,0.003306869565217197,True,True
P04_L100,P04,P04_L100_T002_A01,P04_L100_T002,9,50,188,0.0016461739130434617,True,True
P04_L100,P04,P04_L100_T002_A01,P04_L100_T002,10,54,194,0.003771173913043385,True,True
P04_L100,P04,P04_L100_T002_A02,P04_L100_T002,1,9,30,0.003019956521739109,False,True
P04_L100,P04,P04_L100_T002_A02,P04_L100_T002,2,13,40,0.0069183260869564315,False,True
P04_L100,P04,P04_L100_T002_A02,P04_L100_T002,3,18,70,0.0017144347826087113,True,True
P04_L100,P04,P04_L100_T002_A02,P04_L100_T002,4,22,79,0.003927543478260892,True,True
P04_L100,P04,P04_L100_T002_A02,P04_L100_T002,5,23,81,0.0019551521739129456,True,True
P04_L100,P04,P04_L100_T002_A02,P04_L100_T002,6,27,91,0.004478999999999987,True,True
P04_L100,P04,P04_L100_T002_A02,P04_L100_T002,7,28,108,0.002229673913043455,True,True
P04_L100,P04,P04_L100_T002_A02,P04_L100_T002,8,32,133,0.005107891304347808,True,True
P04_L100,P04,P04_L100_T002_A02,P04_L100_T002,9,34,145,0.0025427391304346987,True,True
P04_L100,P04,P04_L100_T002_A02,P04_L100_T002,10,38,167,0.005825086956521576,True,True
P04_L100,P04,P04_L100_T002_A03,P04_L100_T002,1,15,54,0.0015033478260868152,False,True
P04_L100,P04,P04_L100_T002_A03,P04_L100_T002,2,19,71,0.003443978260869488,False,True
P04_L100,P04,P04_L100_T002_A03,P04_L100_T002,3,21,77,0.0017144347826087113,False,True
P04_L100,P04,P04_L100_T002_A03,P04_L100_T002,4,25,102,0.003927543478260892,True,True
P04_L100,P04,P04_L100_T002_A03,P04_L100_T002,5,27,111,0.0019551521739129456,True,True
P04_L100,P04,P04_L100_T002_A03,P04_L100_T002,6,32,137,0.010260804347826126,True,True
P04_L100,P04,P04_L100_T002_A03,P04_L100_T002,7,39,162,0.0025427391304346987,True,True
P04_L100,P04,P04_L100_T002_A03,P04_L100_T002,8,43,170,0.005825086956521576,True,True
P04_L100,P04,P04_L100_T002_A03,P04_L100_T002,9,48,182,0.0014435217391304074,True,True
P04_L100,P04,P04_L100_T002_A03,P04_L100_T002,10,52,186,0.0033069130434782846,True,True
P04_L100,P04,P04_L100_T002_A03,P04_L100_T002,11,53,189,0.0016461956521737645,True,True
P04_L100,P04,P04_L100_T002_A04,P04_L100_T002,1,7,38,0.006918304347826129,False,True
P04_L100,P04,P04_L100_T002_A04,P04_L100_T002,2,11,45,0.015848913043478213,False,True
P04_L100,P04,P04_L100_T002_A04,P04_L100_T002,3,13,52,0.007889673913043299,False,True
P04_L100,P04,P04_L100_T002_A04,P04_L100_T002,4,17,65,0.01807419565217374,True,True
P04_L100,P04,P04_L100_T002_A04,P04_L100_T002,5,22,93,0.004478978260869443,True,True
P04_L100,P04,P04_L100_T002_A04,P04_L100_T002,6,26,98,0.010260739130434736,True,True
P04_L100,P04,P04_L100_T002_A04,P04_L100_T002,7,29,106,0.005107847826086961,True,True
P04_L100,P04,P04_L100_T002_A04,P04_L100_T002,8,33,121,0.011701413043478116,True,True
P04_L100,P04,P04_L100_T002_A04,P04_L100_T002,9,38,138,0.0028997391304348033,True,True
P04_L100,P04,P04_L100_T002_A04,P04_L100_T002,10,45,152,0.015218043478260782,True,True
P04_L100,P04,P04_L100_T002_A04,P04_L100_T002,11,46,154,0.007575630434782643,True,True
P04_L100,P04,P04_L100_T003_A01,P04_L100_T003,1,15,47,0.0015033478260868152,False,True
P04_L100,P04,P04_L100_T003_A01,P04_L100_T003,2,19,76,0.003443978260869488,False,True
P04_L100,P04,P04_L100_T003_A01,P04_L100_T003,3,25,103,0.0008534565217389456,True,True
P04_L100,P04,P04_L100_T003_A01,P04_L100_T003,4,32,120,0.010260804347826126,True,True
P04_L100,P04,P04_L100_T003_A01,P04_L100_T003,5,38,148,0.0025427391304346987,True,True
P04_L100,P04,P04_L100_T003_A01,P04_L100_T003,6,42,162,0.005825086956521576,True,True
P04_L100,P04,P04_L100_T003_A01,P04_L100_T003,7,45,166,0.002899760869565106,True,True
P04_L100,P04,P04_L100_T003_A01,P04_L100_T003,8,50,192,0.015218173913043323,True,True
P04_L100,P04,P04_L100_T003_A01,P04_L100_T003,9,55,208,0.0037712173913042315,True,True
P04_L100,P04,P04_L100_T003_A01,P04_L100_T003,10,59,212,0.008639369565217218,True,True
P04_L100,P04,P04_L100_T003_A02,P04_L100_T003,1,12,56,0.0015033478260868152,False,True
P04_L100,P04,P04_L100_T003_A02,P04_L100_T003,2,20,119,0.007889695652173843,False,True
P04_L100,P04,P04_L100_T003_A02,P04_L100_T003,3,21,122,0.003927543478260892,False,True
P04_L100,P04,P04_L100_T003_A02,P04_L100_T003,4,25,137,0.008997478260869517,True,True
P04_L100,P04,P04_L100_T003_A02,P04_L100_T003,5,30,171,0.002229673913043455,True,True
P04_L100,P04,P04_L100_T003_A02,P04_L100_T003,6,34,183,0.005107891304347808,True,True
P04_L100,P04,P04_L100_T003_A02,P04_L100_T003,7,37,187,0.0025427391304346987,True,True
P04_L100,P04,P04_L100_T003_A02,P04_L100_T003,8,41,197,0.005825086956521576,True,True
P04_L100,P04,P04_L100_T003_A02,P04_L100_T003,9,42,199,0.002899760869565106,True,True
P04_L100,P04,P04_L100_T003_A02,P04_L100_T003,10,46,205,0.006642978260869594,True,True
P04_L100,P04,P04_L100_T003_A02,P04_L100_T003,11,47,206,0.0033069130434782846,True,True
P04_L100,P04,P04_L100_T003_A03,P04_L100_T003,1,11,38,0.003019956521739109,False,True
P04_L100,P04,P04_L100_T003_A03,P04_L100_T003,2,15,62,0.0069183260869564315,False,True
P04_L100,P04,P04_L100_T003_A03,P04_L100_T003,3,16,70,0.003443978260869488,True,True
P04_L100,P04,P04_L100_T003_A03,P04_L100_T003,4,20,79,0.007889695652173843,True,True
P04_L100,P04,P04_L100_T003_A03,P04_L100_T003,5,25,94,0.0019551521739129456,True,True
P04_L100,P04,P04_L100_T003_A03,P04_L100_T003,6,29,109,0.004478999999999987,True,True
P04_L100,P04,P04_L100_T003_A03,P04_L100_T003,7,37,135,0.0011099347826086696,True,True
P04_L100,P04,P04_L100_T003_A03,P04_L100_T003,8,48,170,0.013344347826086933,True,True
P04_L100,P04,P04_L100_T003_A03,P04_L100_T003,9,54,179,0.003306869565217197,True,True
P04_L100,P04,P04_L100_T003_A03,P04_L100_T003,10,58,191,0.007575608695652099,True,True
P04_L100,P04,P04_L100_T003_A04,P04_L100_T003,1,9,37,0.003019956521739109,False,True
P04_L100,P04,P04_L100_T003_A04,P04_L100_T003,2,13,51,0.0069183260869564315,False,True
P04_L100,P04,P04_L100_T003_A04,P04_L100_T003,3,14,52,0.003443978260869488,True,True
P04_L100,P04,P04_L100_T003_A04,P04_L100_T003,4,18,63,0.007889695652173843,True,True
P04_L100,P04,P04_L100_T003_A04,P04_L100_T003,5,23,72,0.0019551521739129456,True,True
P04_L100,P04,P04_L100_T003_A04,P04_L100_T003,6,27,86,0.004478999999999987,True,True
P04_L100,P04,P04_L100_T003_A04,P04_L100_T003,7,30,91,0.002229673913043455,True,True
P04_L100,P04,P04_L100_T003_A04,P04_L100_T003,8,34,107,0.005107891304347808,True,True
P04_L100,P04,P04_L100_T003_A04,P04_L100_T003,9,40,138,0.001265782608695534,True,True
P04_L100,P04,P04_L100_T003_A04,P04_L100_T003,10,44,155,0.0028997391304348033,True,True
P04_L100,P04,P04_L100_T004_A01,P04_L100_T004,1,13,43,0.0015033478260868152,False,True
P04_L100,P04,P04_L100_T004_A01,P04_L100_T004,2,21,83,0.007889695652173843,False,True
P04_L100,P04,P04_L100_T004_A01,P04_L100_T004,3,28,119,0.0019551521739129456,False,True
P04_L100,P04,P04_L100_T004_A01,P04_L100_T004,4,32,129,0.004478999999999987,True,True
P04_L100,P04,P04_L100_T004_A01,P04_L100_T004,5,33,131,0.002229673913043455,True,True
P04_L100,P04,P04_L100_T004_A01,P04_L100_T004,6,37,147,0.005107891304347808,True,True
P04_L100,P04,P04_L100_T004_A01,P04_L100_T004,7,39,154,0.0025427391304346987,True,True
P04_L100,P04,P04_L100_T004_A01,P04_L100_T004,8,43,161,0.005825086956521576,True,True
P04_L100,P04,P04_L100_T004_A01,P04_L100_T004,9,44,169,0.002899760869565106,True,True
P04_L100,P04,P04_L100_T004_A01,P04_L100_T004,10,48,190,0.006642978260869594,True,True
P04_L100,P04,P04_L100_T004_A01,P04_L100_T004,11,49,191,0.0033069130434782846,True,True
P04_L100,P04,P04_L100_T004_A02,P04_L100_T004,1,12,64,0.0015033478260868152,False,True
P04_L100,P04,P04_L100_T004_A02,P04_L100_T004,2,20,95,0.007889695652173843,False,True
P04_L100,P04,P04_L100_T004_A02,P04_L100_T004,3,21,97,0.003927543478260892,True,True
P04_L100,P04,P04_L100_T004_A02,P04_L100_T004,4,25,109,0.008997478260869517,True,True
P04_L100,P04,P04_L100_T004_A02,P04_L100_T004,5,29,125,0.004478999999999987,True,True
P04_L100,P04,P04_L100_T004_A02,P04_L100_T004,6,33,153,0.010260804347826126,True,True
P04_L100,P04,P04_L100_T004_A02,P04_L100_T004,7,40,184,0.0025427391304346987,True,True
P04_L100,P04,P04_L100_T004_A02,P04_L100_T004,8,44,201,0.005825086956521576,True,True
P04_L100,P04,P04_L100_T004_A02,P04_L100_T004,9,45,202,0.002899760869565106,True,True
P04_L100,P04,P04_L100_T004_A02,P04_L100_T004,10,49,206,0.006642978260869594,True,True
P04_L100,P04,P04_L100_T004_A03,P04_L100_T004,1,9,33,0.003019956521739109,False,True
P04_L100,P04,P04_L100_T004_A03,P04_L100_T004,2,13,47,0.0069183260869564315,False,True
P04_L100,P04,P04_L100_T004_A03,P04_L100_T004,3,18,56,0.0017144347826087113,True,True
P04_L100,P04,P04_L100_T004_A03,P04_L100_T004,4,26,102,0.008997478260869517,True,True
P04_L100,P04,P04_L100_T004_A03,P04_L100_T004,5,28,130,0.004478999999999987,True,True
P04_L100,P04,P04_L100_T004_A03,P04_L100_T004,6,32,139,0.010260804347826126,True,True
P04_L100,P04,P04_L100_T004_A03,P04_L100_T004,7,38,170,0.0025427391304346987,True,True
P04_L100,P04,P04_L100_T004_A03,P04_L100_T004,8,42,182,0.005825086956521576,True,True
P04_L100,P04,P04_L100_T004_A03,P04_L100_T004,9,43,189,0.002899760869565106,True,True
P04_L100,P04,P04_L100_T004_A03,P04_L100_T004,10,47,198,0.006642978260869594,True,True
P04_L100,P04,P04_L100_T004_A04,P04_L100_T004,1,12,46,0.0015033478260868152,False,True
P04_L100,P04,P04_L100_T004_A04,P04_L100_T004,2,16,68,0.003443978260869488,False,True
P04_L100,P04,P04_L100_T004_A04,P04_L100_T004,3,17,70,0.0017144347826087113,True,True
P04_L100,P04,P04_L100_T004_A04,P04_L100_T004,4,24,81,0.008997478260869517,True,True
P04_L100,P04,P04_L100_T004_A04,P04_L100_T004,5,33,112,0.0011099347826086696,True,True
P04_L100,P04,P04_L100_T004_A04,P04_L100_T004,6,41,128,0.005825021739130427,True,True
P04_L100,P04,P04_L100_T004_A04,P04_L100_T004,7,47,163,0.0014434999999998635,True,True
P04_L100,P04,P04_L100_T004_A04,P04_L100_T004,8,51,174,0.003306869565217197,True,True
P04_L100,P04,P04_L100_T004_A04,P04_L100_T004,9,52,175,0.0016461739130434617,True,True
P04_L100,P04,P04_L100_T004_A04,P04_L100_T004,10,56,181,0.003771173913043385,True,True
P04_L100,P04,P04_L100_T005_A01,P04_L100_T005,1,12,49,0.0015033478260868152,False,True
P04_L100,P04,P04_L100_T005_A01,P04_L100_T005,2,16,60,0.003443978260869488,False,True
P04_L100,P04,P04_L100_T005_A01,P04_L100_T005,3,17,63,0.0017144347826087113,True,True
P04_L100,P04,P04_L100_T005_A01,P04_L100_T005,4,25,95,0.008997478260869517,True,True
P04_L100,P04,P04_L100_T005_A01,P04_L100_T005,5,30,119,0.002229673913043455,True,True
P04_L100,P04,P04_L100_T005_A01,P04_L100_T005,6,34,140,0.005107891304347808,True,True
P04_L100,P04,P04_L100_T005_A01,P04_L100_T005,7,38,153,0.0025427391304346987,True,True
P04_L100,P04,P04_L100_T005_A01,P04_L100_T005,8,42,177,0.005825086956521576,True,True
P04_L100,P04,P04_L100_T005_A01,P04_L100_T005,9,44,182,0.002899760869565106,True,True
P04_L100,P04,P04_L100_T005_A01,P04_L100_T005,10,48,199,0.006642978260869594,True,True
P04_L100,P04,P04_L100_T005_A02,P04_L100_T005,1,17,59,0.0007483695652172498,False,True
P04_L100,P04,P04_L100_T005_A02,P04_L100_T005,2,22,76,0.003927499999999804,False,True
P04_L100,P04,P04_L100_T005_A02,P04_L100_T005,3,27,93,0.0009732826086956307,True,True
P04_L100,P04,P04_L100_T005_A02,P04_L100_T005,4,32,108,0.005107847826086961,True,True
P04_L100,P04,P04_L100_T005_A02,P04_L100_T005,5,35,128,0.0025427173913041548,True,True
P04_L100,P04,P04_L100_T005_A02,P04_L100_T005,6,39,144,0.005825021739130427,True,True
P04_L100,P04,P04_L100_T005_A02,P04_L100_T005,7,41,147,0.0028997391304348033,True,True
P04_L100,P04,P04_L100_T005_A02,P04_L100_T005,8,45,171,0.006642913043478204,True,True
P04_L100,P04,P04_L100_T005_A02,P04_L100_T005,9,47,173,0.0033068913043477408,True,True
P04_L100,P04,P04_L100_T005_A02,P04_L100_T005,10,54,191,0.017354826086956432,True,True
P04_L100,P04,P04_L100_T005_A03,P04_L100_T005,1,11,46,0.003019956521739109,False,True
P04_L100,P04,P04_L100_T005_A03,P04_L100_T005,2,15,68,0.0069183260869564315,False,True
P04_L100,P04,P04_L100_T005_A03,P04_L100_T005,3,18,75,0.003443978260869488,True,True
P04_L100,P04,P04_L100_T005_A03,P04_L100_T005,4,24,96,0.018074239130434586,True,True
P04_L100,P04,P04_L100_T005_A03,P04_L100_T005,5,34,143,0.0022296521739129105,True,True
P04_L100,P04,P04_L100_T005_A03,P04_L100_T005,6,40,188,0.011701413043478116,True,True
P04_L100,P04,P04_L100_T005_A03,P04_L100_T005,7,48,211,0.0028997391304348033,True,True
P04_L100,P04,P04_L100_T005_A03,P04_L100_T005,8,52,215,0.006642913043478204,True,True
P04_L100,P04,P04_L100_T005_A03,P04_L100_T005,9,53,216,0.0033068913043477408,True,True
P04_L100,P04,P04_L100_T005_A03,P04_L100_T005,10,57,220,0.007575652173912945,True,True
P04_L100,P04,P04_L100_T005_A04,P04_L100_T005,1,13,48,0.0015033478260868152,False,True
P04_L100,P04,P04_L100_T005_A04,P04_L100_T005,2,22,104,0.018074239130434586,False,True
P04_L100,P04,P04_L100_T005_A04,P04_L100_T005,3,27,122,0.004478978260869443,True,True
P04_L100,P04,P04_L100_T005_A04,P04_L100_T005,4,31,132,0.010260739130434736,True,True
P04_L100,P04,P04_L100_T005_A04,P04_L100_T005,5,40,155,0.001265782608695534,True,True
P04_L100,P04,P04_L100_T005_A04,P04_L100_T005,6,45,161,0.006642913043478204,True,True
P04_L100,P04,P04_L100_T005_A04,P04_L100_T005,7,49,176,0.0033068913043477408,True,True
P04_L100,P04,P04_L100_T005_A04,P04_L100_T005,8,53,201,0.007575652173912945,True,True
P04_L100,P04,P04_L100_T005_A04,P04_L100_T005,9,54,203,0.0037711956521739288,True,True
P04_L100,P04,P04_L100_T005_A04,P04_L100_T005,10,58,209,0.008639304347826069,True,True
P04_L100,P04,P04_L100_T006_A01,P04_L100_T006,1,8,36,0.003019956521739109,False,True
P04_L100,P04,P04_L100_T006_A01,P04_L100_T006,2,16,52,0.015848978260869603,False,True
P04_L100,P04,P04_L100_T006_A01,P04_L100_T006,3,21,75,0.003927543478260892,True,True
P04_L100,P04,P04_L100_T006_A01,P04_L100_T006,4,25,89,0.008997478260869517,True,True
P04_L100,P04,P04_L100_T006_A01,P04_L100_T006,5,26,95,0.004478999999999987,True,True
P04_L100,P04,P04_L100_T006_A01,P04_L100_T006,6,32,107,0.023506152173913036,True,True
P04_L100,P04,P04_L100_T006_A01,P04_L100_T006,7,34,113,0.011701499999999811,True,True
P04_L100,P04,P04_L100_T006_A01,P04_L100_T006,8,38,130,0.026806586956521546,True,True
P04_L100,P04,P04_L100_T006_A01,P04_L100_T006,9,43,149,0.006642956521739051,True,True
P04_L100,P04,P04_L100_T006_A01,P04_L100_T006,10,47,160,0.015218130434782475,True,True
P04_L100,P04,P04_L100_T006_A02,P04_L100_T006,1,8,20,0.003019956521739109,False,True
P04_L100,P04,P04_L100_T006_A02,P04_L100_T006,2,12,45,0.0069183260869564315,False,True
P04_L100,P04,P04_L100_T006_A02,P04_L100_T006,3,15,53,0.003443978260869488,False,True
P04_L100,P04,P04_L100_T006_A02,P04_L100_T006,4,19,73,0.007889695652173843,True,True
P04_L100,P04,P04_L100_T006_A02,P04_L100_T006,5,29,128,0.0009732826086956307,True,True
P04_L100,P04,P04_L100_T006_A02,P04_L100_T006,6,34,162,0.005107847826086961,True,True
P04_L100,P04,P04_L100_T006_A02,P04_L100_T006,7,35,166,0.0025427173913041548,True,True
P04_L100,P04,P04_L100_T006_A02,P04_L100_T006,8,42,185,0.013344347826086933,True,True
P04_L100,P04,P04_L100_T006_A02,P04_L100_T006,9,47,195,0.003306869565217197,True,True
P04_L100,P04,P04_L100_T006_A02,P04_L100_T006,10,51,199,0.007575608695652099,True,True
P04_L100,P04,P04_L100_T006_A02,P04_L100_T006,11,53,201,0.003771173913043385,True,True
P04_L100,P04,P04_L100_T006_A03,P04_L100_T006,1,10,30,0.003019956521739109,False,True
P04_L100,P04,P04_L100_T006_A03,P04_L100_T006,2,14,48,0.0069183260869564315,False,True
P04_L100,P04,P04_L100_T006_A03,P04_L100_T006,3,19,63,0.0017144347826087113,True,True
P04_L100,P04,P04_L100_T006_A03,P04_L100_T006,4,24,92,0.008997478260869517,True,True
P04_L100,P04,P04_L100_T006_A03,P04_L100_T006,5,29,104,0.002229673913043455,True,True
P04_L100,P04,P04_L100_T006_A03,P04_L100_T006,6,33,121,0.005107891304347808,True,True
P04_L100,P04,P04_L100_T006_A03,P04_L100_T006,7,34,122,0.0025427391304346987,True,True
P04_L100,P04,P04_L100_T006_A03,P04_L100_T006,8,38,134,0.005825086956521576,True,True
P04_L100,P04,P04_L100_T006_A03,P04_L100_T006,9,42,143,0.002899760869565106,True,True
P04_L100,P04,P04_L100_T006_A03,P04_L100_T006,10,47,163,0.015218173913043323,True,True
P04_L100,P04,P04_L100_T006_A04,P04_L100_T006,1,10,60,0.003019956521739109,False,True
P04_L100,P04,P04_L100_T006_A04,P04_L100_T006,2,14,69,0.0069183260869564315,False,True
P04_L100,P04,P04_L100_T006_A04,P04_L100_T006,3,19,83,0.0017144347826087113,True,True
P04_L100,P04,P04_L100_T006_A04,P04_L100_T006,4,25,109,0.008997478260869517,True,True
P04_L100,P04,P04_L100_T006_A04,P04_L100_T006,5,33,156,0.002229673913043455,True,True
P04_L100,P04,P04_L100_T006_A04,P04_L100_T006,6,37,167,0.005107891304347808,True,True
P04_L100,P04,P04_L100_T006_A04,P04_L100_T006,7,39,171,0.0025427391304346987,True,True
P04_L100,P04,P04_L100_T006_A04,P04_L100_T006,8,43,177,0.005825086956521576,True,True
P04_L100,P04,P04_L100_T006_A04,P04_L100_T006,9,46,182,0.002899760869565106,True,True
P04_L100,P04,P04_L100_T006_A04,P04_L100_T006,10,50,191,0.006642978260869594,True,True
P04_L100,P04,P04_L100_T007_A01,P04_L100_T007,1,12,39,0.0015033478260868152,False,True
P04_L100,P04,P04_L100_T007_A01,P04_L100_T007,2,19,62,0.007889695652173843,False,True
P04_L100,P04,P04_L100_T007_A01,P04_L100_T007,3,25,95,0.0019551521739129456,True,True
P04_L100,P04,P04_L100_T007_A01,P04_L100_T007,4,29,143,0.004478999999999987,True,True
P04_L100,P04,P04_L100_T007_A01,P04_L100_T007,5,30,145,0.002229673913043455,True,True
P04_L100,P04,P04_L100_T007_A01,P04_L100_T007,6,41,178,0.026806586956521546,True,True
P04_L100,P04,P04_L100_T007_A01,P04_L100_T007,7,54,202,0.0016461956521737645,True,True
P04_L100,P04,P04_L100_T007_A01,P04_L100_T007,8,60,208,0.008639369565217218,True,True
P04_L100,P04,P04_L100_T007_A01,P04_L100_T007,9,65,213,0.002140934782608558,True,True
P04_L100,P04,P04_L100_T007_A01,P04_L100_T007,10,69,217,0.0049046086956521144,True,True
P04_L100,P04,P04_L100_T007_A02,P04_L100_T007,1,9,32,0.003019956521739109,False,True
P04_L100,P04,P04_L100_T007_A02,P04_L100_T007,2,13,43,0.0069183260869564315,False,True
P04_L100,P04,P04_L100_T007_A02,P04_L100_T007,3,15,48,0.003443978260869488,True,True
P04_L100,P04,P04_L100_T007_A02,P04_L100_T007,4,19,66,0.007889695652173843,True,True
P04_L100,P04,P04_L100_T007_A02,P04_L100_T007,5,22,73,0.003927543478260892,True,True
P04_L100,P04,P04_L100_T007_A02,P04_L100_T007,6,26,87,0.008997478260869517,True,True
P04_L100,P04,P04_L100_T007_A02,P04_L100_T007,7,30,121,0.004478999999999987,True,True
P04_L100,P04,P04_L100_T007_A02,P04_L100_T007,8,34,129,0.010260804347826126,True,True
P04_L100,P04,P04_L100_T007_A02,P04_L100_T007,9,41,142,0.0025427391304346987,True,True
P04_L100,P04,P04_L100_T007_A02,P04_L100_T007,10,45,162,0.005825086956521576,True,True
P04_L100,P04,P04_L100_T007_A03,P04_L100_T007,1,8,21,0.003019956521739109,False,True
P04_L100,P04,P04_L100_T007_A03,P04_L100_T007,2,12,58,0.0069183260869564315,False,True
P04_L100,P04,P04_L100_T007_A03,P04_L100_T007,3,14,61,0.003443978260869488,False,True
P04_L100,P04,P04_L100_T007_A03,P04_L100_T007,4,22,85,0.041405695652173946,True,True
P04_L100,P04,P04_L100_T007_A03,P04_L100_T007,5,34,128,0.005107869565217264,True,True
P04_L100,P04,P04_L100_T007_A03,P04_L100_T007,6,38,144,0.011701456521738964,True,True
P04_L100,P04,P04_L100_T007_A03,P04_L100_T007,7,40,156,0.005825043478260729,True,True
P04_L100,P04,P04_L100_T007_A03,P04_L100_T007,8,44,174,0.013344413043478082,True,True
P04_L100,P04,P04_L100_T007_A03,P04_L100_T007,9,48,180,0.006642934782608506,True,True
P04_L100,P04,P04_L100_T007_A03,P04_L100_T007,10,52,186,0.01521808695652163,True,True
P04_L100,P04,P04_L100_T007_A03,P04_L100_T007,11,53,187,0.007575652173912945,True,True
P04_L100,P04,P04_L100_T007_A04,P04_L100_T007,1,7,42,0.006918304347826129,False,True
P04_L100,P04,P04_L100_T007_A04,P04_L100_T007,2,11,51,0.015848913043478213,False,True
P04_L100,P04,P04_L100_T007_A04,P04_L100_T007,3,13,64,0.007889673913043299,True,True
P04_L100,P04,P04_L100_T007_A04,P04_L100_T007,4,19,97,0.04140558695652171,True,True
P04_L100,P04,P04_L100_T007_A04,P04_L100_T007,5,21,99,0.020611934782608657,True,True
P04_L100,P04,P04_L100_T007_A04,P04_L100_T007,6,26,107,0.10817297826086952,True,True
P04_L100,P04,P04_L100_T007_A04,P04_L100_T007,7,38,150,0.013344391304347778,True,True
P04_L100,P04,P04_L100_T007_A04,P04_L100_T007,8,42,161,0.030570239130434593,True,True
P04_L100,P04,P04_L100_T007_A04,P04_L100_T007,9,43,164,0.015218043478260782,True,True
P04_L100,P04,P04_L100_T007_A04,P04_L100_T007,10,47,193,0.0348625217391304,True,True
P04_L100,P04,P04_L100_T008_A01,P04_L100_T008,1,11,21,0.003019956521739109,False,True
P04_L100,P04,P04_L100_T008_A01,P04_L100_T008,2,15,37,0.0069183260869564315,False,True
P04_L100,P04,P04_L100_T008_A01,P04_L100_T008,3,21,59,0.0017144347826087113,True,True
P04_L100,P04,P04_L100_T008_A01,P04_L100_T008,4,27,104,0.008997478260869517,True,True
P04_L100,P04,P04_L100_T008_A01,P04_L100_T008,5,38,146,0.0011099347826086696,True,True
P04_L100,P04,P04_L100_T008_A01,P04_L100_T008,6,45,162,0.005825021739130427,True,True
P04_L100,P04,P04_L100_T008_A01,P04_L100_T008,7,48,167,0.0028997391304348033,True,True
P04_L100,P04,P04_L100_T008_A01,P04_L100_T008,8,55,190,0.015218043478260782,True,True
P04_L100,P04,P04_L100_T008_A01,P04_L100_T008,9,59,196,0.007575630434782643,True,True
P04_L100,P04,P04_L100_T008_A01,P04_L100_T008,10,63,215,0.017354760869565042,True,True
P04_L100,P04,P04_L100_T008_A02,P04_L100_T008,1,12,61,0.0015033478260868152,False,True
P04_L100,P04,P04_L100_T008_A02,P04_L100_T008,2,24,117,0.09485497826086943,False,True
P04_L100,P04,P04_L100_T008_A02,P04_L100_T008,3,36,156,0.011701478260869508,True,True
P04_L100,P04,P04_L100_T008_A02,P04_L100_T008,4,40,171,0.026806543478260697,True,True
P04_L100,P04,P04_L100_T008_A02,P04_L100_T008,5,52,208,0.0033069130434782846,True,True
P04_L100,P04,P04_L100_T008_A02,P04_L100_T008,6,62,231,0.039757804347825956,True,True
P04_L100,P04,P04_L100_T008_A02,P04_L100_T008,7,64,233,0.019791673913043407,True,True
P04_L100,P04,P04_L100_T008_A02,P04_L100_T008,8,68,239,0.04534010869565199,True,True
P04_L100,P04,P04_L100_T008_A02,P04_L100_T008,9,79,250,0.005593217391304348,True,True
P04_L100,P04,P04_L100_T008_A02,P04_L100_T008,10,87,258,0.06724528260869546,True,True
P04_L100,P04,P04_L100_T008_A03,P04_L100_T008,1,12,52,0.0015033478260868152,False,True
P04_L100,P04,P04_L100_T008_A03,P04_L100_T008,2,16,71,0.003443978260869488,False,True
P04_L100,P04,P04_L100_T008_A03,P04_L100_T008,3,18,83,0.0017144347826087113,True,True
P04_L100,P04,P04_L100_T008_A03,P04_L100_T008,4,22,91,0.003927543478260892,True,True
P04_L100,P04,P04_L100_T008_A03,P04_L100_T008,5,27,101,0.0009732826086956307,True,True
P04_L100,P04,P04_L100_T008_A03,P04_L100_T008,6,32,127,0.005107847826086961,True,True
P04_L100,P04,P04_L100_T008_A03,P04_L100_T008,7,38,157,0.001265782608695534,True,True
P04_L100,P04,P04_L100_T008_A03,P04_L100_T008,8,44,191,0.006642913043478204,True,True
P04_L100,P04,P04_L100_T008_A03,P04_L100_T008,9,49,213,0.0016461956521737645,True,True
P04_L100,P04,P04_L100_T008_A03,P04_L100_T008,10,56,234,0.008639369565217218,True,True
P04_L100,P04,P04_L100_T008_A04,P04_L100_T008,1,10,50,0.003019956521739109,False,True
P04_L100,P04,P04_L100_T008_A04,P04_L100_T008,2,14,58,0.0069183260869564315,False,True
P04_L100,P04,P04_L100_T008_A04,P04_L100_T008,3,16,62,0.003443978260869488,True,True
P04_L100,P04,P04_L100_T008_A04,P04_L100_T008,4,23,82,0.018074239130434586,True,True
P04_L100,P04,P04_L100_T008_A04,P04_L100_T008,5,29,109,0.004478978260869443,True,True
P04_L100,P04,P04_L100_T008_A04,P04_L100_T008,6,33,115,0.010260739130434736,True,True
P04_L100,P04,P04_L100_T008_A04,P04_L100_T008,7,37,129,0.005107847826086961,True,True
P04_L100,P04,P04_L100_T008_A04,P04_L100_T008,8,41,151,0.011701413043478116,True,True
P04_L100,P04,P04_L100_T008_A04,P04_L100_T008,9,43,175,0.005825021739130427,True,True
P04_L100,P04,P04_L100_T008_A04,P04_L100_T008,10,47,189,0.013344347826086933,True,True
P04_L100,P04,P04_L100_T009_A01,P04_L100_T009,1,9,34,0.003019956521739109,False,True
P04_L100,P04,P04_L100_T009_A01,P04_L100_T009,2,13,70,0.0069183260869564315,False,True
P04_L100,P04,P04_L100_T009_A01,P04_L100_T009,3,16,83,0.003443978260869488,False,True
P04_L100,P04,P04_L100_T009_A01,P04_L100_T009,4,20,99,0.007889695652173843,True,True
P04_L100,P04,P04_L100_T009_A01,P04_L100_T009,5,21,102,0.003927543478260892,True,True
P04_L100,P04,P04_L100_T009_A01,P04_L100_T009,6,25,113,0.008997478260869517,True,True
P04_L100,P04,P04_L100_T009_A01,P04_L100_T009,7,31,141,0.002229673913043455,True,True
P04_L100,P04,P04_L100_T009_A01,P04_L100_T009,8,35,161,0.005107891304347808,True,True
P04_L100,P04,P04_L100_T009_A01,P04_L100_T009,9,40,187,0.001265782608695534,True,True
P04_L100,P04,P04_L100_T009_A01,P04_L100_T009,10,44,191,0.0028997391304348033,True,True
P04_L100,P04,P04_L100_T009_A01,P04_L100_T009,11,45,192,0.0014434999999998635,True,True
P04_L100,P04,P04_L100_T009_A02,P04_L100_T009,1,12,41,0.0015033478260868152,False,True
P04_L100,P04,P04_L100_T009_A02,P04_L100_T009,2,17,56,0.007889695652173843,False,True
P04_L100,P04,P04_L100_T009_A02,P04_L100_T009,3,24,75,0.0019551521739129456,True,True
P04_L100,P04,P04_L100_T009_A02,P04_L100_T009,4,28,94,0.004478999999999987,True,True
P04_L100,P04,P04_L100_T009_A02,P04_L100_T009,5,29,100,0.002229673913043455,True,True
P04_L100,P04,P04_L100_T009_A02,P04_L100_T009,6,33,114,0.005107891304347808,True,True
P04_L100,P04,P04_L100_T009_A02,P04_L100_T009,7,34,116,0.0025427391304346987,True,True
P04_L100,P04,P04_L100_T009_A02,P04_L100_T009,8,38,123,0.005825086956521576,True,True
P04_L100,P04,P04_L100_T009_A02,P04_L100_T009,9,39,124,0.002899760869565106,True,True
P04_L100,P04,P04_L100_T009_A02,P04_L100_T009,10,43,139,0.006642978260869594,True,True
P04_L100,P04,P04_L100_T009_A03,P04_L100_T009,1,10,42,0.003019956521739109,False,True
P04_L100,P04,P04_L100_T009_A03,P04_L100_T009,2,17,71,0.036307913043478184,False,True
P04_L100,P04,P04_L100_T009_A03,P04_L100_T009,3,23,82,0.008997478260869517,True,True
P04_L100,P04,P04_L100_T009_A03,P04_L100_T009,4,27,90,0.02061202173913035,True,True
P04_L100,P04,P04_L100_T009_A03,P04_L100_T009,5,32,130,0.005107869565217264,True,True
P04_L100,P04,P04_L100_T009_A03,P04_L100_T009,6,38,153,0.02680647826086955,True,True
P04_L100,P04,P04_L100_T009_A03,P04_L100_T009,7,40,163,0.013344413043478082,True,True
P04_L100,P04,P04_L100_T009_A03,P04_L100_T009,8,44,170,0.03057028260869568,True,True
P04_L100,P04,P04_L100_T009_A03,P04_L100_T009,9,48,178,0.015218065217391327,True,True
P04_L100,P04,P04_L100_T009_A03,P04_L100_T009,10,52,182,0.03486256521739125,True,True
P04_L100,P04,P04_L100_T009_A04,P04_L100_T009,1,8,27,0.003019956521739109,False,True
P04_L100,P04,P04_L100_T009_A04,P04_L100_T009,2,12,48,0.0069183260869564315,False,True
P04_L100,P04,P04_L100_T009_A04,P04_L100_T009,3,14,57,0.003443978260869488,True,True
P04_L100,P04,P04_L100_T009_A04,P04_L100_T009,4,18,68,0.007889695652173843,True,True
P04_L100,P04,P04_L100_T009_A04,P04_L100_T009,5,20,85,0.003927543478260892,True,True
P04_L100,P04,P04_L100_T009_A04,P04_L100_T009,6,27,117,0.02061202173913035,True,True
P04_L100,P04,P04_L100_T009_A04,P04_L100_T009,7,36,146,0.0025427173913041548,True,True
P04_L100,P04,P04_L100_T009_A04,P04_L100_T009,8,41,157,0.013344347826086933,True,True
P04_L100,P04,P04_L100_T009_A04,P04_L100_T009,9,43,162,0.00664289130434766,True,True
P04_L100,P04,P04_L100_T009_A04,P04_L100_T009,10,47,175,0.015217978260869392,True,True
P04_L100,P04,P04_L100_T010_A01,P04_L100_T010,1,9,37,0.003019956521739109,False,True
P04_L100,P04,P04_L100_T010_A01,P04_L100_T010,2,16,58,0.015848978260869603,False,True
P04_L100,P04,P04_L100_T010_A01,P04_L100_T010,3,24,86,0.003927543478260892,True,True
P04_L100,P04,P04_L100_T010_A01,P04_L100_T010,4,28,96,0.008997478260869517,True,True
P04_L100,P04,P04_L100_T010_A01,P04_L100_T010,5,30,109,0.004478999999999987,True,True
P04_L100,P04,P04_L100_T010_A01,P04_L100_T010,6,34,123,0.010260804347826126,True,True
P04_L100,P04,P04_L100_T010_A01,P04_L100_T010,7,38,140,0.005107891304347808,True,True
P04_L100,P04,P04_L100_T010_A01,P04_L100_T010,8,42,157,0.011701499999999811,True,True
P04_L100,P04,P04_L100_T010_A01,P04_L100_T010,9,43,158,0.005825065217391273,True,True
P04_L100,P04,P04_L100_T010_A01,P04_L100_T010,10,47,183,0.01334445652173917,True,True
P04_L100,P04,P04_L100_T010_A02,P04_L100_T010,1,8,11,0.003019956521739109,False,True
P04_L100,P04,P04_L100_T010_A02,P04_L100_T010,2,12,30,0.0069183260869564315,False,True
P04_L100,P04,P04_L100_T010_A02,P04_L100_T010,3,15,47,0.003443978260869488,True,True
P04_L100,P04,P04_L100_T010_A02,P04_L100_T010,4,19,57,0.007889695652173843,True,True
P04_L100,P04,P04_L100_T010_A02,P04_L100_T010,5,20,63,0.003927543478260892,True,True
P04_L100,P04,P04_L100_T010_A02,P04_L100_T010,6,24,82,0.008997478260869517,True,True
P04_L100,P04,P04_L100_T010_A02,P04_L100_T010,7,30,102,0.002229673913043455,True,True
P04_L100,P04,P04_L100_T010_A02,P04_L100_T010,8,34,121,0.005107891304347808,True,True
P04_L100,P04,P04_L100_T010_A02,P04_L100_T010,9,37,130,0.0025427391304346987,True,True
P04_L100,P04,P04_L100_T010_A02,P04_L100_T010,10,41,164,0.005825086956521576,True,True
P04_L100,P04,P04_L100_T010_A03,P04_L100_T010,1,10,46,0.003019956521739109,False,True
P04_L100,P04,P04_L100_T010_A03,P04_L100_T010,2,14,61,0.0069183260869564315,False,True
P04_L100,P04,P04_L100_T010_A03,P04_L100_T010,3,15,62,0.003443978260869488,True,True
P04_L100,P04,P04_L100_T010_A03,P04_L100_T010,4,22,99,0.018074239130434586,True,True
P04_L100,P04,P04_L100_T010_A03,P04_L100_T010,5,24,108,0.008997456521738972,True,True
P04_L100,P04,P04_L100_T010_A03,P04_L100_T010,6,28,120,0.020611978260869503,True,True
P04_L100,P04,P04_L100_T010_A03,P04_L100_T010,7,33,132,0.005107869565217264,True,True
P04_L100,P04,P04_L100_T010_A03,P04_L100_T010,8,37,143,0.011701456521738964,True,True
P04_L100,P04,P04_L100_T010_A03,P04_L100_T010,9,42,165,0.0028997391304348033,True,True
P04_L100,P04,P04_L100_T010_A03,P04_L100_T010,10,49,188,0.015218043478260782,True,True
P04_L100,P04,P04_L100_T010_A04,P04_L100_T010,1,9,45,0.003019956521739109,False,True
P04_L100,P04,P04_L100_T010_A04,P04_L100_T010,2,13,65,0.0069183260869564315,False,True
P04_L100,P04,P04_L100_T010_A04,P04_L100_T010,3,18,80,0.0017144347826087113,False,True
P04_L100,P04,P04_L100_T010_A04,P04_L100_T010,4,22,97,0.003927543478260892,True,True
P04_L100,P04,P04_L100_T010_A04,P04_L100_T010,5,23,103,0.0019551521739129456,True,True
P04_L100,P04,P04_L100_T010_A04,P04_L100_T010,6,28,134,0.010260804347826126,True,True
P04_L100,P04,P04_L100_T010_A04,P04_L100_T010,7,37,160,0.001265782608695534,True,True
P04_L100,P04,P04_L100_T010_A04,P04_L100_T010,8,43,173,0.006642913043478204,True,True
P04_L100,P04,P04_L100_T010_A04,P04_L100_T010,9,44,174,0.0033068913043477408,True,True
P04_L100,P04,P04_L100_T010_A04,P04_L100_T010,10,48,187,0.007575652173912945,True,True
P04_L100,P04,P04_L100_T010_A04,P04_L100_T010,11,49,191,0.0037711956521739288,True,True
P04_L100,P04,P04_L100_T011_A01,P04_L100_T011,1,2,2,2.290867652173913,False,True
P04_L100,P04,P04_L100_T011_A01,P04_L100_T011,2,31,110,0.007575652173912945,False,True
P04_L100,P04,P04_L100_T011_A01,P04_L100_T011,3,35,127,0.017354826086956432,True,True
P04_L100,P04,P04_L100_T011_A01,P04_L100_T011,4,44,153,0.002140913043478255,True,True
P04_L100,P04,P04_L100_T011_A01,P04_L100_T011,5,51,190,0.011235652173912961,True,True
P04_L100,P04,P04_L100_T011_A01,P04_L100_T011,6,56,208,0.0027843043478260466,True,True
P04_L100,P04,P04_L100_T011_A01,P04_L100_T011,7,61,228,0.014612239130434617,True,True
P04_L100,P04,P04_L100_T011_A01,P04_L100_T011,8,70,248,0.0018025869565215743,True,True
P04_L100,P04,P04_L100_T011_A01,P04_L100_T011,9,78,256,0.009460086956521717,True,True
P04_L100,P04,P04_L100_T011_A01,P04_L100_T011,10,83,261,0.0023443043478259444,True,True
P04_L100,P04,P04_L100_T011_A02,P04_L100_T011,1,18,64,0.0007483695652172498,False,True
P04_L100,P04,P04_L100_T011_A02,P04_L100_T011,2,24,80,0.003927499999999804,False,True
P04_L100,P04,P04_L100_T011_A02,P04_L100_T011,3,26,86,0.001955130434782643,True,True
P04_L100,P04,P04_L100_T011_A02,P04_L100_T011,4,31,96,0.010260652173913042,True,True
P04_L100,P04,P04_L100_T011_A02,P04_L100_T011,5,41,137,0.0012657608695652313,True,True
P04_L100,P04,P04_L100_T011_A02,P04_L100_T011,6,45,150,0.0028996956521737155,True,True
P04_L100,P04,P04_L100_T011_A02,P04_L100_T011,7,47,161,0.0014434782608695608,True,True
P04_L100,P04,P04_L100_T011_A02,P04_L100_T011,8,53,198,0.007575499999999861,True,True
P04_L100,P04,P04_L100_T011_A02,P04_L100_T011,9,58,213,0.0018772826086955114,True,True
P04_L100,P04,P04_L100_T011_A02,P04_L100_T011,10,62,225,0.004300608695652172,True,True
P04_L100,P04,P04_L100_T011_A03,P04_L100_T011,1,8,37,0.003019956521739109,False,True
P04_L100,P04,P04_L100_T011_A03,P04_L100_T011,2,12,45,0.0069183260869564315,False,True
P04_L100,P04,P04_L100_T011_A03,P04_L100_T011,3,13,46,0.003443978260869488,True,True
P04_L100,P04,P04_L100_T011_A03,P04_L100_T011,4,21,77,0.018074239130434586,True,True
P04_L100,P04,P04_L100_T011_A03,P04_L100_T011,5,29,109,0.004478978260869443,True,True
P04_L100,P04,P04_L100_T011_A03,P04_L100_T011,6,33,131,0.010260739130434736,True,True
P04_L100,P04,P04_L100_T011_A03,P04_L100_T011,7,35,141,0.005107847826086961,True,True
P04_L100,P04,P04_L100_T011_A03,P04_L100_T011,8,39,159,0.011701413043478116,True,True
P04_L100,P04,P04_L100_T011_A03,P04_L100_T011,9,43,181,0.005825021739130427,True,True
P04_L100,P04,P04_L100_T011_A03,P04_L100_T011,10,47,199,0.013344347826086933,True,True
P04_L100,P04,P04_L100_T011_A04,P04_L100_T011,1,10,61,0.003019956521739109,False,True
P04_L100,P04,P04_L100_T011_A04,P04_L100_T011,2,18,119,0.08317663043478243,False,True
P04_L100,P04,P04_L100_T011_A04,P04_L100_T011,3,29,157,0.010260804347826126,True,True
P04_L100,P04,P04_L100_T011_A04,P04_L100_T011,4,33,167,0.023506152173913036,True,True
P04_L100,P04,P04_L100_T011_A04,P04_L100_T011,5,37,173,0.011701499999999811,True,True
P04_L100,P04,P04_L100_T011_A04,P04_L100_T011,6,43,187,0.061410347826086925,True,True
P04_L100,P04,P04_L100_T011_A04,P04_L100_T011,7,52,215,0.007575695652173792,True,True
P04_L100,P04,P04_L100_T011_A04,P04_L100_T011,8,60,233,0.039757804347825956,True,True
P04_L100,P04,P04_L100_T011_A04,P04_L100_T011,9,62,235,0.019791673913043407,True,True
P04_L100,P04,P04_L100_T011_A04,P04_L100_T011,10,66,243,0.04534010869565199,True,True
P04_L100,P04,P04_L100_T012_A01,P04_L100_T012,1,15,89,0.0015033478260868152,False,True
P04_L100,P04,P04_L100_T012_A01,P04_L100_T012,2,19,108,0.003443978260869488,False,True
P04_L100,P04,P04_L100_T012_A01,P04_L100_T012,3,22,119,0.0017144347826087113,False,True
P04_L100,P04,P04_L100_T012_A01,P04_L100_T012,4,26,134,0.003927543478260892,True,True
P04_L100,P04,P04_L100_T012_A01,P04_L100_T012,5,27,137,0.0019551521739129456,True,True
P04_L100,P04,P04_L100_T012_A01,P04_L100_T012,6,31,150,0.004478999999999987,True,True
P04_L100,P04,P04_L100_T012_A01,P04_L100_T012,7,37,171,0.0011099347826086696,True,True
P04_L100,P04,P04_L100_T012_A01,P04_L100_T012,8,41,184,0.0025427173913041548,True,True
P04_L100,P04,P04_L100_T012_A01,P04_L100_T012,9,42,185,0.001265782608695534,True,True
P04_L100,P04,P04_L100_T012_A01,P04_L100_T012,10,46,196,0.0028997391304348033,True,True
P04_L100,P04,P04_L100_T012_A01,P04_L100_T012,11,47,197,0.0014434999999998635,True,True
P04_L100,P04,P04_L100_T012_A02,P04_L100_T012,1,9,30,0.003019956521739109,False,True
P04_L100,P04,P04_L100_T012_A02,P04_L100_T012,2,15,54,0.015848978260869603,False,True
P04_L100,P04,P04_L100_T012_A02,P04_L100_T012,3,17,57,0.007889717391304387,True,True
P04_L100,P04,P04_L100_T012_A02,P04_L100_T012,4,22,79,0.04140584782608679,True,True
P04_L100,P04,P04_L100_T012_A02,P04_L100_T012,5,29,104,0.010260804347826126,True,True
P04_L100,P04,P04_L100_T012_A02,P04_L100_T012,6,33,122,0.023506152173913036,True,True
P04_L100,P04,P04_L100_T012_A02,P04_L100_T012,7,38,139,0.005825065217391273,True,True
P04_L100,P04,P04_L100_T012_A02,P04_L100_T012,8,43,155,0.030570391304347678,True,True
P04_L100,P04,P04_L100_T012_A02,P04_L100_T012,9,44,158,0.015218130434782475,True,True
P04_L100,P04,P04_L100_T012_A02,P04_L100_T012,10,48,177,0.03486271739130433,True,True
P04_L100,P04,P04_L100_T012_A03,P04_L100_T012,1,10,32,0.003019956521739109,False,True
P04_L100,P04,P04_L100_T012_A03,P04_L100_T012,2,15,47,0.015848978260869603,False,True
P04_L100,P04,P04_L100_T012_A03,P04_L100_T012,3,21,62,0.003927543478260892,True,True
P04_L100,P04,P04_L100_T012_A03,P04_L100_T012,4,25,74,0.008997478260869517,True,True
P04_L100,P04,P04_L100_T012_A03,P04_L100_T012,5,26,75,0.004478999999999987,True,True
P04_L100,P04,P04_L100_T012_A03,P04_L100_T012,6,30,96,0.010260804347826126,True,True
P04_L100,P04,P04_L100_T012_A03,P04_L100_T012,7,32,111,0.005107891304347808,True,True
P04_L100,P04,P04_L100_T012_A03,P04_L100_T012,8,36,127,0.011701499999999811,True,True
P04_L100,P04,P04_L100_T012_A03,P04_L100_T012,9,42,153,0.002899760869565106,True,True
P04_L100,P04,P04_L100_T012_A03,P04_L100_T012,10,46,175,0.006642978260869594,True,True
P04_L100,P04,P04_L100_T012_A04,P04_L100_T012,1,8,34,0.003019956521739109,False,True
P04_L100,P04,P04_L100_T012_A04,P04_L100_T012,2,12,42,0.0069183260869564315,False,True
P04_L100,P04,P04_L100_T012_A04,P04_L100_T012,3,15,65,0.003443978260869488,True,True
P04_L100,P04,P04_L100_T012_A04,P04_L100_T012,4,19,80,0.007889695652173843,True,True
P04_L100,P04,P04_L100_T012_A04,P04_L100_T012,5,24,97,0.0019551521739129456,True,True
P04_L100,P04,P04_L100_T012_A04,P04_L100_T012,6,30,112,0.010260804347826126,True,True
P04_L100,P04,P04_L100_T012_A04,P04_L100_T012,7,40,165,0.001265782608695534,True,True
P04_L100,P04,P04_L100_T012_A04,P04_L100_T012,8,46,180,0.015218043478260782,True,True
P04_L100,P04,P04_L100_T012_A04,P04_L100_T012,9,48,186,0.007575630434782643,True,True
P04_L100,P04,P04_L100_T012_A04,P04_L100_T012,10,52,192,0.017354760869565042,True,True
P04_L200,P04,P04_L200_T001_A01,P04_L200_T001,1,11,55,0.0030199622641510823,False,True
P04_L200,P04,P04_L200_T001_A01,P04_L200_T001,2,15,65,0.006918339622641532,False,True
P04_L200,P04,P04_L200_T001_A01,P04_L200_T001,3,20,79,0.0017144528301888992,True,True
P04_L200,P04,P04_L200_T001_A01,P04_L200_T001,4,24,95,0.003927584905660389,True,True
P04_L200,P04,P04_L200_T001_A01,P04_L200_T001,5,27,104,0.001955169811321005,True,True
P04_L200,P04,P04_L200_T001_A01,P04_L200_T001,6,33,126,0.010260830188679107,True,True
P04_L200,P04,P04_L200_T001_A01,P04_L200_T001,7,43,172,0.0012658113207545836,True,True
P04_L200,P04,P04_L200_T001_A01,P04_L200_T001,8,53,221,0.03486347169811314,True,True
P04_L200,P04,P04_L200_T001_A01,P04_L200_T001,9,67,242,0.0021409811320755347,True,True
P04_L200,P04,P04_L200_T001_A01,P04_L200_T001,10,71,246,0.004904716981132241,True,True
P04_L200,P04,P04_L200_T001_A02,P04_L200_T001,1,16,36,0.0007483773584904682,False,True
P04_L200,P04,P04_L200_T001_A02,P04_L200_T001,2,25,71,0.02061184905660379,False,True
P04_L200,P04,P04_L200_T001_A02,P04_L200_T001,3,34,97,0.002542716981132253,True,True
P04_L200,P04,P04_L200_T001_A02,P04_L200_T001,4,38,110,0.005825018867924596,True,True
P04_L200,P04,P04_L200_T001_A02,P04_L200_T001,5,42,135,0.0028997358490567625,True,True
P04_L200,P04,P04_L200_T001_A02,P04_L200_T001,6,46,151,0.0066429056603776095,True,True
P04_L200,P04,P04_L200_T001_A02,P04_L200_T001,7,49,157,0.0033068679245284584,True,True
P04_L200,P04,P04_L200_T001_A02,P04_L200_T001,8,53,177,0.0075755849056603,True,True
P04_L200,P04,P04_L200_T001_A02,P04_L200_T001,9,55,182,0.0037711698113207723,True,True
P04_L200,P04,P04_L200_T001_A02,P04_L200_T001,10,62,213,0.019791358490566194,True,True
P04_L200,P04,P04_L200_T001_A03,P04_L200_T001,1,7,30,0.006918301886792705,False,True
P04_L200,P04,P04_L200_T001_A03,P04_L200_T001,2,12,60,0.03630773584905652,False,True
P04_L200,P04,P04_L200_T001_A03,P04_L200_T001,3,17,74,0.008997433962264132,True,True
P04_L200,P04,P04_L200_T001_A03,P04_L200_T001,4,27,112,0.10817294339622642,True,True
P04_L200,P04,P04_L200_T001_A03,P04_L200_T001,5,36,148,0.013344377358490825,True,True
P04_L200,P04,P04_L200_T001_A03,P04_L200_T001,6,40,155,0.030570188679245176,True,True
P04_L200,P04,P04_L200_T001_A03,P04_L200_T001,7,48,186,0.007575622641509547,True,True
P04_L200,P04,P04_L200_T001_A03,P04_L200_T001,8,52,218,0.017354754716980978,True,True
P04_L200,P04,P04_L200_T001_A03,P04_L200_T001,9,53,219,0.008639283018868103,True,True
P04_L200,P04,P04_L200_T001_A03,P04_L200_T001,10,58,231,0.04533966037735867,True,True
P04_L200,P04,P04_L200_T001_A04,P04_L200_T001,1,7,33,0.006918301886792705,False,True
P04_L200,P04,P04_L200_T001_A04,P04_L200_T001,2,11,43,0.015848905660377367,False,True
P04_L200,P04,P04_L200_T001_A04,P04_L200_T001,3,16,84,0.003927509433962316,True,True
P04_L200,P04,P04_L200_T001_A04,P04_L200_T001,4,20,106,0.008997396226415306,True,True
P04_L200,P04,P04_L200_T001_A04,P04_L200_T001,5,30,147,0.0011099245283019003,True,True
P04_L200,P04,P04_L200_T001_A04,P04_L200_T001,6,34,170,0.002542679245283007,True,True
P04_L200,P04,P04_L200_T001_A04,P04_L200_T001,7,38,190,0.0012657735849057562,True,True
P04_L200,P04,P04_L200_T001_A04,P04_L200_T001,8,42,194,0.0028997358490567625,True,True
P04_L200,P04,P04_L200_T001_A04,P04_L200_T001,9,44,197,0.0014435094339622341,True,True
P04_L200,P04,P04_L200_T001_A04,P04_L200_T001,10,48,205,0.0033069056603772856,True,True
P04_L200,P04,P04_L200_T002_A01,P04_L200_T002,1,10,37,0.0030199622641510823,False,True
P04_L200,P04,P04_L200_T002_A01,P04_L200_T002,2,15,45,0.015849018867924686,False,True
P04_L200,P04,P04_L200_T002_A01,P04_L200_T002,3,18,90,0.007889735849056449,True,True
P04_L200,P04,P04_L200_T002_A01,P04_L200_T002,4,22,96,0.018074339622641537,True,True
P04_L200,P04,P04_L200_T002_A01,P04_L200_T002,5,32,137,0.002229698113207627,True,True
P04_L200,P04,P04_L200_T002_A01,P04_L200_T002,6,37,148,0.011701584905660613,True,True
P04_L200,P04,P04_L200_T002_A01,P04_L200_T002,7,40,157,0.005825132075471915,True,True
P04_L200,P04,P04_L200_T002_A01,P04_L200_T002,8,44,177,0.013344603773585045,True,True
P04_L200,P04,P04_L200_T002_A01,P04_L200_T002,9,49,201,0.0033069433962265317,True,True
P04_L200,P04,P04_L200_T002_A01,P04_L200_T002,10,53,207,0.007575773584905693,True,True
P04_L200,P04,P04_L200_T002_A02,P04_L200_T002,1,9,29,0.0030199622641510823,False,True
P04_L200,P04,P04_L200_T002_A02,P04_L200_T002,2,13,47,0.006918339622641532,False,True
P04_L200,P04,P04_L200_T002_A02,P04_L200_T002,3,16,52,0.003444000000000036,True,True
P04_L200,P04,P04_L200_T002_A02,P04_L200_T002,4,21,59,0.018074339622641537,True,True
P04_L200,P04,P04_L200_T002_A02,P04_L200_T002,5,39,116,0.0005525283018867187,True,True
P04_L200,P04,P04_L200_T002_A02,P04_L200_T002,6,45,153,0.0028997358490567625,True,True
P04_L200,P04,P04_L200_T002_A02,P04_L200_T002,7,47,156,0.0014435094339622341,True,True
P04_L200,P04,P04_L200_T002_A02,P04_L200_T002,8,51,168,0.0033069056603772856,True,True
P04_L200,P04,P04_L200_T002_A02,P04_L200_T002,9,55,180,0.0016461886792451948,True,True
P04_L200,P04,P04_L200_T002_A02,P04_L200_T002,10,59,187,0.0037712075471700184,True,True
P04_L200,P04,P04_L200_T002_A03,P04_L200_T002,1,10,35,0.0030199622641510823,False,True
P04_L200,P04,P04_L200_T002_A03,P04_L200_T002,2,14,53,0.006918339622641532,False,True
P04_L200,P04,P04_L200_T002_A03,P04_L200_T002,3,28,105,0.00042486792452818106,False,True
P04_L200,P04,P04_L200_T002_A03,P04_L200_T002,4,40,165,0.02680739622641517,False,True
P04_L200,P04,P04_L200_T002_A03,P04_L200_T002,5,55,233,0.0016462641509432682,True,True
P04_L200,P04,P04_L200_T002_A03,P04_L200_T002,6,59,241,0.003771358490566165,True,True
P04_L200,P04,P04_L200_T002_A03,P04_L200_T002,7,62,246,0.0018773962264150143,True,True
P04_L200,P04,P04_L200_T002_A03,P04_L200_T002,8,66,251,0.004300867924528323,True,True
P04_L200,P04,P04_L200_T002_A03,P04_L200_T002,9,67,252,0.0021409811320755347,True,True
P04_L200,P04,P04_L200_T002_A03,P04_L200_T002,10,71,256,0.004904716981132241,True,True
P04_L200,P04,P04_L200_T002_A03,P04_L200_T002,11,72,257,0.0024415849056605796,True,True
P04_L200,P04,P04_L200_T002_A03,P04_L200_T002,12,76,261,0.0055933584905659165,True,True
P04_L200,P04,P04_L200_T002_A04,P04_L200_T002,1,7,31,0.006918301886792705,False,True
P04_L200,P04,P04_L200_T002_A04,P04_L200_T002,2,11,78,0.015848905660377367,False,True
P04_L200,P04,P04_L200_T002_A04,P04_L200_T002,3,18,117,0.003927509433962316,True,True
P04_L200,P04,P04_L200_T002_A04,P04_L200_T002,4,24,132,0.02061184905660379,True,True
P04_L200,P04,P04_L200_T002_A04,P04_L200_T002,5,27,139,0.010260716981132208,True,True
P04_L200,P04,P04_L200_T002_A04,P04_L200_T002,6,31,152,0.023505962264150936,True,True
P04_L200,P04,P04_L200_T002_A04,P04_L200_T002,7,38,172,0.005825018867924596,True,True
P04_L200,P04,P04_L200_T002_A04,P04_L200_T002,8,47,204,0.07003207547169824,True,True
P04_L200,P04,P04_L200_T002_A04,P04_L200_T002,9,60,234,0.004300679245282929,True,True
P04_L200,P04,P04_L200_T002_A04,P04_L200_T002,10,65,245,0.022570301886792456,True,True
P04_L200,P04,P04_L200_T003_A01,P04_L200_T003,1,8,34,0.0030199622641510823,False,True
P04_L200,P04,P04_L200_T003_A01,P04_L200_T003,2,12,60,0.006918339622641532,False,True
P04_L200,P04,P04_L200_T003_A01,P04_L200_T003,3,14,70,0.003444000000000036,True,True
P04_L200,P04,P04_L200_T003_A01,P04_L200_T003,4,19,93,0.018074339622641537,True,True
P04_L200,P04,P04_L200_T003_A01,P04_L200_T003,5,33,140,0.0011099622641511464,True,True
P04_L200,P04,P04_L200_T003_A01,P04_L200_T003,6,37,173,0.002542792452830327,True,True
P04_L200,P04,P04_L200_T003_A01,P04_L200_T003,7,39,184,0.0012658113207545836,True,True
P04_L200,P04,P04_L200_T003_A01,P04_L200_T003,8,43,202,0.0028998113207548363,True,True
P04_L200,P04,P04_L200_T003_A01,P04_L200_T003,9,44,205,0.0014435471698114803,True,True
P04_L200,P04,P04_L200_T003_A01,P04_L200_T003,10,48,214,0.003306981132075359,True,True
P04_L200,P04,P04_L200_T003_A02,P04_L200_T003,1,7,29,0.006918301886792705,False,True
P04_L200,P04,P04_L200_T003_A02,P04_L200_T003,2,11,45,0.015848905660377367,False,True
P04_L200,P04,P04_L200_T003_A02,P04_L200_T003,3,14,52,0.007889660377358375,True,True
P04_L200,P04,P04_L200_T003_A02,P04_L200_T003,4,20,75,0.04140547169811329,True,True
P04_L200,P04,P04_L200_T003_A02,P04_L200_T003,5,28,111,0.010260716981132208,True,True
P04_L200,P04,P04_L200_T003_A02,P04_L200_T003,6,32,117,0.023505962264150936,True,True
P04_L200,P04,P04_L200_T003_A02,P04_L200_T003,7,36,141,0.01170139622641522,True,True
P04_L200,P04,P04_L200_T003_A02,P04_L200_T003,8,42,164,0.06140977358490588,True,True
P04_L200,P04,P04_L200_T003_A02,P04_L200_T003,9,47,194,0.01521800000000007,True,True
P04_L200,P04,P04_L200_T003_A02,P04_L200_T003,10,51,200,0.03486241509433969,True,True
P04_L200,P04,P04_L200_T003_A03,P04_L200_T003,1,8,35,0.0030199622641510823,False,True
P04_L200,P04,P04_L200_T003_A03,P04_L200_T003,2,15,43,0.015849018867924686,False,True
P04_L200,P04,P04_L200_T003_A03,P04_L200_T003,3,28,110,0.0009732830188680097,True,True
P04_L200,P04,P04_L200_T003_A03,P04_L200_T003,4,37,137,0.01170139622641522,True,True
P04_L200,P04,P04_L200_T003_A03,P04_L200_T003,5,50,169,0.0007186037735847686,True,True
P04_L200,P04,P04_L200_T003_A03,P04_L200_T003,6,55,182,0.003771283018868092,True,True
P04_L200,P04,P04_L200_T003_A03,P04_L200_T003,7,56,183,0.001877358490566187,True,True
P04_L200,P04,P04_L200_T003_A03,P04_L200_T003,8,60,204,0.0043007924528302485,True,True
P04_L200,P04,P04_L200_T003_A03,P04_L200_T003,9,61,208,0.0021409433962262885,True,True
P04_L200,P04,P04_L200_T003_A03,P04_L200_T003,10,65,219,0.004904603773584921,True,True
P04_L200,P04,P04_L200_T003_A04,P04_L200_T003,1,7,27,0.006918301886792705,False,True
P04_L200,P04,P04_L200_T003_A04,P04_L200_T003,2,11,39,0.015848905660377367,False,True
P04_L200,P04,P04_L200_T003_A04,P04_L200_T003,3,21,79,0.0019551320754717587,False,True
P04_L200,P04,P04_L200_T003_A04,P04_L200_T003,4,25,98,0.00447894339622634,True,True
P04_L200,P04,P04_L200_T003_A04,P04_L200_T003,5,29,118,0.0022296603773583803,True,True
P04_L200,P04,P04_L200_T003_A04,P04_L200_T003,6,37,155,0.01170139622641522,True,True
P04_L200,P04,P04_L200_T003_A04,P04_L200_T003,7,43,178,0.0028997358490567625,True,True
P04_L200,P04,P04_L200_T003_A04,P04_L200_T003,8,47,190,0.0066429056603776095,True,True
P04_L200,P04,P04_L200_T003_A04,P04_L200_T003,9,55,225,0.0016461886792451948,True,True
P04_L200,P04,P04_L200_T003_A04,P04_L200_T003,10,59,229,0.0037712075471700184,True,True
P04_L200,P04,P04_L200_T003_A04,P04_L200_T003,11,60,230,0.0018773207547169407,True,True
P04_L200,P04,P04_L200_T004_A01,P04_L200_T004,1,7,32,0.006918301886792705,False,True
P04_L200,P04,P04_L200_T004_A01,P04_L200_T004,2,11,50,0.015848905660377367,False,True
P04_L200,P04,P04_L200_T004_A01,P04_L200_T004,3,12,51,0.007889660377358375,True,True
P04_L200,P04,P04_L200_T004_A01,P04_L200_T004,4,17,62,0.04140547169811329,True,True
P04_L200,P04,P04_L200_T004_A01,P04_L200_T004,5,21,83,0.020611886792453033,True,True
P04_L200,P04,P04_L200_T004_A01,P04_L200_T004,6,25,96,0.04721909433962251,True,True
P04_L200,P04,P04_L200_T004_A01,P04_L200_T004,7,26,99,0.023505924528302108,True,True
P04_L200,P04,P04_L200_T004_A01,P04_L200_T004,8,30,109,0.053848943396226284,True,True
P04_L200,P04,P04_L200_T004_A01,P04_L200_T004,9,33,121,0.026806301886792474,True,True
P04_L200,P04,P04_L200_T004_A01,P04_L200_T004,10,37,133,0.061409698113207394,True,True
P04_L200,P04,P04_L200_T004_A02,P04_L200_T004,1,16,89,0.0007483773584904682,False,True
P04_L200,P04,P04_L200_T004_A02,P04_L200_T004,2,20,101,0.001714415094339653,False,True
P04_L200,P04,P04_L200_T004_A02,P04_L200_T004,3,22,115,0.0008534339622640576,True,True
P04_L200,P04,P04_L200_T004_A02,P04_L200_T004,4,32,160,0.010260490566037986,True,True
P04_L200,P04,P04_L200_T004_A02,P04_L200_T004,5,33,162,0.005107735849056742,True,True
P04_L200,P04,P04_L200_T004_A02,P04_L200_T004,6,37,170,0.011701132075471753,True,True
P04_L200,P04,P04_L200_T004_A02,P04_L200_T004,7,50,216,0.0007185660377359413,True,True
P04_L200,P04,P04_L200_T004_A02,P04_L200_T004,8,58,235,0.008639169811320783,True,True
P04_L200,P04,P04_L200_T004_A02,P04_L200_T004,9,59,236,0.004300641509434102,True,True
P04_L200,P04,P04_L200_T004_A02,P04_L200_T004,10,63,241,0.009852188679245524,True,True
P04_L200,P04,P04_L200_T004_A03,P04_L200_T004,1,8,23,0.0030199622641510823,False,True
P04_L200,P04,P04_L200_T004_A03,P04_L200_T004,2,14,41,0.015849018867924686,False,True
P04_L200,P04,P04_L200_T004_A03,P04_L200_T004,3,16,45,0.007889735849056449,True,True
P04_L200,P04,P04_L200_T004_A03,P04_L200_T004,4,20,68,0.018074339622641537,True,True
P04_L200,P04,P04_L200_T004_A03,P04_L200_T004,5,26,90,0.004479018867924413,True,True
P04_L200,P04,P04_L200_T004_A03,P04_L200_T004,6,31,117,0.023506188679245154,True,True
P04_L200,P04,P04_L200_T004_A03,P04_L200_T004,7,40,143,0.0028997735849055897,True,True
P04_L200,P04,P04_L200_T004_A03,P04_L200_T004,8,51,183,0.07986622641509455,True,True
P04_L200,P04,P04_L200_T004_A03,P04_L200_T004,9,54,186,0.039757886792452686,True,True
P04_L200,P04,P04_L200_T004_A03,P04_L200_T004,10,58,193,0.09108007547169826,True,True
P04_L200,P04,P04_L200_T004_A04,P04_L200_T004,1,13,37,0.001503358490565927,False,True
P04_L200,P04,P04_L200_T004_A04,P04_L200_T004,2,19,61,0.018074339622641537,False,True
P04_L200,P04,P04_L200_T004_A04,P04_L200_T004,3,27,95,0.004479018867924413,True,True
P04_L200,P04,P04_L200_T004_A04,P04_L200_T004,4,35,127,0.023506188679245154,True,True
P04_L200,P04,P04_L200_T004_A04,P04_L200_T004,5,42,153,0.00582509433962267,True,True
P04_L200,P04,P04_L200_T004_A04,P04_L200_T004,6,46,167,0.013344528301886972,True,True
P04_L200,P04,P04_L200_T004_A04,P04_L200_T004,7,49,178,0.006642981132075683,True,True
P04_L200,P04,P04_L200_T004_A04,P04_L200_T004,8,56,201,0.07986622641509455,True,True
P04_L200,P04,P04_L200_T004_A04,P04_L200_T004,9,71,223,0.004904603773584921,True,True
P04_L200,P04,P04_L200_T004_A04,P04_L200_T004,10,78,234,0.02573977358490587,True,True
P04_L200,P04,P04_L200_T005_A01,P04_L200_T005,1,15,38,0.001503358490565927,False,True
P04_L200,P04,P04_L200_T005_A01,P04_L200_T005,2,24,66,0.018074339622641537,False,True
P04_L200,P04,P04_L200_T005_A01,P04_L200_T005,3,37,119,0.0011099622641511464,True,True
P04_L200,P04,P04_L200_T005_A01,P04_L200_T005,4,41,126,0.002542792452830327,True,True
P04_L200,P04,P04_L200_T005_A01,P04_L200_T005,5,44,136,0.0012658113207545836,True,True
P04_L200,P04,P04_L200_T005_A01,P04_L200_T005,6,51,159,0.006643094339622584,True,True
P04_L200,P04,P04_L200_T005_A01,P04_L200_T005,7,60,181,0.0008195094339622217,True,True
P04_L200,P04,P04_L200_T005_A01,P04_L200_T005,8,64,194,0.0018773962264150143,True,True
P04_L200,P04,P04_L200_T005_A01,P04_L200_T005,9,65,198,0.0009345660377357845,True,True
P04_L200,P04,P04_L200_T005_A01,P04_L200_T005,10,69,204,0.0021409811320755347,True,True
P04_L200,P04,P04_L200_T005_A02,P04_L200_T005,1,26,99,0.00018543396226416251,False,True
P04_L200,P04,P04_L200_T005_A02,P04_L200_T005,2,32,142,0.00222932075471684,False,True
P04_L200,P04,P04_L200_T005_A02,P04_L200_T005,3,35,165,0.0011097735849057533,True,True
P04_L200,P04,P04_L200_T005_A02,P04_L200_T005,4,43,185,0.013342377358490412,True,True
P04_L200,P04,P04_L200_T005_A02,P04_L200_T005,5,54,242,0.001645924528301728,True,True
P04_L200,P04,P04_L200_T005_A02,P04_L200_T005,6,58,252,0.0037706037735850116,True,True
P04_L200,P04,P04_L200_T005_A02,P04_L200_T005,7,59,255,0.001877018867924647,True,True
P04_L200,P04,P04_L200_T005_A02,P04_L200_T005,8,63,268,0.004299999999999849,True,True
P04_L200,P04,P04_L200_T005_A02,P04_L200_T005,9,65,270,0.002140566037735921,True,True
P04_L200,P04,P04_L200_T005_A02,P04_L200_T005,10,70,275,0.011233811320754824,True,True
P04_L200,P04,P04_L200_T005_A03,P04_L200_T005,1,19,100,0.0007483773584904682,False,True
P04_L200,P04,P04_L200_T005_A03,P04_L200_T005,2,24,139,0.003927509433962316,False,True
P04_L200,P04,P04_L200_T005_A03,P04_L200_T005,3,26,143,0.0019551320754717587,True,True
P04_L200,P04,P04_L200_T005_A03,P04_L200_T005,4,31,149,0.01026067924528296,True,True
P04_L200,P04,P04_L200_T005_A03,P04_L200_T005,5,34,166,0.005107811320754815,True,True
P04_L200,P04,P04_L200_T005_A03,P04_L200_T005,6,39,191,0.026806188679245155,True,True
P04_L200,P04,P04_L200_T005_A03,P04_L200_T005,7,46,220,0.006642867924528363,True,True
P04_L200,P04,P04_L200_T005_A03,P04_L200_T005,8,51,227,0.03486226415094354,True,True
P04_L200,P04,P04_L200_T005_A03,P04_L200_T005,9,66,256,0.0021409056603774613,True,True
P04_L200,P04,P04_L200_T005_A03,P04_L200_T005,10,73,266,0.011235622641509426,True,True
P04_L200,P04,P04_L200_T005_A04,P04_L200_T005,1,9,44,0.0030199622641510823,False,True
P04_L200,P04,P04_L200_T005_A04,P04_L200_T005,2,14,71,0.015849018867924686,False,True
P04_L200,P04,P04_L200_T005_A04,P04_L200_T005,3,21,83,0.0039275471698115615,True,True
P04_L200,P04,P04_L200_T005_A04,P04_L200_T005,4,25,93,0.008997509433962207,True,True
P04_L200,P04,P04_L200_T005_A04,P04_L200_T005,5,28,96,0.004479018867924413,True,True
P04_L200,P04,P04_L200_T005_A04,P04_L200_T005,6,37,131,0.05384958490566053,True,True
P04_L200,P04,P04_L200_T005_A04,P04_L200_T005,7,42,160,0.013344490566037726,True,True
P04_L200,P04,P04_L200_T005_A04,P04_L200_T005,8,47,175,0.07003286792452822,True,True
P04_L200,P04,P04_L200_T005_A04,P04_L200_T005,9,52,215,0.017354867924528297,True,True
P04_L200,P04,P04_L200_T005_A04,P04_L200_T005,10,56,237,0.039757698113207715,True,True
P04_L200,P04,P04_L200_T006_A01,P04_L200_T006,1,8,28,0.0030199622641510823,False,True
P04_L200,P04,P04_L200_T006_A01,P04_L200_T006,2,20,71,0.08317683018867912,False,True
P04_L200,P04,P04_L200_T006_A01,P04_L200_T006,3,32,108,0.010260830188679107,False,True
P04_L200,P04,P04_L200_T006_A01,P04_L200_T006,4,37,128,0.05384958490566053,True,True
P04_L200,P04,P04_L200_T006_A01,P04_L200_T006,5,43,149,0.013344490566037726,True,True
P04_L200,P04,P04_L200_T006_A01,P04_L200_T006,6,47,160,0.030570452830188645,True,True
P04_L200,P04,P04_L200_T006_A01,P04_L200_T006,7,51,169,0.015218150943396217,True,True
P04_L200,P04,P04_L200_T006_A01,P04_L200_T006,8,57,180,0.07986596226415109,True,True
P04_L200,P04,P04_L200_T006_A01,P04_L200_T006,9,67,218,0.009852377358490498,True,True
P04_L200,P04,P04_L200_T006_A01,P04_L200_T006,10,71,228,0.02257049056603785,True,True
P04_L200,P04,P04_L200_T006_A01,P04_L200_T006,11,72,231,0.011235735849056745,True,True
P04_L200,P04,P04_L200_T006_A02,P04_L200_T006,1,12,37,0.001503358490565927,False,True
P04_L200,P04,P04_L200_T006_A02,P04_L200_T006,2,16,50,0.003444000000000036,False,True
P04_L200,P04,P04_L200_T006_A02,P04_L200_T006,3,22,65,0.0008534716981133038,True,True
P04_L200,P04,P04_L200_T006_A02,P04_L200_T006,4,30,93,0.004479132075471733,True,True
P04_L200,P04,P04_L200_T006_A02,P04_L200_T006,5,35,109,0.0011099622641511464,True,True
P04_L200,P04,P04_L200_T006_A02,P04_L200_T006,6,39,120,0.002542792452830327,True,True
P04_L200,P04,P04_L200_T006_A02,P04_L200_T006,7,41,132,0.0012658113207545836,True,True
P04_L200,P04,P04_L200_T006_A02,P04_L200_T006,8,46,162,0.006643094339622584,True,True
P04_L200,P04,P04_L200_T006_A02,P04_L200_T006,9,50,182,0.003306981132075359,True,True
P04_L200,P04,P04_L200_T006_A02,P04_L200_T006,10,55,203,0.01735528301886791,True,True
P04_L200,P04,P04_L200_T006_A03,P04_L200_T006,1,8,35,0.0030199622641510823,False,True
P04_L200,P04,P04_L200_T006_A03,P04_L200_T006,2,12,73,0.006918339622641532,False,True
P04_L200,P04,P04_L200_T006_A03,P04_L200_T006,3,17,103,0.0017144528301888992,False,True
P04_L200,P04,P04_L200_T006_A03,P04_L200_T006,4,21,122,0.003927584905660389,True,True
P04_L200,P04,P04_L200_T006_A03,P04_L200_T006,5,22,126,0.001955169811321005,True,True
P04_L200,P04,P04_L200_T006_A03,P04_L200_T006,6,30,145,0.010260830188679107,True,True
P04_L200,P04,P04_L200_T006_A03,P04_L200_T006,7,36,179,0.0025427547169810808,True,True
P04_L200,P04,P04_L200_T006_A03,P04_L200_T006,8,40,193,0.005825132075471915,True,True
P04_L200,P04,P04_L200_T006_A03,P04_L200_T006,9,47,227,0.0014435094339622341,True,True
P04_L200,P04,P04_L200_T006_A03,P04_L200_T006,10,57,247,0.01735490566037754,True,True
P04_L200,P04,P04_L200_T006_A03,P04_L200_T006,11,60,250,0.008639358490566176,True,True
P04_L200,P04,P04_L200_T006_A04,P04_L200_T006,1,17,72,0.0007483773584904682,False,True
P04_L200,P04,P04_L200_T006_A04,P04_L200_T006,2,24,96,0.008997396226415306,False,True
P04_L200,P04,P04_L200_T006_A04,P04_L200_T006,3,26,121,0.00447894339622634,True,True
P04_L200,P04,P04_L200_T006_A04,P04_L200_T006,4,31,135,0.023505849056603616,True,True
P04_L200,P04,P04_L200_T006_A04,P04_L200_T006,5,34,158,0.011701358490565974,True,True
P04_L200,P04,P04_L200_T006_A04,P04_L200_T006,6,38,175,0.02680626415094365,True,True
P04_L200,P04,P04_L200_T006_A04,P04_L200_T006,7,39,183,0.013344301886792333,True,True
P04_L200,P04,P04_L200_T006_A04,P04_L200_T006,8,47,208,0.07003192452830209,True,True
P04_L200,P04,P04_L200_T006_A04,P04_L200_T006,9,56,233,0.008639245283018857,True,True
P04_L200,P04,P04_L200_T006_A04,P04_L200_T006,10,60,243,0.019791358490566194,True,True
P04_L200,P04,P04_L200_T007_A01,P04_L200_T007,1,11,42,0.0030199622641510823,False,True
P04_L200,P04,P04_L200_T007_A01,P04_L200_T007,2,15,58,0.006918339622641532,False,True
P04_L200,P04,P04_L200_T007_A01,P04_L200_T007,3,18,65,0.003444000000000036,True,True
P04_L200,P04,P04_L200_T007_A01,P04_L200_T007,4,22,78,0.007889735849056449,True,True
P04_L200,P04,P04_L200_T007_A01,P04_L200_T007,5,23,81,0.0039275471698115615,True,True
P04_L200,P04,P04_L200_T007_A01,P04_L200_T007,6,27,106,0.008997509433962207,True,True
P04_L200,P04,P04_L200_T007_A01,P04_L200_T007,7,34,141,0.002229698113207627,True,True
P04_L200,P04,P04_L200_T007_A01,P04_L200_T007,8,42,178,0.02680679245283016,True,True
P04_L200,P04,P04_L200_T007_A01,P04_L200_T007,9,44,184,0.0133445660377358,True,True
P04_L200,P04,P04_L200_T007_A01,P04_L200_T007,10,48,191,0.030570641509434036,True,True
P04_L200,P04,P04_L200_T007_A02,P04_L200_T007,1,9,28,0.0030199622641510823,False,True
P04_L200,P04,P04_L200_T007_A02,P04_L200_T007,2,13,49,0.006918339622641532,False,True
P04_L200,P04,P04_L200_T007_A02,P04_L200_T007,3,15,61,0.003444000000000036,True,True
P04_L200,P04,P04_L200_T007_A02,P04_L200_T007,4,21,83,0.018074339622641537,True,True
P04_L200,P04,P04_L200_T007_A02,P04_L200_T007,5,24,90,0.008997509433962207,True,True
P04_L200,P04,P04_L200_T007_A02,P04_L200_T007,6,31,122,0.1081739245283018,True,True
P04_L200,P04,P04_L200_T007_A02,P04_L200_T007,7,37,138,0.026806641509434015,True,True
P04_L200,P04,P04_L200_T007_A02,P04_L200_T007,8,41,145,0.06141045283018855,True,True
P04_L200,P04,P04_L200_T007_A02,P04_L200_T007,9,45,163,0.03057049056603789,True,True
P04_L200,P04,P04_L200_T007_A02,P04_L200_T007,10,49,175,0.07003294339622629,True,True
P04_L200,P04,P04_L200_T007_A03,P04_L200_T007,1,6,36,0.015848943396226615,False,True
P04_L200,P04,P04_L200_T007_A03,P04_L200_T007,2,10,50,0.03630784905660384,False,True
P04_L200,P04,P04_L200_T007_A03,P04_L200_T007,3,11,55,0.018074264150943466,True,True
P04_L200,P04,P04_L200_T007_A03,P04_L200_T007,4,15,79,0.041405735849056755,True,True
P04_L200,P04,P04_L200_T007_A03,P04_L200_T007,5,21,109,0.010260792452830281,True,True
P04_L200,P04,P04_L200_T007_A03,P04_L200_T007,6,27,130,0.05384939622641514,True,True
P04_L200,P04,P04_L200_T007_A03,P04_L200_T007,7,28,134,0.026806528301886696,True,True
P04_L200,P04,P04_L200_T007_A03,P04_L200_T007,8,32,164,0.061410226415094325,True,True
P04_L200,P04,P04_L200_T007_A03,P04_L200_T007,9,37,180,0.01521811320754739,True,True
P04_L200,P04,P04_L200_T007_A03,P04_L200_T007,10,45,205,0.0798657735849057,True,True
P04_L200,P04,P04_L200_T007_A04,P04_L200_T007,1,8,27,0.0030199622641510823,False,True
P04_L200,P04,P04_L200_T007_A04,P04_L200_T007,2,17,56,0.036307999999999986,False,True
P04_L200,P04,P04_L200_T007_A04,P04_L200_T007,3,22,72,0.008997509433962207,False,True
P04_L200,P04,P04_L200_T007_A04,P04_L200_T007,4,33,104,0.1081739245283018,True,True
P04_L200,P04,P04_L200_T007_A04,P04_L200_T007,5,46,156,0.006642981132075683,True,True
P04_L200,P04,P04_L200_T007_A04,P04_L200_T007,6,54,192,0.03486286792452854,True,True
P04_L200,P04,P04_L200_T007_A04,P04_L200_T007,7,56,195,0.01735494339622637,True,True
P04_L200,P04,P04_L200_T007_A04,P04_L200_T007,8,64,211,0.09108007547169826,True,True
P04_L200,P04,P04_L200_T007_A04,P04_L200_T007,9,73,220,0.011235773584905573,True,True
P04_L200,P04,P04_L200_T007_A04,P04_L200_T007,10,77,224,0.02573966037735855,True,True
P04_L200,P04,P04_L200_T007_A04,P04_L200_T007,11,78,225,0.012813358490565942,True,True
P04_L200,P04,P04_L200_T008_A01,P04_L200_T008,1,7,24,0.006918301886792705,False,True
P04_L200,P04,P04_L200_T008_A01,P04_L200_T008,2,11,39,0.015848905660377367,False,True
P04_L200,P04,P04_L200_T008_A01,P04_L200_T008,3,13,67,0.007889660377358375,True,True
P04_L200,P04,P04_L200_T008_A01,P04_L200_T008,4,17,75,0.018074150943396147,True,True
P04_L200,P04,P04_L200_T008_A01,P04_L200_T008,5,20,91,0.008997433962264132,True,True
P04_L200,P04,P04_L200_T008_A01,P04_L200_T008,6,24,110,0.02061192452830186,True,True
P04_L200,P04,P04_L200_T008_A01,P04_L200_T008,7,25,120,0.010260754716981034,True,True
P04_L200,P04,P04_L200_T008_A01,P04_L200_T008,8,29,143,0.023506037735849007,True,True
P04_L200,P04,P04_L200_T008_A01,P04_L200_T008,9,30,153,0.011701433962264047,True,True
P04_L200,P04,P04_L200_T008_A01,P04_L200_T008,10,34,166,0.026806452830188624,True,True
P04_L200,P04,P04_L200_T008_A02,P04_L200_T008,1,9,35,0.0030199622641510823,False,True
P04_L200,P04,P04_L200_T008_A02,P04_L200_T008,2,16,61,0.036307999999999986,False,True
P04_L200,P04,P04_L200_T008_A02,P04_L200_T008,3,22,78,0.008997509433962207,True,True
P04_L200,P04,P04_L200_T008_A02,P04_L200_T008,4,26,94,0.020612113207547255,True,True
P04_L200,P04,P04_L200_T008_A02,P04_L200_T008,5,27,95,0.010260830188679107,True,True
P04_L200,P04,P04_L200_T008_A02,P04_L200_T008,6,31,104,0.023506188679245154,True,True
P04_L200,P04,P04_L200_T008_A02,P04_L200_T008,7,38,133,0.00582509433962267,True,True
P04_L200,P04,P04_L200_T008_A02,P04_L200_T008,8,45,163,0.030570566037735964,True,True
P04_L200,P04,P04_L200_T008_A02,P04_L200_T008,9,53,186,0.00757569811320762,True,True
P04_L200,P04,P04_L200_T008_A02,P04_L200_T008,10,57,196,0.01735490566037754,True,True
P04_L200,P04,P04_L200_T008_A03,P04_L200_T008,1,11,40,0.0030199622641510823,False,True
P04_L200,P04,P04_L200_T008_A03,P04_L200_T008,2,16,55,0.015849018867924686,False,True
P04_L200,P04,P04_L200_T008_A03,P04_L200_T008,3,21,65,0.0039275471698115615,True,True
P04_L200,P04,P04_L200_T008_A03,P04_L200_T008,4,25,83,0.008997509433962207,True,True
P04_L200,P04,P04_L200_T008_A03,P04_L200_T008,5,26,85,0.004479018867924413,True,True
P04_L200,P04,P04_L200_T008_A03,P04_L200_T008,6,33,118,0.023506188679245154,True,True
P04_L200,P04,P04_L200_T008_A03,P04_L200_T008,7,43,146,0.0028997735849055897,True,True
P04_L200,P04,P04_L200_T008_A03,P04_L200_T008,8,48,157,0.015218188679245464,True,True
P04_L200,P04,P04_L200_T008_A03,P04_L200_T008,9,51,167,0.00757569811320762,True,True
P04_L200,P04,P04_L200_T008_A03,P04_L200_T008,10,55,177,0.01735490566037754,True,True
P04_L200,P04,P04_L200_T008_A04,P04_L200_T008,1,12,49,0.001503358490565927,False,True
P04_L200,P04,P04_L200_T008_A04,P04_L200_T008,2,16,70,0.003444000000000036,False,True
P04_L200,P04,P04_L200_T008_A04,P04_L200_T008,3,19,89,0.0017144528301888992,True,True
P04_L200,P04,P04_L200_T008_A04,P04_L200_T008,4,23,105,0.003927584905660389,True,True
P04_L200,P04,P04_L200_T008_A04,P04_L200_T008,5,25,111,0.001955169811321005,True,True
P04_L200,P04,P04_L200_T008_A04,P04_L200_T008,6,29,122,0.004479018867924413,True,True
P04_L200,P04,P04_L200_T008_A04,P04_L200_T008,7,34,136,0.0011099622641511464,True,True
P04_L200,P04,P04_L200_T008_A04,P04_L200_T008,8,43,193,0.01334479245283044,True,True
P04_L200,P04,P04_L200_T008_A04,P04_L200_T008,9,50,204,0.003306981132075359,True,True
P04_L200,P04,P04_L200_T008_A04,P04_L200_T008,10,54,208,0.007575849056603767,True,True
P04_L300,P04,P04_L300_T001_A01,P04_L300_T001,1,16,71,0.0039275714285715215,False,True
P04_L300,P04,P04_L300_T001_A01,P04_L300_T001,2,20,75,0.008997571428571398,False,True
P04_L300,P04,P04_L300_T001_A01,P04_L300_T001,3,24,113,0.004479071428571877,True,True
P04_L300,P04,P04_L300_T001_A01,P04_L300_T001,4,31,139,0.023506428571428466,True,True
P04_L300,P04,P04_L300_T001_A01,P04_L300_T001,5,37,169,0.00582514285714256,True,True
P04_L300,P04,P04_L300_T001_A01,P04_L300_T001,6,41,176,0.013344642857142968,True,True
P04_L300,P04,P04_L300_T001_A01,P04_L300_T001,7,43,178,0.006643071428571614,True,True
P04_L300,P04,P04_L300_T001_A01,P04_L300_T001,8,47,186,0.01521842857142852,True,True
P04_L300,P04,P04_L300_T001_A01,P04_L300_T001,9,52,192,0.0037712857142855956,True,True
P04_L300,P04,P04_L300_T001_A01,P04_L300_T001,10,57,207,0.019791928571428433,True,True
P04_L300,P04,P04_L300_T001_A02,P04_L300_T001,1,11,19,0.007889714285714515,False,True
P04_L300,P04,P04_L300_T001_A02,P04_L300_T001,2,15,46,0.018074285714286025,False,True
P04_L300,P04,P04_L300_T001_A02,P04_L300_T001,3,16,57,0.008997500000000403,False,True
P04_L300,P04,P04_L300_T001_A02,P04_L300_T001,4,20,78,0.020612071428571795,True,True
P04_L300,P04,P04_L300_T001_A02,P04_L300_T001,5,26,116,0.005107857142856918,True,True
P04_L300,P04,P04_L300_T001_A02,P04_L300_T001,6,30,153,0.011701428571428814,True,True
P04_L300,P04,P04_L300_T001_A02,P04_L300_T001,7,34,161,0.005825071428571566,True,True
P04_L300,P04,P04_L300_T001_A02,P04_L300_T001,8,38,168,0.013344500000000186,True,True
P04_L300,P04,P04_L300_T001_A02,P04_L300_T001,9,46,187,0.0033069285714290176,True,True
P04_L300,P04,P04_L300_T001_A02,P04_L300_T001,10,53,200,0.017354928571428854,True,True
P04_L300,P04,P04_L300_T001_A02,P04_L300_T001,11,54,201,0.008639357142857318,True,True
P04_L300,P04,P04_L300_T001_A03,P04_L300_T001,1,12,52,0.007889714285714515,False,True
P04_L300,P04,P04_L300_T001_A03,P04_L300_T001,2,16,62,0.018074285714286025,False,True
P04_L300,P04,P04_L300_T001_A03,P04_L300_T001,3,24,91,0.00447900000000009,True,True
P04_L300,P04,P04_L300_T001_A03,P04_L300_T001,4,28,98,0.010260785714285727,True,True
P04_L300,P04,P04_L300_T001_A03,P04_L300_T001,5,30,103,0.005107857142856918,True,True
P04_L300,P04,P04_L300_T001_A03,P04_L300_T001,6,34,107,0.011701428571428814,True,True
P04_L300,P04,P04_L300_T001_A03,P04_L300_T001,7,35,111,0.005825071428571566,True,True
P04_L300,P04,P04_L300_T001_A03,P04_L300_T001,8,39,127,0.013344500000000186,True,True
P04_L300,P04,P04_L300_T001_A03,P04_L300_T001,9,41,130,0.006642999999999827,True,True
P04_L300,P04,P04_L300_T001_A03,P04_L300_T001,10,45,145,0.015218214285714744,True,True
P04_L300,P04,P04_L300_T001_A04,P04_L300_T001,1,11,53,0.007889714285714515,False,True
P04_L300,P04,P04_L300_T001_A04,P04_L300_T001,2,16,69,0.04140578571428561,False,True
P04_L300,P04,P04_L300_T001_A04,P04_L300_T001,3,17,70,0.020612071428571795,True,True
P04_L300,P04,P04_L300_T001_A04,P04_L300_T001,4,21,87,0.04721950000000006,True,True
P04_L300,P04,P04_L300_T001_A04,P04_L300_T001,5,26,96,0.011701499999999808,True,True
P04_L300,P04,P04_L300_T001_A04,P04_L300_T001,6,30,114,0.026806571428571773,True,True
P04_L300,P04,P04_L300_T001_A04,P04_L300_T001,7,33,118,0.013344500000000186,True,True
P04_L300,P04,P04_L300_T001_A04,P04_L300_T001,8,41,141,0.07003300000000029,True,True
P04_L300,P04,P04_L300_T001_A04,P04_L300_T001,9,42,146,0.03486285714285727,True,True
P04_L300,P04,P04_L300_T001_A04,P04_L300_T001,10,46,150,0.07986621428571443,True,True
P04_L300,P04,P04_L300_T002_A01,P04_L300_T002,1,15,82,0.0017144285714286245,False,True
P04_L300,P04,P04_L300_T002_A01,P04_L300_T002,2,24,105,0.02061178571428544,False,True
P04_L300,P04,P04_L300_T002_A01,P04_L300_T002,3,30,132,0.005107785714285923,True,True
P04_L300,P04,P04_L300_T002_A01,P04_L300_T002,4,34,138,0.011701285714286032,True,True
P04_L300,P04,P04_L300_T002_A01,P04_L300_T002,5,35,141,0.005824999999999778,True,True
P04_L300,P04,P04_L300_T002_A01,P04_L300_T002,6,43,162,0.030570000000000395,True,True
P04_L300,P04,P04_L300_T002_A01,P04_L300_T002,7,54,189,0.0037711428571428137,True,True
P04_L300,P04,P04_L300_T002_A01,P04_L300_T002,8,59,204,0.01979128571428552,True,True
P04_L300,P04,P04_L300_T002_A01,P04_L300_T002,9,62,207,0.009852214285714445,True,True
P04_L300,P04,P04_L300_T002_A01,P04_L300_T002,10,66,211,0.022570142857143108,True,True
P04_L300,P04,P04_L300_T002_A02,P04_L300_T002,1,12,67,0.003443928571428278,False,True
P04_L300,P04,P04_L300_T002_A02,P04_L300_T002,2,16,73,0.007889571428571733,False,True
P04_L300,P04,P04_L300_T002_A02,P04_L300_T002,3,21,93,0.0019551428571430913,True,True
P04_L300,P04,P04_L300_T002_A02,P04_L300_T002,4,27,114,0.010260785714285727,True,True
P04_L300,P04,P04_L300_T002_A02,P04_L300_T002,5,31,123,0.005107857142856918,True,True
P04_L300,P04,P04_L300_T002_A02,P04_L300_T002,6,35,137,0.011701428571428814,True,True
P04_L300,P04,P04_L300_T002_A02,P04_L300_T002,7,37,142,0.005825071428571566,True,True
P04_L300,P04,P04_L300_T002_A02,P04_L300_T002,8,41,153,0.013344500000000186,True,True
P04_L300,P04,P04_L300_T002_A02,P04_L300_T002,9,44,158,0.006642999999999827,True,True
P04_L300,P04,P04_L300_T002_A02,P04_L300_T002,10,48,172,0.015218214285714744,True,True
P04_L300,P04,P04_L300_T002_A03,P04_L300_T002,1,9,36,0.006918285714285765,False,True
P04_L300,P04,P04_L300_T002_A03,P04_L300_T002,2,13,44,0.015848857142857536,False,True
P04_L300,P04,P04_L300_T002_A03,P04_L300_T002,3,21,55,0.003927499999999734,True,True
P04_L300,P04,P04_L300_T002_A03,P04_L300_T002,4,25,70,0.00899735714285762,True,True
P04_L300,P04,P04_L300_T002_A03,P04_L300_T002,5,36,140,0.0011099285714284105,True,True
P04_L300,P04,P04_L300_T002_A03,P04_L300_T002,6,40,151,0.0025427142857145247,True,True
P04_L300,P04,P04_L300_T002_A03,P04_L300_T002,7,41,155,0.0012657857142859908,True,True
P04_L300,P04,P04_L300_T002_A03,P04_L300_T002,8,49,174,0.015217928571428388,True,True
P04_L300,P04,P04_L300_T002_A03,P04_L300_T002,9,56,195,0.0037711428571428137,True,True
P04_L300,P04,P04_L300_T002_A03,P04_L300_T002,10,60,199,0.008639214285714536,True,True
P04_L300,P04,P04_L300_T002_A04,P04_L300_T002,1,6,28,0.01584892857142853,False,True
P04_L300,P04,P04_L300_T002_A04,P04_L300_T002,2,10,40,0.036307785714286195,False,True
P04_L300,P04,P04_L300_T002_A04,P04_L300_T002,3,12,47,0.01807421428571424,True,True
P04_L300,P04,P04_L300_T002_A04,P04_L300_T002,4,16,63,0.04140564285714283,True,True
P04_L300,P04,P04_L300_T002_A04,P04_L300_T002,5,19,74,0.02061200000000001,True,True
P04_L300,P04,P04_L300_T002_A04,P04_L300_T002,6,23,79,0.04721935714285728,True,True
P04_L300,P04,P04_L300_T002_A04,P04_L300_T002,7,24,80,0.023506071428571907,True,True
P04_L300,P04,P04_L300_T002_A04,P04_L300_T002,8,28,96,0.053849285714285815,True,True
P04_L300,P04,P04_L300_T002_A04,P04_L300_T002,9,29,103,0.026806499999999983,True,True
P04_L300,P04,P04_L300_T002_A04,P04_L300_T002,10,33,110,0.061410142857142615,True,True
P04_L300,P04,P04_L300_T003_A01,P04_L300_T003,1,8,35,0.006918285714285765,False,True
P04_L300,P04,P04_L300_T003_A01,P04_L300_T003,2,12,65,0.015848857142857536,False,True
P04_L300,P04,P04_L300_T003_A01,P04_L300_T003,3,18,88,0.003927499999999734,False,True
P04_L300,P04,P04_L300_T003_A01,P04_L300_T003,4,22,105,0.00899735714285762,True,True
P04_L300,P04,P04_L300_T003_A01,P04_L300_T003,5,23,106,0.004478928571428302,True,True
P04_L300,P04,P04_L300_T003_A01,P04_L300_T003,6,27,110,0.010260642857142946,True,True
P04_L300,P04,P04_L300_T003_A01,P04_L300_T003,7,31,118,0.005107785714285923,True,True
P04_L300,P04,P04_L300_T003_A01,P04_L300_T003,8,35,125,0.011701285714286032,True,True
P04_L300,P04,P04_L300_T003_A01,P04_L300_T003,9,38,129,0.005824999999999778,True,True
P04_L300,P04,P04_L300_T003_A01,P04_L300_T003,10,42,134,0.013344285714285618,True,True
P04_L300,P04,P04_L300_T003_A01,P04_L300_T003,11,43,142,0.006642857142857045,True,True
P04_L300,P04,P04_L300_T003_A02,P04_L300_T003,1,9,34,0.006918285714285765,False,True
P04_L300,P04,P04_L300_T003_A02,P04_L300_T003,2,15,62,0.03630764285714262,False,True
P04_L300,P04,P04_L300_T003_A02,P04_L300_T003,3,21,92,0.008997428571428616,True,True
P04_L300,P04,P04_L300_T003_A02,P04_L300_T003,4,25,101,0.020611928571429013,True,True
P04_L300,P04,P04_L300_T003_A02,P04_L300_T003,5,32,154,0.005107857142856918,True,True
P04_L300,P04,P04_L300_T003_A02,P04_L300_T003,6,37,165,0.02680642857142899,True,True
P04_L300,P04,P04_L300_T003_A02,P04_L300_T003,7,43,175,0.006642928571428832,True,True
P04_L300,P04,P04_L300_T003_A02,P04_L300_T003,8,49,183,0.03486257142857171,True,True
P04_L300,P04,P04_L300_T003_A02,P04_L300_T003,9,52,188,0.017354785714286072,True,True
P04_L300,P04,P04_L300_T003_A02,P04_L300_T003,10,56,193,0.03975749999999992,True,True
P04_L300,P04,P04_L300_T003_A03,P04_L300_T003,1,9,32,0.006918285714285765,False,True
P04_L300,P04,P04_L300_T003_A03,P04_L300_T003,2,13,43,0.015848857142857536,False,True
P04_L300,P04,P04_L300_T003_A03,P04_L300_T003,3,18,58,0.003927499999999734,True,True
P04_L300,P04,P04_L300_T003_A03,P04_L300_T003,4,22,69,0.00899735714285762,True,True
P04_L300,P04,P04_L300_T003_A03,P04_L300_T003,5,23,76,0.004478928571428302,True,True
P04_L300,P04,P04_L300_T003_A03,P04_L300_T003,6,27,83,0.010260642857142946,True,True
P04_L300,P04,P04_L300_T003_A03,P04_L300_T003,7,30,89,0.005107785714285923,True,True
P04_L300,P04,P04_L300_T003_A03,P04_L300_T003,8,34,116,0.011701285714286032,True,True
P04_L300,P04,P04_L300_T003_A03,P04_L300_T003,9,35,123,0.005824999999999778,True,True
P04_L300,P04,P04_L300_T003_A03,P04_L300_T003,10,42,149,0.030570000000000395,True,True
P04_L300,P04,P04_L300_T003_A04,P04_L300_T003,1,7,28,0.006918285714285765,False,True
P04_L300,P04,P04_L300_T003_A04,P04_L300_T003,2,12,38,0.03630764285714262,False,True
P04_L300,P04,P04_L300_T003_A04,P04_L300_T003,3,19,75,0.008997428571428616,True,True
P04_L300,P04,P04_L300_T003_A04,P04_L300_T003,4,23,91,0.020611928571429013,True,True
P04_L300,P04,P04_L300_T003_A04,P04_L300_T003,5,28,126,0.005107857142856918,True,True
P04_L300,P04,P04_L300_T003_A04,P04_L300_T003,6,32,140,0.011701428571428814,True,True
P04_L300,P04,P04_L300_T003_A04,P04_L300_T003,7,37,159,0.002899785714285555,True,True
P04_L300,P04,P04_L300_T003_A04,P04_L300_T003,8,41,169,0.006642999999999827,True,True
P04_L300,P04,P04_L300_T003_A04,P04_L300_T003,9,42,171,0.0033069285714290176,True,True
P04_L300,P04,P04_L300_T003_A04,P04_L300_T003,10,52,200,0.03975785714285727,True,True
P04_L300,P04,P04_L300_T004_A01,P04_L300_T004,1,7,14,0.006918285714285765,False,True
P04_L300,P04,P04_L300_T004_A01,P04_L300_T004,2,11,25,0.015848857142857536,False,True
P04_L300,P04,P04_L300_T004_A01,P04_L300_T004,3,15,48,0.007889642857142727,True,True
P04_L300,P04,P04_L300_T004_A01,P04_L300_T004,4,19,61,0.018074142857143243,True,True
P04_L300,P04,P04_L300_T004_A01,P04_L300_T004,5,22,76,0.008997428571428616,True,True
P04_L300,P04,P04_L300_T004_A01,P04_L300_T004,6,26,93,0.020611928571429013,True,True
P04_L300,P04,P04_L300_T004_A01,P04_L300_T004,7,31,101,0.005107857142856918,True,True
P04_L300,P04,P04_L300_T004_A01,P04_L300_T004,8,35,117,0.011701428571428814,True,True
P04_L300,P04,P04_L300_T004_A01,P04_L300_T004,9,38,128,0.005825071428571566,True,True
P04_L300,P04,P04_L300_T004_A01,P04_L300_T004,10,42,146,0.013344500000000186,True,True
P04_L300,P04,P04_L300_T004_A02,P04_L300_T004,1,8,23,0.006918285714285765,False,True
P04_L300,P04,P04_L300_T004_A02,P04_L300_T004,2,12,45,0.015848857142857536,False,True
P04_L300,P04,P04_L300_T004_A02,P04_L300_T004,3,22,84,0.0019551428571430913,True,True
P04_L300,P04,P04_L300_T004_A02,P04_L300_T004,4,26,103,0.00447900000000009,True,True
P04_L300,P04,P04_L300_T004_A02,P04_L300_T004,5,29,147,0.0022296428571433324,True,True
P04_L300,P04,P04_L300_T004_A02,P04_L300_T004,6,34,155,0.011701285714286032,True,True
P04_L300,P04,P04_L300_T004_A02,P04_L300_T004,7,37,160,0.005824999999999778,True,True
P04_L300,P04,P04_L300_T004_A02,P04_L300_T004,8,41,166,0.013344285714285618,True,True
P04_L300,P04,P04_L300_T004_A02,P04_L300_T004,9,42,179,0.006642857142857045,True,True
P04_L300,P04,P04_L300_T004_A02,P04_L300_T004,10,46,184,0.015217928571428388,True,True
P04_L300,P04,P04_L300_T004_A03,P04_L300_T004,1,9,30,0.006918285714285765,False,True
P04_L300,P04,P04_L300_T004_A03,P04_L300_T004,2,13,43,0.015848857142857536,False,True
P04_L300,P04,P04_L300_T004_A03,P04_L300_T004,3,15,55,0.007889642857142727,True,True
P04_L300,P04,P04_L300_T004_A03,P04_L300_T004,4,19,78,0.018074142857143243,True,True
P04_L300,P04,P04_L300_T004_A03,P04_L300_T004,5,23,106,0.008997428571428616,True,True
P04_L300,P04,P04_L300_T004_A03,P04_L300_T004,6,27,112,0.020611928571429013,True,True
P04_L300,P04,P04_L300_T004_A03,P04_L300_T004,7,34,130,0.005107857142856918,True,True
P04_L300,P04,P04_L300_T004_A03,P04_L300_T004,8,38,137,0.011701428571428814,True,True
P04_L300,P04,P04_L300_T004_A03,P04_L300_T004,9,39,139,0.005825071428571566,True,True
P04_L300,P04,P04_L300_T004_A03,P04_L300_T004,10,43,169,0.013344500000000186,True,True
P04_L300,P04,P04_L300_T004_A04,P04_L300_T004,1,11,56,0.003443928571428278,False,True
P04_L300,P04,P04_L300_T004_A04,P04_L300_T004,2,15,64,0.007889571428571733,False,True
P04_L300,P04,P04_L300_T004_A04,P04_L300_T004,3,18,79,0.003927499999999734,False,True
P04_L300,P04,P04_L300_T004_A04,P04_L300_T004,4,26,105,0.047218857142857146,True,True
P04_L300,P04,P04_L300_T004_A04,P04_L300_T004,5,35,144,0.005824999999999778,True,True
P04_L300,P04,P04_L300_T004_A04,P04_L300_T004,6,39,161,0.013344285714285618,True,True
P04_L300,P04,P04_L300_T004_A04,P04_L300_T004,7,46,175,0.0033068571428572302,True,True
P04_L300,P04,P04_L300_T004_A04,P04_L300_T004,8,51,185,0.01735464285714329,True,True
P04_L300,P04,P04_L300_T004_A04,P04_L300_T004,9,57,194,0.004300642857142854,True,True
P04_L300,P04,P04_L300_T004_A04,P04_L300_T004,10,62,199,0.022570142857143108,True,True
P04_L300,P04,P04_L300_T004_A04,P04_L300_T004,11,65,202,0.011235571428571836,True,True
P04_L370,P04,P04_L370_T001_A01,P04_L370_T001,1,10,39,0.007889800000000495,False,True
P04_L370,P04,P04_L370_T001_A01,P04_L370_T001,2,14,59,0.018074400000001028,False,True
P04_L370,P04,P04_L370_T001_A01,P04_L370_T001,3,19,83,0.004479000000001672,True,True
P04_L370,P04,P04_L370_T001_A01,P04_L370_T001,4,24,97,0.02350620000000079,True,True
P04_L370,P04,P04_L370_T001_A01,P04_L370_T001,5,31,124,0.005825200000000303,True,True
P04_L370,P04,P04_L370_T001_A01,P04_L370_T001,6,35,128,0.013344800000001366,True,True
P04_L370,P04,P04_L370_T001_A01,P04_L370_T001,7,36,138,0.006643200000000509,True,True
P04_L370,P04,P04_L370_T001_A01,P04_L370_T001,8,40,144,0.015218599999999846,True,True
P04_L370,P04,P04_L370_T001_A01,P04_L370_T001,9,42,147,0.007576000000000242,True,True
P04_L370,P04,P04_L370_T001_A01,P04_L370_T001,10,49,163,0.03975940000000119,True,True
P04_L370,P04,P04_L370_T001_A02,P04_L370_T001,1,7,30,0.0158490000000011,False,True
P04_L370,P04,P04_L370_T001_A02,P04_L370_T001,2,11,42,0.036308000000000416,False,True
P04_L370,P04,P04_L370_T001_A02,P04_L370_T001,3,15,51,0.018074400000001028,True,True
P04_L370,P04,P04_L370_T001_A02,P04_L370_T001,4,19,65,0.041406000000001573,True,True
P04_L370,P04,P04_L370_T001_A02,P04_L370_T001,5,22,80,0.02061220000000084,True,True
P04_L370,P04,P04_L370_T001_A02,P04_L370_T001,6,26,92,0.0472198000000001,True,True
P04_L370,P04,P04_L370_T001_A02,P04_L370_T001,7,27,98,0.02350620000000079,True,True
P04_L370,P04,P04_L370_T001_A02,P04_L370_T001,8,32,105,0.12336239999999987,True,True
P04_L370,P04,P04_L370_T001_A02,P04_L370_T001,9,46,167,0.007575800000001458,True,True
P04_L370,P04,P04_L370_T001_A02,P04_L370_T001,10,52,179,0.0397584000000006,True,True
P04_L370,P04,P04_L370_T001_A03,P04_L370_T001,1,13,41,0.007889800000000495,False,True
P04_L370,P04,P04_L370_T001_A03,P04_L370_T001,2,17,55,0.018074400000001028,False,True
P04_L370,P04,P04_L370_T001_A03,P04_L370_T001,3,18,56,0.008997600000000263,True,True
P04_L370,P04,P04_L370_T001_A03,P04_L370_T001,4,22,67,0.020612400000001845,True,True
P04_L370,P04,P04_L370_T001_A03,P04_L370_T001,5,28,95,0.00510800000000033,True,True
P04_L370,P04,P04_L370_T001_A03,P04_L370_T001,6,32,121,0.011701800000001306,True,True
P04_L370,P04,P04_L370_T001_A03,P04_L370_T001,7,34,156,0.005825200000000303,True,True
P04_L370,P04,P04_L370_T001_A03,P04_L370_T001,8,38,165,0.013344800000001366,True,True
P04_L370,P04,P04_L370_T001_A03,P04_L370_T001,9,45,189,0.003307000000001278,True,True
P04_L370,P04,P04_L370_T001_A03,P04_L370_T001,10,49,200,0.007575800000001458,True,True
P04_L370,P04,P04_L370_T001_A04,P04_L370_T001,1,12,71,0.007889800000000495,False,True
P04_L370,P04,P04_L370_T001_A04,P04_L370_T001,2,16,75,0.018074400000001028,False,True
P04_L370,P04,P04_L370_T001_A04,P04_L370_T001,3,23,117,0.004479000000001672,True,True
P04_L370,P04,P04_L370_T001_A04,P04_L370_T001,4,27,136,0.010260800000001504,True,True
P04_L370,P04,P04_L370_T001_A04,P04_L370_T001,5,30,151,0.005107800000001546,True,True
P04_L370,P04,P04_L370_T001_A04,P04_L370_T001,6,35,174,0.026806000000001416,True,True
P04_L370,P04,P04_L370_T001_A04,P04_L370_T001,7,38,184,0.013344200000000571,True,True
P04_L370,P04,P04_L370_T001_A04,P04_L370_T001,8,42,193,0.03056979999999984,True,True
P04_L370,P04,P04_L370_T001_A04,P04_L370_T001,9,48,203,0.007575600000000453,True,True
P04_L370,P04,P04_L370_T001_A04,P04_L370_T001,10,52,207,0.017354600000001316,True,True
P04_L370,P04,P04_L370_T002_A01,P04_L370_T002,1,8,49,0.0158490000000011,False,True
P04_L370,P04,P04_L370_T002_A01,P04_L370_T002,2,15,79,0.08317679999999987,False,True
P04_L370,P04,P04_L370_T002_A01,P04_L370_T002,3,22,102,0.020611999999999835,True,True
P04_L370,P04,P04_L370_T002_A01,P04_L370_T002,4,26,124,0.047219400000000314,True,True
P04_L370,P04,P04_L370_T002_A01,P04_L370_T002,5,27,128,0.023505999999999784,True,True
P04_L370,P04,P04_L370_T002_A01,P04_L370_T002,6,31,143,0.053849200000000104,True,True
P04_L370,P04,P04_L370_T002_A01,P04_L370_T002,7,32,146,0.026806400000001205,True,True
P04_L370,P04,P04_L370_T002_A01,P04_L370_T002,8,36,150,0.061410000000001685,True,True
P04_L370,P04,P04_L370_T002_A01,P04_L370_T002,9,42,175,0.015218000000001272,True,True
P04_L370,P04,P04_L370_T002_A01,P04_L370_T002,10,46,184,0.03486240000000193,True,True
P04_L370,P04,P04_L370_T002_A02,P04_L370_T002,1,10,25,0.007889800000000495,False,True
P04_L370,P04,P04_L370_T002_A02,P04_L370_T002,2,14,34,0.018074400000001028,False,True
P04_L370,P04,P04_L370_T002_A02,P04_L370_T002,3,24,59,0.002229600000001051,True,True
P04_L370,P04,P04_L370_T002_A02,P04_L370_T002,4,32,89,0.011701200000000512,True,True
P04_L370,P04,P04_L370_T002_A02,P04_L370_T002,5,34,98,0.005825000000001518,True,True
P04_L370,P04,P04_L370_T002_A02,P04_L370_T002,6,38,125,0.013344400000001576,True,True
P04_L370,P04,P04_L370_T002_A02,P04_L370_T002,7,40,127,0.006643000000001725,True,True
P04_L370,P04,P04_L370_T002_A02,P04_L370_T002,8,44,160,0.015218200000000057,True,True
P04_L370,P04,P04_L370_T002_A02,P04_L370_T002,9,49,181,0.003771200000000082,True,True
P04_L370,P04,P04_L370_T002_A02,P04_L370_T002,10,54,195,0.019791800000001896,True,True
P04_L370,P04,P04_L370_T002_A03,P04_L370_T002,1,12,48,0.007889800000000495,False,True
P04_L370,P04,P04_L370_T002_A03,P04_L370_T002,2,16,62,0.018074400000001028,False,True
P04_L370,P04,P04_L370_T002_A03,P04_L370_T002,3,17,65,0.008997600000000263,True,True
P04_L370,P04,P04_L370_T002_A03,P04_L370_T002,4,21,73,0.020612400000001845,True,True
P04_L370,P04,P04_L370_T002_A03,P04_L370_T002,5,26,101,0.00510800000000033,True,True
P04_L370,P04,P04_L370_T002_A03,P04_L370_T002,6,31,114,0.026807200000000784,True,True
P04_L370,P04,P04_L370_T002_A03,P04_L370_T002,7,37,122,0.006643200000000509,True,True
P04_L370,P04,P04_L370_T002_A03,P04_L370_T002,8,41,132,0.015218599999999846,True,True
P04_L370,P04,P04_L370_T002_A03,P04_L370_T002,9,44,144,0.007576000000000242,True,True
P04_L370,P04,P04_L370_T002_A03,P04_L370_T002,10,48,156,0.0173556000000019,True,True
P04_L370,P04,P04_L370_T002_A04,P04_L370_T002,1,15,76,0.003927599999999917,False,True
P04_L370,P04,P04_L370_T002_A04,P04_L370_T002,2,23,118,0.020612400000001845,False,True
P04_L370,P04,P04_L370_T002_A04,P04_L370_T002,3,28,145,0.00510800000000033,False,True
P04_L370,P04,P04_L370_T002_A04,P04_L370_T002,4,32,164,0.011701800000001306,False,True
P04_L370,P04,P04_L370_T002_A04,P04_L370_T002,5,33,166,0.005825200000000303,True,True
P04_L370,P04,P04_L370_T002_A04,P04_L370_T002,6,37,171,0.013344800000001366,True,True
P04_L370,P04,P04_L370_T002_A04,P04_L370_T002,7,38,180,0.006643200000000509,True,True
P04_L370,P04,P04_L370_T002_A04,P04_L370_T002,8,42,193,0.015218599999999846,True,True
P04_L370,P04,P04_L370_T002_A04,P04_L370_T002,9,43,196,0.007576000000000242,True,True
P04_L370,P04,P04_L370_T002_A04,P04_L370_T002,10,47,200,0.0173556000000019,True,True
P04_L370,P04,P04_L370_T002_A04,P04_L370_T002,11,48,203,0.008639800000000968,True,True
P04_L370,P04,P04_L370_T002_A04,P04_L370_T002,12,52,207,0.019792600000001475,True,True
P04_L370,P04,P04_L370_T003_A01,P04_L370_T003,1,10,28,0.007889800000000495,False,True
P04_L370,P04,P04_L370_T003_A01,P04_L370_T003,2,14,42,0.018074400000001028,False,True
P04_L370,P04,P04_L370_T003_A01,P04_L370_T003,3,21,74,0.004479000000001672,True,True
P04_L370,P04,P04_L370_T003_A01,P04_L370_T003,4,27,115,0.02350620000000079,True,True
P04_L370,P04,P04_L370_T003_A01,P04_L370_T003,5,30,128,0.011701600000000301,True,True
P04_L370,P04,P04_L370_T003_A01,P04_L370_T003,6,34,137,0.026806800000000994,True,True
P04_L370,P04,P04_L370_T003_A01,P04_L370_T003,7,36,143,0.01334460000000036,True,True
P04_L370,P04,P04_L370_T003_A01,P04_L370_T003,8,41,168,0.0700336000000012,True,True
P04_L370,P04,P04_L370_T003_A01,P04_L370_T003,9,49,181,0.01735519999999989,True,True
P04_L370,P04,P04_L370_T003_A01,P04_L370_T003,10,55,196,0.09108120000000045,True,True
P04_L370,P04,P04_L370_T003_A02,P04_L370_T003,1,8,29,0.0158490000000011,False,True
P04_L370,P04,P04_L370_T003_A02,P04_L370_T003,2,12,46,0.036308000000000416,False,True
P04_L370,P04,P04_L370_T003_A02,P04_L370_T003,3,18,62,0.008997600000000263,True,True
P04_L370,P04,P04_L370_T003_A02,P04_L370_T003,4,25,83,0.04722019999999989,True,True
P04_L370,P04,P04_L370_T003_A02,P04_L370_T003,5,27,90,0.023506400000001794,True,True
P04_L370,P04,P04_L370_T003_A02,P04_L370_T003,6,31,98,0.0538500000000019,True,True
P04_L370,P04,P04_L370_T003_A02,P04_L370_T003,7,34,107,0.026806800000000994,True,True
P04_L370,P04,P04_L370_T003_A02,P04_L370_T003,8,38,113,0.061410800000001264,True,True
P04_L370,P04,P04_L370_T003_A02,P04_L370_T003,9,43,139,0.015218200000000057,True,True
P04_L370,P04,P04_L370_T003_A02,P04_L370_T003,10,47,149,0.03486280000000172,True,True
P04_L370,P04,P04_L370_T003_A03,P04_L370_T003,1,13,65,0.007889800000000495,False,True
P04_L370,P04,P04_L370_T003_A03,P04_L370_T003,2,17,87,0.018074400000001028,False,True
P04_L370,P04,P04_L370_T003_A03,P04_L370_T003,3,23,125,0.004479000000001672,True,True
P04_L370,P04,P04_L370_T003_A03,P04_L370_T003,4,27,140,0.010260800000001504,True,True
P04_L370,P04,P04_L370_T003_A03,P04_L370_T003,5,28,144,0.005107800000001546,True,True
P04_L370,P04,P04_L370_T003_A03,P04_L370_T003,6,34,166,0.026806000000001416,True,True
P04_L370,P04,P04_L370_T003_A03,P04_L370_T003,7,40,189,0.00664280000000072,True,True
P04_L370,P04,P04_L370_T003_A03,P04_L370_T003,8,44,203,0.015217800000000267,True,True
P04_L370,P04,P04_L370_T003_A03,P04_L370_T003,9,46,208,0.007575600000000453,True,True
P04_L370,P04,P04_L370_T003_A03,P04_L370_T003,10,50,212,0.017354600000001316,True,True
P04_L370,P04,P04_L370_T003_A04,P04_L370_T003,1,12,48,0.007889800000000495,False,True
P04_L370,P04,P04_L370_T003_A04,P04_L370_T003,2,16,60,0.018074400000001028,False,True
P04_L370,P04,P04_L370_T003_A04,P04_L370_T003,3,19,80,0.008997600000000263,True,True
P04_L370,P04,P04_L370_T003_A04,P04_L370_T003,4,23,86,0.020612400000001845,True,True
P04_L370,P04,P04_L370_T003_A04,P04_L370_T003,5,30,114,0.00510800000000033,True,True
P04_L370,P04,P04_L370_T003_A04,P04_L370_T003,6,34,123,0.011701800000001306,True,True
P04_L370,P04,P04_L370_T003_A04,P04_L370_T003,7,35,124,0.005825200000000303,True,True
P04_L370,P04,P04_L370_T003_A04,P04_L370_T003,8,39,154,0.013344800000001366,True,True
P04_L370,P04,P04_L370_T003_A04,P04_L370_T003,9,46,186,0.003307000000001278,True,True
P04_L370,P04,P04_L370_T003_A04,P04_L370_T003,10,51,200,0.01735519999999989,True,True
P04_L370,P04,P04_L370_T004_A01,P04_L370_T004,1,14,60,0.003927599999999917,False,True
P04_L370,P04,P04_L370_T004_A01,P04_L370_T004,2,20,79,0.020612400000001845,False,True
P04_L370,P04,P04_L370_T004_A01,P04_L370_T004,3,26,114,0.00510800000000033,True,True
P04_L370,P04,P04_L370_T004_A01,P04_L370_T004,4,32,161,0.026807200000000784,True,True
P04_L370,P04,P04_L370_T004_A01,P04_L370_T004,5,38,177,0.006643200000000509,True,True
P04_L370,P04,P04_L370_T004_A01,P04_L370_T004,6,42,185,0.015218599999999846,True,True
P04_L370,P04,P04_L370_T004_A01,P04_L370_T004,7,46,195,0.007576000000000242,True,True
P04_L370,P04,P04_L370_T004_A01,P04_L370_T004,8,50,209,0.0173556000000019,True,True
P04_L370,P04,P04_L370_T004_A01,P04_L370_T004,9,53,214,0.008639800000000968,True,True
P04_L370,P04,P04_L370_T004_A01,P04_L370_T004,10,57,218,0.019792600000001475,True,True
P04_L370,P04,P04_L370_T004_A02,P04_L370_T004,1,7,13,0.0158490000000011,False,True
P04_L370,P04,P04_L370_T004_A02,P04_L370_T004,2,11,36,0.036308000000000416,False,True
P04_L370,P04,P04_L370_T004_A02,P04_L370_T004,3,19,58,0.008997600000000263,True,True
P04_L370,P04,P04_L370_T004_A02,P04_L370_T004,4,25,88,0.04722019999999989,True,True
P04_L370,P04,P04_L370_T004_A02,P04_L370_T004,5,28,95,0.023506400000001794,True,True
P04_L370,P04,P04_L370_T004_A02,P04_L370_T004,6,32,104,0.0538500000000019,True,True
P04_L370,P04,P04_L370_T004_A02,P04_L370_T004,7,38,113,0.01334460000000036,True,True
P04_L370,P04,P04_L370_T004_A02,P04_L370_T004,8,42,126,0.030570800000000425,True,True
P04_L370,P04,P04_L370_T004_A02,P04_L370_T004,9,48,172,0.007575800000001458,True,True
P04_L370,P04,P04_L370_T004_A02,P04_L370_T004,10,52,183,0.01735519999999989,True,True
P04_L370,P04,P04_L370_T004_A03,P04_L370_T004,1,11,45,0.007889800000000495,False,True
P04_L370,P04,P04_L370_T004_A03,P04_L370_T004,2,15,51,0.018074400000001028,False,True
P04_L370,P04,P04_L370_T004_A03,P04_L370_T004,3,20,64,0.004479000000001672,False,True
P04_L370,P04,P04_L370_T004_A03,P04_L370_T004,4,27,90,0.02350620000000079,True,True
P04_L370,P04,P04_L370_T004_A03,P04_L370_T004,5,32,124,0.005825200000000303,True,True
P04_L370,P04,P04_L370_T004_A03,P04_L370_T004,6,39,140,0.030571200000000215,True,True
P04_L370,P04,P04_L370_T004_A03,P04_L370_T004,7,47,157,0.007576000000000242,True,True
P04_L370,P04,P04_L370_T004_A03,P04_L370_T004,8,54,201,0.03975940000000119,True,True
P04_L370,P04,P04_L370_T004_A03,P04_L370_T004,9,66,226,0.004904800000000704,True,True
P04_L370,P04,P04_L370_T004_A03,P04_L370_T004,10,70,230,0.011236199999999908,True,True
P04_L370,P04,P04_L370_T004_A03,P04_L370_T004,11,72,232,0.005593400000001298,True,True
P04_L370,P04,P04_L370_T004_A04,P04_L370_T004,1,9,53,0.0158490000000011,False,True
P04_L370,P04,P04_L370_T004_A04,P04_L370_T004,2,14,73,0.08317679999999987,False,True
P04_L370,P04,P04_L370_T004_A04,P04_L370_T004,3,21,111,0.020611999999999835,True,True
P04_L370,P04,P04_L370_T004_A04,P04_L370_T004,4,25,121,0.047219400000000314,True,True
P04_L370,P04,P04_L370_T004_A04,P04_L370_T004,5,32,141,0.011701400000001517,True,True
P04_L370,P04,P04_L370_T004_A04,P04_L370_T004,6,36,150,0.026806400000001205,True,True
P04_L370,P04,P04_L370_T004_A04,P04_L370_T004,7,37,165,0.013344400000001576,True,True
P04_L370,P04,P04_L370_T004_A04,P04_L370_T004,8,41,171,0.03057020000000185,True,True
P04_L370,P04,P04_L370_T004_A04,P04_L370_T004,9,42,178,0.015218000000001272,True,True
P04_L370,P04,P04_L370_T004_A04,P04_L370_T004,10,46,198,0.03486240000000193,True,True
