condition_id,participant_id,source_id,source_key,source_value
P01_L010,P01,P01_L010_M001,distance_To_Monitor,1.0
P01_L010,P01,P01_L010_M001,win_widthy_Pixel,2560
P01_L010,P01,P01_L010_M001,win_widthx_Pixel,1440
P01_L010,P01,P01_L010_M001,win_widthy_Meter,0.3353
P01_L010,P01,P01_L010_M001,win_widthx_Meter,0.5962
P01_L010,P01,P01_L010_M001,Pixel Per Inch,164
P01_L010,P01,P01_L010_M001,Pixel width (m),0.00023289062499999997
P01_L010,P01,P01_L010_M001,Pixel Pitch (mm),0.155*0.155
P01_L010,P01,P01_L010_M001,bkg_intensity,0.189
P01_L010,P01,P01_L010_M001,max_intensity,1.0
P01_L010,P01,P01_L010_M001,time_Stimulus,250
P01_L010,P01,P01_L010_M001,reversalN,0.0
P01_L010,P01,P01_L010_M001,rateDW,0.5
P01_L010,P01,P01_L010_M001,correctTick,0
P01_L010,P01,P01_L010_M001,count_Reversals,0
P01_L010,P01,P01_L010_M001,probe_LR,0
P01_L010,P01,P01_L010_M001,human_LR,0
P01_L010,P01,P01_L010_M001,posY,0
P01_L010,P01,P01_L010_M001,rateUP,0.5
P01_L010,P01,P01_L010_M001,probe_pos (m),0.0
P01_L010,P01,P01_L010_M001,text,-1
P01_L010,P01,P01_L010_M001,reversePOINT,1
P01_L010,P01,P01_L010_M001,trialPOINT,8
P01_L010,P01,P01_L010_M001,nDW,4
P01_L010,P01,P01_L010_M001,nUP,1
P01_L010,P01,P01_L010_M001,start_weber_Contrast,1.0
P01_L010,P01,P01_L010_M001,number_trials,80
P01_L010,P01,P01_L010_M001,terminationINDEX,9
P01_L010,P01,P01_L010_M001,stepDWUP,0.005
P01_L010,P01,P01_L010_M001,logUNIT_UP,0.36
P01_L010,P01,P01_L010_M001,logUNIT_DW,0.30294
P01_L010,P01,P01_L010_M001,condRule,2
P01_L010,P01,P01_L010_M001,preReversalStepDW,0.36
P01_L010,P01,P01_L010_M001,Reversal_or_Trial,1
P01_L010,P01,P01_L010_M001,limit_Trial_Run,100
P01_L010,P01,P01_L010_M001,max_monitor_cdm2,400
P01_L010,P01,P01_L010_M001,bkg_monitor_cdm2,10.0
P01_L010,P01,P01_L010_M001,width,374.94805047229414
P01_L010,P01,P01_L010_M001,fs,47.25
P01_L010,P01,P01_L010_M001,ph,0.0
P01_L010,P01,P01_L010_M001,speed,0.0
P01_L010,P01,P01_L010_M001,contr,0.018
P01_L010,P01,P01_L010_M001,theta,0.0
P01_L010,P01,P01_L010_M001,bg,0.189
P01_L010,P01,P01_L010_M001,box,False
P01_L010,P01,P01_L010_M001,Lbg,25
P01_L010,P01,P01_L010_M001,Lmin,0.0
P01_L010,P01,P01_L010_M001,Lmax,25
P01_L010,P01,P01_L010_M001,gamma,0.0
P01_L010,P01,P01_L010_M001,BRTRR,1.2
P01_L010,P01,P01_L010_M001,flanker_width,5.0
P01_L010,P01,P01_L010_M001,flanker_displacement,3.0
P01_L010,P01,P01_L010_M001,probe_displacement_dx,0.4
P01_L010,P01,P01_L010_M001,probe_displacement_dy,0.2
P01_L010,P01,P01_L010_M001,pixel_metre_ratio,0.00023289062499999997
P01_L010,P01,P01_L010_M001,SdeX,0.05
P01_L010,P01,P01_L010_M001,Sdey,0.05
P01_L010,P01,P01_L010_M001,Probe_Height_Deg,0.13343643869556676
P01_L010,P01,P01_L010_M001,Probe_width_Deg,0.013343649840352816
P01_L010,P01,P01_L010_M002,distance_To_Monitor,1.0
P01_L010,P01,P01_L010_M002,win_widthy_Pixel,2560
P01_L010,P01,P01_L010_M002,win_widthx_Pixel,1440
P01_L010,P01,P01_L010_M002,win_widthy_Meter,0.3353
P01_L010,P01,P01_L010_M002,win_widthx_Meter,0.5962
P01_L010,P01,P01_L010_M002,Pixel Per Inch,164
P01_L010,P01,P01_L010_M002,Pixel width (m),0.00023289062499999997
P01_L010,P01,P01_L010_M002,Pixel Pitch (mm),0.155*0.155
P01_L010,P01,P01_L010_M002,bkg_intensity,0.189
P01_L010,P01,P01_L010_M002,max_intensity,1.0
P01_L010,P01,P01_L010_M002,time_Stimulus,250
P01_L010,P01,P01_L010_M002,reversalN,0.0
P01_L010,P01,P01_L010_M002,rateDW,0.5
P01_L010,P01,P01_L010_M002,correctTick,0
P01_L010,P01,P01_L010_M002,count_Reversals,0
P01_L010,P01,P01_L010_M002,probe_LR,0
P01_L010,P01,P01_L010_M002,human_LR,0
P01_L010,P01,P01_L010_M002,posY,0
P01_L010,P01,P01_L010_M002,rateUP,0.5
P01_L010,P01,P01_L010_M002,probe_pos (m),0.0
P01_L010,P01,P01_L010_M002,text,-1
P01_L010,P01,P01_L010_M002,reversePOINT,1
P01_L010,P01,P01_L010_M002,trialPOINT,8
P01_L010,P01,P01_L010_M002,nDW,4
P01_L010,P01,P01_L010_M002,nUP,1
P01_L010,P01,P01_L010_M002,start_weber_Contrast,1.0
P01_L010,P01,P01_L010_M002,number_trials,80
P01_L010,P01,P01_L010_M002,terminationINDEX,9
P01_L010,P01,P01_L010_M002,stepDWUP,0.005
P01_L010,P01,P01_L010_M002,logUNIT_UP,0.36
P01_L010,P01,P01_L010_M002,logUNIT_DW,0.30294
P01_L010,P01,P01_L010_M002,condRule,2
P01_L010,P01,P01_L010_M002,preReversalStepDW,0.36
P01_L010,P01,P01_L010_M002,Reversal_or_Trial,1
P01_L010,P01,P01_L010_M002,limit_Trial_Run,100
P01_L010,P01,P01_L010_M002,max_monitor_cdm2,400
P01_L010,P01,P01_L010_M002,bkg_monitor_cdm2,10.0
P01_L010,P01,P01_L010_M002,width,374.94805047229414
P01_L010,P01,P01_L010_M002,fs,94.5
P01_L010,P01,P01_L010_M002,ph,0.0
P01_L010,P01,P01_L010_M002,speed,0.0
P01_L010,P01,P01_L010_M002,contr,0.018
P01_L010,P01,P01_L010_M002,theta,0.0
P01_L010,P01,P01_L010_M002,bg,0.189
P01_L010,P01,P01_L010_M002,box,False
P01_L010,P01,P01_L010_M002,Lbg,25
P01_L010,P01,P01_L010_M002,Lmin,0.0
P01_L010,P01,P01_L010_M002,Lmax,25
P01_L010,P01,P01_L010_M002,gamma,0.0
P01_L010,P01,P01_L010_M002,BRTRR,1.2
P01_L010,P01,P01_L010_M002,flanker_width,5.0
P01_L010,P01,P01_L010_M002,flanker_displacement,3.0
P01_L010,P01,P01_L010_M002,probe_displacement_dx,0.4
P01_L010,P01,P01_L010_M002,probe_displacement_dy,0.2
P01_L010,P01,P01_L010_M002,pixel_metre_ratio,0.00023289062499999997
P01_L010,P01,P01_L010_M002,SdeX,0.05
P01_L010,P01,P01_L010_M002,Sdey,0.05
P01_L010,P01,P01_L010_M002,Probe_Height_Deg,0.13343643869556676
P01_L010,P01,P01_L010_M002,Probe_width_Deg,0.013343649840352816
P01_L010,P01,P01_L010_M003,distance_To_Monitor,1.0
P01_L010,P01,P01_L010_M003,win_widthy_Pixel,2560
P01_L010,P01,P01_L010_M003,win_widthx_Pixel,1440
P01_L010,P01,P01_L010_M003,win_widthy_Meter,0.3353
P01_L010,P01,P01_L010_M003,win_widthx_Meter,0.5962
P01_L010,P01,P01_L010_M003,Pixel Per Inch,164
P01_L010,P01,P01_L010_M003,Pixel width (m),0.00023289062499999997
P01_L010,P01,P01_L010_M003,Pixel Pitch (mm),0.155*0.155
P01_L010,P01,P01_L010_M003,bkg_intensity,0.189
P01_L010,P01,P01_L010_M003,max_intensity,1.0
P01_L010,P01,P01_L010_M003,time_Stimulus,250
P01_L010,P01,P01_L010_M003,reversalN,0.0
P01_L010,P01,P01_L010_M003,rateDW,0.5
P01_L010,P01,P01_L010_M003,correctTick,0
P01_L010,P01,P01_L010_M003,count_Reversals,0
P01_L010,P01,P01_L010_M003,probe_LR,0
P01_L010,P01,P01_L010_M003,human_LR,0
P01_L010,P01,P01_L010_M003,posY,0
P01_L010,P01,P01_L010_M003,rateUP,0.5
P01_L010,P01,P01_L010_M003,probe_pos (m),0.0
P01_L010,P01,P01_L010_M003,text,-1
P01_L010,P01,P01_L010_M003,reversePOINT,1
P01_L010,P01,P01_L010_M003,trialPOINT,8
P01_L010,P01,P01_L010_M003,nDW,4
P01_L010,P01,P01_L010_M003,nUP,1
P01_L010,P01,P01_L010_M003,start_weber_Contrast,1.0
P01_L010,P01,P01_L010_M003,number_trials,80
P01_L010,P01,P01_L010_M003,terminationINDEX,9
P01_L010,P01,P01_L010_M003,stepDWUP,0.005
P01_L010,P01,P01_L010_M003,logUNIT_UP,0.36
P01_L010,P01,P01_L010_M003,logUNIT_DW,0.30294
P01_L010,P01,P01_L010_M003,condRule,2
P01_L010,P01,P01_L010_M003,preReversalStepDW,0.36
P01_L010,P01,P01_L010_M003,Reversal_or_Trial,1
P01_L010,P01,P01_L010_M003,limit_Trial_Run,100
P01_L010,P01,P01_L010_M003,max_monitor_cdm2,400
P01_L010,P01,P01_L010_M003,bkg_monitor_cdm2,10.0
P01_L010,P01,P01_L010_M003,width,374.94805047229414
P01_L010,P01,P01_L010_M003,fs,94.5
P01_L010,P01,P01_L010_M003,ph,0.0
P01_L010,P01,P01_L010_M003,speed,0.0
P01_L010,P01,P01_L010_M003,contr,0.018
P01_L010,P01,P01_L010_M003,theta,0.0
P01_L010,P01,P01_L010_M003,bg,0.189
P01_L010,P01,P01_L010_M003,box,False
P01_L010,P01,P01_L010_M003,Lbg,25
P01_L010,P01,P01_L010_M003,Lmin,0.0
P01_L010,P01,P01_L010_M003,Lmax,25
P01_L010,P01,P01_L010_M003,gamma,0.0
P01_L010,P01,P01_L010_M003,BRTRR,1.2
P01_L010,P01,P01_L010_M003,flanker_width,5.0
P01_L010,P01,P01_L010_M003,flanker_displacement,3.0
P01_L010,P01,P01_L010_M003,probe_displacement_dx,0.4
P01_L010,P01,P01_L010_M003,probe_displacement_dy,0.2
P01_L010,P01,P01_L010_M003,pixel_metre_ratio,0.00023289062499999997
P01_L010,P01,P01_L010_M003,SdeX,0.05
P01_L010,P01,P01_L010_M003,Sdey,0.05
P01_L010,P01,P01_L010_M003,Probe_Height_Deg,0.13343643869556676
P01_L010,P01,P01_L010_M003,Probe_width_Deg,0.013343649840352816
P01_L010,P01,P01_L010_M004,distance_To_Monitor,1.0
P01_L010,P01,P01_L010_M004,win_widthy_Pixel,2560
P01_L010,P01,P01_L010_M004,win_widthx_Pixel,1440
P01_L010,P01,P01_L010_M004,win_widthy_Meter,0.3353
P01_L010,P01,P01_L010_M004,win_widthx_Meter,0.5962
P01_L010,P01,P01_L010_M004,Pixel Per Inch,164
P01_L010,P01,P01_L010_M004,Pixel width (m),0.00023289062499999997
P01_L010,P01,P01_L010_M004,Pixel Pitch (mm),0.155*0.155
P01_L010,P01,P01_L010_M004,bkg_intensity,0.189
P01_L010,P01,P01_L010_M004,max_intensity,1.0
P01_L010,P01,P01_L010_M004,time_Stimulus,250
P01_L010,P01,P01_L010_M004,reversalN,0.0
P01_L010,P01,P01_L010_M004,rateDW,0.5
P01_L010,P01,P01_L010_M004,correctTick,0
P01_L010,P01,P01_L010_M004,count_Reversals,0
P01_L010,P01,P01_L010_M004,probe_LR,0
P01_L010,P01,P01_L010_M004,human_LR,0
P01_L010,P01,P01_L010_M004,posY,0
P01_L010,P01,P01_L010_M004,rateUP,0.5
P01_L010,P01,P01_L010_M004,probe_pos (m),0.0
P01_L010,P01,P01_L010_M004,text,-1
P01_L010,P01,P01_L010_M004,reversePOINT,1
P01_L010,P01,P01_L010_M004,trialPOINT,8
P01_L010,P01,P01_L010_M004,nDW,4
P01_L010,P01,P01_L010_M004,nUP,1
P01_L010,P01,P01_L010_M004,start_weber_Contrast,1.0
P01_L010,P01,P01_L010_M004,number_trials,80
P01_L010,P01,P01_L010_M004,terminationINDEX,9
P01_L010,P01,P01_L010_M004,stepDWUP,0.005
P01_L010,P01,P01_L010_M004,logUNIT_UP,0.36
P01_L010,P01,P01_L010_M004,logUNIT_DW,0.30294
P01_L010,P01,P01_L010_M004,condRule,2
P01_L010,P01,P01_L010_M004,preReversalStepDW,0.36
P01_L010,P01,P01_L010_M004,Reversal_or_Trial,1
P01_L010,P01,P01_L010_M004,limit_Trial_Run,100
P01_L010,P01,P01_L010_M004,max_monitor_cdm2,400
P01_L010,P01,P01_L010_M004,bkg_monitor_cdm2,10.0
P01_L010,P01,P01_L010_M004,width,374.94805047229414
P01_L010,P01,P01_L010_M004,fs,94.5
P01_L010,P01,P01_L010_M004,ph,0.0
P01_L010,P01,P01_L010_M004,speed,0.0
P01_L010,P01,P01_L010_M004,contr,0.018
P01_L010,P01,P01_L010_M004,theta,0.0
P01_L010,P01,P01_L010_M004,bg,0.189
P01_L010,P01,P01_L010_M004,box,False
P01_L010,P01,P01_L010_M004,Lbg,25
P01_L010,P01,P01_L010_M004,Lmin,0.0
P01_L010,P01,P01_L010_M004,Lmax,25
P01_L010,P01,P01_L010_M004,gamma,0.0
P01_L010,P01,P01_L010_M004,BRTRR,1.2
P01_L010,P01,P01_L010_M004,flanker_width,5.0
P01_L010,P01,P01_L010_M004,flanker_displacement,3.0
P01_L010,P01,P01_L010_M004,probe_displacement_dx,0.4
P01_L010,P01,P01_L010_M004,probe_displacement_dy,0.2
P01_L010,P01,P01_L010_M004,pixel_metre_ratio,0.00023289062499999997
P01_L010,P01,P01_L010_M004,SdeX,0.05
P01_L010,P01,P01_L010_M004,Sdey,0.05
P01_L010,P01,P01_L010_M004,Probe_Height_Deg,0.13343643869556676
P01_L010,P01,P01_L010_M004,Probe_width_Deg,0.013343649840352816
P01_L010,P01,P01_L010_M005,distance_To_Monitor,1.0
P01_L010,P01,P01_L010_M005,win_widthy_Pixel,2560
P01_L010,P01,P01_L010_M005,win_widthx_Pixel,1440
P01_L010,P01,P01_L010_M005,win_widthy_Meter,0.3353
P01_L010,P01,P01_L010_M005,win_widthx_Meter,0.5962
P01_L010,P01,P01_L010_M005,Pixel Per Inch,164
P01_L010,P01,P01_L010_M005,Pixel width (m),0.00023289062499999997
P01_L010,P01,P01_L010_M005,Pixel Pitch (mm),0.155*0.155
P01_L010,P01,P01_L010_M005,bkg_intensity,0.189
P01_L010,P01,P01_L010_M005,max_intensity,1.0
P01_L010,P01,P01_L010_M005,time_Stimulus,250
P01_L010,P01,P01_L010_M005,reversalN,0.0
P01_L010,P01,P01_L010_M005,rateDW,0.5
P01_L010,P01,P01_L010_M005,correctTick,0
P01_L010,P01,P01_L010_M005,count_Reversals,0
P01_L010,P01,P01_L010_M005,probe_LR,0
P01_L010,P01,P01_L010_M005,human_LR,0
P01_L010,P01,P01_L010_M005,posY,0
P01_L010,P01,P01_L010_M005,rateUP,0.5
P01_L010,P01,P01_L010_M005,probe_pos (m),0.0
P01_L010,P01,P01_L010_M005,text,-1
P01_L010,P01,P01_L010_M005,reversePOINT,1
P01_L010,P01,P01_L010_M005,trialPOINT,8
P01_L010,P01,P01_L010_M005,nDW,4
P01_L010,P01,P01_L010_M005,nUP,1
P01_L010,P01,P01_L010_M005,start_weber_Contrast,1.0
P01_L010,P01,P01_L010_M005,number_trials,80
P01_L010,P01,P01_L010_M005,terminationINDEX,9
P01_L010,P01,P01_L010_M005,stepDWUP,0.005
P01_L010,P01,P01_L010_M005,logUNIT_UP,0.36
P01_L010,P01,P01_L010_M005,logUNIT_DW,0.30294
P01_L010,P01,P01_L010_M005,condRule,2
P01_L010,P01,P01_L010_M005,preReversalStepDW,0.36
P01_L010,P01,P01_L010_M005,Reversal_or_Trial,1
P01_L010,P01,P01_L010_M005,limit_Trial_Run,100
P01_L010,P01,P01_L010_M005,max_monitor_cdm2,400
P01_L010,P01,P01_L010_M005,bkg_monitor_cdm2,10.0
P01_L010,P01,P01_L010_M005,width,374.94805047229414
P01_L010,P01,P01_L010_M005,fs,94.5
P01_L010,P01,P01_L010_M005,ph,0.0
P01_L010,P01,P01_L010_M005,speed,0.0
P01_L010,P01,P01_L010_M005,contr,0.018
P01_L010,P01,P01_L010_M005,theta,0.0
P01_L010,P01,P01_L010_M005,bg,0.189
P01_L010,P01,P01_L010_M005,box,False
P01_L010,P01,P01_L010_M005,Lbg,25
P01_L010,P01,P01_L010_M005,Lmin,0.0
P01_L010,P01,P01_L010_M005,Lmax,25
P01_L010,P01,P01_L010_M005,gamma,0.0
P01_L010,P01,P01_L010_M005,BRTRR,1.2
P01_L010,P01,P01_L010_M005,flanker_width,5.0
P01_L010,P01,P01_L010_M005,flanker_displacement,3.0
P01_L010,P01,P01_L010_M005,probe_displacement_dx,0.4
P01_L010,P01,P01_L010_M005,probe_displacement_dy,0.2
P01_L010,P01,P01_L010_M005,pixel_metre_ratio,0.00023289062499999997
P01_L010,P01,P01_L010_M005,SdeX,0.05
P01_L010,P01,P01_L010_M005,Sdey,0.05
P01_L010,P01,P01_L010_M005,Probe_Height_Deg,0.13343643869556676
P01_L010,P01,P01_L010_M005,Probe_width_Deg,0.013343649840352816
P01_L010,P01,P01_L010_M006,distance_To_Monitor,1.0
P01_L010,P01,P01_L010_M006,win_widthy_Pixel,2560
P01_L010,P01,P01_L010_M006,win_widthx_Pixel,1440
P01_L010,P01,P01_L010_M006,win_widthy_Meter,0.3353
P01_L010,P01,P01_L010_M006,win_widthx_Meter,0.5962
P01_L010,P01,P01_L010_M006,Pixel Per Inch,164
P01_L010,P01,P01_L010_M006,Pixel width (m),0.00023289062499999997
P01_L010,P01,P01_L010_M006,Pixel Pitch (mm),0.155*0.155
P01_L010,P01,P01_L010_M006,bkg_intensity,0.189
P01_L010,P01,P01_L010_M006,max_intensity,1.0
P01_L010,P01,P01_L010_M006,time_Stimulus,250
P01_L010,P01,P01_L010_M006,reversalN,0.0
P01_L010,P01,P01_L010_M006,rateDW,0.5
P01_L010,P01,P01_L010_M006,correctTick,0
P01_L010,P01,P01_L010_M006,count_Reversals,0
P01_L010,P01,P01_L010_M006,probe_LR,0
P01_L010,P01,P01_L010_M006,human_LR,0
P01_L010,P01,P01_L010_M006,posY,0
P01_L010,P01,P01_L010_M006,rateUP,0.5
P01_L010,P01,P01_L010_M006,probe_pos (m),0.0
P01_L010,P01,P01_L010_M006,text,-1
P01_L010,P01,P01_L010_M006,reversePOINT,1
P01_L010,P01,P01_L010_M006,trialPOINT,8
P01_L010,P01,P01_L010_M006,nDW,4
P01_L010,P01,P01_L010_M006,nUP,1
P01_L010,P01,P01_L010_M006,start_weber_Contrast,1.0
P01_L010,P01,P01_L010_M006,number_trials,80
P01_L010,P01,P01_L010_M006,terminationINDEX,9
P01_L010,P01,P01_L010_M006,stepDWUP,0.005
P01_L010,P01,P01_L010_M006,logUNIT_UP,0.36
P01_L010,P01,P01_L010_M006,logUNIT_DW,0.30294
P01_L010,P01,P01_L010_M006,condRule,2
P01_L010,P01,P01_L010_M006,preReversalStepDW,0.36
P01_L010,P01,P01_L010_M006,Reversal_or_Trial,1
P01_L010,P01,P01_L010_M006,limit_Trial_Run,100
P01_L010,P01,P01_L010_M006,max_monitor_cdm2,400
P01_L010,P01,P01_L010_M006,bkg_monitor_cdm2,10.0
P01_L010,P01,P01_L010_M006,width,374.94805047229414
P01_L010,P01,P01_L010_M006,fs,94.5
P01_L010,P01,P01_L010_M006,ph,0.0
P01_L010,P01,P01_L010_M006,speed,0.0
P01_L010,P01,P01_L010_M006,contr,0.018
P01_L010,P01,P01_L010_M006,theta,0.0
P01_L010,P01,P01_L010_M006,bg,0.189
P01_L010,P01,P01_L010_M006,box,False
P01_L010,P01,P01_L010_M006,Lbg,25
P01_L010,P01,P01_L010_M006,Lmin,0.0
P01_L010,P01,P01_L010_M006,Lmax,25
P01_L010,P01,P01_L010_M006,gamma,0.0
P01_L010,P01,P01_L010_M006,BRTRR,1.2
P01_L010,P01,P01_L010_M006,flanker_width,5.0
P01_L010,P01,P01_L010_M006,flanker_displacement,3.0
P01_L010,P01,P01_L010_M006,probe_displacement_dx,0.4
P01_L010,P01,P01_L010_M006,probe_displacement_dy,0.2
P01_L010,P01,P01_L010_M006,pixel_metre_ratio,0.00023289062499999997
P01_L010,P01,P01_L010_M006,SdeX,0.05
P01_L010,P01,P01_L010_M006,Sdey,0.05
P01_L010,P01,P01_L010_M006,Probe_Height_Deg,0.13343643869556676
P01_L010,P01,P01_L010_M006,Probe_width_Deg,0.013343649840352816
P01_L010,P01,P01_L010_M007,distance_To_Monitor,1.0
P01_L010,P01,P01_L010_M007,win_widthy_Pixel,2560
P01_L010,P01,P01_L010_M007,win_widthx_Pixel,1440
P01_L010,P01,P01_L010_M007,win_widthy_Meter,0.3353
P01_L010,P01,P01_L010_M007,win_widthx_Meter,0.5962
P01_L010,P01,P01_L010_M007,Pixel Per Inch,164
P01_L010,P01,P01_L010_M007,Pixel width (m),0.00023289062499999997
P01_L010,P01,P01_L010_M007,Pixel Pitch (mm),0.155*0.155
P01_L010,P01,P01_L010_M007,bkg_intensity,0.189
P01_L010,P01,P01_L010_M007,max_intensity,1.0
P01_L010,P01,P01_L010_M007,time_Stimulus,250
P01_L010,P01,P01_L010_M007,reversalN,0.0
P01_L010,P01,P01_L010_M007,rateDW,0.5
P01_L010,P01,P01_L010_M007,correctTick,0
P01_L010,P01,P01_L010_M007,count_Reversals,0
P01_L010,P01,P01_L010_M007,probe_LR,0
P01_L010,P01,P01_L010_M007,human_LR,0
P01_L010,P01,P01_L010_M007,posY,0
P01_L010,P01,P01_L010_M007,rateUP,0.5
P01_L010,P01,P01_L010_M007,probe_pos (m),0.0
P01_L010,P01,P01_L010_M007,text,-1
P01_L010,P01,P01_L010_M007,reversePOINT,1
P01_L010,P01,P01_L010_M007,trialPOINT,8
P01_L010,P01,P01_L010_M007,nDW,4
P01_L010,P01,P01_L010_M007,nUP,1
P01_L010,P01,P01_L010_M007,start_weber_Contrast,1.0
P01_L010,P01,P01_L010_M007,number_trials,80
P01_L010,P01,P01_L010_M007,terminationINDEX,9
P01_L010,P01,P01_L010_M007,stepDWUP,0.005
P01_L010,P01,P01_L010_M007,logUNIT_UP,0.36
P01_L010,P01,P01_L010_M007,logUNIT_DW,0.30294
P01_L010,P01,P01_L010_M007,condRule,2
P01_L010,P01,P01_L010_M007,preReversalStepDW,0.36
P01_L010,P01,P01_L010_M007,Reversal_or_Trial,1
P01_L010,P01,P01_L010_M007,limit_Trial_Run,100
P01_L010,P01,P01_L010_M007,max_monitor_cdm2,400
P01_L010,P01,P01_L010_M007,bkg_monitor_cdm2,10.0
P01_L010,P01,P01_L010_M007,width,374.94805047229414
P01_L010,P01,P01_L010_M007,fs,94.5
P01_L010,P01,P01_L010_M007,ph,0.0
P01_L010,P01,P01_L010_M007,speed,0.0
P01_L010,P01,P01_L010_M007,contr,0.018
P01_L010,P01,P01_L010_M007,theta,0.0
P01_L010,P01,P01_L010_M007,bg,0.189
P01_L010,P01,P01_L010_M007,box,False
P01_L010,P01,P01_L010_M007,Lbg,25
P01_L010,P01,P01_L010_M007,Lmin,0.0
P01_L010,P01,P01_L010_M007,Lmax,25
P01_L010,P01,P01_L010_M007,gamma,0.0
P01_L010,P01,P01_L010_M007,BRTRR,1.2
P01_L010,P01,P01_L010_M007,flanker_width,5.0
P01_L010,P01,P01_L010_M007,flanker_displacement,3.0
P01_L010,P01,P01_L010_M007,probe_displacement_dx,0.4
P01_L010,P01,P01_L010_M007,probe_displacement_dy,0.2
P01_L010,P01,P01_L010_M007,pixel_metre_ratio,0.00023289062499999997
P01_L010,P01,P01_L010_M007,SdeX,0.05
P01_L010,P01,P01_L010_M007,Sdey,0.05
P01_L010,P01,P01_L010_M007,Probe_Height_Deg,0.13343643869556676
P01_L010,P01,P01_L010_M007,Probe_width_Deg,0.013343649840352816
P01_L010,P01,P01_L010_M008,distance_To_Monitor,1.0
P01_L010,P01,P01_L010_M008,win_widthy_Pixel,2560
P01_L010,P01,P01_L010_M008,win_widthx_Pixel,1440
P01_L010,P01,P01_L010_M008,win_widthy_Meter,0.3353
P01_L010,P01,P01_L010_M008,win_widthx_Meter,0.5962
P01_L010,P01,P01_L010_M008,Pixel Per Inch,164
P01_L010,P01,P01_L010_M008,Pixel width (m),0.00023289062499999997
P01_L010,P01,P01_L010_M008,Pixel Pitch (mm),0.155*0.155
P01_L010,P01,P01_L010_M008,bkg_intensity,0.189
P01_L010,P01,P01_L010_M008,max_intensity,1.0
P01_L010,P01,P01_L010_M008,time_Stimulus,250
P01_L010,P01,P01_L010_M008,reversalN,0.0
P01_L010,P01,P01_L010_M008,rateDW,0.5
P01_L010,P01,P01_L010_M008,correctTick,0
P01_L010,P01,P01_L010_M008,count_Reversals,0
P01_L010,P01,P01_L010_M008,probe_LR,0
P01_L010,P01,P01_L010_M008,human_LR,0
P01_L010,P01,P01_L010_M008,posY,0
P01_L010,P01,P01_L010_M008,rateUP,0.5
P01_L010,P01,P01_L010_M008,probe_pos (m),0.0
P01_L010,P01,P01_L010_M008,text,-1
P01_L010,P01,P01_L010_M008,reversePOINT,1
P01_L010,P01,P01_L010_M008,trialPOINT,8
P01_L010,P01,P01_L010_M008,nDW,4
P01_L010,P01,P01_L010_M008,nUP,1
P01_L010,P01,P01_L010_M008,start_weber_Contrast,1.0
P01_L010,P01,P01_L010_M008,number_trials,80
P01_L010,P01,P01_L010_M008,terminationINDEX,9
P01_L010,P01,P01_L010_M008,stepDWUP,0.005
P01_L010,P01,P01_L010_M008,logUNIT_UP,0.36
P01_L010,P01,P01_L010_M008,logUNIT_DW,0.30294
P01_L010,P01,P01_L010_M008,condRule,2
P01_L010,P01,P01_L010_M008,preReversalStepDW,0.36
P01_L010,P01,P01_L010_M008,Reversal_or_Trial,1
P01_L010,P01,P01_L010_M008,limit_Trial_Run,100
P01_L010,P01,P01_L010_M008,max_monitor_cdm2,400
P01_L010,P01,P01_L010_M008,bkg_monitor_cdm2,10.0
P01_L010,P01,P01_L010_M008,width,374.94805047229414
P01_L010,P01,P01_L010_M008,fs,47.25
P01_L010,P01,P01_L010_M008,ph,0.0
P01_L010,P01,P01_L010_M008,speed,0.0
P01_L010,P01,P01_L010_M008,contr,0.018
P01_L010,P01,P01_L010_M008,theta,0.0
P01_L010,P01,P01_L010_M008,bg,0.189
P01_L010,P01,P01_L010_M008,box,False
P01_L010,P01,P01_L010_M008,Lbg,25
P01_L010,P01,P01_L010_M008,Lmin,0.0
P01_L010,P01,P01_L010_M008,Lmax,25
P01_L010,P01,P01_L010_M008,gamma,0.0
P01_L010,P01,P01_L010_M008,BRTRR,1.2
P01_L010,P01,P01_L010_M008,flanker_width,5.0
P01_L010,P01,P01_L010_M008,flanker_displacement,3.0
P01_L010,P01,P01_L010_M008,probe_displacement_dx,0.4
P01_L010,P01,P01_L010_M008,probe_displacement_dy,0.2
P01_L010,P01,P01_L010_M008,pixel_metre_ratio,0.00023289062499999997
P01_L010,P01,P01_L010_M008,SdeX,0.05
P01_L010,P01,P01_L010_M008,Sdey,0.05
P01_L010,P01,P01_L010_M008,Probe_Height_Deg,0.13343643869556676
P01_L010,P01,P01_L010_M008,Probe_width_Deg,0.013343649840352816
P01_L020,P01,P01_L020_M001,distance_To_Monitor,1.0
P01_L020,P01,P01_L020_M001,win_widthy_Pixel,2560
P01_L020,P01,P01_L020_M001,win_widthx_Pixel,1440
P01_L020,P01,P01_L020_M001,win_widthy_Meter,0.3353
P01_L020,P01,P01_L020_M001,win_widthx_Meter,0.5962
P01_L020,P01,P01_L020_M001,Pixel Per Inch,164
P01_L020,P01,P01_L020_M001,Pixel width (m),0.00023289062499999997
P01_L020,P01,P01_L020_M001,Pixel Pitch (mm),0.155*0.155
P01_L020,P01,P01_L020_M001,bkg_intensity,0.26
P01_L020,P01,P01_L020_M001,max_intensity,1.0
P01_L020,P01,P01_L020_M001,time_Stimulus,250
P01_L020,P01,P01_L020_M001,reversalN,0.0
P01_L020,P01,P01_L020_M001,rateDW,0.5
P01_L020,P01,P01_L020_M001,correctTick,0
P01_L020,P01,P01_L020_M001,count_Reversals,0
P01_L020,P01,P01_L020_M001,probe_LR,0
P01_L020,P01,P01_L020_M001,human_LR,0
P01_L020,P01,P01_L020_M001,posY,0
P01_L020,P01,P01_L020_M001,rateUP,0.5
P01_L020,P01,P01_L020_M001,probe_pos (m),0.0
P01_L020,P01,P01_L020_M001,text,-1
P01_L020,P01,P01_L020_M001,reversePOINT,1
P01_L020,P01,P01_L020_M001,trialPOINT,8
P01_L020,P01,P01_L020_M001,nDW,4
P01_L020,P01,P01_L020_M001,nUP,1
P01_L020,P01,P01_L020_M001,start_weber_Contrast,1.0
P01_L020,P01,P01_L020_M001,number_trials,80
P01_L020,P01,P01_L020_M001,terminationINDEX,9
P01_L020,P01,P01_L020_M001,stepDWUP,0.005
P01_L020,P01,P01_L020_M001,logUNIT_UP,0.36
P01_L020,P01,P01_L020_M001,logUNIT_DW,0.30294
P01_L020,P01,P01_L020_M001,condRule,2
P01_L020,P01,P01_L020_M001,preReversalStepDW,0.36
P01_L020,P01,P01_L020_M001,Reversal_or_Trial,1
P01_L020,P01,P01_L020_M001,limit_Trial_Run,100
P01_L020,P01,P01_L020_M001,max_monitor_cdm2,400
P01_L020,P01,P01_L020_M001,bkg_monitor_cdm2,20
P01_L020,P01,P01_L020_M001,width,374.94805047229414
P01_L020,P01,P01_L020_M001,fs,47.25
P01_L020,P01,P01_L020_M001,ph,0.0
P01_L020,P01,P01_L020_M001,speed,0.0
P01_L020,P01,P01_L020_M001,contr,0.018
P01_L020,P01,P01_L020_M001,theta,0.0
P01_L020,P01,P01_L020_M001,bg,0.26
P01_L020,P01,P01_L020_M001,box,False
P01_L020,P01,P01_L020_M001,Lbg,25
P01_L020,P01,P01_L020_M001,Lmin,0.0
P01_L020,P01,P01_L020_M001,Lmax,25
P01_L020,P01,P01_L020_M001,gamma,0.0
P01_L020,P01,P01_L020_M001,BRTRR,1.2
P01_L020,P01,P01_L020_M001,flanker_width,5.0
P01_L020,P01,P01_L020_M001,flanker_displacement,3.0
P01_L020,P01,P01_L020_M001,probe_displacement_dx,0.4
P01_L020,P01,P01_L020_M001,probe_displacement_dy,0.2
P01_L020,P01,P01_L020_M001,pixel_metre_ratio,0.00023289062499999997
P01_L020,P01,P01_L020_M001,SdeX,0.05
P01_L020,P01,P01_L020_M001,Sdey,0.05
P01_L020,P01,P01_L020_M001,Probe_Height_Deg,0.13343643869556676
P01_L020,P01,P01_L020_M001,Probe_width_Deg,0.013343649840352816
P01_L020,P01,P01_L020_M002,distance_To_Monitor,1.0
P01_L020,P01,P01_L020_M002,win_widthy_Pixel,2560
P01_L020,P01,P01_L020_M002,win_widthx_Pixel,1440
P01_L020,P01,P01_L020_M002,win_widthy_Meter,0.3353
P01_L020,P01,P01_L020_M002,win_widthx_Meter,0.5962
P01_L020,P01,P01_L020_M002,Pixel Per Inch,164
P01_L020,P01,P01_L020_M002,Pixel width (m),0.00023289062499999997
P01_L020,P01,P01_L020_M002,Pixel Pitch (mm),0.155*0.155
P01_L020,P01,P01_L020_M002,bkg_intensity,0.26
P01_L020,P01,P01_L020_M002,max_intensity,1.0
P01_L020,P01,P01_L020_M002,time_Stimulus,250
P01_L020,P01,P01_L020_M002,reversalN,0.0
P01_L020,P01,P01_L020_M002,rateDW,0.5
P01_L020,P01,P01_L020_M002,correctTick,0
P01_L020,P01,P01_L020_M002,count_Reversals,0
P01_L020,P01,P01_L020_M002,probe_LR,0
P01_L020,P01,P01_L020_M002,human_LR,0
P01_L020,P01,P01_L020_M002,posY,0
P01_L020,P01,P01_L020_M002,rateUP,0.5
P01_L020,P01,P01_L020_M002,probe_pos (m),0.0
P01_L020,P01,P01_L020_M002,text,-1
P01_L020,P01,P01_L020_M002,reversePOINT,1
P01_L020,P01,P01_L020_M002,trialPOINT,8
P01_L020,P01,P01_L020_M002,nDW,4
P01_L020,P01,P01_L020_M002,nUP,1
P01_L020,P01,P01_L020_M002,start_weber_Contrast,1.0
P01_L020,P01,P01_L020_M002,number_trials,80
P01_L020,P01,P01_L020_M002,terminationINDEX,9
P01_L020,P01,P01_L020_M002,stepDWUP,0.005
P01_L020,P01,P01_L020_M002,logUNIT_UP,0.36
P01_L020,P01,P01_L020_M002,logUNIT_DW,0.30294
P01_L020,P01,P01_L020_M002,condRule,2
P01_L020,P01,P01_L020_M002,preReversalStepDW,0.36
P01_L020,P01,P01_L020_M002,Reversal_or_Trial,1
P01_L020,P01,P01_L020_M002,limit_Trial_Run,100
P01_L020,P01,P01_L020_M002,max_monitor_cdm2,400
P01_L020,P01,P01_L020_M002,bkg_monitor_cdm2,20
P01_L020,P01,P01_L020_M002,width,374.94805047229414
P01_L020,P01,P01_L020_M002,fs,47.25
P01_L020,P01,P01_L020_M002,ph,0.0
P01_L020,P01,P01_L020_M002,speed,0.0
P01_L020,P01,P01_L020_M002,contr,0.018
P01_L020,P01,P01_L020_M002,theta,0.0
P01_L020,P01,P01_L020_M002,bg,0.26
P01_L020,P01,P01_L020_M002,box,False
P01_L020,P01,P01_L020_M002,Lbg,25
P01_L020,P01,P01_L020_M002,Lmin,0.0
P01_L020,P01,P01_L020_M002,Lmax,25
P01_L020,P01,P01_L020_M002,gamma,0.0
P01_L020,P01,P01_L020_M002,BRTRR,1.2
P01_L020,P01,P01_L020_M002,flanker_width,5.0
P01_L020,P01,P01_L020_M002,flanker_displacement,3.0
P01_L020,P01,P01_L020_M002,probe_displacement_dx,0.4
P01_L020,P01,P01_L020_M002,probe_displacement_dy,0.2
P01_L020,P01,P01_L020_M002,pixel_metre_ratio,0.00023289062499999997
P01_L020,P01,P01_L020_M002,SdeX,0.05
P01_L020,P01,P01_L020_M002,Sdey,0.05
P01_L020,P01,P01_L020_M002,Probe_Height_Deg,0.13343643869556676
P01_L020,P01,P01_L020_M002,Probe_width_Deg,0.013343649840352816
P01_L020,P01,P01_L020_M003,distance_To_Monitor,1.0
P01_L020,P01,P01_L020_M003,win_widthy_Pixel,2560
P01_L020,P01,P01_L020_M003,win_widthx_Pixel,1440
P01_L020,P01,P01_L020_M003,win_widthy_Meter,0.3353
P01_L020,P01,P01_L020_M003,win_widthx_Meter,0.5962
P01_L020,P01,P01_L020_M003,Pixel Per Inch,164
P01_L020,P01,P01_L020_M003,Pixel width (m),0.00023289062499999997
P01_L020,P01,P01_L020_M003,Pixel Pitch (mm),0.155*0.155
P01_L020,P01,P01_L020_M003,bkg_intensity,0.26
P01_L020,P01,P01_L020_M003,max_intensity,1.0
P01_L020,P01,P01_L020_M003,time_Stimulus,250
P01_L020,P01,P01_L020_M003,reversalN,0.0
P01_L020,P01,P01_L020_M003,rateDW,0.5
P01_L020,P01,P01_L020_M003,correctTick,0
P01_L020,P01,P01_L020_M003,count_Reversals,0
P01_L020,P01,P01_L020_M003,probe_LR,0
P01_L020,P01,P01_L020_M003,human_LR,0
P01_L020,P01,P01_L020_M003,posY,0
P01_L020,P01,P01_L020_M003,rateUP,0.5
P01_L020,P01,P01_L020_M003,probe_pos (m),0.0
P01_L020,P01,P01_L020_M003,text,-1
P01_L020,P01,P01_L020_M003,reversePOINT,1
P01_L020,P01,P01_L020_M003,trialPOINT,8
P01_L020,P01,P01_L020_M003,nDW,4
P01_L020,P01,P01_L020_M003,nUP,1
P01_L020,P01,P01_L020_M003,start_weber_Contrast,1.0
P01_L020,P01,P01_L020_M003,number_trials,80
P01_L020,P01,P01_L020_M003,terminationINDEX,9
P01_L020,P01,P01_L020_M003,stepDWUP,0.005
P01_L020,P01,P01_L020_M003,logUNIT_UP,0.36
P01_L020,P01,P01_L020_M003,logUNIT_DW,0.30294
P01_L020,P01,P01_L020_M003,condRule,2
P01_L020,P01,P01_L020_M003,preReversalStepDW,0.36
P01_L020,P01,P01_L020_M003,Reversal_or_Trial,1
P01_L020,P01,P01_L020_M003,limit_Trial_Run,100
P01_L020,P01,P01_L020_M003,max_monitor_cdm2,400
P01_L020,P01,P01_L020_M003,bkg_monitor_cdm2,20
P01_L020,P01,P01_L020_M003,width,374.94805047229414
P01_L020,P01,P01_L020_M003,fs,47.25
P01_L020,P01,P01_L020_M003,ph,0.0
P01_L020,P01,P01_L020_M003,speed,0.0
P01_L020,P01,P01_L020_M003,contr,0.018
P01_L020,P01,P01_L020_M003,theta,0.0
P01_L020,P01,P01_L020_M003,bg,0.26
P01_L020,P01,P01_L020_M003,box,False
P01_L020,P01,P01_L020_M003,Lbg,25
P01_L020,P01,P01_L020_M003,Lmin,0.0
P01_L020,P01,P01_L020_M003,Lmax,25
P01_L020,P01,P01_L020_M003,gamma,0.0
P01_L020,P01,P01_L020_M003,BRTRR,1.2
P01_L020,P01,P01_L020_M003,flanker_width,5.0
P01_L020,P01,P01_L020_M003,flanker_displacement,3.0
P01_L020,P01,P01_L020_M003,probe_displacement_dx,0.4
P01_L020,P01,P01_L020_M003,probe_displacement_dy,0.2
P01_L020,P01,P01_L020_M003,pixel_metre_ratio,0.00023289062499999997
P01_L020,P01,P01_L020_M003,SdeX,0.05
P01_L020,P01,P01_L020_M003,Sdey,0.05
P01_L020,P01,P01_L020_M003,Probe_Height_Deg,0.13343643869556676
P01_L020,P01,P01_L020_M003,Probe_width_Deg,0.013343649840352816
P01_L020,P01,P01_L020_M004,distance_To_Monitor,1.0
P01_L020,P01,P01_L020_M004,win_widthy_Pixel,2560
P01_L020,P01,P01_L020_M004,win_widthx_Pixel,1440
P01_L020,P01,P01_L020_M004,win_widthy_Meter,0.3353
P01_L020,P01,P01_L020_M004,win_widthx_Meter,0.5962
P01_L020,P01,P01_L020_M004,Pixel Per Inch,164
P01_L020,P01,P01_L020_M004,Pixel width (m),0.00023289062499999997
P01_L020,P01,P01_L020_M004,Pixel Pitch (mm),0.155*0.155
P01_L020,P01,P01_L020_M004,bkg_intensity,0.26
P01_L020,P01,P01_L020_M004,max_intensity,1.0
P01_L020,P01,P01_L020_M004,time_Stimulus,250
P01_L020,P01,P01_L020_M004,reversalN,0.0
P01_L020,P01,P01_L020_M004,rateDW,0.5
P01_L020,P01,P01_L020_M004,correctTick,0
P01_L020,P01,P01_L020_M004,count_Reversals,0
P01_L020,P01,P01_L020_M004,probe_LR,0
P01_L020,P01,P01_L020_M004,human_LR,0
P01_L020,P01,P01_L020_M004,posY,0
P01_L020,P01,P01_L020_M004,rateUP,0.5
P01_L020,P01,P01_L020_M004,probe_pos (m),0.0
P01_L020,P01,P01_L020_M004,text,-1
P01_L020,P01,P01_L020_M004,reversePOINT,1
P01_L020,P01,P01_L020_M004,trialPOINT,8
P01_L020,P01,P01_L020_M004,nDW,4
P01_L020,P01,P01_L020_M004,nUP,1
P01_L020,P01,P01_L020_M004,start_weber_Contrast,1.0
P01_L020,P01,P01_L020_M004,number_trials,80
P01_L020,P01,P01_L020_M004,terminationINDEX,9
P01_L020,P01,P01_L020_M004,stepDWUP,0.005
P01_L020,P01,P01_L020_M004,logUNIT_UP,0.36
P01_L020,P01,P01_L020_M004,logUNIT_DW,0.30294
P01_L020,P01,P01_L020_M004,condRule,2
P01_L020,P01,P01_L020_M004,preReversalStepDW,0.36
P01_L020,P01,P01_L020_M004,Reversal_or_Trial,1
P01_L020,P01,P01_L020_M004,limit_Trial_Run,100
P01_L020,P01,P01_L020_M004,max_monitor_cdm2,400
P01_L020,P01,P01_L020_M004,bkg_monitor_cdm2,20
P01_L020,P01,P01_L020_M004,width,374.94805047229414
P01_L020,P01,P01_L020_M004,fs,47.25
P01_L020,P01,P01_L020_M004,ph,0.0
P01_L020,P01,P01_L020_M004,speed,0.0
P01_L020,P01,P01_L020_M004,contr,0.018
P01_L020,P01,P01_L020_M004,theta,0.0
P01_L020,P01,P01_L020_M004,bg,0.26
P01_L020,P01,P01_L020_M004,box,False
P01_L020,P01,P01_L020_M004,Lbg,25
P01_L020,P01,P01_L020_M004,Lmin,0.0
P01_L020,P01,P01_L020_M004,Lmax,25
P01_L020,P01,P01_L020_M004,gamma,0.0
P01_L020,P01,P01_L020_M004,BRTRR,1.2
P01_L020,P01,P01_L020_M004,flanker_width,5.0
P01_L020,P01,P01_L020_M004,flanker_displacement,3.0
P01_L020,P01,P01_L020_M004,probe_displacement_dx,0.4
P01_L020,P01,P01_L020_M004,probe_displacement_dy,0.2
P01_L020,P01,P01_L020_M004,pixel_metre_ratio,0.00023289062499999997
P01_L020,P01,P01_L020_M004,SdeX,0.05
P01_L020,P01,P01_L020_M004,Sdey,0.05
P01_L020,P01,P01_L020_M004,Probe_Height_Deg,0.13343643869556676
P01_L020,P01,P01_L020_M004,Probe_width_Deg,0.013343649840352816
P01_L020,P01,P01_L020_M005,distance_To_Monitor,1.0
P01_L020,P01,P01_L020_M005,win_widthy_Pixel,2560
P01_L020,P01,P01_L020_M005,win_widthx_Pixel,1440
P01_L020,P01,P01_L020_M005,win_widthy_Meter,0.3353
P01_L020,P01,P01_L020_M005,win_widthx_Meter,0.5962
P01_L020,P01,P01_L020_M005,Pixel Per Inch,164
P01_L020,P01,P01_L020_M005,Pixel width (m),0.00023289062499999997
P01_L020,P01,P01_L020_M005,Pixel Pitch (mm),0.155*0.155
P01_L020,P01,P01_L020_M005,bkg_intensity,0.26
P01_L020,P01,P01_L020_M005,max_intensity,1.0
P01_L020,P01,P01_L020_M005,time_Stimulus,250
P01_L020,P01,P01_L020_M005,reversalN,0.0
P01_L020,P01,P01_L020_M005,rateDW,0.5
P01_L020,P01,P01_L020_M005,correctTick,0
P01_L020,P01,P01_L020_M005,count_Reversals,0
P01_L020,P01,P01_L020_M005,probe_LR,0
P01_L020,P01,P01_L020_M005,human_LR,0
P01_L020,P01,P01_L020_M005,posY,0
P01_L020,P01,P01_L020_M005,rateUP,0.5
P01_L020,P01,P01_L020_M005,probe_pos (m),0.0
P01_L020,P01,P01_L020_M005,text,-1
P01_L020,P01,P01_L020_M005,reversePOINT,1
P01_L020,P01,P01_L020_M005,trialPOINT,8
P01_L020,P01,P01_L020_M005,nDW,4
P01_L020,P01,P01_L020_M005,nUP,1
P01_L020,P01,P01_L020_M005,start_weber_Contrast,1.0
P01_L020,P01,P01_L020_M005,number_trials,80
P01_L020,P01,P01_L020_M005,terminationINDEX,9
P01_L020,P01,P01_L020_M005,stepDWUP,0.005
P01_L020,P01,P01_L020_M005,logUNIT_UP,0.36
P01_L020,P01,P01_L020_M005,logUNIT_DW,0.30294
P01_L020,P01,P01_L020_M005,condRule,2
P01_L020,P01,P01_L020_M005,preReversalStepDW,0.36
P01_L020,P01,P01_L020_M005,Reversal_or_Trial,1
P01_L020,P01,P01_L020_M005,limit_Trial_Run,100
P01_L020,P01,P01_L020_M005,max_monitor_cdm2,400
P01_L020,P01,P01_L020_M005,bkg_monitor_cdm2,20
P01_L020,P01,P01_L020_M005,width,374.94805047229414
P01_L020,P01,P01_L020_M005,fs,47.25
P01_L020,P01,P01_L020_M005,ph,0.0
P01_L020,P01,P01_L020_M005,speed,0.0
P01_L020,P01,P01_L020_M005,contr,0.018
P01_L020,P01,P01_L020_M005,theta,0.0
P01_L020,P01,P01_L020_M005,bg,0.26
P01_L020,P01,P01_L020_M005,box,False
P01_L020,P01,P01_L020_M005,Lbg,25
P01_L020,P01,P01_L020_M005,Lmin,0.0
P01_L020,P01,P01_L020_M005,Lmax,25
P01_L020,P01,P01_L020_M005,gamma,0.0
P01_L020,P01,P01_L020_M005,BRTRR,1.2
P01_L020,P01,P01_L020_M005,flanker_width,5.0
P01_L020,P01,P01_L020_M005,flanker_displacement,3.0
P01_L020,P01,P01_L020_M005,probe_displacement_dx,0.4
P01_L020,P01,P01_L020_M005,probe_displacement_dy,0.2
P01_L020,P01,P01_L020_M005,pixel_metre_ratio,0.00023289062499999997
P01_L020,P01,P01_L020_M005,SdeX,0.05
P01_L020,P01,P01_L020_M005,Sdey,0.05
P01_L020,P01,P01_L020_M005,Probe_Height_Deg,0.13343643869556676
P01_L020,P01,P01_L020_M005,Probe_width_Deg,0.013343649840352816
P01_L020,P01,P01_L020_M006,distance_To_Monitor,1.0
P01_L020,P01,P01_L020_M006,win_widthy_Pixel,2560
P01_L020,P01,P01_L020_M006,win_widthx_Pixel,1440
P01_L020,P01,P01_L020_M006,win_widthy_Meter,0.3353
P01_L020,P01,P01_L020_M006,win_widthx_Meter,0.5962
P01_L020,P01,P01_L020_M006,Pixel Per Inch,164
P01_L020,P01,P01_L020_M006,Pixel width (m),0.00023289062499999997
P01_L020,P01,P01_L020_M006,Pixel Pitch (mm),0.155*0.155
P01_L020,P01,P01_L020_M006,bkg_intensity,0.26
P01_L020,P01,P01_L020_M006,max_intensity,1.0
P01_L020,P01,P01_L020_M006,time_Stimulus,250
P01_L020,P01,P01_L020_M006,reversalN,0.0
P01_L020,P01,P01_L020_M006,rateDW,0.5
P01_L020,P01,P01_L020_M006,correctTick,0
P01_L020,P01,P01_L020_M006,count_Reversals,0
P01_L020,P01,P01_L020_M006,probe_LR,0
P01_L020,P01,P01_L020_M006,human_LR,0
P01_L020,P01,P01_L020_M006,posY,0
P01_L020,P01,P01_L020_M006,rateUP,0.5
P01_L020,P01,P01_L020_M006,probe_pos (m),0.0
P01_L020,P01,P01_L020_M006,text,-1
P01_L020,P01,P01_L020_M006,reversePOINT,1
P01_L020,P01,P01_L020_M006,trialPOINT,8
P01_L020,P01,P01_L020_M006,nDW,4
P01_L020,P01,P01_L020_M006,nUP,1
P01_L020,P01,P01_L020_M006,start_weber_Contrast,1.0
P01_L020,P01,P01_L020_M006,number_trials,80
P01_L020,P01,P01_L020_M006,terminationINDEX,9
P01_L020,P01,P01_L020_M006,stepDWUP,0.005
P01_L020,P01,P01_L020_M006,logUNIT_UP,0.36
P01_L020,P01,P01_L020_M006,logUNIT_DW,0.30294
P01_L020,P01,P01_L020_M006,condRule,2
P01_L020,P01,P01_L020_M006,preReversalStepDW,0.36
P01_L020,P01,P01_L020_M006,Reversal_or_Trial,1
P01_L020,P01,P01_L020_M006,limit_Trial_Run,100
P01_L020,P01,P01_L020_M006,max_monitor_cdm2,400
P01_L020,P01,P01_L020_M006,bkg_monitor_cdm2,20
P01_L020,P01,P01_L020_M006,width,374.94805047229414
P01_L020,P01,P01_L020_M006,fs,47.25
P01_L020,P01,P01_L020_M006,ph,0.0
P01_L020,P01,P01_L020_M006,speed,0.0
P01_L020,P01,P01_L020_M006,contr,0.018
P01_L020,P01,P01_L020_M006,theta,0.0
P01_L020,P01,P01_L020_M006,bg,0.26
P01_L020,P01,P01_L020_M006,box,False
P01_L020,P01,P01_L020_M006,Lbg,25
P01_L020,P01,P01_L020_M006,Lmin,0.0
P01_L020,P01,P01_L020_M006,Lmax,25
P01_L020,P01,P01_L020_M006,gamma,0.0
P01_L020,P01,P01_L020_M006,BRTRR,1.2
P01_L020,P01,P01_L020_M006,flanker_width,5.0
P01_L020,P01,P01_L020_M006,flanker_displacement,3.0
P01_L020,P01,P01_L020_M006,probe_displacement_dx,0.4
P01_L020,P01,P01_L020_M006,probe_displacement_dy,0.2
P01_L020,P01,P01_L020_M006,pixel_metre_ratio,0.00023289062499999997
P01_L020,P01,P01_L020_M006,SdeX,0.05
P01_L020,P01,P01_L020_M006,Sdey,0.05
P01_L020,P01,P01_L020_M006,Probe_Height_Deg,0.13343643869556676
P01_L020,P01,P01_L020_M006,Probe_width_Deg,0.013343649840352816
P01_L020,P01,P01_L020_M007,distance_To_Monitor,1.0
P01_L020,P01,P01_L020_M007,win_widthy_Pixel,2560
P01_L020,P01,P01_L020_M007,win_widthx_Pixel,1440
P01_L020,P01,P01_L020_M007,win_widthy_Meter,0.3353
P01_L020,P01,P01_L020_M007,win_widthx_Meter,0.5962
P01_L020,P01,P01_L020_M007,Pixel Per Inch,164
P01_L020,P01,P01_L020_M007,Pixel width (m),0.00023289062499999997
P01_L020,P01,P01_L020_M007,Pixel Pitch (mm),0.155*0.155
P01_L020,P01,P01_L020_M007,bkg_intensity,0.26
P01_L020,P01,P01_L020_M007,max_intensity,1.0
P01_L020,P01,P01_L020_M007,time_Stimulus,250
P01_L020,P01,P01_L020_M007,reversalN,0.0
P01_L020,P01,P01_L020_M007,rateDW,0.5
P01_L020,P01,P01_L020_M007,correctTick,0
P01_L020,P01,P01_L020_M007,count_Reversals,0
P01_L020,P01,P01_L020_M007,probe_LR,0
P01_L020,P01,P01_L020_M007,human_LR,0
P01_L020,P01,P01_L020_M007,posY,0
P01_L020,P01,P01_L020_M007,rateUP,0.5
P01_L020,P01,P01_L020_M007,probe_pos (m),0.0
P01_L020,P01,P01_L020_M007,text,-1
P01_L020,P01,P01_L020_M007,reversePOINT,1
P01_L020,P01,P01_L020_M007,trialPOINT,8
P01_L020,P01,P01_L020_M007,nDW,4
P01_L020,P01,P01_L020_M007,nUP,1
P01_L020,P01,P01_L020_M007,start_weber_Contrast,1.0
P01_L020,P01,P01_L020_M007,number_trials,80
P01_L020,P01,P01_L020_M007,terminationINDEX,9
P01_L020,P01,P01_L020_M007,stepDWUP,0.005
P01_L020,P01,P01_L020_M007,logUNIT_UP,0.36
P01_L020,P01,P01_L020_M007,logUNIT_DW,0.30294
P01_L020,P01,P01_L020_M007,condRule,2
P01_L020,P01,P01_L020_M007,preReversalStepDW,0.36
P01_L020,P01,P01_L020_M007,Reversal_or_Trial,1
P01_L020,P01,P01_L020_M007,limit_Trial_Run,100
P01_L020,P01,P01_L020_M007,max_monitor_cdm2,400
P01_L020,P01,P01_L020_M007,bkg_monitor_cdm2,20
P01_L020,P01,P01_L020_M007,width,374.94805047229414
P01_L020,P01,P01_L020_M007,fs,47.25
P01_L020,P01,P01_L020_M007,ph,0.0
P01_L020,P01,P01_L020_M007,speed,0.0
P01_L020,P01,P01_L020_M007,contr,0.018
P01_L020,P01,P01_L020_M007,theta,0.0
P01_L020,P01,P01_L020_M007,bg,0.26
P01_L020,P01,P01_L020_M007,box,False
P01_L020,P01,P01_L020_M007,Lbg,25
P01_L020,P01,P01_L020_M007,Lmin,0.0
P01_L020,P01,P01_L020_M007,Lmax,25
P01_L020,P01,P01_L020_M007,gamma,0.0
P01_L020,P01,P01_L020_M007,BRTRR,1.2
P01_L020,P01,P01_L020_M007,flanker_width,5.0
P01_L020,P01,P01_L020_M007,flanker_displacement,3.0
P01_L020,P01,P01_L020_M007,probe_displacement_dx,0.4
P01_L020,P01,P01_L020_M007,probe_displacement_dy,0.2
P01_L020,P01,P01_L020_M007,pixel_metre_ratio,0.00023289062499999997
P01_L020,P01,P01_L020_M007,SdeX,0.05
P01_L020,P01,P01_L020_M007,Sdey,0.05
P01_L020,P01,P01_L020_M007,Probe_Height_Deg,0.13343643869556676
P01_L020,P01,P01_L020_M007,Probe_width_Deg,0.013343649840352816
P01_L020,P01,P01_L020_M008,distance_To_Monitor,1.0
P01_L020,P01,P01_L020_M008,win_widthy_Pixel,2560
P01_L020,P01,P01_L020_M008,win_widthx_Pixel,1440
P01_L020,P01,P01_L020_M008,win_widthy_Meter,0.3353
P01_L020,P01,P01_L020_M008,win_widthx_Meter,0.5962
P01_L020,P01,P01_L020_M008,Pixel Per Inch,164
P01_L020,P01,P01_L020_M008,Pixel width (m),0.00023289062499999997
P01_L020,P01,P01_L020_M008,Pixel Pitch (mm),0.155*0.155
P01_L020,P01,P01_L020_M008,bkg_intensity,0.26
P01_L020,P01,P01_L020_M008,max_intensity,1.0
P01_L020,P01,P01_L020_M008,time_Stimulus,250
P01_L020,P01,P01_L020_M008,reversalN,0.0
P01_L020,P01,P01_L020_M008,rateDW,0.5
P01_L020,P01,P01_L020_M008,correctTick,0
P01_L020,P01,P01_L020_M008,count_Reversals,0
P01_L020,P01,P01_L020_M008,probe_LR,0
P01_L020,P01,P01_L020_M008,human_LR,0
P01_L020,P01,P01_L020_M008,posY,0
P01_L020,P01,P01_L020_M008,rateUP,0.5
P01_L020,P01,P01_L020_M008,probe_pos (m),0.0
P01_L020,P01,P01_L020_M008,text,-1
P01_L020,P01,P01_L020_M008,reversePOINT,1
P01_L020,P01,P01_L020_M008,trialPOINT,8
P01_L020,P01,P01_L020_M008,nDW,4
P01_L020,P01,P01_L020_M008,nUP,1
P01_L020,P01,P01_L020_M008,start_weber_Contrast,1.0
P01_L020,P01,P01_L020_M008,number_trials,80
P01_L020,P01,P01_L020_M008,terminationINDEX,9
P01_L020,P01,P01_L020_M008,stepDWUP,0.005
P01_L020,P01,P01_L020_M008,logUNIT_UP,0.36
P01_L020,P01,P01_L020_M008,logUNIT_DW,0.30294
P01_L020,P01,P01_L020_M008,condRule,2
P01_L020,P01,P01_L020_M008,preReversalStepDW,0.36
P01_L020,P01,P01_L020_M008,Reversal_or_Trial,1
P01_L020,P01,P01_L020_M008,limit_Trial_Run,100
P01_L020,P01,P01_L020_M008,max_monitor_cdm2,400
P01_L020,P01,P01_L020_M008,bkg_monitor_cdm2,20
P01_L020,P01,P01_L020_M008,width,374.94805047229414
P01_L020,P01,P01_L020_M008,fs,47.25
P01_L020,P01,P01_L020_M008,ph,0.0
P01_L020,P01,P01_L020_M008,speed,0.0
P01_L020,P01,P01_L020_M008,contr,0.018
P01_L020,P01,P01_L020_M008,theta,0.0
P01_L020,P01,P01_L020_M008,bg,0.26
P01_L020,P01,P01_L020_M008,box,False
P01_L020,P01,P01_L020_M008,Lbg,25
P01_L020,P01,P01_L020_M008,Lmin,0.0
P01_L020,P01,P01_L020_M008,Lmax,25
P01_L020,P01,P01_L020_M008,gamma,0.0
P01_L020,P01,P01_L020_M008,BRTRR,1.2
P01_L020,P01,P01_L020_M008,flanker_width,5.0
P01_L020,P01,P01_L020_M008,flanker_displacement,3.0
P01_L020,P01,P01_L020_M008,probe_displacement_dx,0.4
P01_L020,P01,P01_L020_M008,probe_displacement_dy,0.2
P01_L020,P01,P01_L020_M008,pixel_metre_ratio,0.00023289062499999997
P01_L020,P01,P01_L020_M008,SdeX,0.05
P01_L020,P01,P01_L020_M008,Sdey,0.05
P01_L020,P01,P01_L020_M008,Probe_Height_Deg,0.13343643869556676
P01_L020,P01,P01_L020_M008,Probe_width_Deg,0.013343649840352816
P01_L025,P01,P01_L025_M001,distance_To_Monitor,1.0
P01_L025,P01,P01_L025_M001,win_widthy_Pixel,2560
P01_L025,P01,P01_L025_M001,win_widthx_Pixel,1440
P01_L025,P01,P01_L025_M001,win_widthy_Meter,0.3353
P01_L025,P01,P01_L025_M001,win_widthx_Meter,0.5962
P01_L025,P01,P01_L025_M001,Pixel Per Inch,164
P01_L025,P01,P01_L025_M001,Pixel width (m),0.00023289062499999997
P01_L025,P01,P01_L025_M001,Pixel Pitch (mm),0.155*0.155
P01_L025,P01,P01_L025_M001,bkg_intensity,0.286
P01_L025,P01,P01_L025_M001,max_intensity,1.0
P01_L025,P01,P01_L025_M001,time_Stimulus,250
P01_L025,P01,P01_L025_M001,reversalN,0.0
P01_L025,P01,P01_L025_M001,rateDW,0.5
P01_L025,P01,P01_L025_M001,correctTick,0
P01_L025,P01,P01_L025_M001,count_Reversals,0
P01_L025,P01,P01_L025_M001,probe_LR,0
P01_L025,P01,P01_L025_M001,human_LR,0
P01_L025,P01,P01_L025_M001,posY,0
P01_L025,P01,P01_L025_M001,rateUP,0.5
P01_L025,P01,P01_L025_M001,probe_pos (m),0.0
P01_L025,P01,P01_L025_M001,text,-1
P01_L025,P01,P01_L025_M001,reversePOINT,1
P01_L025,P01,P01_L025_M001,trialPOINT,8
P01_L025,P01,P01_L025_M001,nDW,4
P01_L025,P01,P01_L025_M001,nUP,1
P01_L025,P01,P01_L025_M001,start_weber_Contrast,1.0
P01_L025,P01,P01_L025_M001,number_trials,80
P01_L025,P01,P01_L025_M001,terminationINDEX,9
P01_L025,P01,P01_L025_M001,stepDWUP,0.005
P01_L025,P01,P01_L025_M001,logUNIT_UP,0.36
P01_L025,P01,P01_L025_M001,logUNIT_DW,0.30294
P01_L025,P01,P01_L025_M001,condRule,2
P01_L025,P01,P01_L025_M001,preReversalStepDW,0.36
P01_L025,P01,P01_L025_M001,Reversal_or_Trial,1
P01_L025,P01,P01_L025_M001,limit_Trial_Run,100
P01_L025,P01,P01_L025_M001,max_monitor_cdm2,400
P01_L025,P01,P01_L025_M001,bkg_monitor_cdm2,25
P01_L025,P01,P01_L025_M001,width,374.94805047229414
P01_L025,P01,P01_L025_M001,fs,81.9
P01_L025,P01,P01_L025_M001,ph,0.0
P01_L025,P01,P01_L025_M001,speed,0.0
P01_L025,P01,P01_L025_M001,contr,0.018
P01_L025,P01,P01_L025_M001,theta,0.0
P01_L025,P01,P01_L025_M001,bg,0.286
P01_L025,P01,P01_L025_M001,box,False
P01_L025,P01,P01_L025_M001,Lbg,25
P01_L025,P01,P01_L025_M001,Lmin,0.0
P01_L025,P01,P01_L025_M001,Lmax,25
P01_L025,P01,P01_L025_M001,gamma,0.0
P01_L025,P01,P01_L025_M001,BRTRR,1.2
P01_L025,P01,P01_L025_M001,flanker_width,5.0
P01_L025,P01,P01_L025_M001,flanker_displacement,3.0
P01_L025,P01,P01_L025_M001,probe_displacement_dx,0.4
P01_L025,P01,P01_L025_M001,probe_displacement_dy,0.2
P01_L025,P01,P01_L025_M001,pixel_metre_ratio,0.00023289062499999997
P01_L025,P01,P01_L025_M001,SdeX,0.05
P01_L025,P01,P01_L025_M001,Sdey,0.05
P01_L025,P01,P01_L025_M001,Probe_Height_Deg,0.13343643869556676
P01_L025,P01,P01_L025_M001,Probe_width_Deg,0.013343649840352816
P01_L025,P01,P01_L025_M002,distance_To_Monitor,1.0
P01_L025,P01,P01_L025_M002,win_widthy_Pixel,2560
P01_L025,P01,P01_L025_M002,win_widthx_Pixel,1440
P01_L025,P01,P01_L025_M002,win_widthy_Meter,0.3353
P01_L025,P01,P01_L025_M002,win_widthx_Meter,0.5962
P01_L025,P01,P01_L025_M002,Pixel Per Inch,164
P01_L025,P01,P01_L025_M002,Pixel width (m),0.00023289062499999997
P01_L025,P01,P01_L025_M002,Pixel Pitch (mm),0.155*0.155
P01_L025,P01,P01_L025_M002,bkg_intensity,0.286
P01_L025,P01,P01_L025_M002,max_intensity,1.0
P01_L025,P01,P01_L025_M002,time_Stimulus,250
P01_L025,P01,P01_L025_M002,reversalN,0.0
P01_L025,P01,P01_L025_M002,rateDW,0.5
P01_L025,P01,P01_L025_M002,correctTick,0
P01_L025,P01,P01_L025_M002,count_Reversals,0
P01_L025,P01,P01_L025_M002,probe_LR,0
P01_L025,P01,P01_L025_M002,human_LR,0
P01_L025,P01,P01_L025_M002,posY,0
P01_L025,P01,P01_L025_M002,rateUP,0.5
P01_L025,P01,P01_L025_M002,probe_pos (m),0.0
P01_L025,P01,P01_L025_M002,text,-1
P01_L025,P01,P01_L025_M002,reversePOINT,1
P01_L025,P01,P01_L025_M002,trialPOINT,8
P01_L025,P01,P01_L025_M002,nDW,4
P01_L025,P01,P01_L025_M002,nUP,1
P01_L025,P01,P01_L025_M002,start_weber_Contrast,1.0
P01_L025,P01,P01_L025_M002,number_trials,80
P01_L025,P01,P01_L025_M002,terminationINDEX,9
P01_L025,P01,P01_L025_M002,stepDWUP,0.005
P01_L025,P01,P01_L025_M002,logUNIT_UP,0.36
P01_L025,P01,P01_L025_M002,logUNIT_DW,0.30294
P01_L025,P01,P01_L025_M002,condRule,2
P01_L025,P01,P01_L025_M002,preReversalStepDW,0.36
P01_L025,P01,P01_L025_M002,Reversal_or_Trial,1
P01_L025,P01,P01_L025_M002,limit_Trial_Run,100
P01_L025,P01,P01_L025_M002,max_monitor_cdm2,400
P01_L025,P01,P01_L025_M002,bkg_monitor_cdm2,25
P01_L025,P01,P01_L025_M002,width,374.94805047229414
P01_L025,P01,P01_L025_M002,fs,81.9
P01_L025,P01,P01_L025_M002,ph,0.0
P01_L025,P01,P01_L025_M002,speed,0.0
P01_L025,P01,P01_L025_M002,contr,0.018
P01_L025,P01,P01_L025_M002,theta,0.0
P01_L025,P01,P01_L025_M002,bg,0.286
P01_L025,P01,P01_L025_M002,box,False
P01_L025,P01,P01_L025_M002,Lbg,25
P01_L025,P01,P01_L025_M002,Lmin,0.0
P01_L025,P01,P01_L025_M002,Lmax,25
P01_L025,P01,P01_L025_M002,gamma,0.0
P01_L025,P01,P01_L025_M002,BRTRR,1.2
P01_L025,P01,P01_L025_M002,flanker_width,5.0
P01_L025,P01,P01_L025_M002,flanker_displacement,3.0
P01_L025,P01,P01_L025_M002,probe_displacement_dx,0.4
P01_L025,P01,P01_L025_M002,probe_displacement_dy,0.2
P01_L025,P01,P01_L025_M002,pixel_metre_ratio,0.00023289062499999997
P01_L025,P01,P01_L025_M002,SdeX,0.05
P01_L025,P01,P01_L025_M002,Sdey,0.05
P01_L025,P01,P01_L025_M002,Probe_Height_Deg,0.13343643869556676
P01_L025,P01,P01_L025_M002,Probe_width_Deg,0.013343649840352816
P01_L025,P01,P01_L025_M003,distance_To_Monitor,1.0
P01_L025,P01,P01_L025_M003,win_widthy_Pixel,2560
P01_L025,P01,P01_L025_M003,win_widthx_Pixel,1440
P01_L025,P01,P01_L025_M003,win_widthy_Meter,0.3353
P01_L025,P01,P01_L025_M003,win_widthx_Meter,0.5962
P01_L025,P01,P01_L025_M003,Pixel Per Inch,164
P01_L025,P01,P01_L025_M003,Pixel width (m),0.00023289062499999997
P01_L025,P01,P01_L025_M003,Pixel Pitch (mm),0.155*0.155
P01_L025,P01,P01_L025_M003,bkg_intensity,0.286
P01_L025,P01,P01_L025_M003,max_intensity,1.0
P01_L025,P01,P01_L025_M003,time_Stimulus,250
P01_L025,P01,P01_L025_M003,reversalN,0.0
P01_L025,P01,P01_L025_M003,rateDW,0.5
P01_L025,P01,P01_L025_M003,correctTick,0
P01_L025,P01,P01_L025_M003,count_Reversals,0
P01_L025,P01,P01_L025_M003,probe_LR,0
P01_L025,P01,P01_L025_M003,human_LR,0
P01_L025,P01,P01_L025_M003,posY,0
P01_L025,P01,P01_L025_M003,rateUP,0.5
P01_L025,P01,P01_L025_M003,probe_pos (m),0.0
P01_L025,P01,P01_L025_M003,text,-1
P01_L025,P01,P01_L025_M003,reversePOINT,1
P01_L025,P01,P01_L025_M003,trialPOINT,8
P01_L025,P01,P01_L025_M003,nDW,4
P01_L025,P01,P01_L025_M003,nUP,1
P01_L025,P01,P01_L025_M003,start_weber_Contrast,1.0
P01_L025,P01,P01_L025_M003,number_trials,80
P01_L025,P01,P01_L025_M003,terminationINDEX,9
P01_L025,P01,P01_L025_M003,stepDWUP,0.005
P01_L025,P01,P01_L025_M003,logUNIT_UP,0.36
P01_L025,P01,P01_L025_M003,logUNIT_DW,0.30294
P01_L025,P01,P01_L025_M003,condRule,2
P01_L025,P01,P01_L025_M003,preReversalStepDW,0.36
P01_L025,P01,P01_L025_M003,Reversal_or_Trial,1
P01_L025,P01,P01_L025_M003,limit_Trial_Run,100
P01_L025,P01,P01_L025_M003,max_monitor_cdm2,400
P01_L025,P01,P01_L025_M003,bkg_monitor_cdm2,25
P01_L025,P01,P01_L025_M003,width,374.94805047229414
P01_L025,P01,P01_L025_M003,fs,81.9
P01_L025,P01,P01_L025_M003,ph,0.0
P01_L025,P01,P01_L025_M003,speed,0.0
P01_L025,P01,P01_L025_M003,contr,0.018
P01_L025,P01,P01_L025_M003,theta,0.0
P01_L025,P01,P01_L025_M003,bg,0.286
P01_L025,P01,P01_L025_M003,box,False
P01_L025,P01,P01_L025_M003,Lbg,25
P01_L025,P01,P01_L025_M003,Lmin,0.0
P01_L025,P01,P01_L025_M003,Lmax,25
P01_L025,P01,P01_L025_M003,gamma,0.0
P01_L025,P01,P01_L025_M003,BRTRR,1.2
P01_L025,P01,P01_L025_M003,flanker_width,5.0
P01_L025,P01,P01_L025_M003,flanker_displacement,3.0
P01_L025,P01,P01_L025_M003,probe_displacement_dx,0.4
P01_L025,P01,P01_L025_M003,probe_displacement_dy,0.2
P01_L025,P01,P01_L025_M003,pixel_metre_ratio,0.00023289062499999997
P01_L025,P01,P01_L025_M003,SdeX,0.05
P01_L025,P01,P01_L025_M003,Sdey,0.05
P01_L025,P01,P01_L025_M003,Probe_Height_Deg,0.13343643869556676
P01_L025,P01,P01_L025_M003,Probe_width_Deg,0.013343649840352816
P01_L025,P01,P01_L025_M004,distance_To_Monitor,1.0
P01_L025,P01,P01_L025_M004,win_widthy_Pixel,2560
P01_L025,P01,P01_L025_M004,win_widthx_Pixel,1440
P01_L025,P01,P01_L025_M004,win_widthy_Meter,0.3353
P01_L025,P01,P01_L025_M004,win_widthx_Meter,0.5962
P01_L025,P01,P01_L025_M004,Pixel Per Inch,164
P01_L025,P01,P01_L025_M004,Pixel width (m),0.00023289062499999997
P01_L025,P01,P01_L025_M004,Pixel Pitch (mm),0.155*0.155
P01_L025,P01,P01_L025_M004,bkg_intensity,0.286
P01_L025,P01,P01_L025_M004,max_intensity,1.0
P01_L025,P01,P01_L025_M004,time_Stimulus,250
P01_L025,P01,P01_L025_M004,reversalN,0.0
P01_L025,P01,P01_L025_M004,rateDW,0.5
P01_L025,P01,P01_L025_M004,correctTick,0
P01_L025,P01,P01_L025_M004,count_Reversals,0
P01_L025,P01,P01_L025_M004,probe_LR,0
P01_L025,P01,P01_L025_M004,human_LR,0
P01_L025,P01,P01_L025_M004,posY,0
P01_L025,P01,P01_L025_M004,rateUP,0.5
P01_L025,P01,P01_L025_M004,probe_pos (m),0.0
P01_L025,P01,P01_L025_M004,text,-1
P01_L025,P01,P01_L025_M004,reversePOINT,1
P01_L025,P01,P01_L025_M004,trialPOINT,8
P01_L025,P01,P01_L025_M004,nDW,4
P01_L025,P01,P01_L025_M004,nUP,1
P01_L025,P01,P01_L025_M004,start_weber_Contrast,1.0
P01_L025,P01,P01_L025_M004,number_trials,80
P01_L025,P01,P01_L025_M004,terminationINDEX,9
P01_L025,P01,P01_L025_M004,stepDWUP,0.005
P01_L025,P01,P01_L025_M004,logUNIT_UP,0.36
P01_L025,P01,P01_L025_M004,logUNIT_DW,0.30294
P01_L025,P01,P01_L025_M004,condRule,2
P01_L025,P01,P01_L025_M004,preReversalStepDW,0.36
P01_L025,P01,P01_L025_M004,Reversal_or_Trial,1
P01_L025,P01,P01_L025_M004,limit_Trial_Run,100
P01_L025,P01,P01_L025_M004,max_monitor_cdm2,400
P01_L025,P01,P01_L025_M004,bkg_monitor_cdm2,25
P01_L025,P01,P01_L025_M004,width,374.94805047229414
P01_L025,P01,P01_L025_M004,fs,81.9
P01_L025,P01,P01_L025_M004,ph,0.0
P01_L025,P01,P01_L025_M004,speed,0.0
P01_L025,P01,P01_L025_M004,contr,0.018
P01_L025,P01,P01_L025_M004,theta,0.0
P01_L025,P01,P01_L025_M004,bg,0.286
P01_L025,P01,P01_L025_M004,box,False
P01_L025,P01,P01_L025_M004,Lbg,25
P01_L025,P01,P01_L025_M004,Lmin,0.0
P01_L025,P01,P01_L025_M004,Lmax,25
P01_L025,P01,P01_L025_M004,gamma,0.0
P01_L025,P01,P01_L025_M004,BRTRR,1.2
P01_L025,P01,P01_L025_M004,flanker_width,5.0
P01_L025,P01,P01_L025_M004,flanker_displacement,3.0
P01_L025,P01,P01_L025_M004,probe_displacement_dx,0.4
P01_L025,P01,P01_L025_M004,probe_displacement_dy,0.2
P01_L025,P01,P01_L025_M004,pixel_metre_ratio,0.00023289062499999997
P01_L025,P01,P01_L025_M004,SdeX,0.05
P01_L025,P01,P01_L025_M004,Sdey,0.05
P01_L025,P01,P01_L025_M004,Probe_Height_Deg,0.13343643869556676
P01_L025,P01,P01_L025_M004,Probe_width_Deg,0.013343649840352816
P01_L025,P01,P01_L025_M005,distance_To_Monitor,1.0
P01_L025,P01,P01_L025_M005,win_widthy_Pixel,2560
P01_L025,P01,P01_L025_M005,win_widthx_Pixel,1440
P01_L025,P01,P01_L025_M005,win_widthy_Meter,0.3353
P01_L025,P01,P01_L025_M005,win_widthx_Meter,0.5962
P01_L025,P01,P01_L025_M005,Pixel Per Inch,164
P01_L025,P01,P01_L025_M005,Pixel width (m),0.00023289062499999997
P01_L025,P01,P01_L025_M005,Pixel Pitch (mm),0.155*0.155
P01_L025,P01,P01_L025_M005,bkg_intensity,0.286
P01_L025,P01,P01_L025_M005,max_intensity,1.0
P01_L025,P01,P01_L025_M005,time_Stimulus,250
P01_L025,P01,P01_L025_M005,reversalN,0.0
P01_L025,P01,P01_L025_M005,rateDW,0.5
P01_L025,P01,P01_L025_M005,correctTick,0
P01_L025,P01,P01_L025_M005,count_Reversals,0
P01_L025,P01,P01_L025_M005,probe_LR,0
P01_L025,P01,P01_L025_M005,human_LR,0
P01_L025,P01,P01_L025_M005,posY,0
P01_L025,P01,P01_L025_M005,rateUP,0.5
P01_L025,P01,P01_L025_M005,probe_pos (m),0.0
P01_L025,P01,P01_L025_M005,text,-1
P01_L025,P01,P01_L025_M005,reversePOINT,1
P01_L025,P01,P01_L025_M005,trialPOINT,8
P01_L025,P01,P01_L025_M005,nDW,4
P01_L025,P01,P01_L025_M005,nUP,1
P01_L025,P01,P01_L025_M005,start_weber_Contrast,1.0
P01_L025,P01,P01_L025_M005,number_trials,80
P01_L025,P01,P01_L025_M005,terminationINDEX,9
P01_L025,P01,P01_L025_M005,stepDWUP,0.005
P01_L025,P01,P01_L025_M005,logUNIT_UP,0.36
P01_L025,P01,P01_L025_M005,logUNIT_DW,0.30294
P01_L025,P01,P01_L025_M005,condRule,2
P01_L025,P01,P01_L025_M005,preReversalStepDW,0.36
P01_L025,P01,P01_L025_M005,Reversal_or_Trial,1
P01_L025,P01,P01_L025_M005,limit_Trial_Run,100
P01_L025,P01,P01_L025_M005,max_monitor_cdm2,400
P01_L025,P01,P01_L025_M005,bkg_monitor_cdm2,25
P01_L025,P01,P01_L025_M005,width,374.94805047229414
P01_L025,P01,P01_L025_M005,fs,81.9
P01_L025,P01,P01_L025_M005,ph,0.0
P01_L025,P01,P01_L025_M005,speed,0.0
P01_L025,P01,P01_L025_M005,contr,0.018
P01_L025,P01,P01_L025_M005,theta,0.0
P01_L025,P01,P01_L025_M005,bg,0.286
P01_L025,P01,P01_L025_M005,box,False
P01_L025,P01,P01_L025_M005,Lbg,25
P01_L025,P01,P01_L025_M005,Lmin,0.0
P01_L025,P01,P01_L025_M005,Lmax,25
P01_L025,P01,P01_L025_M005,gamma,0.0
P01_L025,P01,P01_L025_M005,BRTRR,1.2
P01_L025,P01,P01_L025_M005,flanker_width,5.0
P01_L025,P01,P01_L025_M005,flanker_displacement,3.0
P01_L025,P01,P01_L025_M005,probe_displacement_dx,0.4
P01_L025,P01,P01_L025_M005,probe_displacement_dy,0.2
P01_L025,P01,P01_L025_M005,pixel_metre_ratio,0.00023289062499999997
P01_L025,P01,P01_L025_M005,SdeX,0.05
P01_L025,P01,P01_L025_M005,Sdey,0.05
P01_L025,P01,P01_L025_M005,Probe_Height_Deg,0.13343643869556676
P01_L025,P01,P01_L025_M005,Probe_width_Deg,0.013343649840352816
P01_L025,P01,P01_L025_M006,distance_To_Monitor,1.0
P01_L025,P01,P01_L025_M006,win_widthy_Pixel,2560
P01_L025,P01,P01_L025_M006,win_widthx_Pixel,1440
P01_L025,P01,P01_L025_M006,win_widthy_Meter,0.3353
P01_L025,P01,P01_L025_M006,win_widthx_Meter,0.5962
P01_L025,P01,P01_L025_M006,Pixel Per Inch,164
P01_L025,P01,P01_L025_M006,Pixel width (m),0.00023289062499999997
P01_L025,P01,P01_L025_M006,Pixel Pitch (mm),0.155*0.155
P01_L025,P01,P01_L025_M006,bkg_intensity,0.286
P01_L025,P01,P01_L025_M006,max_intensity,1.0
P01_L025,P01,P01_L025_M006,time_Stimulus,250
P01_L025,P01,P01_L025_M006,reversalN,0.0
P01_L025,P01,P01_L025_M006,rateDW,0.5
P01_L025,P01,P01_L025_M006,correctTick,0
P01_L025,P01,P01_L025_M006,count_Reversals,0
P01_L025,P01,P01_L025_M006,probe_LR,0
P01_L025,P01,P01_L025_M006,human_LR,0
P01_L025,P01,P01_L025_M006,posY,0
P01_L025,P01,P01_L025_M006,rateUP,0.5
P01_L025,P01,P01_L025_M006,probe_pos (m),0.0
P01_L025,P01,P01_L025_M006,text,-1
P01_L025,P01,P01_L025_M006,reversePOINT,1
P01_L025,P01,P01_L025_M006,trialPOINT,6
P01_L025,P01,P01_L025_M006,nDW,4
P01_L025,P01,P01_L025_M006,nUP,1
P01_L025,P01,P01_L025_M006,start_weber_Contrast,1.0
P01_L025,P01,P01_L025_M006,number_trials,80
P01_L025,P01,P01_L025_M006,terminationINDEX,9
P01_L025,P01,P01_L025_M006,stepDWUP,0.005
P01_L025,P01,P01_L025_M006,logUNIT_UP,0.36
P01_L025,P01,P01_L025_M006,logUNIT_DW,0.30294
P01_L025,P01,P01_L025_M006,condRule,2
P01_L025,P01,P01_L025_M006,preReversalStepDW,0.36
P01_L025,P01,P01_L025_M006,Reversal_or_Trial,1
P01_L025,P01,P01_L025_M006,limit_Trial_Run,100
P01_L025,P01,P01_L025_M006,max_monitor_cdm2,400
P01_L025,P01,P01_L025_M006,bkg_monitor_cdm2,25
P01_L025,P01,P01_L025_M006,width,374.94805047229414
P01_L025,P01,P01_L025_M006,fs,81.9
P01_L025,P01,P01_L025_M006,ph,0.0
P01_L025,P01,P01_L025_M006,speed,0.0
P01_L025,P01,P01_L025_M006,contr,0.018
P01_L025,P01,P01_L025_M006,theta,0.0
P01_L025,P01,P01_L025_M006,bg,0.286
P01_L025,P01,P01_L025_M006,box,False
P01_L025,P01,P01_L025_M006,Lbg,25
P01_L025,P01,P01_L025_M006,Lmin,0.0
P01_L025,P01,P01_L025_M006,Lmax,25
P01_L025,P01,P01_L025_M006,gamma,0.0
P01_L025,P01,P01_L025_M006,BRTRR,1.2
P01_L025,P01,P01_L025_M006,flanker_width,5.0
P01_L025,P01,P01_L025_M006,flanker_displacement,3.0
P01_L025,P01,P01_L025_M006,probe_displacement_dx,0.4
P01_L025,P01,P01_L025_M006,probe_displacement_dy,0.2
P01_L025,P01,P01_L025_M006,pixel_metre_ratio,0.00023289062499999997
P01_L025,P01,P01_L025_M006,SdeX,0.05
P01_L025,P01,P01_L025_M006,Sdey,0.05
P01_L025,P01,P01_L025_M006,Probe_Height_Deg,0.13343643869556676
P01_L025,P01,P01_L025_M006,Probe_width_Deg,0.013343649840352816
P01_L025,P01,P01_L025_M007,distance_To_Monitor,1.0
P01_L025,P01,P01_L025_M007,win_widthy_Pixel,2560
P01_L025,P01,P01_L025_M007,win_widthx_Pixel,1440
P01_L025,P01,P01_L025_M007,win_widthy_Meter,0.3353
P01_L025,P01,P01_L025_M007,win_widthx_Meter,0.5962
P01_L025,P01,P01_L025_M007,Pixel Per Inch,164
P01_L025,P01,P01_L025_M007,Pixel width (m),0.00023289062499999997
P01_L025,P01,P01_L025_M007,Pixel Pitch (mm),0.155*0.155
P01_L025,P01,P01_L025_M007,bkg_intensity,0.286
P01_L025,P01,P01_L025_M007,max_intensity,1.0
P01_L025,P01,P01_L025_M007,time_Stimulus,250
P01_L025,P01,P01_L025_M007,reversalN,0.0
P01_L025,P01,P01_L025_M007,rateDW,0.5
P01_L025,P01,P01_L025_M007,correctTick,0
P01_L025,P01,P01_L025_M007,count_Reversals,0
P01_L025,P01,P01_L025_M007,probe_LR,0
P01_L025,P01,P01_L025_M007,human_LR,0
P01_L025,P01,P01_L025_M007,posY,0
P01_L025,P01,P01_L025_M007,rateUP,0.5
P01_L025,P01,P01_L025_M007,probe_pos (m),0.0
P01_L025,P01,P01_L025_M007,text,-1
P01_L025,P01,P01_L025_M007,reversePOINT,1
P01_L025,P01,P01_L025_M007,trialPOINT,8
P01_L025,P01,P01_L025_M007,nDW,4
P01_L025,P01,P01_L025_M007,nUP,1
P01_L025,P01,P01_L025_M007,start_weber_Contrast,1.0
P01_L025,P01,P01_L025_M007,number_trials,80
P01_L025,P01,P01_L025_M007,terminationINDEX,9
P01_L025,P01,P01_L025_M007,stepDWUP,0.005
P01_L025,P01,P01_L025_M007,logUNIT_UP,0.36
P01_L025,P01,P01_L025_M007,logUNIT_DW,0.30294
P01_L025,P01,P01_L025_M007,condRule,2
P01_L025,P01,P01_L025_M007,preReversalStepDW,0.36
P01_L025,P01,P01_L025_M007,Reversal_or_Trial,1
P01_L025,P01,P01_L025_M007,limit_Trial_Run,100
P01_L025,P01,P01_L025_M007,max_monitor_cdm2,400
P01_L025,P01,P01_L025_M007,bkg_monitor_cdm2,25
P01_L025,P01,P01_L025_M007,width,374.94805047229414
P01_L025,P01,P01_L025_M007,fs,81.9
P01_L025,P01,P01_L025_M007,ph,0.0
P01_L025,P01,P01_L025_M007,speed,0.0
P01_L025,P01,P01_L025_M007,contr,0.018
P01_L025,P01,P01_L025_M007,theta,0.0
P01_L025,P01,P01_L025_M007,bg,0.286
P01_L025,P01,P01_L025_M007,box,False
P01_L025,P01,P01_L025_M007,Lbg,25
P01_L025,P01,P01_L025_M007,Lmin,0.0
P01_L025,P01,P01_L025_M007,Lmax,25
P01_L025,P01,P01_L025_M007,gamma,0.0
P01_L025,P01,P01_L025_M007,BRTRR,1.2
P01_L025,P01,P01_L025_M007,flanker_width,5.0
P01_L025,P01,P01_L025_M007,flanker_displacement,3.0
P01_L025,P01,P01_L025_M007,probe_displacement_dx,0.4
P01_L025,P01,P01_L025_M007,probe_displacement_dy,0.2
P01_L025,P01,P01_L025_M007,pixel_metre_ratio,0.00023289062499999997
P01_L025,P01,P01_L025_M007,SdeX,0.05
P01_L025,P01,P01_L025_M007,Sdey,0.05
P01_L025,P01,P01_L025_M007,Probe_Height_Deg,0.13343643869556676
P01_L025,P01,P01_L025_M007,Probe_width_Deg,0.013343649840352816
P01_L025,P01,P01_L025_M008,distance_To_Monitor,1.0
P01_L025,P01,P01_L025_M008,win_widthy_Pixel,2560
P01_L025,P01,P01_L025_M008,win_widthx_Pixel,1440
P01_L025,P01,P01_L025_M008,win_widthy_Meter,0.3353
P01_L025,P01,P01_L025_M008,win_widthx_Meter,0.5962
P01_L025,P01,P01_L025_M008,Pixel Per Inch,164
P01_L025,P01,P01_L025_M008,Pixel width (m),0.00023289062499999997
P01_L025,P01,P01_L025_M008,Pixel Pitch (mm),0.155*0.155
P01_L025,P01,P01_L025_M008,bkg_intensity,0.286
P01_L025,P01,P01_L025_M008,max_intensity,1.0
P01_L025,P01,P01_L025_M008,time_Stimulus,250
P01_L025,P01,P01_L025_M008,reversalN,0.0
P01_L025,P01,P01_L025_M008,rateDW,0.5
P01_L025,P01,P01_L025_M008,correctTick,0
P01_L025,P01,P01_L025_M008,count_Reversals,0
P01_L025,P01,P01_L025_M008,probe_LR,0
P01_L025,P01,P01_L025_M008,human_LR,0
P01_L025,P01,P01_L025_M008,posY,0
P01_L025,P01,P01_L025_M008,rateUP,0.5
P01_L025,P01,P01_L025_M008,probe_pos (m),0.0
P01_L025,P01,P01_L025_M008,text,-1
P01_L025,P01,P01_L025_M008,reversePOINT,1
P01_L025,P01,P01_L025_M008,trialPOINT,8
P01_L025,P01,P01_L025_M008,nDW,4
P01_L025,P01,P01_L025_M008,nUP,1
P01_L025,P01,P01_L025_M008,start_weber_Contrast,1.0
P01_L025,P01,P01_L025_M008,number_trials,80
P01_L025,P01,P01_L025_M008,terminationINDEX,9
P01_L025,P01,P01_L025_M008,stepDWUP,0.005
P01_L025,P01,P01_L025_M008,logUNIT_UP,0.36
P01_L025,P01,P01_L025_M008,logUNIT_DW,0.30294
P01_L025,P01,P01_L025_M008,condRule,2
P01_L025,P01,P01_L025_M008,preReversalStepDW,0.36
P01_L025,P01,P01_L025_M008,Reversal_or_Trial,1
P01_L025,P01,P01_L025_M008,limit_Trial_Run,100
P01_L025,P01,P01_L025_M008,max_monitor_cdm2,400
P01_L025,P01,P01_L025_M008,bkg_monitor_cdm2,25
P01_L025,P01,P01_L025_M008,width,374.94805047229414
P01_L025,P01,P01_L025_M008,fs,81.9
P01_L025,P01,P01_L025_M008,ph,0.0
P01_L025,P01,P01_L025_M008,speed,0.0
P01_L025,P01,P01_L025_M008,contr,0.018
P01_L025,P01,P01_L025_M008,theta,0.0
P01_L025,P01,P01_L025_M008,bg,0.286
P01_L025,P01,P01_L025_M008,box,False
P01_L025,P01,P01_L025_M008,Lbg,25
P01_L025,P01,P01_L025_M008,Lmin,0.0
P01_L025,P01,P01_L025_M008,Lmax,25
P01_L025,P01,P01_L025_M008,gamma,0.0
P01_L025,P01,P01_L025_M008,BRTRR,1.2
P01_L025,P01,P01_L025_M008,flanker_width,5.0
P01_L025,P01,P01_L025_M008,flanker_displacement,3.0
P01_L025,P01,P01_L025_M008,probe_displacement_dx,0.4
P01_L025,P01,P01_L025_M008,probe_displacement_dy,0.2
P01_L025,P01,P01_L025_M008,pixel_metre_ratio,0.00023289062499999997
P01_L025,P01,P01_L025_M008,SdeX,0.05
P01_L025,P01,P01_L025_M008,Sdey,0.05
P01_L025,P01,P01_L025_M008,Probe_Height_Deg,0.13343643869556676
P01_L025,P01,P01_L025_M008,Probe_width_Deg,0.013343649840352816
P01_L025,P01,P01_L025_M009,distance_To_Monitor,1.0
P01_L025,P01,P01_L025_M009,win_widthy_Pixel,2560
P01_L025,P01,P01_L025_M009,win_widthx_Pixel,1440
P01_L025,P01,P01_L025_M009,win_widthy_Meter,0.3353
P01_L025,P01,P01_L025_M009,win_widthx_Meter,0.5962
P01_L025,P01,P01_L025_M009,Pixel Per Inch,164
P01_L025,P01,P01_L025_M009,Pixel width (m),0.00023289062499999997
P01_L025,P01,P01_L025_M009,Pixel Pitch (mm),0.155*0.155
P01_L025,P01,P01_L025_M009,bkg_intensity,0.286
P01_L025,P01,P01_L025_M009,max_intensity,1.0
P01_L025,P01,P01_L025_M009,time_Stimulus,250
P01_L025,P01,P01_L025_M009,reversalN,0.0
P01_L025,P01,P01_L025_M009,rateDW,0.5
P01_L025,P01,P01_L025_M009,correctTick,0
P01_L025,P01,P01_L025_M009,count_Reversals,0
P01_L025,P01,P01_L025_M009,probe_LR,0
P01_L025,P01,P01_L025_M009,human_LR,0
P01_L025,P01,P01_L025_M009,posY,0
P01_L025,P01,P01_L025_M009,rateUP,0.5
P01_L025,P01,P01_L025_M009,probe_pos (m),0.0
P01_L025,P01,P01_L025_M009,text,-1
P01_L025,P01,P01_L025_M009,reversePOINT,1
P01_L025,P01,P01_L025_M009,trialPOINT,8
P01_L025,P01,P01_L025_M009,nDW,4
P01_L025,P01,P01_L025_M009,nUP,1
P01_L025,P01,P01_L025_M009,start_weber_Contrast,1.0
P01_L025,P01,P01_L025_M009,number_trials,80
P01_L025,P01,P01_L025_M009,terminationINDEX,9
P01_L025,P01,P01_L025_M009,stepDWUP,0.005
P01_L025,P01,P01_L025_M009,logUNIT_UP,0.36
P01_L025,P01,P01_L025_M009,logUNIT_DW,0.30294
P01_L025,P01,P01_L025_M009,condRule,2
P01_L025,P01,P01_L025_M009,preReversalStepDW,0.36
P01_L025,P01,P01_L025_M009,Reversal_or_Trial,1
P01_L025,P01,P01_L025_M009,limit_Trial_Run,100
P01_L025,P01,P01_L025_M009,max_monitor_cdm2,400
P01_L025,P01,P01_L025_M009,bkg_monitor_cdm2,25
P01_L025,P01,P01_L025_M009,width,374.94805047229414
P01_L025,P01,P01_L025_M009,fs,81.9
P01_L025,P01,P01_L025_M009,ph,0.0
P01_L025,P01,P01_L025_M009,speed,0.0
P01_L025,P01,P01_L025_M009,contr,0.018
P01_L025,P01,P01_L025_M009,theta,0.0
P01_L025,P01,P01_L025_M009,bg,0.286
P01_L025,P01,P01_L025_M009,box,False
P01_L025,P01,P01_L025_M009,Lbg,25
P01_L025,P01,P01_L025_M009,Lmin,0.0
P01_L025,P01,P01_L025_M009,Lmax,25
P01_L025,P01,P01_L025_M009,gamma,0.0
P01_L025,P01,P01_L025_M009,BRTRR,1.2
P01_L025,P01,P01_L025_M009,flanker_width,5.0
P01_L025,P01,P01_L025_M009,flanker_displacement,3.0
P01_L025,P01,P01_L025_M009,probe_displacement_dx,0.4
P01_L025,P01,P01_L025_M009,probe_displacement_dy,0.2
P01_L025,P01,P01_L025_M009,pixel_metre_ratio,0.00023289062499999997
P01_L025,P01,P01_L025_M009,SdeX,0.05
P01_L025,P01,P01_L025_M009,Sdey,0.05
P01_L025,P01,P01_L025_M009,Probe_Height_Deg,0.13343643869556676
P01_L025,P01,P01_L025_M009,Probe_width_Deg,0.013343649840352816
P01_L025,P01,P01_L025_M010,distance_To_Monitor,1.0
P01_L025,P01,P01_L025_M010,win_widthy_Pixel,2560
P01_L025,P01,P01_L025_M010,win_widthx_Pixel,1440
P01_L025,P01,P01_L025_M010,win_widthy_Meter,0.3353
P01_L025,P01,P01_L025_M010,win_widthx_Meter,0.5962
P01_L025,P01,P01_L025_M010,Pixel Per Inch,164
P01_L025,P01,P01_L025_M010,Pixel width (m),0.00023289062499999997
P01_L025,P01,P01_L025_M010,Pixel Pitch (mm),0.155*0.155
P01_L025,P01,P01_L025_M010,bkg_intensity,0.286
P01_L025,P01,P01_L025_M010,max_intensity,1.0
P01_L025,P01,P01_L025_M010,time_Stimulus,250
P01_L025,P01,P01_L025_M010,reversalN,0.0
P01_L025,P01,P01_L025_M010,rateDW,0.5
P01_L025,P01,P01_L025_M010,correctTick,0
P01_L025,P01,P01_L025_M010,count_Reversals,0
P01_L025,P01,P01_L025_M010,probe_LR,0
P01_L025,P01,P01_L025_M010,human_LR,0
P01_L025,P01,P01_L025_M010,posY,0
P01_L025,P01,P01_L025_M010,rateUP,0.5
P01_L025,P01,P01_L025_M010,probe_pos (m),0.0
P01_L025,P01,P01_L025_M010,text,-1
P01_L025,P01,P01_L025_M010,reversePOINT,1
P01_L025,P01,P01_L025_M010,trialPOINT,8
P01_L025,P01,P01_L025_M010,nDW,4
P01_L025,P01,P01_L025_M010,nUP,1
P01_L025,P01,P01_L025_M010,start_weber_Contrast,1.0
P01_L025,P01,P01_L025_M010,number_trials,80
P01_L025,P01,P01_L025_M010,terminationINDEX,9
P01_L025,P01,P01_L025_M010,stepDWUP,0.005
P01_L025,P01,P01_L025_M010,logUNIT_UP,0.36
P01_L025,P01,P01_L025_M010,logUNIT_DW,0.30294
P01_L025,P01,P01_L025_M010,condRule,2
P01_L025,P01,P01_L025_M010,preReversalStepDW,0.36
P01_L025,P01,P01_L025_M010,Reversal_or_Trial,1
P01_L025,P01,P01_L025_M010,limit_Trial_Run,100
P01_L025,P01,P01_L025_M010,max_monitor_cdm2,400
P01_L025,P01,P01_L025_M010,bkg_monitor_cdm2,25
P01_L025,P01,P01_L025_M010,width,374.94805047229414
P01_L025,P01,P01_L025_M010,fs,81.9
P01_L025,P01,P01_L025_M010,ph,0.0
P01_L025,P01,P01_L025_M010,speed,0.0
P01_L025,P01,P01_L025_M010,contr,0.018
P01_L025,P01,P01_L025_M010,theta,0.0
P01_L025,P01,P01_L025_M010,bg,0.286
P01_L025,P01,P01_L025_M010,box,False
P01_L025,P01,P01_L025_M010,Lbg,25
P01_L025,P01,P01_L025_M010,Lmin,0.0
P01_L025,P01,P01_L025_M010,Lmax,25
P01_L025,P01,P01_L025_M010,gamma,0.0
P01_L025,P01,P01_L025_M010,BRTRR,1.2
P01_L025,P01,P01_L025_M010,flanker_width,5.0
P01_L025,P01,P01_L025_M010,flanker_displacement,3.0
P01_L025,P01,P01_L025_M010,probe_displacement_dx,0.4
P01_L025,P01,P01_L025_M010,probe_displacement_dy,0.2
P01_L025,P01,P01_L025_M010,pixel_metre_ratio,0.00023289062499999997
P01_L025,P01,P01_L025_M010,SdeX,0.05
P01_L025,P01,P01_L025_M010,Sdey,0.05
P01_L025,P01,P01_L025_M010,Probe_Height_Deg,0.13343643869556676
P01_L025,P01,P01_L025_M010,Probe_width_Deg,0.013343649840352816
P01_L025,P01,P01_L025_M011,distance_To_Monitor,1.0
P01_L025,P01,P01_L025_M011,win_widthy_Pixel,2560
P01_L025,P01,P01_L025_M011,win_widthx_Pixel,1440
P01_L025,P01,P01_L025_M011,win_widthy_Meter,0.3353
P01_L025,P01,P01_L025_M011,win_widthx_Meter,0.5962
P01_L025,P01,P01_L025_M011,Pixel Per Inch,164
P01_L025,P01,P01_L025_M011,Pixel width (m),0.00023289062499999997
P01_L025,P01,P01_L025_M011,Pixel Pitch (mm),0.155*0.155
P01_L025,P01,P01_L025_M011,bkg_intensity,0.286
P01_L025,P01,P01_L025_M011,max_intensity,1.0
P01_L025,P01,P01_L025_M011,time_Stimulus,250
P01_L025,P01,P01_L025_M011,reversalN,0.0
P01_L025,P01,P01_L025_M011,rateDW,0.5
P01_L025,P01,P01_L025_M011,correctTick,0
P01_L025,P01,P01_L025_M011,count_Reversals,0
P01_L025,P01,P01_L025_M011,probe_LR,0
P01_L025,P01,P01_L025_M011,human_LR,0
P01_L025,P01,P01_L025_M011,posY,0
P01_L025,P01,P01_L025_M011,rateUP,0.5
P01_L025,P01,P01_L025_M011,probe_pos (m),0.0
P01_L025,P01,P01_L025_M011,text,-1
P01_L025,P01,P01_L025_M011,reversePOINT,1
P01_L025,P01,P01_L025_M011,trialPOINT,8
P01_L025,P01,P01_L025_M011,nDW,4
P01_L025,P01,P01_L025_M011,nUP,1
P01_L025,P01,P01_L025_M011,start_weber_Contrast,1.0
P01_L025,P01,P01_L025_M011,number_trials,80
P01_L025,P01,P01_L025_M011,terminationINDEX,9
P01_L025,P01,P01_L025_M011,stepDWUP,0.005
P01_L025,P01,P01_L025_M011,logUNIT_UP,0.36
P01_L025,P01,P01_L025_M011,logUNIT_DW,0.30294
P01_L025,P01,P01_L025_M011,condRule,2
P01_L025,P01,P01_L025_M011,preReversalStepDW,0.36
P01_L025,P01,P01_L025_M011,Reversal_or_Trial,1
P01_L025,P01,P01_L025_M011,limit_Trial_Run,100
P01_L025,P01,P01_L025_M011,max_monitor_cdm2,400
P01_L025,P01,P01_L025_M011,bkg_monitor_cdm2,25
P01_L025,P01,P01_L025_M011,width,374.94805047229414
P01_L025,P01,P01_L025_M011,fs,81.9
P01_L025,P01,P01_L025_M011,ph,0.0
P01_L025,P01,P01_L025_M011,speed,0.0
P01_L025,P01,P01_L025_M011,contr,0.018
P01_L025,P01,P01_L025_M011,theta,0.0
P01_L025,P01,P01_L025_M011,bg,0.286
P01_L025,P01,P01_L025_M011,box,False
P01_L025,P01,P01_L025_M011,Lbg,25
P01_L025,P01,P01_L025_M011,Lmin,0.0
P01_L025,P01,P01_L025_M011,Lmax,25
P01_L025,P01,P01_L025_M011,gamma,0.0
P01_L025,P01,P01_L025_M011,BRTRR,1.2
P01_L025,P01,P01_L025_M011,flanker_width,5.0
P01_L025,P01,P01_L025_M011,flanker_displacement,3.0
P01_L025,P01,P01_L025_M011,probe_displacement_dx,0.4
P01_L025,P01,P01_L025_M011,probe_displacement_dy,0.2
P01_L025,P01,P01_L025_M011,pixel_metre_ratio,0.00023289062499999997
P01_L025,P01,P01_L025_M011,SdeX,0.05
P01_L025,P01,P01_L025_M011,Sdey,0.05
P01_L025,P01,P01_L025_M011,Probe_Height_Deg,0.13343643869556676
P01_L025,P01,P01_L025_M011,Probe_width_Deg,0.013343649840352816
P01_L038,P01,P01_L038_M001,distance_To_Monitor,1.0
P01_L038,P01,P01_L038_M001,win_widthy_Pixel,2560
P01_L038,P01,P01_L038_M001,win_widthx_Pixel,1440
P01_L038,P01,P01_L038_M001,win_widthy_Meter,0.3353
P01_L038,P01,P01_L038_M001,win_widthx_Meter,0.5962
P01_L038,P01,P01_L038_M001,Pixel Per Inch,164
P01_L038,P01,P01_L038_M001,Pixel width (m),0.00023289062499999997
P01_L038,P01,P01_L038_M001,Pixel Pitch (mm),0.155*0.155
P01_L038,P01,P01_L038_M001,bkg_intensity,0.35
P01_L038,P01,P01_L038_M001,max_intensity,1.0
P01_L038,P01,P01_L038_M001,time_Stimulus,250
P01_L038,P01,P01_L038_M001,reversalN,0.0
P01_L038,P01,P01_L038_M001,rateDW,0.5
P01_L038,P01,P01_L038_M001,correctTick,0
P01_L038,P01,P01_L038_M001,count_Reversals,0
P01_L038,P01,P01_L038_M001,probe_LR,0
P01_L038,P01,P01_L038_M001,human_LR,0
P01_L038,P01,P01_L038_M001,posY,0
P01_L038,P01,P01_L038_M001,rateUP,0.5
P01_L038,P01,P01_L038_M001,probe_pos (m),0.0
P01_L038,P01,P01_L038_M001,text,-1
P01_L038,P01,P01_L038_M001,reversePOINT,1
P01_L038,P01,P01_L038_M001,trialPOINT,7
P01_L038,P01,P01_L038_M001,nDW,4
P01_L038,P01,P01_L038_M001,nUP,1
P01_L038,P01,P01_L038_M001,start_weber_Contrast,1.0
P01_L038,P01,P01_L038_M001,number_trials,80
P01_L038,P01,P01_L038_M001,terminationINDEX,9
P01_L038,P01,P01_L038_M001,stepDWUP,0.005
P01_L038,P01,P01_L038_M001,logUNIT_UP,0.36
P01_L038,P01,P01_L038_M001,logUNIT_DW,0.30294
P01_L038,P01,P01_L038_M001,condRule,2
P01_L038,P01,P01_L038_M001,preReversalStepDW,0.36
P01_L038,P01,P01_L038_M001,Reversal_or_Trial,1
P01_L038,P01,P01_L038_M001,limit_Trial_Run,100
P01_L038,P01,P01_L038_M001,max_monitor_cdm2,400
P01_L038,P01,P01_L038_M001,bkg_monitor_cdm2,38
P01_L038,P01,P01_L038_M001,width,374.94805047229414
P01_L038,P01,P01_L038_M001,fs,63.0
P01_L038,P01,P01_L038_M001,ph,0.0
P01_L038,P01,P01_L038_M001,speed,0.0
P01_L038,P01,P01_L038_M001,contr,0.018
P01_L038,P01,P01_L038_M001,theta,0.0
P01_L038,P01,P01_L038_M001,bg,0.35
P01_L038,P01,P01_L038_M001,box,False
P01_L038,P01,P01_L038_M001,Lbg,25
P01_L038,P01,P01_L038_M001,Lmin,0.0
P01_L038,P01,P01_L038_M001,Lmax,25
P01_L038,P01,P01_L038_M001,gamma,0.0
P01_L038,P01,P01_L038_M001,BRTRR,1.2
P01_L038,P01,P01_L038_M001,flanker_width,5.0
P01_L038,P01,P01_L038_M001,flanker_displacement,3.0
P01_L038,P01,P01_L038_M001,probe_displacement_dx,0.4
P01_L038,P01,P01_L038_M001,probe_displacement_dy,0.2
P01_L038,P01,P01_L038_M001,pixel_metre_ratio,0.00023289062499999997
P01_L038,P01,P01_L038_M001,SdeX,0.05
P01_L038,P01,P01_L038_M001,Sdey,0.05
P01_L038,P01,P01_L038_M001,Probe_Height_Deg,0.13343643869556676
P01_L038,P01,P01_L038_M001,Probe_width_Deg,0.013343649840352816
P01_L038,P01,P01_L038_M002,distance_To_Monitor,1.0
P01_L038,P01,P01_L038_M002,win_widthy_Pixel,2560
P01_L038,P01,P01_L038_M002,win_widthx_Pixel,1440
P01_L038,P01,P01_L038_M002,win_widthy_Meter,0.3353
P01_L038,P01,P01_L038_M002,win_widthx_Meter,0.5962
P01_L038,P01,P01_L038_M002,Pixel Per Inch,164
P01_L038,P01,P01_L038_M002,Pixel width (m),0.00023289062499999997
P01_L038,P01,P01_L038_M002,Pixel Pitch (mm),0.155*0.155
P01_L038,P01,P01_L038_M002,bkg_intensity,0.35
P01_L038,P01,P01_L038_M002,max_intensity,1.0
P01_L038,P01,P01_L038_M002,time_Stimulus,250
P01_L038,P01,P01_L038_M002,reversalN,0.0
P01_L038,P01,P01_L038_M002,rateDW,0.5
P01_L038,P01,P01_L038_M002,correctTick,0
P01_L038,P01,P01_L038_M002,count_Reversals,0
P01_L038,P01,P01_L038_M002,probe_LR,0
P01_L038,P01,P01_L038_M002,human_LR,0
P01_L038,P01,P01_L038_M002,posY,0
P01_L038,P01,P01_L038_M002,rateUP,0.5
P01_L038,P01,P01_L038_M002,probe_pos (m),0.0
P01_L038,P01,P01_L038_M002,text,-1
P01_L038,P01,P01_L038_M002,reversePOINT,1
P01_L038,P01,P01_L038_M002,trialPOINT,8
P01_L038,P01,P01_L038_M002,nDW,4
P01_L038,P01,P01_L038_M002,nUP,1
P01_L038,P01,P01_L038_M002,start_weber_Contrast,1.0
P01_L038,P01,P01_L038_M002,number_trials,80
P01_L038,P01,P01_L038_M002,terminationINDEX,9
P01_L038,P01,P01_L038_M002,stepDWUP,0.005
P01_L038,P01,P01_L038_M002,logUNIT_UP,0.36
P01_L038,P01,P01_L038_M002,logUNIT_DW,0.30294
P01_L038,P01,P01_L038_M002,condRule,2
P01_L038,P01,P01_L038_M002,preReversalStepDW,0.36
P01_L038,P01,P01_L038_M002,Reversal_or_Trial,1
P01_L038,P01,P01_L038_M002,limit_Trial_Run,100
P01_L038,P01,P01_L038_M002,max_monitor_cdm2,400
P01_L038,P01,P01_L038_M002,bkg_monitor_cdm2,38
P01_L038,P01,P01_L038_M002,width,374.94805047229414
P01_L038,P01,P01_L038_M002,fs,63.0
P01_L038,P01,P01_L038_M002,ph,0.0
P01_L038,P01,P01_L038_M002,speed,0.0
P01_L038,P01,P01_L038_M002,contr,0.018
P01_L038,P01,P01_L038_M002,theta,0.0
P01_L038,P01,P01_L038_M002,bg,0.35
P01_L038,P01,P01_L038_M002,box,False
P01_L038,P01,P01_L038_M002,Lbg,25
P01_L038,P01,P01_L038_M002,Lmin,0.0
P01_L038,P01,P01_L038_M002,Lmax,25
P01_L038,P01,P01_L038_M002,gamma,0.0
P01_L038,P01,P01_L038_M002,BRTRR,1.2
P01_L038,P01,P01_L038_M002,flanker_width,5.0
P01_L038,P01,P01_L038_M002,flanker_displacement,3.0
P01_L038,P01,P01_L038_M002,probe_displacement_dx,0.4
P01_L038,P01,P01_L038_M002,probe_displacement_dy,0.2
P01_L038,P01,P01_L038_M002,pixel_metre_ratio,0.00023289062499999997
P01_L038,P01,P01_L038_M002,SdeX,0.05
P01_L038,P01,P01_L038_M002,Sdey,0.05
P01_L038,P01,P01_L038_M002,Probe_Height_Deg,0.13343643869556676
P01_L038,P01,P01_L038_M002,Probe_width_Deg,0.013343649840352816
P01_L038,P01,P01_L038_M003,distance_To_Monitor,1.0
P01_L038,P01,P01_L038_M003,win_widthy_Pixel,2560
P01_L038,P01,P01_L038_M003,win_widthx_Pixel,1440
P01_L038,P01,P01_L038_M003,win_widthy_Meter,0.3353
P01_L038,P01,P01_L038_M003,win_widthx_Meter,0.5962
P01_L038,P01,P01_L038_M003,Pixel Per Inch,164
P01_L038,P01,P01_L038_M003,Pixel width (m),0.00023289062499999997
P01_L038,P01,P01_L038_M003,Pixel Pitch (mm),0.155*0.155
P01_L038,P01,P01_L038_M003,bkg_intensity,0.35
P01_L038,P01,P01_L038_M003,max_intensity,1.0
P01_L038,P01,P01_L038_M003,time_Stimulus,250
P01_L038,P01,P01_L038_M003,reversalN,0.0
P01_L038,P01,P01_L038_M003,rateDW,0.5
P01_L038,P01,P01_L038_M003,correctTick,0
P01_L038,P01,P01_L038_M003,count_Reversals,0
P01_L038,P01,P01_L038_M003,probe_LR,0
P01_L038,P01,P01_L038_M003,human_LR,0
P01_L038,P01,P01_L038_M003,posY,0
P01_L038,P01,P01_L038_M003,rateUP,0.5
P01_L038,P01,P01_L038_M003,probe_pos (m),0.0
P01_L038,P01,P01_L038_M003,text,-1
P01_L038,P01,P01_L038_M003,reversePOINT,1
P01_L038,P01,P01_L038_M003,trialPOINT,8
P01_L038,P01,P01_L038_M003,nDW,4
P01_L038,P01,P01_L038_M003,nUP,1
P01_L038,P01,P01_L038_M003,start_weber_Contrast,1.0
P01_L038,P01,P01_L038_M003,number_trials,80
P01_L038,P01,P01_L038_M003,terminationINDEX,9
P01_L038,P01,P01_L038_M003,stepDWUP,0.005
P01_L038,P01,P01_L038_M003,logUNIT_UP,0.36
P01_L038,P01,P01_L038_M003,logUNIT_DW,0.30294
P01_L038,P01,P01_L038_M003,condRule,2
P01_L038,P01,P01_L038_M003,preReversalStepDW,0.36
P01_L038,P01,P01_L038_M003,Reversal_or_Trial,1
P01_L038,P01,P01_L038_M003,limit_Trial_Run,100
P01_L038,P01,P01_L038_M003,max_monitor_cdm2,400
P01_L038,P01,P01_L038_M003,bkg_monitor_cdm2,38
P01_L038,P01,P01_L038_M003,width,374.94805047229414
P01_L038,P01,P01_L038_M003,fs,94.5
P01_L038,P01,P01_L038_M003,ph,0.0
P01_L038,P01,P01_L038_M003,speed,0.0
P01_L038,P01,P01_L038_M003,contr,0.018
P01_L038,P01,P01_L038_M003,theta,0.0
P01_L038,P01,P01_L038_M003,bg,0.35
P01_L038,P01,P01_L038_M003,box,False
P01_L038,P01,P01_L038_M003,Lbg,25
P01_L038,P01,P01_L038_M003,Lmin,0.0
P01_L038,P01,P01_L038_M003,Lmax,25
P01_L038,P01,P01_L038_M003,gamma,0.0
P01_L038,P01,P01_L038_M003,BRTRR,1.2
P01_L038,P01,P01_L038_M003,flanker_width,5.0
P01_L038,P01,P01_L038_M003,flanker_displacement,3.0
P01_L038,P01,P01_L038_M003,probe_displacement_dx,0.4
P01_L038,P01,P01_L038_M003,probe_displacement_dy,0.2
P01_L038,P01,P01_L038_M003,pixel_metre_ratio,0.00023289062499999997
P01_L038,P01,P01_L038_M003,SdeX,0.05
P01_L038,P01,P01_L038_M003,SdeY,0.05
P01_L038,P01,P01_L038_M003,Probe_Height_Deg,0.13343643869556676
P01_L038,P01,P01_L038_M003,Probe_width_Deg,0.013343649840352816
P01_L038,P01,P01_L038_M004,distance_To_Monitor,1.0
P01_L038,P01,P01_L038_M004,win_widthy_Pixel,2560
P01_L038,P01,P01_L038_M004,win_widthx_Pixel,1440
P01_L038,P01,P01_L038_M004,win_widthy_Meter,0.3353
P01_L038,P01,P01_L038_M004,win_widthx_Meter,0.5962
P01_L038,P01,P01_L038_M004,Pixel Per Inch,164
P01_L038,P01,P01_L038_M004,Pixel width (m),0.00023289062499999997
P01_L038,P01,P01_L038_M004,Pixel Pitch (mm),0.155*0.155
P01_L038,P01,P01_L038_M004,bkg_intensity,0.35
P01_L038,P01,P01_L038_M004,max_intensity,1.0
P01_L038,P01,P01_L038_M004,time_Stimulus,250
P01_L038,P01,P01_L038_M004,reversalN,0.0
P01_L038,P01,P01_L038_M004,rateDW,0.5
P01_L038,P01,P01_L038_M004,correctTick,0
P01_L038,P01,P01_L038_M004,count_Reversals,0
P01_L038,P01,P01_L038_M004,probe_LR,0
P01_L038,P01,P01_L038_M004,human_LR,0
P01_L038,P01,P01_L038_M004,posY,0
P01_L038,P01,P01_L038_M004,rateUP,0.5
P01_L038,P01,P01_L038_M004,probe_pos (m),0.0
P01_L038,P01,P01_L038_M004,text,-1
P01_L038,P01,P01_L038_M004,reversePOINT,1
P01_L038,P01,P01_L038_M004,trialPOINT,8
P01_L038,P01,P01_L038_M004,nDW,4
P01_L038,P01,P01_L038_M004,nUP,1
P01_L038,P01,P01_L038_M004,start_weber_Contrast,1.0
P01_L038,P01,P01_L038_M004,number_trials,80
P01_L038,P01,P01_L038_M004,terminationINDEX,9
P01_L038,P01,P01_L038_M004,stepDWUP,0.005
P01_L038,P01,P01_L038_M004,logUNIT_UP,0.36
P01_L038,P01,P01_L038_M004,logUNIT_DW,0.30294
P01_L038,P01,P01_L038_M004,condRule,2
P01_L038,P01,P01_L038_M004,preReversalStepDW,0.36
P01_L038,P01,P01_L038_M004,Reversal_or_Trial,1
P01_L038,P01,P01_L038_M004,limit_Trial_Run,100
P01_L038,P01,P01_L038_M004,max_monitor_cdm2,400
P01_L038,P01,P01_L038_M004,bkg_monitor_cdm2,38
P01_L038,P01,P01_L038_M004,width,374.94805047229414
P01_L038,P01,P01_L038_M004,fs,94.5
P01_L038,P01,P01_L038_M004,ph,0.0
P01_L038,P01,P01_L038_M004,speed,0.0
P01_L038,P01,P01_L038_M004,contr,0.018
P01_L038,P01,P01_L038_M004,theta,0.0
P01_L038,P01,P01_L038_M004,bg,0.35
P01_L038,P01,P01_L038_M004,box,False
P01_L038,P01,P01_L038_M004,Lbg,25
P01_L038,P01,P01_L038_M004,Lmin,0.0
P01_L038,P01,P01_L038_M004,Lmax,25
P01_L038,P01,P01_L038_M004,gamma,0.0
P01_L038,P01,P01_L038_M004,BRTRR,1.2
P01_L038,P01,P01_L038_M004,flanker_width,5.0
P01_L038,P01,P01_L038_M004,flanker_displacement,3.0
P01_L038,P01,P01_L038_M004,probe_displacement_dx,0.4
P01_L038,P01,P01_L038_M004,probe_displacement_dy,0.2
P01_L038,P01,P01_L038_M004,pixel_metre_ratio,0.00023289062499999997
P01_L038,P01,P01_L038_M004,SdeX,0.05
P01_L038,P01,P01_L038_M004,SdeY,0.05
P01_L038,P01,P01_L038_M004,Probe_Height_Deg,0.13343643869556676
P01_L038,P01,P01_L038_M004,Probe_width_Deg,0.013343649840352816
P01_L050,P01,P01_L050_M001,distance_To_Monitor,1.0
P01_L050,P01,P01_L050_M001,win_widthy_Pixel,2560
P01_L050,P01,P01_L050_M001,win_widthx_Pixel,1440
P01_L050,P01,P01_L050_M001,win_widthy_Meter,0.3353
P01_L050,P01,P01_L050_M001,win_widthx_Meter,0.5962
P01_L050,P01,P01_L050_M001,Pixel Per Inch,164
P01_L050,P01,P01_L050_M001,Pixel width (m),0.00023289062499999997
P01_L050,P01,P01_L050_M001,Pixel Pitch (mm),0.155*0.155
P01_L050,P01,P01_L050_M001,bkg_intensity,0.392
P01_L050,P01,P01_L050_M001,max_intensity,1.0
P01_L050,P01,P01_L050_M001,time_Stimulus,250
P01_L050,P01,P01_L050_M001,reversalN,0.0
P01_L050,P01,P01_L050_M001,rateDW,0.5
P01_L050,P01,P01_L050_M001,correctTick,0
P01_L050,P01,P01_L050_M001,count_Reversals,0
P01_L050,P01,P01_L050_M001,probe_LR,0
P01_L050,P01,P01_L050_M001,human_LR,0
P01_L050,P01,P01_L050_M001,posY,0
P01_L050,P01,P01_L050_M001,rateUP,0.5
P01_L050,P01,P01_L050_M001,probe_pos (m),0.0
P01_L050,P01,P01_L050_M001,text,-1
P01_L050,P01,P01_L050_M001,reversePOINT,1
P01_L050,P01,P01_L050_M001,trialPOINT,8
P01_L050,P01,P01_L050_M001,nDW,4
P01_L050,P01,P01_L050_M001,nUP,1
P01_L050,P01,P01_L050_M001,start_weber_Contrast,1.0
P01_L050,P01,P01_L050_M001,number_trials,80
P01_L050,P01,P01_L050_M001,terminationINDEX,9
P01_L050,P01,P01_L050_M001,stepDWUP,0.005
P01_L050,P01,P01_L050_M001,logUNIT_UP,0.36
P01_L050,P01,P01_L050_M001,logUNIT_DW,0.30294
P01_L050,P01,P01_L050_M001,condRule,2
P01_L050,P01,P01_L050_M001,preReversalStepDW,0.36
P01_L050,P01,P01_L050_M001,Reversal_or_Trial,1
P01_L050,P01,P01_L050_M001,limit_Trial_Run,100
P01_L050,P01,P01_L050_M001,max_monitor_cdm2,400
P01_L050,P01,P01_L050_M001,bkg_monitor_cdm2,50
P01_L050,P01,P01_L050_M001,width,374.94805047229414
P01_L050,P01,P01_L050_M001,fs,94.5
P01_L050,P01,P01_L050_M001,ph,0.0
P01_L050,P01,P01_L050_M001,speed,0.0
P01_L050,P01,P01_L050_M001,contr,0.018
P01_L050,P01,P01_L050_M001,theta,0.0
P01_L050,P01,P01_L050_M001,bg,0.392
P01_L050,P01,P01_L050_M001,box,False
P01_L050,P01,P01_L050_M001,Lbg,25
P01_L050,P01,P01_L050_M001,Lmin,0.0
P01_L050,P01,P01_L050_M001,Lmax,25
P01_L050,P01,P01_L050_M001,gamma,0.0
P01_L050,P01,P01_L050_M001,BRTRR,1.2
P01_L050,P01,P01_L050_M001,flanker_width,5.0
P01_L050,P01,P01_L050_M001,flanker_displacement,3.0
P01_L050,P01,P01_L050_M001,probe_displacement_dx,0.4
P01_L050,P01,P01_L050_M001,probe_displacement_dy,0.2
P01_L050,P01,P01_L050_M001,pixel_metre_ratio,0.00023289062499999997
P01_L050,P01,P01_L050_M001,SdeX,0.05
P01_L050,P01,P01_L050_M001,SdeY,0.05
P01_L050,P01,P01_L050_M001,Probe_Height_Deg,0.13343643869556676
P01_L050,P01,P01_L050_M001,Probe_width_Deg,0.013343649840352816
P01_L050,P01,P01_L050_M002,distance_To_Monitor,1.0
P01_L050,P01,P01_L050_M002,win_widthy_Pixel,2560
P01_L050,P01,P01_L050_M002,win_widthx_Pixel,1440
P01_L050,P01,P01_L050_M002,win_widthy_Meter,0.3353
P01_L050,P01,P01_L050_M002,win_widthx_Meter,0.5962
P01_L050,P01,P01_L050_M002,Pixel Per Inch,164
P01_L050,P01,P01_L050_M002,Pixel width (m),0.00023289062499999997
P01_L050,P01,P01_L050_M002,Pixel Pitch (mm),0.155*0.155
P01_L050,P01,P01_L050_M002,bkg_intensity,0.392
P01_L050,P01,P01_L050_M002,max_intensity,1.0
P01_L050,P01,P01_L050_M002,time_Stimulus,250
P01_L050,P01,P01_L050_M002,reversalN,0.0
P01_L050,P01,P01_L050_M002,rateDW,0.5
P01_L050,P01,P01_L050_M002,correctTick,0
P01_L050,P01,P01_L050_M002,count_Reversals,0
P01_L050,P01,P01_L050_M002,probe_LR,0
P01_L050,P01,P01_L050_M002,human_LR,0
P01_L050,P01,P01_L050_M002,posY,0
P01_L050,P01,P01_L050_M002,rateUP,0.5
P01_L050,P01,P01_L050_M002,probe_pos (m),0.0
P01_L050,P01,P01_L050_M002,text,-1
P01_L050,P01,P01_L050_M002,reversePOINT,1
P01_L050,P01,P01_L050_M002,trialPOINT,8
P01_L050,P01,P01_L050_M002,nDW,4
P01_L050,P01,P01_L050_M002,nUP,1
P01_L050,P01,P01_L050_M002,start_weber_Contrast,1.0
P01_L050,P01,P01_L050_M002,number_trials,80
P01_L050,P01,P01_L050_M002,terminationINDEX,9
P01_L050,P01,P01_L050_M002,stepDWUP,0.005
P01_L050,P01,P01_L050_M002,logUNIT_UP,0.36
P01_L050,P01,P01_L050_M002,logUNIT_DW,0.30294
P01_L050,P01,P01_L050_M002,condRule,2
P01_L050,P01,P01_L050_M002,preReversalStepDW,0.36
P01_L050,P01,P01_L050_M002,Reversal_or_Trial,1
P01_L050,P01,P01_L050_M002,limit_Trial_Run,100
P01_L050,P01,P01_L050_M002,max_monitor_cdm2,400
P01_L050,P01,P01_L050_M002,bkg_monitor_cdm2,50
P01_L050,P01,P01_L050_M002,width,374.94805047229414
P01_L050,P01,P01_L050_M002,fs,94.5
P01_L050,P01,P01_L050_M002,ph,0.0
P01_L050,P01,P01_L050_M002,speed,0.0
P01_L050,P01,P01_L050_M002,contr,0.018
P01_L050,P01,P01_L050_M002,theta,0.0
P01_L050,P01,P01_L050_M002,bg,0.392
P01_L050,P01,P01_L050_M002,box,False
P01_L050,P01,P01_L050_M002,Lbg,25
P01_L050,P01,P01_L050_M002,Lmin,0.0
P01_L050,P01,P01_L050_M002,Lmax,25
P01_L050,P01,P01_L050_M002,gamma,0.0
P01_L050,P01,P01_L050_M002,BRTRR,1.2
P01_L050,P01,P01_L050_M002,flanker_width,5.0
P01_L050,P01,P01_L050_M002,flanker_displacement,3.0
P01_L050,P01,P01_L050_M002,probe_displacement_dx,0.4
P01_L050,P01,P01_L050_M002,probe_displacement_dy,0.2
P01_L050,P01,P01_L050_M002,pixel_metre_ratio,0.00023289062499999997
P01_L050,P01,P01_L050_M002,SdeX,0.05
P01_L050,P01,P01_L050_M002,SdeY,0.05
P01_L050,P01,P01_L050_M002,Probe_Height_Deg,0.13343643869556676
P01_L050,P01,P01_L050_M002,Probe_width_Deg,0.013343649840352816
P01_L050,P01,P01_L050_M003,distance_To_Monitor,1.0
P01_L050,P01,P01_L050_M003,win_widthy_Pixel,2560
P01_L050,P01,P01_L050_M003,win_widthx_Pixel,1440
P01_L050,P01,P01_L050_M003,win_widthy_Meter,0.3353
P01_L050,P01,P01_L050_M003,win_widthx_Meter,0.5962
P01_L050,P01,P01_L050_M003,Pixel Per Inch,164
P01_L050,P01,P01_L050_M003,Pixel width (m),0.00023289062499999997
P01_L050,P01,P01_L050_M003,Pixel Pitch (mm),0.155*0.155
P01_L050,P01,P01_L050_M003,bkg_intensity,0.392
P01_L050,P01,P01_L050_M003,max_intensity,1.0
P01_L050,P01,P01_L050_M003,time_Stimulus,250
P01_L050,P01,P01_L050_M003,reversalN,0.0
P01_L050,P01,P01_L050_M003,rateDW,0.5
P01_L050,P01,P01_L050_M003,correctTick,0
P01_L050,P01,P01_L050_M003,count_Reversals,0
P01_L050,P01,P01_L050_M003,probe_LR,0
P01_L050,P01,P01_L050_M003,human_LR,0
P01_L050,P01,P01_L050_M003,posY,0
P01_L050,P01,P01_L050_M003,rateUP,0.5
P01_L050,P01,P01_L050_M003,probe_pos (m),0.0
P01_L050,P01,P01_L050_M003,text,-1
P01_L050,P01,P01_L050_M003,reversePOINT,1
P01_L050,P01,P01_L050_M003,trialPOINT,8
P01_L050,P01,P01_L050_M003,nDW,4
P01_L050,P01,P01_L050_M003,nUP,1
P01_L050,P01,P01_L050_M003,start_weber_Contrast,1.0
P01_L050,P01,P01_L050_M003,number_trials,80
P01_L050,P01,P01_L050_M003,terminationINDEX,9
P01_L050,P01,P01_L050_M003,stepDWUP,0.005
P01_L050,P01,P01_L050_M003,logUNIT_UP,0.36
P01_L050,P01,P01_L050_M003,logUNIT_DW,0.30294
P01_L050,P01,P01_L050_M003,condRule,2
P01_L050,P01,P01_L050_M003,preReversalStepDW,0.36
P01_L050,P01,P01_L050_M003,Reversal_or_Trial,1
P01_L050,P01,P01_L050_M003,limit_Trial_Run,100
P01_L050,P01,P01_L050_M003,max_monitor_cdm2,400
P01_L050,P01,P01_L050_M003,bkg_monitor_cdm2,50
P01_L050,P01,P01_L050_M003,width,374.94805047229414
P01_L050,P01,P01_L050_M003,fs,63.0
P01_L050,P01,P01_L050_M003,ph,0.0
P01_L050,P01,P01_L050_M003,speed,0.0
P01_L050,P01,P01_L050_M003,contr,0.018
P01_L050,P01,P01_L050_M003,theta,0.0
P01_L050,P01,P01_L050_M003,bg,0.392
P01_L050,P01,P01_L050_M003,box,False
P01_L050,P01,P01_L050_M003,Lbg,25
P01_L050,P01,P01_L050_M003,Lmin,0.0
P01_L050,P01,P01_L050_M003,Lmax,25
P01_L050,P01,P01_L050_M003,gamma,0.0
P01_L050,P01,P01_L050_M003,BRTRR,1.2
P01_L050,P01,P01_L050_M003,flanker_width,5.0
P01_L050,P01,P01_L050_M003,flanker_displacement,3.0
P01_L050,P01,P01_L050_M003,probe_displacement_dx,0.4
P01_L050,P01,P01_L050_M003,probe_displacement_dy,0.2
P01_L050,P01,P01_L050_M003,pixel_metre_ratio,0.00023289062499999997
P01_L050,P01,P01_L050_M003,SdeX,0.05
P01_L050,P01,P01_L050_M003,SdeY,0.05
P01_L050,P01,P01_L050_M003,Probe_Height_Deg,0.13343643869556676
P01_L050,P01,P01_L050_M003,Probe_width_Deg,0.013343649840352816
P01_L050,P01,P01_L050_M004,distance_To_Monitor,1.0
P01_L050,P01,P01_L050_M004,win_widthy_Pixel,2560
P01_L050,P01,P01_L050_M004,win_widthx_Pixel,1440
P01_L050,P01,P01_L050_M004,win_widthy_Meter,0.3353
P01_L050,P01,P01_L050_M004,win_widthx_Meter,0.5962
P01_L050,P01,P01_L050_M004,Pixel Per Inch,164
P01_L050,P01,P01_L050_M004,Pixel width (m),0.00023289062499999997
P01_L050,P01,P01_L050_M004,Pixel Pitch (mm),0.155*0.155
P01_L050,P01,P01_L050_M004,bkg_intensity,0.392
P01_L050,P01,P01_L050_M004,max_intensity,1.0
P01_L050,P01,P01_L050_M004,time_Stimulus,250
P01_L050,P01,P01_L050_M004,reversalN,0.0
P01_L050,P01,P01_L050_M004,rateDW,0.5
P01_L050,P01,P01_L050_M004,correctTick,0
P01_L050,P01,P01_L050_M004,count_Reversals,0
P01_L050,P01,P01_L050_M004,probe_LR,0
P01_L050,P01,P01_L050_M004,human_LR,0
P01_L050,P01,P01_L050_M004,posY,0
P01_L050,P01,P01_L050_M004,rateUP,0.5
P01_L050,P01,P01_L050_M004,probe_pos (m),0.0
P01_L050,P01,P01_L050_M004,text,-1
P01_L050,P01,P01_L050_M004,reversePOINT,1
P01_L050,P01,P01_L050_M004,trialPOINT,8
P01_L050,P01,P01_L050_M004,nDW,4
P01_L050,P01,P01_L050_M004,nUP,1
P01_L050,P01,P01_L050_M004,start_weber_Contrast,1.0
P01_L050,P01,P01_L050_M004,number_trials,80
P01_L050,P01,P01_L050_M004,terminationINDEX,9
P01_L050,P01,P01_L050_M004,stepDWUP,0.005
P01_L050,P01,P01_L050_M004,logUNIT_UP,0.36
P01_L050,P01,P01_L050_M004,logUNIT_DW,0.30294
P01_L050,P01,P01_L050_M004,condRule,2
P01_L050,P01,P01_L050_M004,preReversalStepDW,0.36
P01_L050,P01,P01_L050_M004,Reversal_or_Trial,1
P01_L050,P01,P01_L050_M004,limit_Trial_Run,100
P01_L050,P01,P01_L050_M004,max_monitor_cdm2,400
P01_L050,P01,P01_L050_M004,bkg_monitor_cdm2,50
P01_L050,P01,P01_L050_M004,width,374.94805047229414
P01_L050,P01,P01_L050_M004,fs,63.0
P01_L050,P01,P01_L050_M004,ph,0.0
P01_L050,P01,P01_L050_M004,speed,0.0
P01_L050,P01,P01_L050_M004,contr,0.018
P01_L050,P01,P01_L050_M004,theta,0.0
P01_L050,P01,P01_L050_M004,bg,0.392
P01_L050,P01,P01_L050_M004,box,False
P01_L050,P01,P01_L050_M004,Lbg,25
P01_L050,P01,P01_L050_M004,Lmin,0.0
P01_L050,P01,P01_L050_M004,Lmax,25
P01_L050,P01,P01_L050_M004,gamma,0.0
P01_L050,P01,P01_L050_M004,BRTRR,1.2
P01_L050,P01,P01_L050_M004,flanker_width,5.0
P01_L050,P01,P01_L050_M004,flanker_displacement,3.0
P01_L050,P01,P01_L050_M004,probe_displacement_dx,0.4
P01_L050,P01,P01_L050_M004,probe_displacement_dy,0.2
P01_L050,P01,P01_L050_M004,pixel_metre_ratio,0.00023289062499999997
P01_L050,P01,P01_L050_M004,SdeX,0.05
P01_L050,P01,P01_L050_M004,SdeY,0.05
P01_L050,P01,P01_L050_M004,Probe_Height_Deg,0.13343643869556676
P01_L050,P01,P01_L050_M004,Probe_width_Deg,0.013343649840352816
P01_L050,P01,P01_L050_M005,distance_To_Monitor,1.0
P01_L050,P01,P01_L050_M005,win_widthy_Pixel,2560
P01_L050,P01,P01_L050_M005,win_widthx_Pixel,1440
P01_L050,P01,P01_L050_M005,win_widthy_Meter,0.3353
P01_L050,P01,P01_L050_M005,win_widthx_Meter,0.5962
P01_L050,P01,P01_L050_M005,Pixel Per Inch,164
P01_L050,P01,P01_L050_M005,Pixel width (m),0.00023289062499999997
P01_L050,P01,P01_L050_M005,Pixel Pitch (mm),0.155*0.155
P01_L050,P01,P01_L050_M005,bkg_intensity,0.392
P01_L050,P01,P01_L050_M005,max_intensity,1.0
P01_L050,P01,P01_L050_M005,time_Stimulus,250
P01_L050,P01,P01_L050_M005,reversalN,0.0
P01_L050,P01,P01_L050_M005,rateDW,0.5
P01_L050,P01,P01_L050_M005,correctTick,0
P01_L050,P01,P01_L050_M005,count_Reversals,0
P01_L050,P01,P01_L050_M005,probe_LR,0
P01_L050,P01,P01_L050_M005,human_LR,0
P01_L050,P01,P01_L050_M005,posY,0
P01_L050,P01,P01_L050_M005,rateUP,0.5
P01_L050,P01,P01_L050_M005,probe_pos (m),0.0
P01_L050,P01,P01_L050_M005,text,-1
P01_L050,P01,P01_L050_M005,reversePOINT,1
P01_L050,P01,P01_L050_M005,trialPOINT,8
P01_L050,P01,P01_L050_M005,nDW,4
P01_L050,P01,P01_L050_M005,nUP,1
P01_L050,P01,P01_L050_M005,start_weber_Contrast,1.0
P01_L050,P01,P01_L050_M005,number_trials,80
P01_L050,P01,P01_L050_M005,terminationINDEX,9
P01_L050,P01,P01_L050_M005,stepDWUP,0.005
P01_L050,P01,P01_L050_M005,logUNIT_UP,0.36
P01_L050,P01,P01_L050_M005,logUNIT_DW,0.30294
P01_L050,P01,P01_L050_M005,condRule,2
P01_L050,P01,P01_L050_M005,preReversalStepDW,0.36
P01_L050,P01,P01_L050_M005,Reversal_or_Trial,1
P01_L050,P01,P01_L050_M005,limit_Trial_Run,100
P01_L050,P01,P01_L050_M005,max_monitor_cdm2,400
P01_L050,P01,P01_L050_M005,bkg_monitor_cdm2,50
P01_L050,P01,P01_L050_M005,width,374.94805047229414
P01_L050,P01,P01_L050_M005,fs,63.0
P01_L050,P01,P01_L050_M005,ph,0.0
P01_L050,P01,P01_L050_M005,speed,0.0
P01_L050,P01,P01_L050_M005,contr,0.018
P01_L050,P01,P01_L050_M005,theta,0.0
P01_L050,P01,P01_L050_M005,bg,0.392
P01_L050,P01,P01_L050_M005,box,False
P01_L050,P01,P01_L050_M005,Lbg,25
P01_L050,P01,P01_L050_M005,Lmin,0.0
P01_L050,P01,P01_L050_M005,Lmax,25
P01_L050,P01,P01_L050_M005,gamma,0.0
P01_L050,P01,P01_L050_M005,BRTRR,1.2
P01_L050,P01,P01_L050_M005,flanker_width,5.0
P01_L050,P01,P01_L050_M005,flanker_displacement,3.0
P01_L050,P01,P01_L050_M005,probe_displacement_dx,0.4
P01_L050,P01,P01_L050_M005,probe_displacement_dy,0.2
P01_L050,P01,P01_L050_M005,pixel_metre_ratio,0.00023289062499999997
P01_L050,P01,P01_L050_M005,SdeX,0.05
P01_L050,P01,P01_L050_M005,SdeY,0.05
P01_L050,P01,P01_L050_M005,Probe_Height_Deg,0.13343643869556676
P01_L050,P01,P01_L050_M005,Probe_width_Deg,0.013343649840352816
P01_L050,P01,P01_L050_M006,distance_To_Monitor,1.0
P01_L050,P01,P01_L050_M006,win_widthy_Pixel,2560
P01_L050,P01,P01_L050_M006,win_widthx_Pixel,1440
P01_L050,P01,P01_L050_M006,win_widthy_Meter,0.3353
P01_L050,P01,P01_L050_M006,win_widthx_Meter,0.5962
P01_L050,P01,P01_L050_M006,Pixel Per Inch,164
P01_L050,P01,P01_L050_M006,Pixel width (m),0.00023289062499999997
P01_L050,P01,P01_L050_M006,Pixel Pitch (mm),0.155*0.155
P01_L050,P01,P01_L050_M006,bkg_intensity,0.392
P01_L050,P01,P01_L050_M006,max_intensity,1.0
P01_L050,P01,P01_L050_M006,time_Stimulus,250
P01_L050,P01,P01_L050_M006,reversalN,0.0
P01_L050,P01,P01_L050_M006,rateDW,0.5
P01_L050,P01,P01_L050_M006,correctTick,0
P01_L050,P01,P01_L050_M006,count_Reversals,0
P01_L050,P01,P01_L050_M006,probe_LR,0
P01_L050,P01,P01_L050_M006,human_LR,0
P01_L050,P01,P01_L050_M006,posY,0
P01_L050,P01,P01_L050_M006,rateUP,0.5
P01_L050,P01,P01_L050_M006,probe_pos (m),0.0
P01_L050,P01,P01_L050_M006,text,-1
P01_L050,P01,P01_L050_M006,reversePOINT,1
P01_L050,P01,P01_L050_M006,trialPOINT,8
P01_L050,P01,P01_L050_M006,nDW,4
P01_L050,P01,P01_L050_M006,nUP,1
P01_L050,P01,P01_L050_M006,start_weber_Contrast,1.0
P01_L050,P01,P01_L050_M006,number_trials,80
P01_L050,P01,P01_L050_M006,terminationINDEX,9
P01_L050,P01,P01_L050_M006,stepDWUP,0.005
P01_L050,P01,P01_L050_M006,logUNIT_UP,0.36
P01_L050,P01,P01_L050_M006,logUNIT_DW,0.30294
P01_L050,P01,P01_L050_M006,condRule,2
P01_L050,P01,P01_L050_M006,preReversalStepDW,0.36
P01_L050,P01,P01_L050_M006,Reversal_or_Trial,1
P01_L050,P01,P01_L050_M006,limit_Trial_Run,100
P01_L050,P01,P01_L050_M006,max_monitor_cdm2,400
P01_L050,P01,P01_L050_M006,bkg_monitor_cdm2,50
P01_L050,P01,P01_L050_M006,width,374.94805047229414
P01_L050,P01,P01_L050_M006,fs,63.0
P01_L050,P01,P01_L050_M006,ph,0.0
P01_L050,P01,P01_L050_M006,speed,0.0
P01_L050,P01,P01_L050_M006,contr,0.018
P01_L050,P01,P01_L050_M006,theta,0.0
P01_L050,P01,P01_L050_M006,bg,0.392
P01_L050,P01,P01_L050_M006,box,False
P01_L050,P01,P01_L050_M006,Lbg,25
P01_L050,P01,P01_L050_M006,Lmin,0.0
P01_L050,P01,P01_L050_M006,Lmax,25
P01_L050,P01,P01_L050_M006,gamma,0.0
P01_L050,P01,P01_L050_M006,BRTRR,1.2
P01_L050,P01,P01_L050_M006,flanker_width,5.0
P01_L050,P01,P01_L050_M006,flanker_displacement,3.0
P01_L050,P01,P01_L050_M006,probe_displacement_dx,0.4
P01_L050,P01,P01_L050_M006,probe_displacement_dy,0.2
P01_L050,P01,P01_L050_M006,pixel_metre_ratio,0.00023289062499999997
P01_L050,P01,P01_L050_M006,SdeX,0.05
P01_L050,P01,P01_L050_M006,SdeY,0.05
P01_L050,P01,P01_L050_M006,Probe_Height_Deg,0.13343643869556676
P01_L050,P01,P01_L050_M006,Probe_width_Deg,0.013343649840352816
P01_L072,P01,P01_L072_M001,distance_To_Monitor,1.0
P01_L072,P01,P01_L072_M001,win_widthy_Pixel,2560
P01_L072,P01,P01_L072_M001,win_widthx_Pixel,1440
P01_L072,P01,P01_L072_M001,win_widthy_Meter,0.3353
P01_L072,P01,P01_L072_M001,win_widthx_Meter,0.5962
P01_L072,P01,P01_L072_M001,Pixel Per Inch,164
P01_L072,P01,P01_L072_M001,Pixel width (m),0.00023289062499999997
P01_L072,P01,P01_L072_M001,Pixel Pitch (mm),0.155*0.155
P01_L072,P01,P01_L072_M001,bkg_intensity,0.46
P01_L072,P01,P01_L072_M001,max_intensity,1.0
P01_L072,P01,P01_L072_M001,time_Stimulus,250
P01_L072,P01,P01_L072_M001,reversalN,0.0
P01_L072,P01,P01_L072_M001,rateDW,0.5
P01_L072,P01,P01_L072_M001,correctTick,0
P01_L072,P01,P01_L072_M001,count_Reversals,0
P01_L072,P01,P01_L072_M001,probe_LR,0
P01_L072,P01,P01_L072_M001,human_LR,0
P01_L072,P01,P01_L072_M001,posY,0
P01_L072,P01,P01_L072_M001,rateUP,0.5
P01_L072,P01,P01_L072_M001,probe_pos (m),0.0
P01_L072,P01,P01_L072_M001,text,-1
P01_L072,P01,P01_L072_M001,reversePOINT,1
P01_L072,P01,P01_L072_M001,trialPOINT,8
P01_L072,P01,P01_L072_M001,nDW,4
P01_L072,P01,P01_L072_M001,nUP,1
P01_L072,P01,P01_L072_M001,start_weber_Contrast,1.0
P01_L072,P01,P01_L072_M001,number_trials,80
P01_L072,P01,P01_L072_M001,terminationINDEX,9
P01_L072,P01,P01_L072_M001,stepDWUP,0.005
P01_L072,P01,P01_L072_M001,logUNIT_UP,0.36
P01_L072,P01,P01_L072_M001,logUNIT_DW,0.30294
P01_L072,P01,P01_L072_M001,condRule,2
P01_L072,P01,P01_L072_M001,preReversalStepDW,0.36
P01_L072,P01,P01_L072_M001,Reversal_or_Trial,1
P01_L072,P01,P01_L072_M001,limit_Trial_Run,100
P01_L072,P01,P01_L072_M001,max_monitor_cdm2,400
P01_L072,P01,P01_L072_M001,bkg_monitor_cdm2,72
P01_L072,P01,P01_L072_M001,width,374.94805047229414
P01_L072,P01,P01_L072_M001,fs,63.0
P01_L072,P01,P01_L072_M001,ph,0.0
P01_L072,P01,P01_L072_M001,speed,0.0
P01_L072,P01,P01_L072_M001,contr,0.018
P01_L072,P01,P01_L072_M001,theta,0.0
P01_L072,P01,P01_L072_M001,bg,0.46
P01_L072,P01,P01_L072_M001,box,False
P01_L072,P01,P01_L072_M001,Lbg,25
P01_L072,P01,P01_L072_M001,Lmin,0.0
P01_L072,P01,P01_L072_M001,Lmax,25
P01_L072,P01,P01_L072_M001,gamma,0.0
P01_L072,P01,P01_L072_M001,BRTRR,1.2
P01_L072,P01,P01_L072_M001,flanker_width,5.0
P01_L072,P01,P01_L072_M001,flanker_displacement,3.0
P01_L072,P01,P01_L072_M001,probe_displacement_dx,0.4
P01_L072,P01,P01_L072_M001,probe_displacement_dy,0.2
P01_L072,P01,P01_L072_M001,pixel_metre_ratio,0.00023289062499999997
P01_L072,P01,P01_L072_M001,SdeX,0.05
P01_L072,P01,P01_L072_M001,SdeY,0.05
P01_L072,P01,P01_L072_M001,Probe_Height_Deg,0.13343643869556676
P01_L072,P01,P01_L072_M001,Probe_width_Deg,0.013343649840352816
P01_L072,P01,P01_L072_M002,distance_To_Monitor,1.0
P01_L072,P01,P01_L072_M002,win_widthy_Pixel,2560
P01_L072,P01,P01_L072_M002,win_widthx_Pixel,1440
P01_L072,P01,P01_L072_M002,win_widthy_Meter,0.3353
P01_L072,P01,P01_L072_M002,win_widthx_Meter,0.5962
P01_L072,P01,P01_L072_M002,Pixel Per Inch,164
P01_L072,P01,P01_L072_M002,Pixel width (m),0.00023289062499999997
P01_L072,P01,P01_L072_M002,Pixel Pitch (mm),0.155*0.155
P01_L072,P01,P01_L072_M002,bkg_intensity,0.46
P01_L072,P01,P01_L072_M002,max_intensity,1.0
P01_L072,P01,P01_L072_M002,time_Stimulus,250
P01_L072,P01,P01_L072_M002,reversalN,0.0
P01_L072,P01,P01_L072_M002,rateDW,0.5
P01_L072,P01,P01_L072_M002,correctTick,0
P01_L072,P01,P01_L072_M002,count_Reversals,0
P01_L072,P01,P01_L072_M002,probe_LR,0
P01_L072,P01,P01_L072_M002,human_LR,0
P01_L072,P01,P01_L072_M002,posY,0
P01_L072,P01,P01_L072_M002,rateUP,0.5
P01_L072,P01,P01_L072_M002,probe_pos (m),0.0
P01_L072,P01,P01_L072_M002,text,-1
P01_L072,P01,P01_L072_M002,reversePOINT,1
P01_L072,P01,P01_L072_M002,trialPOINT,8
P01_L072,P01,P01_L072_M002,nDW,4
P01_L072,P01,P01_L072_M002,nUP,1
P01_L072,P01,P01_L072_M002,start_weber_Contrast,1.0
P01_L072,P01,P01_L072_M002,number_trials,80
P01_L072,P01,P01_L072_M002,terminationINDEX,9
P01_L072,P01,P01_L072_M002,stepDWUP,0.005
P01_L072,P01,P01_L072_M002,logUNIT_UP,0.36
P01_L072,P01,P01_L072_M002,logUNIT_DW,0.30294
P01_L072,P01,P01_L072_M002,condRule,2
P01_L072,P01,P01_L072_M002,preReversalStepDW,0.36
P01_L072,P01,P01_L072_M002,Reversal_or_Trial,1
P01_L072,P01,P01_L072_M002,limit_Trial_Run,100
P01_L072,P01,P01_L072_M002,max_monitor_cdm2,400
P01_L072,P01,P01_L072_M002,bkg_monitor_cdm2,72
P01_L072,P01,P01_L072_M002,width,374.94805047229414
P01_L072,P01,P01_L072_M002,fs,63.0
P01_L072,P01,P01_L072_M002,ph,0.0
P01_L072,P01,P01_L072_M002,speed,0.0
P01_L072,P01,P01_L072_M002,contr,0.018
P01_L072,P01,P01_L072_M002,theta,0.0
P01_L072,P01,P01_L072_M002,bg,0.46
P01_L072,P01,P01_L072_M002,box,False
P01_L072,P01,P01_L072_M002,Lbg,25
P01_L072,P01,P01_L072_M002,Lmin,0.0
P01_L072,P01,P01_L072_M002,Lmax,25
P01_L072,P01,P01_L072_M002,gamma,0.0
P01_L072,P01,P01_L072_M002,BRTRR,1.2
P01_L072,P01,P01_L072_M002,flanker_width,5.0
P01_L072,P01,P01_L072_M002,flanker_displacement,3.0
P01_L072,P01,P01_L072_M002,probe_displacement_dx,0.4
P01_L072,P01,P01_L072_M002,probe_displacement_dy,0.2
P01_L072,P01,P01_L072_M002,pixel_metre_ratio,0.00023289062499999997
P01_L072,P01,P01_L072_M002,SdeX,0.05
P01_L072,P01,P01_L072_M002,SdeY,0.05
P01_L072,P01,P01_L072_M002,Probe_Height_Deg,0.13343643869556676
P01_L072,P01,P01_L072_M002,Probe_width_Deg,0.013343649840352816
P01_L072,P01,P01_L072_M003,distance_To_Monitor,1.0
P01_L072,P01,P01_L072_M003,win_widthy_Pixel,2560
P01_L072,P01,P01_L072_M003,win_widthx_Pixel,1440
P01_L072,P01,P01_L072_M003,win_widthy_Meter,0.3353
P01_L072,P01,P01_L072_M003,win_widthx_Meter,0.5962
P01_L072,P01,P01_L072_M003,Pixel Per Inch,164
P01_L072,P01,P01_L072_M003,Pixel width (m),0.00023289062499999997
P01_L072,P01,P01_L072_M003,Pixel Pitch (mm),0.155*0.155
P01_L072,P01,P01_L072_M003,bkg_intensity,0.46
P01_L072,P01,P01_L072_M003,max_intensity,1.0
P01_L072,P01,P01_L072_M003,time_Stimulus,250
P01_L072,P01,P01_L072_M003,reversalN,0.0
P01_L072,P01,P01_L072_M003,rateDW,0.5
P01_L072,P01,P01_L072_M003,correctTick,0
P01_L072,P01,P01_L072_M003,count_Reversals,0
P01_L072,P01,P01_L072_M003,probe_LR,0
P01_L072,P01,P01_L072_M003,human_LR,0
P01_L072,P01,P01_L072_M003,posY,0
P01_L072,P01,P01_L072_M003,rateUP,0.5
P01_L072,P01,P01_L072_M003,probe_pos (m),0.0
P01_L072,P01,P01_L072_M003,text,-1
P01_L072,P01,P01_L072_M003,reversePOINT,1
P01_L072,P01,P01_L072_M003,trialPOINT,8
P01_L072,P01,P01_L072_M003,nDW,4
P01_L072,P01,P01_L072_M003,nUP,1
P01_L072,P01,P01_L072_M003,start_weber_Contrast,1.0
P01_L072,P01,P01_L072_M003,number_trials,80
P01_L072,P01,P01_L072_M003,terminationINDEX,9
P01_L072,P01,P01_L072_M003,stepDWUP,0.005
P01_L072,P01,P01_L072_M003,logUNIT_UP,0.36
P01_L072,P01,P01_L072_M003,logUNIT_DW,0.30294
P01_L072,P01,P01_L072_M003,condRule,2
P01_L072,P01,P01_L072_M003,preReversalStepDW,0.36
P01_L072,P01,P01_L072_M003,Reversal_or_Trial,1
P01_L072,P01,P01_L072_M003,limit_Trial_Run,100
P01_L072,P01,P01_L072_M003,max_monitor_cdm2,400
P01_L072,P01,P01_L072_M003,bkg_monitor_cdm2,72
P01_L072,P01,P01_L072_M003,width,374.94805047229414
P01_L072,P01,P01_L072_M003,fs,63.0
P01_L072,P01,P01_L072_M003,ph,0.0
P01_L072,P01,P01_L072_M003,speed,0.0
P01_L072,P01,P01_L072_M003,contr,0.018
P01_L072,P01,P01_L072_M003,theta,0.0
P01_L072,P01,P01_L072_M003,bg,0.46
P01_L072,P01,P01_L072_M003,box,False
P01_L072,P01,P01_L072_M003,Lbg,25
P01_L072,P01,P01_L072_M003,Lmin,0.0
P01_L072,P01,P01_L072_M003,Lmax,25
P01_L072,P01,P01_L072_M003,gamma,0.0
P01_L072,P01,P01_L072_M003,BRTRR,1.2
P01_L072,P01,P01_L072_M003,flanker_width,5.0
P01_L072,P01,P01_L072_M003,flanker_displacement,3.0
P01_L072,P01,P01_L072_M003,probe_displacement_dx,0.4
P01_L072,P01,P01_L072_M003,probe_displacement_dy,0.2
P01_L072,P01,P01_L072_M003,pixel_metre_ratio,0.00023289062499999997
P01_L072,P01,P01_L072_M003,SdeX,0.05
P01_L072,P01,P01_L072_M003,SdeY,0.05
P01_L072,P01,P01_L072_M003,Probe_Height_Deg,0.13343643869556676
P01_L072,P01,P01_L072_M003,Probe_width_Deg,0.013343649840352816
P01_L072,P01,P01_L072_M004,distance_To_Monitor,1.0
P01_L072,P01,P01_L072_M004,win_widthy_Pixel,2560
P01_L072,P01,P01_L072_M004,win_widthx_Pixel,1440
P01_L072,P01,P01_L072_M004,win_widthy_Meter,0.3353
P01_L072,P01,P01_L072_M004,win_widthx_Meter,0.5962
P01_L072,P01,P01_L072_M004,Pixel Per Inch,164
P01_L072,P01,P01_L072_M004,Pixel width (m),0.00023289062499999997
P01_L072,P01,P01_L072_M004,Pixel Pitch (mm),0.155*0.155
P01_L072,P01,P01_L072_M004,bkg_intensity,0.46
P01_L072,P01,P01_L072_M004,max_intensity,1.0
P01_L072,P01,P01_L072_M004,time_Stimulus,250
P01_L072,P01,P01_L072_M004,reversalN,0.0
P01_L072,P01,P01_L072_M004,rateDW,0.5
P01_L072,P01,P01_L072_M004,correctTick,0
P01_L072,P01,P01_L072_M004,count_Reversals,0
P01_L072,P01,P01_L072_M004,probe_LR,0
P01_L072,P01,P01_L072_M004,human_LR,0
P01_L072,P01,P01_L072_M004,posY,0
P01_L072,P01,P01_L072_M004,rateUP,0.5
P01_L072,P01,P01_L072_M004,probe_pos (m),0.0
P01_L072,P01,P01_L072_M004,text,-1
P01_L072,P01,P01_L072_M004,reversePOINT,1
P01_L072,P01,P01_L072_M004,trialPOINT,8
P01_L072,P01,P01_L072_M004,nDW,4
P01_L072,P01,P01_L072_M004,nUP,1
P01_L072,P01,P01_L072_M004,start_weber_Contrast,1.0
P01_L072,P01,P01_L072_M004,number_trials,80
P01_L072,P01,P01_L072_M004,terminationINDEX,9
P01_L072,P01,P01_L072_M004,stepDWUP,0.005
P01_L072,P01,P01_L072_M004,logUNIT_UP,0.36
P01_L072,P01,P01_L072_M004,logUNIT_DW,0.30294
P01_L072,P01,P01_L072_M004,condRule,2
P01_L072,P01,P01_L072_M004,preReversalStepDW,0.36
P01_L072,P01,P01_L072_M004,Reversal_or_Trial,1
P01_L072,P01,P01_L072_M004,limit_Trial_Run,100
P01_L072,P01,P01_L072_M004,max_monitor_cdm2,400
P01_L072,P01,P01_L072_M004,bkg_monitor_cdm2,72
P01_L072,P01,P01_L072_M004,width,374.94805047229414
P01_L072,P01,P01_L072_M004,fs,63.0
P01_L072,P01,P01_L072_M004,ph,0.0
P01_L072,P01,P01_L072_M004,speed,0.0
P01_L072,P01,P01_L072_M004,contr,0.018
P01_L072,P01,P01_L072_M004,theta,0.0
P01_L072,P01,P01_L072_M004,bg,0.46
P01_L072,P01,P01_L072_M004,box,False
P01_L072,P01,P01_L072_M004,Lbg,25
P01_L072,P01,P01_L072_M004,Lmin,0.0
P01_L072,P01,P01_L072_M004,Lmax,25
P01_L072,P01,P01_L072_M004,gamma,0.0
P01_L072,P01,P01_L072_M004,BRTRR,1.2
P01_L072,P01,P01_L072_M004,flanker_width,5.0
P01_L072,P01,P01_L072_M004,flanker_displacement,3.0
P01_L072,P01,P01_L072_M004,probe_displacement_dx,0.4
P01_L072,P01,P01_L072_M004,probe_displacement_dy,0.2
P01_L072,P01,P01_L072_M004,pixel_metre_ratio,0.00023289062499999997
P01_L072,P01,P01_L072_M004,SdeX,0.05
P01_L072,P01,P01_L072_M004,SdeY,0.05
P01_L072,P01,P01_L072_M004,Probe_Height_Deg,0.13343643869556676
P01_L072,P01,P01_L072_M004,Probe_width_Deg,0.013343649840352816
P01_L100,P01,P01_L100_M001,distance_To_Monitor,1.0
P01_L100,P01,P01_L100_M001,win_widthy_Pixel,2560
P01_L100,P01,P01_L100_M001,win_widthx_Pixel,1440
P01_L100,P01,P01_L100_M001,win_widthy_Meter,0.3353
P01_L100,P01,P01_L100_M001,win_widthx_Meter,0.5962
P01_L100,P01,P01_L100_M001,Pixel Per Inch,164
P01_L100,P01,P01_L100_M001,Pixel width (m),0.00023289062499999997
P01_L100,P01,P01_L100_M001,Pixel Pitch (mm),0.155*0.155
P01_L100,P01,P01_L100_M001,bkg_intensity,0.54
P01_L100,P01,P01_L100_M001,max_intensity,1.0
P01_L100,P01,P01_L100_M001,time_Stimulus,250
P01_L100,P01,P01_L100_M001,reversalN,0.0
P01_L100,P01,P01_L100_M001,rateDW,0.5
P01_L100,P01,P01_L100_M001,correctTick,0
P01_L100,P01,P01_L100_M001,count_Reversals,0
P01_L100,P01,P01_L100_M001,probe_LR,0
P01_L100,P01,P01_L100_M001,human_LR,0
P01_L100,P01,P01_L100_M001,posY,0
P01_L100,P01,P01_L100_M001,rateUP,0.5
P01_L100,P01,P01_L100_M001,probe_pos (m),0.0
P01_L100,P01,P01_L100_M001,text,-1
P01_L100,P01,P01_L100_M001,reversePOINT,1
P01_L100,P01,P01_L100_M001,trialPOINT,8
P01_L100,P01,P01_L100_M001,nDW,4
P01_L100,P01,P01_L100_M001,nUP,1
P01_L100,P01,P01_L100_M001,start_weber_Contrast,1.0
P01_L100,P01,P01_L100_M001,number_trials,80
P01_L100,P01,P01_L100_M001,terminationINDEX,9
P01_L100,P01,P01_L100_M001,stepDWUP,0.005
P01_L100,P01,P01_L100_M001,logUNIT_UP,0.36
P01_L100,P01,P01_L100_M001,logUNIT_DW,0.30294
P01_L100,P01,P01_L100_M001,condRule,2
P01_L100,P01,P01_L100_M001,preReversalStepDW,0.36
P01_L100,P01,P01_L100_M001,Reversal_or_Trial,1
P01_L100,P01,P01_L100_M001,limit_Trial_Run,100
P01_L100,P01,P01_L100_M001,max_monitor_cdm2,400
P01_L100,P01,P01_L100_M001,bkg_monitor_cdm2,100
P01_L100,P01,P01_L100_M001,width,374.94805047229414
P01_L100,P01,P01_L100_M001,fs,63.0
P01_L100,P01,P01_L100_M001,ph,0.0
P01_L100,P01,P01_L100_M001,speed,0.0
P01_L100,P01,P01_L100_M001,contr,0.018
P01_L100,P01,P01_L100_M001,theta,0.0
P01_L100,P01,P01_L100_M001,bg,0.54
P01_L100,P01,P01_L100_M001,box,False
P01_L100,P01,P01_L100_M001,Lbg,25
P01_L100,P01,P01_L100_M001,Lmin,0.0
P01_L100,P01,P01_L100_M001,Lmax,25
P01_L100,P01,P01_L100_M001,gamma,0.0
P01_L100,P01,P01_L100_M001,BRTRR,1.2
P01_L100,P01,P01_L100_M001,flanker_width,5.0
P01_L100,P01,P01_L100_M001,flanker_displacement,3.0
P01_L100,P01,P01_L100_M001,probe_displacement_dx,0.4
P01_L100,P01,P01_L100_M001,probe_displacement_dy,0.2
P01_L100,P01,P01_L100_M001,pixel_metre_ratio,0.00023289062499999997
P01_L100,P01,P01_L100_M001,SdeX,0.05
P01_L100,P01,P01_L100_M001,Sdey,0.05
P01_L100,P01,P01_L100_M001,Probe_Height_Deg,0.13343643869556676
P01_L100,P01,P01_L100_M001,Probe_width_Deg,0.013343649840352816
P01_L100,P01,P01_L100_M002,distance_To_Monitor,1.0
P01_L100,P01,P01_L100_M002,win_widthy_Pixel,2560
P01_L100,P01,P01_L100_M002,win_widthx_Pixel,1440
P01_L100,P01,P01_L100_M002,win_widthy_Meter,0.3353
P01_L100,P01,P01_L100_M002,win_widthx_Meter,0.5962
P01_L100,P01,P01_L100_M002,Pixel Per Inch,164
P01_L100,P01,P01_L100_M002,Pixel width (m),0.00023289062499999997
P01_L100,P01,P01_L100_M002,Pixel Pitch (mm),0.155*0.155
P01_L100,P01,P01_L100_M002,bkg_intensity,0.54
P01_L100,P01,P01_L100_M002,max_intensity,1.0
P01_L100,P01,P01_L100_M002,time_Stimulus,250
P01_L100,P01,P01_L100_M002,reversalN,0.0
P01_L100,P01,P01_L100_M002,rateDW,0.5
P01_L100,P01,P01_L100_M002,correctTick,0
P01_L100,P01,P01_L100_M002,count_Reversals,0
P01_L100,P01,P01_L100_M002,probe_LR,0
P01_L100,P01,P01_L100_M002,human_LR,0
P01_L100,P01,P01_L100_M002,posY,0
P01_L100,P01,P01_L100_M002,rateUP,0.5
P01_L100,P01,P01_L100_M002,probe_pos (m),0.0
P01_L100,P01,P01_L100_M002,text,-1
P01_L100,P01,P01_L100_M002,reversePOINT,1
P01_L100,P01,P01_L100_M002,trialPOINT,8
P01_L100,P01,P01_L100_M002,nDW,4
P01_L100,P01,P01_L100_M002,nUP,1
P01_L100,P01,P01_L100_M002,start_weber_Contrast,1.0
P01_L100,P01,P01_L100_M002,number_trials,80
P01_L100,P01,P01_L100_M002,terminationINDEX,9
P01_L100,P01,P01_L100_M002,stepDWUP,0.005
P01_L100,P01,P01_L100_M002,logUNIT_UP,0.36
P01_L100,P01,P01_L100_M002,logUNIT_DW,0.30294
P01_L100,P01,P01_L100_M002,condRule,2
P01_L100,P01,P01_L100_M002,preReversalStepDW,0.36
P01_L100,P01,P01_L100_M002,Reversal_or_Trial,1
P01_L100,P01,P01_L100_M002,limit_Trial_Run,100
P01_L100,P01,P01_L100_M002,max_monitor_cdm2,400
P01_L100,P01,P01_L100_M002,bkg_monitor_cdm2,100
P01_L100,P01,P01_L100_M002,width,374.94805047229414
P01_L100,P01,P01_L100_M002,fs,63.0
P01_L100,P01,P01_L100_M002,ph,0.0
P01_L100,P01,P01_L100_M002,speed,0.0
P01_L100,P01,P01_L100_M002,contr,0.018
P01_L100,P01,P01_L100_M002,theta,0.0
P01_L100,P01,P01_L100_M002,bg,0.54
P01_L100,P01,P01_L100_M002,box,False
P01_L100,P01,P01_L100_M002,Lbg,25
P01_L100,P01,P01_L100_M002,Lmin,0.0
P01_L100,P01,P01_L100_M002,Lmax,25
P01_L100,P01,P01_L100_M002,gamma,0.0
P01_L100,P01,P01_L100_M002,BRTRR,1.2
P01_L100,P01,P01_L100_M002,flanker_width,5.0
P01_L100,P01,P01_L100_M002,flanker_displacement,3.0
P01_L100,P01,P01_L100_M002,probe_displacement_dx,0.4
P01_L100,P01,P01_L100_M002,probe_displacement_dy,0.2
P01_L100,P01,P01_L100_M002,pixel_metre_ratio,0.00023289062499999997
P01_L100,P01,P01_L100_M002,SdeX,0.05
P01_L100,P01,P01_L100_M002,Sdey,0.05
P01_L100,P01,P01_L100_M002,Probe_Height_Deg,0.13343643869556676
P01_L100,P01,P01_L100_M002,Probe_width_Deg,0.013343649840352816
P01_L100,P01,P01_L100_M003,distance_To_Monitor,1.0
P01_L100,P01,P01_L100_M003,win_widthy_Pixel,2560
P01_L100,P01,P01_L100_M003,win_widthx_Pixel,1440
P01_L100,P01,P01_L100_M003,win_widthy_Meter,0.3353
P01_L100,P01,P01_L100_M003,win_widthx_Meter,0.5962
P01_L100,P01,P01_L100_M003,Pixel Per Inch,164
P01_L100,P01,P01_L100_M003,Pixel width (m),0.00023289062499999997
P01_L100,P01,P01_L100_M003,Pixel Pitch (mm),0.155*0.155
P01_L100,P01,P01_L100_M003,bkg_intensity,0.54
P01_L100,P01,P01_L100_M003,max_intensity,1.0
P01_L100,P01,P01_L100_M003,time_Stimulus,250
P01_L100,P01,P01_L100_M003,reversalN,0.0
P01_L100,P01,P01_L100_M003,rateDW,0.5
P01_L100,P01,P01_L100_M003,correctTick,0
P01_L100,P01,P01_L100_M003,count_Reversals,0
P01_L100,P01,P01_L100_M003,probe_LR,0
P01_L100,P01,P01_L100_M003,human_LR,0
P01_L100,P01,P01_L100_M003,posY,0
P01_L100,P01,P01_L100_M003,rateUP,0.5
P01_L100,P01,P01_L100_M003,probe_pos (m),0.0
P01_L100,P01,P01_L100_M003,text,-1
P01_L100,P01,P01_L100_M003,reversePOINT,1
P01_L100,P01,P01_L100_M003,trialPOINT,8
P01_L100,P01,P01_L100_M003,nDW,4
P01_L100,P01,P01_L100_M003,nUP,1
P01_L100,P01,P01_L100_M003,start_weber_Contrast,1.0
P01_L100,P01,P01_L100_M003,number_trials,80
P01_L100,P01,P01_L100_M003,terminationINDEX,9
P01_L100,P01,P01_L100_M003,stepDWUP,0.005
P01_L100,P01,P01_L100_M003,logUNIT_UP,0.36
P01_L100,P01,P01_L100_M003,logUNIT_DW,0.30294
P01_L100,P01,P01_L100_M003,condRule,2
P01_L100,P01,P01_L100_M003,preReversalStepDW,0.36
P01_L100,P01,P01_L100_M003,Reversal_or_Trial,1
P01_L100,P01,P01_L100_M003,limit_Trial_Run,100
P01_L100,P01,P01_L100_M003,max_monitor_cdm2,400
P01_L100,P01,P01_L100_M003,bkg_monitor_cdm2,100
P01_L100,P01,P01_L100_M003,width,374.94805047229414
P01_L100,P01,P01_L100_M003,fs,94.5
P01_L100,P01,P01_L100_M003,ph,0.0
P01_L100,P01,P01_L100_M003,speed,0.0
P01_L100,P01,P01_L100_M003,contr,0.018
P01_L100,P01,P01_L100_M003,theta,0.0
P01_L100,P01,P01_L100_M003,bg,0.54
P01_L100,P01,P01_L100_M003,box,False
P01_L100,P01,P01_L100_M003,Lbg,25
P01_L100,P01,P01_L100_M003,Lmin,0.0
P01_L100,P01,P01_L100_M003,Lmax,25
P01_L100,P01,P01_L100_M003,gamma,0.0
P01_L100,P01,P01_L100_M003,BRTRR,1.2
P01_L100,P01,P01_L100_M003,flanker_width,5.0
P01_L100,P01,P01_L100_M003,flanker_displacement,3.0
P01_L100,P01,P01_L100_M003,probe_displacement_dx,0.4
P01_L100,P01,P01_L100_M003,probe_displacement_dy,0.2
P01_L100,P01,P01_L100_M003,pixel_metre_ratio,0.00023289062499999997
P01_L100,P01,P01_L100_M003,SdeX,0.05
P01_L100,P01,P01_L100_M003,SdeY,0.05
P01_L100,P01,P01_L100_M003,Probe_Height_Deg,0.13343643869556676
P01_L100,P01,P01_L100_M003,Probe_width_Deg,0.013343649840352816
P01_L100,P01,P01_L100_M004,distance_To_Monitor,1.0
P01_L100,P01,P01_L100_M004,win_widthy_Pixel,2560
P01_L100,P01,P01_L100_M004,win_widthx_Pixel,1440
P01_L100,P01,P01_L100_M004,win_widthy_Meter,0.3353
P01_L100,P01,P01_L100_M004,win_widthx_Meter,0.5962
P01_L100,P01,P01_L100_M004,Pixel Per Inch,164
P01_L100,P01,P01_L100_M004,Pixel width (m),0.00023289062499999997
P01_L100,P01,P01_L100_M004,Pixel Pitch (mm),0.155*0.155
P01_L100,P01,P01_L100_M004,bkg_intensity,0.54
P01_L100,P01,P01_L100_M004,max_intensity,1.0
P01_L100,P01,P01_L100_M004,time_Stimulus,250
P01_L100,P01,P01_L100_M004,reversalN,0.0
P01_L100,P01,P01_L100_M004,rateDW,0.5
P01_L100,P01,P01_L100_M004,correctTick,0
P01_L100,P01,P01_L100_M004,count_Reversals,0
P01_L100,P01,P01_L100_M004,probe_LR,0
P01_L100,P01,P01_L100_M004,human_LR,0
P01_L100,P01,P01_L100_M004,posY,0
P01_L100,P01,P01_L100_M004,rateUP,0.5
P01_L100,P01,P01_L100_M004,probe_pos (m),0.0
P01_L100,P01,P01_L100_M004,text,-1
P01_L100,P01,P01_L100_M004,reversePOINT,1
P01_L100,P01,P01_L100_M004,trialPOINT,8
P01_L100,P01,P01_L100_M004,nDW,4
P01_L100,P01,P01_L100_M004,nUP,1
P01_L100,P01,P01_L100_M004,start_weber_Contrast,1.0
P01_L100,P01,P01_L100_M004,number_trials,80
P01_L100,P01,P01_L100_M004,terminationINDEX,9
P01_L100,P01,P01_L100_M004,stepDWUP,0.005
P01_L100,P01,P01_L100_M004,logUNIT_UP,0.36
P01_L100,P01,P01_L100_M004,logUNIT_DW,0.30294
P01_L100,P01,P01_L100_M004,condRule,2
P01_L100,P01,P01_L100_M004,preReversalStepDW,0.36
P01_L100,P01,P01_L100_M004,Reversal_or_Trial,1
P01_L100,P01,P01_L100_M004,limit_Trial_Run,100
P01_L100,P01,P01_L100_M004,max_monitor_cdm2,400
P01_L100,P01,P01_L100_M004,bkg_monitor_cdm2,100
P01_L100,P01,P01_L100_M004,width,374.94805047229414
P01_L100,P01,P01_L100_M004,fs,94.5
P01_L100,P01,P01_L100_M004,ph,0.0
P01_L100,P01,P01_L100_M004,speed,0.0
P01_L100,P01,P01_L100_M004,contr,0.018
P01_L100,P01,P01_L100_M004,theta,0.0
P01_L100,P01,P01_L100_M004,bg,0.54
P01_L100,P01,P01_L100_M004,box,False
P01_L100,P01,P01_L100_M004,Lbg,25
P01_L100,P01,P01_L100_M004,Lmin,0.0
P01_L100,P01,P01_L100_M004,Lmax,25
P01_L100,P01,P01_L100_M004,gamma,0.0
P01_L100,P01,P01_L100_M004,BRTRR,1.2
P01_L100,P01,P01_L100_M004,flanker_width,5.0
P01_L100,P01,P01_L100_M004,flanker_displacement,3.0
P01_L100,P01,P01_L100_M004,probe_displacement_dx,0.4
P01_L100,P01,P01_L100_M004,probe_displacement_dy,0.2
P01_L100,P01,P01_L100_M004,pixel_metre_ratio,0.00023289062499999997
P01_L100,P01,P01_L100_M004,SdeX,0.05
P01_L100,P01,P01_L100_M004,SdeY,0.05
P01_L100,P01,P01_L100_M004,Probe_Height_Deg,0.13343643869556676
P01_L100,P01,P01_L100_M004,Probe_width_Deg,0.013343649840352816
P01_L149,P01,P01_L149_M001,distance_To_Monitor,1.0
P01_L149,P01,P01_L149_M001,win_widthy_Pixel,2560
P01_L149,P01,P01_L149_M001,win_widthx_Pixel,1440
P01_L149,P01,P01_L149_M001,win_widthy_Meter,0.3353
P01_L149,P01,P01_L149_M001,win_widthx_Meter,0.5962
P01_L149,P01,P01_L149_M001,Pixel Per Inch,164
P01_L149,P01,P01_L149_M001,Pixel width (m),0.00023289062499999997
P01_L149,P01,P01_L149_M001,Pixel Pitch (mm),0.155*0.155
P01_L149,P01,P01_L149_M001,bkg_intensity,0.63
P01_L149,P01,P01_L149_M001,max_intensity,1.0
P01_L149,P01,P01_L149_M001,time_Stimulus,250
P01_L149,P01,P01_L149_M001,reversalN,0.0
P01_L149,P01,P01_L149_M001,rateDW,0.5
P01_L149,P01,P01_L149_M001,correctTick,0
P01_L149,P01,P01_L149_M001,count_Reversals,0
P01_L149,P01,P01_L149_M001,probe_LR,0
P01_L149,P01,P01_L149_M001,human_LR,0
P01_L149,P01,P01_L149_M001,posY,0
P01_L149,P01,P01_L149_M001,rateUP,0.5
P01_L149,P01,P01_L149_M001,probe_pos (m),0.0
P01_L149,P01,P01_L149_M001,text,-1
P01_L149,P01,P01_L149_M001,reversePOINT,1
P01_L149,P01,P01_L149_M001,trialPOINT,8
P01_L149,P01,P01_L149_M001,nDW,4
P01_L149,P01,P01_L149_M001,nUP,1
P01_L149,P01,P01_L149_M001,start_weber_Contrast,1.0
P01_L149,P01,P01_L149_M001,number_trials,80
P01_L149,P01,P01_L149_M001,terminationINDEX,9
P01_L149,P01,P01_L149_M001,stepDWUP,0.005
P01_L149,P01,P01_L149_M001,logUNIT_UP,0.36
P01_L149,P01,P01_L149_M001,logUNIT_DW,0.30294
P01_L149,P01,P01_L149_M001,condRule,2
P01_L149,P01,P01_L149_M001,preReversalStepDW,0.36
P01_L149,P01,P01_L149_M001,Reversal_or_Trial,1
P01_L149,P01,P01_L149_M001,limit_Trial_Run,100
P01_L149,P01,P01_L149_M001,max_monitor_cdm2,400
P01_L149,P01,P01_L149_M001,bkg_monitor_cdm2,149
P01_L149,P01,P01_L149_M001,width,374.94805047229414
P01_L149,P01,P01_L149_M001,fs,63.0
P01_L149,P01,P01_L149_M001,ph,0.0
P01_L149,P01,P01_L149_M001,speed,0.0
P01_L149,P01,P01_L149_M001,contr,0.018
P01_L149,P01,P01_L149_M001,theta,0.0
P01_L149,P01,P01_L149_M001,bg,0.63
P01_L149,P01,P01_L149_M001,box,False
P01_L149,P01,P01_L149_M001,Lbg,25
P01_L149,P01,P01_L149_M001,Lmin,0.0
P01_L149,P01,P01_L149_M001,Lmax,25
P01_L149,P01,P01_L149_M001,gamma,0.0
P01_L149,P01,P01_L149_M001,BRTRR,1.2
P01_L149,P01,P01_L149_M001,flanker_width,5.0
P01_L149,P01,P01_L149_M001,flanker_displacement,3.0
P01_L149,P01,P01_L149_M001,probe_displacement_dx,0.4
P01_L149,P01,P01_L149_M001,probe_displacement_dy,0.2
P01_L149,P01,P01_L149_M001,pixel_metre_ratio,0.00023289062499999997
P01_L149,P01,P01_L149_M001,SdeX,0.05
P01_L149,P01,P01_L149_M001,SdeY,0.05
P01_L149,P01,P01_L149_M001,Probe_Height_Deg,0.13343643869556676
P01_L149,P01,P01_L149_M001,Probe_width_Deg,0.013343649840352816
P01_L149,P01,P01_L149_M002,distance_To_Monitor,1.0
P01_L149,P01,P01_L149_M002,win_widthy_Pixel,2560
P01_L149,P01,P01_L149_M002,win_widthx_Pixel,1440
P01_L149,P01,P01_L149_M002,win_widthy_Meter,0.3353
P01_L149,P01,P01_L149_M002,win_widthx_Meter,0.5962
P01_L149,P01,P01_L149_M002,Pixel Per Inch,164
P01_L149,P01,P01_L149_M002,Pixel width (m),0.00023289062499999997
P01_L149,P01,P01_L149_M002,Pixel Pitch (mm),0.155*0.155
P01_L149,P01,P01_L149_M002,bkg_intensity,0.63
P01_L149,P01,P01_L149_M002,max_intensity,1.0
P01_L149,P01,P01_L149_M002,time_Stimulus,250
P01_L149,P01,P01_L149_M002,reversalN,0.0
P01_L149,P01,P01_L149_M002,rateDW,0.5
P01_L149,P01,P01_L149_M002,correctTick,0
P01_L149,P01,P01_L149_M002,count_Reversals,0
P01_L149,P01,P01_L149_M002,probe_LR,0
P01_L149,P01,P01_L149_M002,human_LR,0
P01_L149,P01,P01_L149_M002,posY,0
P01_L149,P01,P01_L149_M002,rateUP,0.5
P01_L149,P01,P01_L149_M002,probe_pos (m),0.0
P01_L149,P01,P01_L149_M002,text,-1
P01_L149,P01,P01_L149_M002,reversePOINT,1
P01_L149,P01,P01_L149_M002,trialPOINT,8
P01_L149,P01,P01_L149_M002,nDW,4
P01_L149,P01,P01_L149_M002,nUP,1
P01_L149,P01,P01_L149_M002,start_weber_Contrast,1.0
P01_L149,P01,P01_L149_M002,number_trials,80
P01_L149,P01,P01_L149_M002,terminationINDEX,9
P01_L149,P01,P01_L149_M002,stepDWUP,0.005
P01_L149,P01,P01_L149_M002,logUNIT_UP,0.36
P01_L149,P01,P01_L149_M002,logUNIT_DW,0.30294
P01_L149,P01,P01_L149_M002,condRule,2
P01_L149,P01,P01_L149_M002,preReversalStepDW,0.36
P01_L149,P01,P01_L149_M002,Reversal_or_Trial,1
P01_L149,P01,P01_L149_M002,limit_Trial_Run,100
P01_L149,P01,P01_L149_M002,max_monitor_cdm2,400
P01_L149,P01,P01_L149_M002,bkg_monitor_cdm2,149
P01_L149,P01,P01_L149_M002,width,374.94805047229414
P01_L149,P01,P01_L149_M002,fs,63.0
P01_L149,P01,P01_L149_M002,ph,0.0
P01_L149,P01,P01_L149_M002,speed,0.0
P01_L149,P01,P01_L149_M002,contr,0.018
P01_L149,P01,P01_L149_M002,theta,0.0
P01_L149,P01,P01_L149_M002,bg,0.63
P01_L149,P01,P01_L149_M002,box,False
P01_L149,P01,P01_L149_M002,Lbg,25
P01_L149,P01,P01_L149_M002,Lmin,0.0
P01_L149,P01,P01_L149_M002,Lmax,25
P01_L149,P01,P01_L149_M002,gamma,0.0
P01_L149,P01,P01_L149_M002,BRTRR,1.2
P01_L149,P01,P01_L149_M002,flanker_width,5.0
P01_L149,P01,P01_L149_M002,flanker_displacement,3.0
P01_L149,P01,P01_L149_M002,probe_displacement_dx,0.4
P01_L149,P01,P01_L149_M002,probe_displacement_dy,0.2
P01_L149,P01,P01_L149_M002,pixel_metre_ratio,0.00023289062499999997
P01_L149,P01,P01_L149_M002,SdeX,0.05
P01_L149,P01,P01_L149_M002,SdeY,0.05
P01_L149,P01,P01_L149_M002,Probe_Height_Deg,0.13343643869556676
P01_L149,P01,P01_L149_M002,Probe_width_Deg,0.013343649840352816
P01_L149,P01,P01_L149_M003,distance_To_Monitor,1.0
P01_L149,P01,P01_L149_M003,win_widthy_Pixel,2560
P01_L149,P01,P01_L149_M003,win_widthx_Pixel,1440
P01_L149,P01,P01_L149_M003,win_widthy_Meter,0.3353
P01_L149,P01,P01_L149_M003,win_widthx_Meter,0.5962
P01_L149,P01,P01_L149_M003,Pixel Per Inch,164
P01_L149,P01,P01_L149_M003,Pixel width (m),0.00023289062499999997
P01_L149,P01,P01_L149_M003,Pixel Pitch (mm),0.155*0.155
P01_L149,P01,P01_L149_M003,bkg_intensity,0.63
P01_L149,P01,P01_L149_M003,max_intensity,1.0
P01_L149,P01,P01_L149_M003,time_Stimulus,250
P01_L149,P01,P01_L149_M003,reversalN,0.0
P01_L149,P01,P01_L149_M003,rateDW,0.5
P01_L149,P01,P01_L149_M003,correctTick,0
P01_L149,P01,P01_L149_M003,count_Reversals,0
P01_L149,P01,P01_L149_M003,probe_LR,0
P01_L149,P01,P01_L149_M003,human_LR,0
P01_L149,P01,P01_L149_M003,posY,0
P01_L149,P01,P01_L149_M003,rateUP,0.5
P01_L149,P01,P01_L149_M003,probe_pos (m),0.0
P01_L149,P01,P01_L149_M003,text,-1
P01_L149,P01,P01_L149_M003,reversePOINT,1
P01_L149,P01,P01_L149_M003,trialPOINT,8
P01_L149,P01,P01_L149_M003,nDW,4
P01_L149,P01,P01_L149_M003,nUP,1
P01_L149,P01,P01_L149_M003,start_weber_Contrast,1.0
P01_L149,P01,P01_L149_M003,number_trials,80
P01_L149,P01,P01_L149_M003,terminationINDEX,9
P01_L149,P01,P01_L149_M003,stepDWUP,0.005
P01_L149,P01,P01_L149_M003,logUNIT_UP,0.36
P01_L149,P01,P01_L149_M003,logUNIT_DW,0.30294
P01_L149,P01,P01_L149_M003,condRule,2
P01_L149,P01,P01_L149_M003,preReversalStepDW,0.36
P01_L149,P01,P01_L149_M003,Reversal_or_Trial,1
P01_L149,P01,P01_L149_M003,limit_Trial_Run,100
P01_L149,P01,P01_L149_M003,max_monitor_cdm2,400
P01_L149,P01,P01_L149_M003,bkg_monitor_cdm2,149
P01_L149,P01,P01_L149_M003,width,374.94805047229414
P01_L149,P01,P01_L149_M003,fs,63.0
P01_L149,P01,P01_L149_M003,ph,0.0
P01_L149,P01,P01_L149_M003,speed,0.0
P01_L149,P01,P01_L149_M003,contr,0.018
P01_L149,P01,P01_L149_M003,theta,0.0
P01_L149,P01,P01_L149_M003,bg,0.63
P01_L149,P01,P01_L149_M003,box,False
P01_L149,P01,P01_L149_M003,Lbg,25
P01_L149,P01,P01_L149_M003,Lmin,0.0
P01_L149,P01,P01_L149_M003,Lmax,25
P01_L149,P01,P01_L149_M003,gamma,0.0
P01_L149,P01,P01_L149_M003,BRTRR,1.2
P01_L149,P01,P01_L149_M003,flanker_width,5.0
P01_L149,P01,P01_L149_M003,flanker_displacement,3.0
P01_L149,P01,P01_L149_M003,probe_displacement_dx,0.4
P01_L149,P01,P01_L149_M003,probe_displacement_dy,0.2
P01_L149,P01,P01_L149_M003,pixel_metre_ratio,0.00023289062499999997
P01_L149,P01,P01_L149_M003,SdeX,0.05
P01_L149,P01,P01_L149_M003,SdeY,0.05
P01_L149,P01,P01_L149_M003,Probe_Height_Deg,0.13343643869556676
P01_L149,P01,P01_L149_M003,Probe_width_Deg,0.013343649840352816
P01_L149,P01,P01_L149_M004,distance_To_Monitor,1.0
P01_L149,P01,P01_L149_M004,win_widthy_Pixel,2560
P01_L149,P01,P01_L149_M004,win_widthx_Pixel,1440
P01_L149,P01,P01_L149_M004,win_widthy_Meter,0.3353
P01_L149,P01,P01_L149_M004,win_widthx_Meter,0.5962
P01_L149,P01,P01_L149_M004,Pixel Per Inch,164
P01_L149,P01,P01_L149_M004,Pixel width (m),0.00023289062499999997
P01_L149,P01,P01_L149_M004,Pixel Pitch (mm),0.155*0.155
P01_L149,P01,P01_L149_M004,bkg_intensity,0.63
P01_L149,P01,P01_L149_M004,max_intensity,1.0
P01_L149,P01,P01_L149_M004,time_Stimulus,250
P01_L149,P01,P01_L149_M004,reversalN,0.0
P01_L149,P01,P01_L149_M004,rateDW,0.5
P01_L149,P01,P01_L149_M004,correctTick,0
P01_L149,P01,P01_L149_M004,count_Reversals,0
P01_L149,P01,P01_L149_M004,probe_LR,0
P01_L149,P01,P01_L149_M004,human_LR,0
P01_L149,P01,P01_L149_M004,posY,0
P01_L149,P01,P01_L149_M004,rateUP,0.5
P01_L149,P01,P01_L149_M004,probe_pos (m),0.0
P01_L149,P01,P01_L149_M004,text,-1
P01_L149,P01,P01_L149_M004,reversePOINT,1
P01_L149,P01,P01_L149_M004,trialPOINT,8
P01_L149,P01,P01_L149_M004,nDW,4
P01_L149,P01,P01_L149_M004,nUP,1
P01_L149,P01,P01_L149_M004,start_weber_Contrast,1.0
P01_L149,P01,P01_L149_M004,number_trials,80
P01_L149,P01,P01_L149_M004,terminationINDEX,9
P01_L149,P01,P01_L149_M004,stepDWUP,0.005
P01_L149,P01,P01_L149_M004,logUNIT_UP,0.36
P01_L149,P01,P01_L149_M004,logUNIT_DW,0.30294
P01_L149,P01,P01_L149_M004,condRule,2
P01_L149,P01,P01_L149_M004,preReversalStepDW,0.36
P01_L149,P01,P01_L149_M004,Reversal_or_Trial,1
P01_L149,P01,P01_L149_M004,limit_Trial_Run,100
P01_L149,P01,P01_L149_M004,max_monitor_cdm2,400
P01_L149,P01,P01_L149_M004,bkg_monitor_cdm2,149
P01_L149,P01,P01_L149_M004,width,374.94805047229414
P01_L149,P01,P01_L149_M004,fs,63.0
P01_L149,P01,P01_L149_M004,ph,0.0
P01_L149,P01,P01_L149_M004,speed,0.0
P01_L149,P01,P01_L149_M004,contr,0.018
P01_L149,P01,P01_L149_M004,theta,0.0
P01_L149,P01,P01_L149_M004,bg,0.63
P01_L149,P01,P01_L149_M004,box,False
P01_L149,P01,P01_L149_M004,Lbg,25
P01_L149,P01,P01_L149_M004,Lmin,0.0
P01_L149,P01,P01_L149_M004,Lmax,25
P01_L149,P01,P01_L149_M004,gamma,0.0
P01_L149,P01,P01_L149_M004,BRTRR,1.2
P01_L149,P01,P01_L149_M004,flanker_width,5.0
P01_L149,P01,P01_L149_M004,flanker_displacement,3.0
P01_L149,P01,P01_L149_M004,probe_displacement_dx,0.4
P01_L149,P01,P01_L149_M004,probe_displacement_dy,0.2
P01_L149,P01,P01_L149_M004,pixel_metre_ratio,0.00023289062499999997
P01_L149,P01,P01_L149_M004,SdeX,0.05
P01_L149,P01,P01_L149_M004,SdeY,0.05
P01_L149,P01,P01_L149_M004,Probe_Height_Deg,0.13343643869556676
P01_L149,P01,P01_L149_M004,Probe_width_Deg,0.013343649840352816
P01_L200,P01,P01_L200_M001,distance_To_Monitor:,1.0
P01_L200,P01,P01_L200_M001,win_widthy:,0.2303
P01_L200,P01,P01_L200_M001,win_widthx:,0.33638
P01_L200,P01,P01_L200_M001,bkg_intensity:,0.735
P01_L200,P01,P01_L200_M001,max_intensity:,1.0
P01_L200,P01,P01_L200_M001,time_Stimulus:,250
P01_L200,P01,P01_L200_M001,reversalN:,0.0
P01_L200,P01,P01_L200_M001,rateDW:,0.5
P01_L200,P01,P01_L200_M001,correctTick:,0
P01_L200,P01,P01_L200_M001,count_Reversals:,0
P01_L200,P01,P01_L200_M001,probe_LR:,0
P01_L200,P01,P01_L200_M001,human_LR:,0
P01_L200,P01,P01_L200_M001,posY:,0
P01_L200,P01,P01_L200_M001,rateUP:,0.5
P01_L200,P01,P01_L200_M001,probe_pos:,0.0
P01_L200,P01,P01_L200_M001,text:,-1
P01_L200,P01,P01_L200_M001,reversePOINT:,1
P01_L200,P01,P01_L200_M001,trialPOINT:,6
P01_L200,P01,P01_L200_M001,nDW:,4
P01_L200,P01,P01_L200_M001,nUP:,1
P01_L200,P01,P01_L200_M001,start_weber_Contrast:,0.15
P01_L200,P01,P01_L200_M001,number_trials:,100
P01_L200,P01,P01_L200_M001,terminationINDEX:,9
P01_L200,P01,P01_L200_M001,stepDWUP:,0.005
P01_L200,P01,P01_L200_M001,logUNIT_UP:,0.3
P01_L200,P01,P01_L200_M001,logUNIT_DW:,0.25245
P01_L200,P01,P01_L200_M001,condRule:,2
P01_L200,P01,P01_L200_M001,preReversalStepDW:,0.35
P01_L200,P01,P01_L200_M001,Reversal_or_Trial:,1
P01_L200,P01,P01_L200_M001,limit_Trial_Run:,100
P01_L200,P01,P01_L200_M001,max_monitor_cdm2:,400
P01_L200,P01,P01_L200_M001,avg_monitor_cdm2:,200
P01_L200,P01,P01_L200_M001,width:,665.8272745893497
P01_L200,P01,P01_L200_M001,fs:,260
P01_L200,P01,P01_L200_M001,ph:,0.0
P01_L200,P01,P01_L200_M001,speed:,0.0
P01_L200,P01,P01_L200_M001,contr:,0.162
P01_L200,P01,P01_L200_M001,theta:,0.0
P01_L200,P01,P01_L200_M001,bg:,0.735
P01_L200,P01,P01_L200_M001,box:,False
P01_L200,P01,P01_L200_M001,Lbg:,25
P01_L200,P01,P01_L200_M001,Lmin:,0.0
P01_L200,P01,P01_L200_M001,Lmax:,25
P01_L200,P01,P01_L200_M001,gamma:,0.0
P01_L200,P01,P01_L200_M001,BRTRR:,1.2
P01_L200,P01,P01_L200_M001,flanker_width:,5.0
P01_L200,P01,P01_L200_M001,flanker_displacement:,3.0
P01_L200,P01,P01_L200_M001,probe_displacement_dx:,0.48
P01_L200,P01,P01_L200_M002,distance_To_Monitor:,1.0
P01_L200,P01,P01_L200_M002,win_widthy:,0.2303
P01_L200,P01,P01_L200_M002,win_widthx:,0.33638
P01_L200,P01,P01_L200_M002,bkg_intensity:,0.735
P01_L200,P01,P01_L200_M002,max_intensity:,1.0
P01_L200,P01,P01_L200_M002,time_Stimulus:,250
P01_L200,P01,P01_L200_M002,reversalN:,0.0
P01_L200,P01,P01_L200_M002,rateDW:,0.5
P01_L200,P01,P01_L200_M002,correctTick:,0
P01_L200,P01,P01_L200_M002,count_Reversals:,0
P01_L200,P01,P01_L200_M002,probe_LR:,0
P01_L200,P01,P01_L200_M002,human_LR:,0
P01_L200,P01,P01_L200_M002,posY:,0
P01_L200,P01,P01_L200_M002,rateUP:,0.5
P01_L200,P01,P01_L200_M002,probe_pos:,0.0
P01_L200,P01,P01_L200_M002,text:,-1
P01_L200,P01,P01_L200_M002,reversePOINT:,1
P01_L200,P01,P01_L200_M002,trialPOINT:,6
P01_L200,P01,P01_L200_M002,nDW:,4
P01_L200,P01,P01_L200_M002,nUP:,1
P01_L200,P01,P01_L200_M002,start_weber_Contrast:,0.15
P01_L200,P01,P01_L200_M002,number_trials:,100
P01_L200,P01,P01_L200_M002,terminationINDEX:,9
P01_L200,P01,P01_L200_M002,stepDWUP:,0.005
P01_L200,P01,P01_L200_M002,logUNIT_UP:,0.3
P01_L200,P01,P01_L200_M002,logUNIT_DW:,0.25245
P01_L200,P01,P01_L200_M002,condRule:,2
P01_L200,P01,P01_L200_M002,preReversalStepDW:,0.35
P01_L200,P01,P01_L200_M002,Reversal_or_Trial:,1
P01_L200,P01,P01_L200_M002,limit_Trial_Run:,100
P01_L200,P01,P01_L200_M002,max_monitor_cdm2:,400
P01_L200,P01,P01_L200_M002,width:,665.8272745893497
P01_L200,P01,P01_L200_M002,fs:,260
P01_L200,P01,P01_L200_M002,ph:,0.0
P01_L200,P01,P01_L200_M002,speed:,0.0
P01_L200,P01,P01_L200_M002,contr:,0.162
P01_L200,P01,P01_L200_M002,theta:,0.0
P01_L200,P01,P01_L200_M002,bg:,0.735
P01_L200,P01,P01_L200_M002,box:,False
P01_L200,P01,P01_L200_M002,Lbg:,25
P01_L200,P01,P01_L200_M002,Lmin:,0.0
P01_L200,P01,P01_L200_M002,Lmax:,25
P01_L200,P01,P01_L200_M002,gamma:,0.0
P01_L200,P01,P01_L200_M002,BRTRR:,1.2
P01_L200,P01,P01_L200_M002,flanker_width:,5.0
P01_L200,P01,P01_L200_M002,flanker_displacement:,3.0
P01_L200,P01,P01_L200_M002,probe_displacement_dx:,0.48
P01_L200,P01,P01_L200_M003,distance_To_Monitor:,1.0
P01_L200,P01,P01_L200_M003,win_widthy:,0.2303
P01_L200,P01,P01_L200_M003,win_widthx:,0.33638
P01_L200,P01,P01_L200_M003,bkg_intensity:,0.735
P01_L200,P01,P01_L200_M003,max_intensity:,1.0
P01_L200,P01,P01_L200_M003,time_Stimulus:,250
P01_L200,P01,P01_L200_M003,reversalN:,0.0
P01_L200,P01,P01_L200_M003,rateDW:,0.5
P01_L200,P01,P01_L200_M003,correctTick:,0
P01_L200,P01,P01_L200_M003,count_Reversals:,0
P01_L200,P01,P01_L200_M003,probe_LR:,0
P01_L200,P01,P01_L200_M003,human_LR:,0
P01_L200,P01,P01_L200_M003,posY:,0
P01_L200,P01,P01_L200_M003,rateUP:,0.5
P01_L200,P01,P01_L200_M003,probe_pos:,0.0
P01_L200,P01,P01_L200_M003,text:,-1
P01_L200,P01,P01_L200_M003,reversePOINT:,1
P01_L200,P01,P01_L200_M003,trialPOINT:,6
P01_L200,P01,P01_L200_M003,nDW:,4
P01_L200,P01,P01_L200_M003,nUP:,1
P01_L200,P01,P01_L200_M003,start_weber_Contrast:,0.15
P01_L200,P01,P01_L200_M003,number_trials:,100
P01_L200,P01,P01_L200_M003,terminationINDEX:,9
P01_L200,P01,P01_L200_M003,stepDWUP:,0.005
P01_L200,P01,P01_L200_M003,logUNIT_UP:,0.3
P01_L200,P01,P01_L200_M003,logUNIT_DW:,0.25245
P01_L200,P01,P01_L200_M003,condRule:,2
P01_L200,P01,P01_L200_M003,preReversalStepDW:,0.35
P01_L200,P01,P01_L200_M003,Reversal_or_Trial:,1
P01_L200,P01,P01_L200_M003,limit_Trial_Run:,100
P01_L200,P01,P01_L200_M003,max_monitor_cdm2:,400
P01_L200,P01,P01_L200_M003,width:,665.8272745893497
P01_L200,P01,P01_L200_M003,fs:,260
P01_L200,P01,P01_L200_M003,ph:,0.0
P01_L200,P01,P01_L200_M003,speed:,0.0
P01_L200,P01,P01_L200_M003,contr:,0.162
P01_L200,P01,P01_L200_M003,theta:,0.0
P01_L200,P01,P01_L200_M003,bg:,0.735
P01_L200,P01,P01_L200_M003,box:,False
P01_L200,P01,P01_L200_M003,Lbg:,25
P01_L200,P01,P01_L200_M003,Lmin:,0.0
P01_L200,P01,P01_L200_M003,Lmax:,25
P01_L200,P01,P01_L200_M003,gamma:,0.0
P01_L200,P01,P01_L200_M003,BRTRR:,1.2
P01_L200,P01,P01_L200_M003,flanker_width:,5.0
P01_L200,P01,P01_L200_M003,flanker_displacement:,3.0
P01_L200,P01,P01_L200_M003,probe_displacement_dx:,0.48
P01_L200,P01,P01_L200_M004,distance_To_Monitor:,1.0
P01_L200,P01,P01_L200_M004,win_widthy:,0.2303
P01_L200,P01,P01_L200_M004,win_widthx:,0.33638
P01_L200,P01,P01_L200_M004,bkg_intensity:,0.735
P01_L200,P01,P01_L200_M004,max_intensity:,1.0
P01_L200,P01,P01_L200_M004,time_Stimulus:,250
P01_L200,P01,P01_L200_M004,reversalN:,0.0
P01_L200,P01,P01_L200_M004,rateDW:,0.5
P01_L200,P01,P01_L200_M004,correctTick:,0
P01_L200,P01,P01_L200_M004,count_Reversals:,0
P01_L200,P01,P01_L200_M004,probe_LR:,0
P01_L200,P01,P01_L200_M004,human_LR:,0
P01_L200,P01,P01_L200_M004,posY:,0
P01_L200,P01,P01_L200_M004,rateUP:,0.5
P01_L200,P01,P01_L200_M004,probe_pos:,0.0
P01_L200,P01,P01_L200_M004,text:,-1
P01_L200,P01,P01_L200_M004,reversePOINT:,1
P01_L200,P01,P01_L200_M004,trialPOINT:,7
P01_L200,P01,P01_L200_M004,nDW:,4
P01_L200,P01,P01_L200_M004,nUP:,1
P01_L200,P01,P01_L200_M004,start_weber_Contrast:,0.15
P01_L200,P01,P01_L200_M004,number_trials:,100
P01_L200,P01,P01_L200_M004,terminationINDEX:,9
P01_L200,P01,P01_L200_M004,stepDWUP:,0.005
P01_L200,P01,P01_L200_M004,logUNIT_UP:,0.3
P01_L200,P01,P01_L200_M004,logUNIT_DW:,0.25245
P01_L200,P01,P01_L200_M004,condRule:,2
P01_L200,P01,P01_L200_M004,preReversalStepDW:,0.35
P01_L200,P01,P01_L200_M004,Reversal_or_Trial:,1
P01_L200,P01,P01_L200_M004,limit_Trial_Run:,100
P01_L200,P01,P01_L200_M004,max_monitor_cdm2:,400
P01_L200,P01,P01_L200_M004,width:,665.8272745893497
P01_L200,P01,P01_L200_M004,fs:,260
P01_L200,P01,P01_L200_M004,ph:,0.0
P01_L200,P01,P01_L200_M004,speed:,0.0
P01_L200,P01,P01_L200_M004,contr:,0.162
P01_L200,P01,P01_L200_M004,theta:,0.0
P01_L200,P01,P01_L200_M004,bg:,0.735
P01_L200,P01,P01_L200_M004,box:,False
P01_L200,P01,P01_L200_M004,Lbg:,25
P01_L200,P01,P01_L200_M004,Lmin:,0.0
P01_L200,P01,P01_L200_M004,Lmax:,25
P01_L200,P01,P01_L200_M004,gamma:,0.0
P01_L200,P01,P01_L200_M004,BRTRR:,1.2
P01_L200,P01,P01_L200_M004,flanker_width:,5.0
P01_L200,P01,P01_L200_M004,flanker_displacement:,3.0
P01_L200,P01,P01_L200_M004,probe_displacement_dx:,0.48
P01_L200,P01,P01_L200_M005,distance_To_Monitor:,1.0
P01_L200,P01,P01_L200_M005,win_widthy:,0.2303
P01_L200,P01,P01_L200_M005,win_widthx:,0.33638
P01_L200,P01,P01_L200_M005,bkg_intensity:,0.735
P01_L200,P01,P01_L200_M005,max_intensity:,1.0
P01_L200,P01,P01_L200_M005,time_Stimulus:,250
P01_L200,P01,P01_L200_M005,reversalN:,0.0
P01_L200,P01,P01_L200_M005,rateDW:,0.5
P01_L200,P01,P01_L200_M005,correctTick:,0
P01_L200,P01,P01_L200_M005,count_Reversals:,0
P01_L200,P01,P01_L200_M005,probe_LR:,0
P01_L200,P01,P01_L200_M005,human_LR:,0
P01_L200,P01,P01_L200_M005,posY:,0
P01_L200,P01,P01_L200_M005,rateUP:,0.5
P01_L200,P01,P01_L200_M005,probe_pos:,0.0
P01_L200,P01,P01_L200_M005,text:,-1
P01_L200,P01,P01_L200_M005,reversePOINT:,1
P01_L200,P01,P01_L200_M005,trialPOINT:,7
P01_L200,P01,P01_L200_M005,nDW:,4
P01_L200,P01,P01_L200_M005,nUP:,1
P01_L200,P01,P01_L200_M005,start_weber_Contrast:,0.32
P01_L200,P01,P01_L200_M005,number_trials:,100
P01_L200,P01,P01_L200_M005,terminationINDEX:,9
P01_L200,P01,P01_L200_M005,stepDWUP:,0.005
P01_L200,P01,P01_L200_M005,logUNIT_UP:,0.3
P01_L200,P01,P01_L200_M005,logUNIT_DW:,0.25245
P01_L200,P01,P01_L200_M005,condRule:,2
P01_L200,P01,P01_L200_M005,preReversalStepDW:,0.3
P01_L200,P01,P01_L200_M005,Reversal_or_Trial:,1
P01_L200,P01,P01_L200_M005,limit_Trial_Run:,100
P01_L200,P01,P01_L200_M005,max_monitor_cdm2:,400
P01_L200,P01,P01_L200_M005,width:,665.8272745893497
P01_L200,P01,P01_L200_M005,fs:,100
P01_L200,P01,P01_L200_M005,ph:,0.0
P01_L200,P01,P01_L200_M005,speed:,0.0
P01_L200,P01,P01_L200_M005,contr:,0.162
P01_L200,P01,P01_L200_M005,theta:,0.0
P01_L200,P01,P01_L200_M005,bg:,0.735
P01_L200,P01,P01_L200_M005,box:,False
P01_L200,P01,P01_L200_M005,Lbg:,25
P01_L200,P01,P01_L200_M005,Lmin:,0.0
P01_L200,P01,P01_L200_M005,Lmax:,25
P01_L200,P01,P01_L200_M005,gamma:,0.0
P01_L200,P01,P01_L200_M005,BRTRR:,1.2
P01_L200,P01,P01_L200_M005,flanker_width:,5.0
P01_L200,P01,P01_L200_M005,flanker_displacement:,3.0
P01_L200,P01,P01_L200_M005,probe_displacement_dx:,0.48
P01_L200,P01,P01_L200_M005,probe_displacement_dy:,0.2
P01_L300,P01,P01_L300_M001,distance_To_Monitor:,1.0
P01_L300,P01,P01_L300_M001,win_widthy:,0.2303
P01_L300,P01,P01_L300_M001,win_widthx:,0.33638
P01_L300,P01,P01_L300_M001,bkg_intensity:,0.89
P01_L300,P01,P01_L300_M001,max_intensity:,1.0
P01_L300,P01,P01_L300_M001,time_Stimulus:,250
P01_L300,P01,P01_L300_M001,reversalN:,0.0
P01_L300,P01,P01_L300_M001,rateDW:,0.5
P01_L300,P01,P01_L300_M001,correctTick:,0
P01_L300,P01,P01_L300_M001,count_Reversals:,0
P01_L300,P01,P01_L300_M001,probe_LR:,0
P01_L300,P01,P01_L300_M001,human_LR:,0
P01_L300,P01,P01_L300_M001,posY:,0
P01_L300,P01,P01_L300_M001,rateUP:,0.5
P01_L300,P01,P01_L300_M001,probe_pos:,0.0
P01_L300,P01,P01_L300_M001,text:,-1
P01_L300,P01,P01_L300_M001,reversePOINT:,1
P01_L300,P01,P01_L300_M001,trialPOINT:,6
P01_L300,P01,P01_L300_M001,nDW:,4
P01_L300,P01,P01_L300_M001,nUP:,1
P01_L300,P01,P01_L300_M001,start_weber_Contrast:,0.15
P01_L300,P01,P01_L300_M001,number_trials:,100
P01_L300,P01,P01_L300_M001,terminationINDEX:,9
P01_L300,P01,P01_L300_M001,stepDWUP:,0.005
P01_L300,P01,P01_L300_M001,logUNIT_UP:,0.3
P01_L300,P01,P01_L300_M001,logUNIT_DW:,0.25245
P01_L300,P01,P01_L300_M001,condRule:,2
P01_L300,P01,P01_L300_M001,preReversalStepDW:,0.35
P01_L300,P01,P01_L300_M001,Reversal_or_Trial:,1
P01_L300,P01,P01_L300_M001,limit_Trial_Run:,100
P01_L300,P01,P01_L300_M001,max_monitor_cdm2:,400
P01_L300,P01,P01_L300_M001,avg_monitor_cdm2:,300
P01_L300,P01,P01_L300_M001,width:,665.8272745893497
P01_L300,P01,P01_L300_M001,fs:,260
P01_L300,P01,P01_L300_M001,ph:,0.0
P01_L300,P01,P01_L300_M001,speed:,0.0
P01_L300,P01,P01_L300_M001,contr:,0.162
P01_L300,P01,P01_L300_M001,theta:,0.0
P01_L300,P01,P01_L300_M001,bg:,0.89
P01_L300,P01,P01_L300_M001,box:,False
P01_L300,P01,P01_L300_M001,Lbg:,25
P01_L300,P01,P01_L300_M001,Lmin:,0.0
P01_L300,P01,P01_L300_M001,Lmax:,25
P01_L300,P01,P01_L300_M001,gamma:,0.0
P01_L300,P01,P01_L300_M001,BRTRR:,1.2
P01_L300,P01,P01_L300_M001,flanker_width:,5.0
P01_L300,P01,P01_L300_M001,flanker_displacement:,3.0
P01_L300,P01,P01_L300_M001,probe_displacement_dx:,0.48
P01_L300,P01,P01_L300_M002,distance_To_Monitor:,1.0
P01_L300,P01,P01_L300_M002,win_widthy:,0.2303
P01_L300,P01,P01_L300_M002,win_widthx:,0.33638
P01_L300,P01,P01_L300_M002,bkg_intensity:,0.89
P01_L300,P01,P01_L300_M002,max_intensity:,1.0
P01_L300,P01,P01_L300_M002,time_Stimulus:,250
P01_L300,P01,P01_L300_M002,reversalN:,0.0
P01_L300,P01,P01_L300_M002,rateDW:,0.5
P01_L300,P01,P01_L300_M002,correctTick:,0
P01_L300,P01,P01_L300_M002,count_Reversals:,0
P01_L300,P01,P01_L300_M002,probe_LR:,0
P01_L300,P01,P01_L300_M002,human_LR:,0
P01_L300,P01,P01_L300_M002,posY:,0
P01_L300,P01,P01_L300_M002,rateUP:,0.5
P01_L300,P01,P01_L300_M002,probe_pos:,0.0
P01_L300,P01,P01_L300_M002,text:,-1
P01_L300,P01,P01_L300_M002,reversePOINT:,1
P01_L300,P01,P01_L300_M002,trialPOINT:,6
P01_L300,P01,P01_L300_M002,nDW:,4
P01_L300,P01,P01_L300_M002,nUP:,1
P01_L300,P01,P01_L300_M002,start_weber_Contrast:,0.15
P01_L300,P01,P01_L300_M002,number_trials:,100
P01_L300,P01,P01_L300_M002,terminationINDEX:,9
P01_L300,P01,P01_L300_M002,stepDWUP:,0.005
P01_L300,P01,P01_L300_M002,logUNIT_UP:,0.3
P01_L300,P01,P01_L300_M002,logUNIT_DW:,0.25245
P01_L300,P01,P01_L300_M002,condRule:,2
P01_L300,P01,P01_L300_M002,preReversalStepDW:,0.35
P01_L300,P01,P01_L300_M002,Reversal_or_Trial:,1
P01_L300,P01,P01_L300_M002,limit_Trial_Run:,100
P01_L300,P01,P01_L300_M002,max_monitor_cdm2:,400
P01_L300,P01,P01_L300_M002,width:,665.8272745893497
P01_L300,P01,P01_L300_M002,fs:,260
P01_L300,P01,P01_L300_M002,ph:,0.0
P01_L300,P01,P01_L300_M002,speed:,0.0
P01_L300,P01,P01_L300_M002,contr:,0.162
P01_L300,P01,P01_L300_M002,theta:,0.0
P01_L300,P01,P01_L300_M002,bg:,0.89
P01_L300,P01,P01_L300_M002,box:,False
P01_L300,P01,P01_L300_M002,Lbg:,25
P01_L300,P01,P01_L300_M002,Lmin:,0.0
P01_L300,P01,P01_L300_M002,Lmax:,25
P01_L300,P01,P01_L300_M002,gamma:,0.0
P01_L300,P01,P01_L300_M002,BRTRR:,1.2
P01_L300,P01,P01_L300_M002,flanker_width:,5.0
P01_L300,P01,P01_L300_M002,flanker_displacement:,3.0
P01_L300,P01,P01_L300_M002,probe_displacement_dx:,0.48
P01_L300,P01,P01_L300_M003,distance_To_Monitor:,1.0
P01_L300,P01,P01_L300_M003,win_widthy:,0.2303
P01_L300,P01,P01_L300_M003,win_widthx:,0.33638
P01_L300,P01,P01_L300_M003,bkg_intensity:,0.89
P01_L300,P01,P01_L300_M003,max_intensity:,1.0
P01_L300,P01,P01_L300_M003,time_Stimulus:,250
P01_L300,P01,P01_L300_M003,reversalN:,0.0
P01_L300,P01,P01_L300_M003,rateDW:,0.5
P01_L300,P01,P01_L300_M003,correctTick:,0
P01_L300,P01,P01_L300_M003,count_Reversals:,0
P01_L300,P01,P01_L300_M003,probe_LR:,0
P01_L300,P01,P01_L300_M003,human_LR:,0
P01_L300,P01,P01_L300_M003,posY:,0
P01_L300,P01,P01_L300_M003,rateUP:,0.5
P01_L300,P01,P01_L300_M003,probe_pos:,0.0
P01_L300,P01,P01_L300_M003,text:,-1
P01_L300,P01,P01_L300_M003,reversePOINT:,1
P01_L300,P01,P01_L300_M003,trialPOINT:,6
P01_L300,P01,P01_L300_M003,nDW:,4
P01_L300,P01,P01_L300_M003,nUP:,1
P01_L300,P01,P01_L300_M003,start_weber_Contrast:,0.15
P01_L300,P01,P01_L300_M003,number_trials:,100
P01_L300,P01,P01_L300_M003,terminationINDEX:,9
P01_L300,P01,P01_L300_M003,stepDWUP:,0.005
P01_L300,P01,P01_L300_M003,logUNIT_UP:,0.3
P01_L300,P01,P01_L300_M003,logUNIT_DW:,0.25245
P01_L300,P01,P01_L300_M003,condRule:,2
P01_L300,P01,P01_L300_M003,preReversalStepDW:,0.35
P01_L300,P01,P01_L300_M003,Reversal_or_Trial:,1
P01_L300,P01,P01_L300_M003,limit_Trial_Run:,100
P01_L300,P01,P01_L300_M003,max_monitor_cdm2:,400
P01_L300,P01,P01_L300_M003,width:,665.8272745893497
P01_L300,P01,P01_L300_M003,fs:,260
P01_L300,P01,P01_L300_M003,ph:,0.0
P01_L300,P01,P01_L300_M003,speed:,0.0
P01_L300,P01,P01_L300_M003,contr:,0.162
P01_L300,P01,P01_L300_M003,theta:,0.0
P01_L300,P01,P01_L300_M003,bg:,0.89
P01_L300,P01,P01_L300_M003,box:,False
P01_L300,P01,P01_L300_M003,Lbg:,25
P01_L300,P01,P01_L300_M003,Lmin:,0.0
P01_L300,P01,P01_L300_M003,Lmax:,25
P01_L300,P01,P01_L300_M003,gamma:,0.0
P01_L300,P01,P01_L300_M003,BRTRR:,1.2
P01_L300,P01,P01_L300_M003,flanker_width:,5.0
P01_L300,P01,P01_L300_M003,flanker_displacement:,3.0
P01_L300,P01,P01_L300_M003,probe_displacement_dx:,0.48
P01_L300,P01,P01_L300_M004,distance_To_Monitor:,1.0
P01_L300,P01,P01_L300_M004,win_widthy:,0.2303
P01_L300,P01,P01_L300_M004,win_widthx:,0.33638
P01_L300,P01,P01_L300_M004,bkg_intensity:,0.89
P01_L300,P01,P01_L300_M004,max_intensity:,1.0
P01_L300,P01,P01_L300_M004,time_Stimulus:,250
P01_L300,P01,P01_L300_M004,reversalN:,0.0
P01_L300,P01,P01_L300_M004,rateDW:,0.5
P01_L300,P01,P01_L300_M004,correctTick:,0
P01_L300,P01,P01_L300_M004,count_Reversals:,0
P01_L300,P01,P01_L300_M004,probe_LR:,0
P01_L300,P01,P01_L300_M004,human_LR:,0
P01_L300,P01,P01_L300_M004,posY:,0
P01_L300,P01,P01_L300_M004,rateUP:,0.5
P01_L300,P01,P01_L300_M004,probe_pos:,0.0
P01_L300,P01,P01_L300_M004,text:,-1
P01_L300,P01,P01_L300_M004,reversePOINT:,1
P01_L300,P01,P01_L300_M004,trialPOINT:,6
P01_L300,P01,P01_L300_M004,nDW:,4
P01_L300,P01,P01_L300_M004,nUP:,1
P01_L300,P01,P01_L300_M004,start_weber_Contrast:,0.15
P01_L300,P01,P01_L300_M004,number_trials:,100
P01_L300,P01,P01_L300_M004,terminationINDEX:,9
P01_L300,P01,P01_L300_M004,stepDWUP:,0.005
P01_L300,P01,P01_L300_M004,logUNIT_UP:,0.36
P01_L300,P01,P01_L300_M004,logUNIT_DW:,0.30294
P01_L300,P01,P01_L300_M004,condRule:,2
P01_L300,P01,P01_L300_M004,preReversalStepDW:,0.36
P01_L300,P01,P01_L300_M004,Reversal_or_Trial:,1
P01_L300,P01,P01_L300_M004,limit_Trial_Run:,100
P01_L300,P01,P01_L300_M004,max_monitor_cdm2:,400
P01_L300,P01,P01_L300_M004,width:,665.8272745893497
P01_L300,P01,P01_L300_M004,fs:,167.0
P01_L300,P01,P01_L300_M004,ph:,0.0
P01_L300,P01,P01_L300_M004,speed:,0.0
P01_L300,P01,P01_L300_M004,contr:,0.15300000000000002
P01_L300,P01,P01_L300_M004,theta:,0.0
P01_L300,P01,P01_L300_M004,bg:,0.89
P01_L300,P01,P01_L300_M004,box:,False
P01_L300,P01,P01_L300_M004,Lbg:,25
P01_L300,P01,P01_L300_M004,Lmin:,0.0
P01_L300,P01,P01_L300_M004,Lmax:,25
P01_L300,P01,P01_L300_M004,gamma:,0.0
P01_L300,P01,P01_L300_M004,BRTRR:,1.2
P01_L300,P01,P01_L300_M004,flanker_width:,5.0
P01_L300,P01,P01_L300_M004,flanker_displacement:,3.0
P01_L300,P01,P01_L300_M004,probe_displacement_dx:,0.48
P01_L300,P01,P01_L300_M004,probe_displacement_dy:,0.2
P01_L300,P01,P01_L300_M005,distance_To_Monitor:,1.0
P01_L300,P01,P01_L300_M005,win_widthy:,0.2303
P01_L300,P01,P01_L300_M005,win_widthx:,0.33638
P01_L300,P01,P01_L300_M005,bkg_intensity:,0.89
P01_L300,P01,P01_L300_M005,max_intensity:,1.0
P01_L300,P01,P01_L300_M005,time_Stimulus:,250
P01_L300,P01,P01_L300_M005,reversalN:,0.0
P01_L300,P01,P01_L300_M005,rateDW:,0.5
P01_L300,P01,P01_L300_M005,correctTick:,0
P01_L300,P01,P01_L300_M005,count_Reversals:,0
P01_L300,P01,P01_L300_M005,probe_LR:,0
P01_L300,P01,P01_L300_M005,human_LR:,0
P01_L300,P01,P01_L300_M005,posY:,0
P01_L300,P01,P01_L300_M005,rateUP:,0.5
P01_L300,P01,P01_L300_M005,probe_pos:,0.0
P01_L300,P01,P01_L300_M005,text:,-1
P01_L300,P01,P01_L300_M005,reversePOINT:,1
P01_L300,P01,P01_L300_M005,trialPOINT:,5
P01_L300,P01,P01_L300_M005,nDW:,4
P01_L300,P01,P01_L300_M005,nUP:,1
P01_L300,P01,P01_L300_M005,start_weber_Contrast:,0.15
P01_L300,P01,P01_L300_M005,number_trials:,100
P01_L300,P01,P01_L300_M005,terminationINDEX:,9
P01_L300,P01,P01_L300_M005,stepDWUP:,0.005
P01_L300,P01,P01_L300_M005,logUNIT_UP:,0.36
P01_L300,P01,P01_L300_M005,logUNIT_DW:,0.30294
P01_L300,P01,P01_L300_M005,condRule:,2
P01_L300,P01,P01_L300_M005,preReversalStepDW:,0.36
P01_L300,P01,P01_L300_M005,Reversal_or_Trial:,1
P01_L300,P01,P01_L300_M005,limit_Trial_Run:,100
P01_L300,P01,P01_L300_M005,max_monitor_cdm2:,400
P01_L300,P01,P01_L300_M005,width:,665.8272745893497
P01_L300,P01,P01_L300_M005,fs:,167.0
P01_L300,P01,P01_L300_M005,ph:,0.0
P01_L300,P01,P01_L300_M005,speed:,0.0
P01_L300,P01,P01_L300_M005,contr:,0.15300000000000002
P01_L300,P01,P01_L300_M005,theta:,0.0
P01_L300,P01,P01_L300_M005,bg:,0.89
P01_L300,P01,P01_L300_M005,box:,False
P01_L300,P01,P01_L300_M005,Lbg:,25
P01_L300,P01,P01_L300_M005,Lmin:,0.0
P01_L300,P01,P01_L300_M005,Lmax:,25
P01_L300,P01,P01_L300_M005,gamma:,0.0
P01_L300,P01,P01_L300_M005,BRTRR:,1.2
P01_L300,P01,P01_L300_M005,flanker_width:,5.0
P01_L300,P01,P01_L300_M005,flanker_displacement:,3.0
P01_L300,P01,P01_L300_M005,probe_displacement_dx:,0.48
P01_L300,P01,P01_L300_M005,probe_displacement_dy:,0.2
P01_L370,P01,P01_L370_M001,distance_To_Monitor,1.0
P01_L370,P01,P01_L370_M001,win_widthy_Pixel,2560
P01_L370,P01,P01_L370_M001,win_widthx_Pixel,1440
P01_L370,P01,P01_L370_M001,win_widthy_Meter,0.3353
P01_L370,P01,P01_L370_M001,win_widthx_Meter,0.5962
P01_L370,P01,P01_L370_M001,Pixel Per Inch,164
P01_L370,P01,P01_L370_M001,Pixel width (m),0.00023289062499999997
P01_L370,P01,P01_L370_M001,Pixel Pitch (mm),0.155*0.155
P01_L370,P01,P01_L370_M001,bkg_intensity,0.95
P01_L370,P01,P01_L370_M001,max_intensity,1.0
P01_L370,P01,P01_L370_M001,time_Stimulus,250
P01_L370,P01,P01_L370_M001,reversalN,0.0
P01_L370,P01,P01_L370_M001,rateDW,0.5
P01_L370,P01,P01_L370_M001,correctTick,0
P01_L370,P01,P01_L370_M001,count_Reversals,0
P01_L370,P01,P01_L370_M001,probe_LR,0
P01_L370,P01,P01_L370_M001,human_LR,0
P01_L370,P01,P01_L370_M001,posY,0
P01_L370,P01,P01_L370_M001,rateUP,0.5
P01_L370,P01,P01_L370_M001,probe_pos (m),0.0
P01_L370,P01,P01_L370_M001,text,-1
P01_L370,P01,P01_L370_M001,reversePOINT,1
P01_L370,P01,P01_L370_M001,trialPOINT,7
P01_L370,P01,P01_L370_M001,nDW,4
P01_L370,P01,P01_L370_M001,nUP,1
P01_L370,P01,P01_L370_M001,start_weber_Contrast,1.0
P01_L370,P01,P01_L370_M001,number_trials,80
P01_L370,P01,P01_L370_M001,terminationINDEX,9
P01_L370,P01,P01_L370_M001,stepDWUP,0.005
P01_L370,P01,P01_L370_M001,logUNIT_UP,0.36
P01_L370,P01,P01_L370_M001,logUNIT_DW,0.30294
P01_L370,P01,P01_L370_M001,condRule,2
P01_L370,P01,P01_L370_M001,preReversalStepDW,0.36
P01_L370,P01,P01_L370_M001,Reversal_or_Trial,1
P01_L370,P01,P01_L370_M001,limit_Trial_Run,100
P01_L370,P01,P01_L370_M001,max_monitor_cdm2,500
P01_L370,P01,P01_L370_M001,bkg_monitor_cdm2,370
P01_L370,P01,P01_L370_M001,width,374.94805047229414
P01_L370,P01,P01_L370_M001,fs,63.0
P01_L370,P01,P01_L370_M001,ph,0.0
P01_L370,P01,P01_L370_M001,speed,0.0
P01_L370,P01,P01_L370_M001,contr,0.018
P01_L370,P01,P01_L370_M001,theta,0.0
P01_L370,P01,P01_L370_M001,bg,0.95
P01_L370,P01,P01_L370_M001,box,False
P01_L370,P01,P01_L370_M001,Lbg,25
P01_L370,P01,P01_L370_M001,Lmin,0.0
P01_L370,P01,P01_L370_M001,Lmax,25
P01_L370,P01,P01_L370_M001,gamma,0.0
P01_L370,P01,P01_L370_M001,BRTRR,1.2
P01_L370,P01,P01_L370_M001,flanker_width,5.0
P01_L370,P01,P01_L370_M001,flanker_displacement,3.0
P01_L370,P01,P01_L370_M001,probe_displacement_dx,0.4
P01_L370,P01,P01_L370_M001,probe_displacement_dy,0.2
P01_L370,P01,P01_L370_M001,pixel_metre_ratio,0.00023289062499999997
P01_L370,P01,P01_L370_M001,SdeX,0.05
P01_L370,P01,P01_L370_M001,SdeY,0.05
P01_L370,P01,P01_L370_M001,Probe_Height_Deg,0.13343643869556676
P01_L370,P01,P01_L370_M001,Probe_width_Deg,0.013343649840352816
P01_L370,P01,P01_L370_M002,distance_To_Monitor,1.0
P01_L370,P01,P01_L370_M002,win_widthy_Pixel,2560
P01_L370,P01,P01_L370_M002,win_widthx_Pixel,1440
P01_L370,P01,P01_L370_M002,win_widthy_Meter,0.3353
P01_L370,P01,P01_L370_M002,win_widthx_Meter,0.5962
P01_L370,P01,P01_L370_M002,Pixel Per Inch,164
P01_L370,P01,P01_L370_M002,Pixel width (m),0.00023289062499999997
P01_L370,P01,P01_L370_M002,Pixel Pitch (mm),0.155*0.155
P01_L370,P01,P01_L370_M002,bkg_intensity,0.95
P01_L370,P01,P01_L370_M002,max_intensity,1.0
P01_L370,P01,P01_L370_M002,time_Stimulus,250
P01_L370,P01,P01_L370_M002,reversalN,0.0
P01_L370,P01,P01_L370_M002,rateDW,0.5
P01_L370,P01,P01_L370_M002,correctTick,0
P01_L370,P01,P01_L370_M002,count_Reversals,0
P01_L370,P01,P01_L370_M002,probe_LR,0
P01_L370,P01,P01_L370_M002,human_LR,0
P01_L370,P01,P01_L370_M002,posY,0
P01_L370,P01,P01_L370_M002,rateUP,0.5
P01_L370,P01,P01_L370_M002,probe_pos (m),0.0
P01_L370,P01,P01_L370_M002,text,-1
P01_L370,P01,P01_L370_M002,reversePOINT,1
P01_L370,P01,P01_L370_M002,trialPOINT,7
P01_L370,P01,P01_L370_M002,nDW,4
P01_L370,P01,P01_L370_M002,nUP,1
P01_L370,P01,P01_L370_M002,start_weber_Contrast,1.0
P01_L370,P01,P01_L370_M002,number_trials,80
P01_L370,P01,P01_L370_M002,terminationINDEX,9
P01_L370,P01,P01_L370_M002,stepDWUP,0.005
P01_L370,P01,P01_L370_M002,logUNIT_UP,0.36
P01_L370,P01,P01_L370_M002,logUNIT_DW,0.30294
P01_L370,P01,P01_L370_M002,condRule,2
P01_L370,P01,P01_L370_M002,preReversalStepDW,0.36
P01_L370,P01,P01_L370_M002,Reversal_or_Trial,1
P01_L370,P01,P01_L370_M002,limit_Trial_Run,100
P01_L370,P01,P01_L370_M002,max_monitor_cdm2,500
P01_L370,P01,P01_L370_M002,bkg_monitor_cdm2,370
P01_L370,P01,P01_L370_M002,width,374.94805047229414
P01_L370,P01,P01_L370_M002,fs,63.0
P01_L370,P01,P01_L370_M002,ph,0.0
P01_L370,P01,P01_L370_M002,speed,0.0
P01_L370,P01,P01_L370_M002,contr,0.018
P01_L370,P01,P01_L370_M002,theta,0.0
P01_L370,P01,P01_L370_M002,bg,0.95
P01_L370,P01,P01_L370_M002,box,False
P01_L370,P01,P01_L370_M002,Lbg,25
P01_L370,P01,P01_L370_M002,Lmin,0.0
P01_L370,P01,P01_L370_M002,Lmax,25
P01_L370,P01,P01_L370_M002,gamma,0.0
P01_L370,P01,P01_L370_M002,BRTRR,1.2
P01_L370,P01,P01_L370_M002,flanker_width,5.0
P01_L370,P01,P01_L370_M002,flanker_displacement,3.0
P01_L370,P01,P01_L370_M002,probe_displacement_dx,0.4
P01_L370,P01,P01_L370_M002,probe_displacement_dy,0.2
P01_L370,P01,P01_L370_M002,pixel_metre_ratio,0.00023289062499999997
P01_L370,P01,P01_L370_M002,SdeX,0.05
P01_L370,P01,P01_L370_M002,SdeY,0.05
P01_L370,P01,P01_L370_M002,Probe_Height_Deg,0.13343643869556676
P01_L370,P01,P01_L370_M002,Probe_width_Deg,0.013343649840352816
P01_L370,P01,P01_L370_M003,distance_To_Monitor,1.0
P01_L370,P01,P01_L370_M003,win_widthy_Pixel,2560
P01_L370,P01,P01_L370_M003,win_widthx_Pixel,1440
P01_L370,P01,P01_L370_M003,win_widthy_Meter,0.3353
P01_L370,P01,P01_L370_M003,win_widthx_Meter,0.5962
P01_L370,P01,P01_L370_M003,Pixel Per Inch,164
P01_L370,P01,P01_L370_M003,Pixel width (m),0.00023289062499999997
P01_L370,P01,P01_L370_M003,Pixel Pitch (mm),0.155*0.155
P01_L370,P01,P01_L370_M003,bkg_intensity,0.95
P01_L370,P01,P01_L370_M003,max_intensity,1.0
P01_L370,P01,P01_L370_M003,time_Stimulus,250
P01_L370,P01,P01_L370_M003,reversalN,0.0
P01_L370,P01,P01_L370_M003,rateDW,0.5
P01_L370,P01,P01_L370_M003,correctTick,0
P01_L370,P01,P01_L370_M003,count_Reversals,0
P01_L370,P01,P01_L370_M003,probe_LR,0
P01_L370,P01,P01_L370_M003,human_LR,0
P01_L370,P01,P01_L370_M003,posY,0
P01_L370,P01,P01_L370_M003,rateUP,0.5
P01_L370,P01,P01_L370_M003,probe_pos (m),0.0
P01_L370,P01,P01_L370_M003,text,-1
P01_L370,P01,P01_L370_M003,reversePOINT,1
P01_L370,P01,P01_L370_M003,trialPOINT,7
P01_L370,P01,P01_L370_M003,nDW,4
P01_L370,P01,P01_L370_M003,nUP,1
P01_L370,P01,P01_L370_M003,start_weber_Contrast,1.0
P01_L370,P01,P01_L370_M003,number_trials,80
P01_L370,P01,P01_L370_M003,terminationINDEX,9
P01_L370,P01,P01_L370_M003,stepDWUP,0.005
P01_L370,P01,P01_L370_M003,logUNIT_UP,0.36
P01_L370,P01,P01_L370_M003,logUNIT_DW,0.30294
P01_L370,P01,P01_L370_M003,condRule,2
P01_L370,P01,P01_L370_M003,preReversalStepDW,0.36
P01_L370,P01,P01_L370_M003,Reversal_or_Trial,1
P01_L370,P01,P01_L370_M003,limit_Trial_Run,100
P01_L370,P01,P01_L370_M003,max_monitor_cdm2,500
P01_L370,P01,P01_L370_M003,bkg_monitor_cdm2,370
P01_L370,P01,P01_L370_M003,width,374.94805047229414
P01_L370,P01,P01_L370_M003,fs,63.0
P01_L370,P01,P01_L370_M003,ph,0.0
P01_L370,P01,P01_L370_M003,speed,0.0
P01_L370,P01,P01_L370_M003,contr,0.018
P01_L370,P01,P01_L370_M003,theta,0.0
P01_L370,P01,P01_L370_M003,bg,0.95
P01_L370,P01,P01_L370_M003,box,False
P01_L370,P01,P01_L370_M003,Lbg,25
P01_L370,P01,P01_L370_M003,Lmin,0.0
P01_L370,P01,P01_L370_M003,Lmax,25
P01_L370,P01,P01_L370_M003,gamma,0.0
P01_L370,P01,P01_L370_M003,BRTRR,1.2
P01_L370,P01,P01_L370_M003,flanker_width,5.0
P01_L370,P01,P01_L370_M003,flanker_displacement,3.0
P01_L370,P01,P01_L370_M003,probe_displacement_dx,0.4
P01_L370,P01,P01_L370_M003,probe_displacement_dy,0.2
P01_L370,P01,P01_L370_M003,pixel_metre_ratio,0.00023289062499999997
P01_L370,P01,P01_L370_M003,SdeX,0.05
P01_L370,P01,P01_L370_M003,SdeY,0.05
P01_L370,P01,P01_L370_M003,Probe_Height_Deg,0.13343643869556676
P01_L370,P01,P01_L370_M003,Probe_width_Deg,0.013343649840352816
P01_L370,P01,P01_L370_M004,distance_To_Monitor,1.0
P01_L370,P01,P01_L370_M004,win_widthy_Pixel,2560
P01_L370,P01,P01_L370_M004,win_widthx_Pixel,1440
P01_L370,P01,P01_L370_M004,win_widthy_Meter,0.3353
P01_L370,P01,P01_L370_M004,win_widthx_Meter,0.5962
P01_L370,P01,P01_L370_M004,Pixel Per Inch,164
P01_L370,P01,P01_L370_M004,Pixel width (m),0.00023289062499999997
P01_L370,P01,P01_L370_M004,Pixel Pitch (mm),0.155*0.155
P01_L370,P01,P01_L370_M004,bkg_intensity,0.95
P01_L370,P01,P01_L370_M004,max_intensity,1.0
P01_L370,P01,P01_L370_M004,time_Stimulus,250
P01_L370,P01,P01_L370_M004,reversalN,0.0
P01_L370,P01,P01_L370_M004,rateDW,0.5
P01_L370,P01,P01_L370_M004,correctTick,0
P01_L370,P01,P01_L370_M004,count_Reversals,0
P01_L370,P01,P01_L370_M004,probe_LR,0
P01_L370,P01,P01_L370_M004,human_LR,0
P01_L370,P01,P01_L370_M004,posY,0
P01_L370,P01,P01_L370_M004,rateUP,0.5
P01_L370,P01,P01_L370_M004,probe_pos (m),0.0
P01_L370,P01,P01_L370_M004,text,-1
P01_L370,P01,P01_L370_M004,reversePOINT,1
P01_L370,P01,P01_L370_M004,trialPOINT,7
P01_L370,P01,P01_L370_M004,nDW,4
P01_L370,P01,P01_L370_M004,nUP,1
P01_L370,P01,P01_L370_M004,start_weber_Contrast,1.0
P01_L370,P01,P01_L370_M004,number_trials,80
P01_L370,P01,P01_L370_M004,terminationINDEX,9
P01_L370,P01,P01_L370_M004,stepDWUP,0.005
P01_L370,P01,P01_L370_M004,logUNIT_UP,0.36
P01_L370,P01,P01_L370_M004,logUNIT_DW,0.30294
P01_L370,P01,P01_L370_M004,condRule,2
P01_L370,P01,P01_L370_M004,preReversalStepDW,0.36
P01_L370,P01,P01_L370_M004,Reversal_or_Trial,1
P01_L370,P01,P01_L370_M004,limit_Trial_Run,100
P01_L370,P01,P01_L370_M004,max_monitor_cdm2,500
P01_L370,P01,P01_L370_M004,bkg_monitor_cdm2,370
P01_L370,P01,P01_L370_M004,width,374.94805047229414
P01_L370,P01,P01_L370_M004,fs,63.0
P01_L370,P01,P01_L370_M004,ph,0.0
P01_L370,P01,P01_L370_M004,speed,0.0
P01_L370,P01,P01_L370_M004,contr,0.018
P01_L370,P01,P01_L370_M004,theta,0.0
P01_L370,P01,P01_L370_M004,bg,0.95
P01_L370,P01,P01_L370_M004,box,False
P01_L370,P01,P01_L370_M004,Lbg,25
P01_L370,P01,P01_L370_M004,Lmin,0.0
P01_L370,P01,P01_L370_M004,Lmax,25
P01_L370,P01,P01_L370_M004,gamma,0.0
P01_L370,P01,P01_L370_M004,BRTRR,1.2
P01_L370,P01,P01_L370_M004,flanker_width,5.0
P01_L370,P01,P01_L370_M004,flanker_displacement,3.0
P01_L370,P01,P01_L370_M004,probe_displacement_dx,0.4
P01_L370,P01,P01_L370_M004,probe_displacement_dy,0.2
P01_L370,P01,P01_L370_M004,pixel_metre_ratio,0.00023289062499999997
P01_L370,P01,P01_L370_M004,SdeX,0.05
P01_L370,P01,P01_L370_M004,SdeY,0.05
P01_L370,P01,P01_L370_M004,Probe_Height_Deg,0.13343643869556676
P01_L370,P01,P01_L370_M004,Probe_width_Deg,0.013343649840352816
P01_L403,P01,P01_L403_M001,distance_To_Monitor,1.0
P01_L403,P01,P01_L403_M001,win_widthy_Pixel,2560
P01_L403,P01,P01_L403_M001,win_widthx_Pixel,1440
P01_L403,P01,P01_L403_M001,win_widthy_Meter,0.3353
P01_L403,P01,P01_L403_M001,win_widthx_Meter,0.5962
P01_L403,P01,P01_L403_M001,Pixel Per Inch,164
P01_L403,P01,P01_L403_M001,Pixel width (m),0.00023289062499999997
P01_L403,P01,P01_L403_M001,Pixel Pitch (mm),0.155*0.155
P01_L403,P01,P01_L403_M001,bkg_intensity,0.98
P01_L403,P01,P01_L403_M001,max_intensity,1.0
P01_L403,P01,P01_L403_M001,time_Stimulus,250
P01_L403,P01,P01_L403_M001,reversalN,0.0
P01_L403,P01,P01_L403_M001,rateDW,0.5
P01_L403,P01,P01_L403_M001,correctTick,0
P01_L403,P01,P01_L403_M001,count_Reversals,0
P01_L403,P01,P01_L403_M001,probe_LR,0
P01_L403,P01,P01_L403_M001,human_LR,0
P01_L403,P01,P01_L403_M001,posY,0
P01_L403,P01,P01_L403_M001,rateUP,0.5
P01_L403,P01,P01_L403_M001,probe_pos (m),0.0
P01_L403,P01,P01_L403_M001,text,-1
P01_L403,P01,P01_L403_M001,reversePOINT,1
P01_L403,P01,P01_L403_M001,trialPOINT,5
P01_L403,P01,P01_L403_M001,nDW,4
P01_L403,P01,P01_L403_M001,nUP,1
P01_L403,P01,P01_L403_M001,start_weber_Contrast,1.0
P01_L403,P01,P01_L403_M001,number_trials,80
P01_L403,P01,P01_L403_M001,terminationINDEX,9
P01_L403,P01,P01_L403_M001,stepDWUP,0.005
P01_L403,P01,P01_L403_M001,logUNIT_UP,0.36
P01_L403,P01,P01_L403_M001,logUNIT_DW,0.30294
P01_L403,P01,P01_L403_M001,condRule,2
P01_L403,P01,P01_L403_M001,preReversalStepDW,0.36
P01_L403,P01,P01_L403_M001,Reversal_or_Trial,1
P01_L403,P01,P01_L403_M001,limit_Trial_Run,100
P01_L403,P01,P01_L403_M001,max_monitor_cdm2,500
P01_L403,P01,P01_L403_M001,bkg_monitor_cdm2,403
P01_L403,P01,P01_L403_M001,width,374.94805047229414
P01_L403,P01,P01_L403_M001,fs,63.0
P01_L403,P01,P01_L403_M001,ph,0.0
P01_L403,P01,P01_L403_M001,speed,0.0
P01_L403,P01,P01_L403_M001,contr,0.018
P01_L403,P01,P01_L403_M001,theta,0.0
P01_L403,P01,P01_L403_M001,bg,0.98
P01_L403,P01,P01_L403_M001,box,False
P01_L403,P01,P01_L403_M001,Lbg,25
P01_L403,P01,P01_L403_M001,Lmin,0.0
P01_L403,P01,P01_L403_M001,Lmax,25
P01_L403,P01,P01_L403_M001,gamma,0.0
P01_L403,P01,P01_L403_M001,BRTRR,1.2
P01_L403,P01,P01_L403_M001,flanker_width,5.0
P01_L403,P01,P01_L403_M001,flanker_displacement,3.0
P01_L403,P01,P01_L403_M001,probe_displacement_dx,0.4
P01_L403,P01,P01_L403_M001,probe_displacement_dy,0.2
P01_L403,P01,P01_L403_M001,pixel_metre_ratio,0.00023289062499999997
P01_L403,P01,P01_L403_M001,SdeX,0.05
P01_L403,P01,P01_L403_M001,SdeY,0.05
P01_L403,P01,P01_L403_M001,Probe_Height_Deg,0.13343643869556676
P01_L403,P01,P01_L403_M001,Probe_width_Deg,0.013343649840352816
P01_L403,P01,P01_L403_M002,distance_To_Monitor,1.0
P01_L403,P01,P01_L403_M002,win_widthy_Pixel,2560
P01_L403,P01,P01_L403_M002,win_widthx_Pixel,1440
P01_L403,P01,P01_L403_M002,win_widthy_Meter,0.3353
P01_L403,P01,P01_L403_M002,win_widthx_Meter,0.5962
P01_L403,P01,P01_L403_M002,Pixel Per Inch,164
P01_L403,P01,P01_L403_M002,Pixel width (m),0.00023289062499999997
P01_L403,P01,P01_L403_M002,Pixel Pitch (mm),0.155*0.155
P01_L403,P01,P01_L403_M002,bkg_intensity,0.98
P01_L403,P01,P01_L403_M002,max_intensity,1.0
P01_L403,P01,P01_L403_M002,time_Stimulus,250
P01_L403,P01,P01_L403_M002,reversalN,0.0
P01_L403,P01,P01_L403_M002,rateDW,0.5
P01_L403,P01,P01_L403_M002,correctTick,0
P01_L403,P01,P01_L403_M002,count_Reversals,0
P01_L403,P01,P01_L403_M002,probe_LR,0
P01_L403,P01,P01_L403_M002,human_LR,0
P01_L403,P01,P01_L403_M002,posY,0
P01_L403,P01,P01_L403_M002,rateUP,0.5
P01_L403,P01,P01_L403_M002,probe_pos (m),0.0
P01_L403,P01,P01_L403_M002,text,-1
P01_L403,P01,P01_L403_M002,reversePOINT,1
P01_L403,P01,P01_L403_M002,trialPOINT,7
P01_L403,P01,P01_L403_M002,nDW,4
P01_L403,P01,P01_L403_M002,nUP,1
P01_L403,P01,P01_L403_M002,start_weber_Contrast,1.0
P01_L403,P01,P01_L403_M002,number_trials,80
P01_L403,P01,P01_L403_M002,terminationINDEX,9
P01_L403,P01,P01_L403_M002,stepDWUP,0.005
P01_L403,P01,P01_L403_M002,logUNIT_UP,0.36
P01_L403,P01,P01_L403_M002,logUNIT_DW,0.30294
P01_L403,P01,P01_L403_M002,condRule,2
P01_L403,P01,P01_L403_M002,preReversalStepDW,0.36
P01_L403,P01,P01_L403_M002,Reversal_or_Trial,1
P01_L403,P01,P01_L403_M002,limit_Trial_Run,100
P01_L403,P01,P01_L403_M002,max_monitor_cdm2,500
P01_L403,P01,P01_L403_M002,bkg_monitor_cdm2,403
P01_L403,P01,P01_L403_M002,width,374.94805047229414
P01_L403,P01,P01_L403_M002,fs,63.0
P01_L403,P01,P01_L403_M002,ph,0.0
P01_L403,P01,P01_L403_M002,speed,0.0
P01_L403,P01,P01_L403_M002,contr,0.018
P01_L403,P01,P01_L403_M002,theta,0.0
P01_L403,P01,P01_L403_M002,bg,0.98
P01_L403,P01,P01_L403_M002,box,False
P01_L403,P01,P01_L403_M002,Lbg,25
P01_L403,P01,P01_L403_M002,Lmin,0.0
P01_L403,P01,P01_L403_M002,Lmax,25
P01_L403,P01,P01_L403_M002,gamma,0.0
P01_L403,P01,P01_L403_M002,BRTRR,1.2
P01_L403,P01,P01_L403_M002,flanker_width,5.0
P01_L403,P01,P01_L403_M002,flanker_displacement,3.0
P01_L403,P01,P01_L403_M002,probe_displacement_dx,0.4
P01_L403,P01,P01_L403_M002,probe_displacement_dy,0.2
P01_L403,P01,P01_L403_M002,pixel_metre_ratio,0.00023289062499999997
P01_L403,P01,P01_L403_M002,SdeX,0.05
P01_L403,P01,P01_L403_M002,SdeY,0.05
P01_L403,P01,P01_L403_M002,Probe_Height_Deg,0.13343643869556676
P01_L403,P01,P01_L403_M002,Probe_width_Deg,0.013343649840352816
P01_L403,P01,P01_L403_M003,distance_To_Monitor,1.0
P01_L403,P01,P01_L403_M003,win_widthy_Pixel,2560
P01_L403,P01,P01_L403_M003,win_widthx_Pixel,1440
P01_L403,P01,P01_L403_M003,win_widthy_Meter,0.3353
P01_L403,P01,P01_L403_M003,win_widthx_Meter,0.5962
P01_L403,P01,P01_L403_M003,Pixel Per Inch,164
P01_L403,P01,P01_L403_M003,Pixel width (m),0.00023289062499999997
P01_L403,P01,P01_L403_M003,Pixel Pitch (mm),0.155*0.155
P01_L403,P01,P01_L403_M003,bkg_intensity,0.98
P01_L403,P01,P01_L403_M003,max_intensity,1.0
P01_L403,P01,P01_L403_M003,time_Stimulus,250
P01_L403,P01,P01_L403_M003,reversalN,0.0
P01_L403,P01,P01_L403_M003,rateDW,0.5
P01_L403,P01,P01_L403_M003,correctTick,0
P01_L403,P01,P01_L403_M003,count_Reversals,0
P01_L403,P01,P01_L403_M003,probe_LR,0
P01_L403,P01,P01_L403_M003,human_LR,0
P01_L403,P01,P01_L403_M003,posY,0
P01_L403,P01,P01_L403_M003,rateUP,0.5
P01_L403,P01,P01_L403_M003,probe_pos (m),0.0
P01_L403,P01,P01_L403_M003,text,-1
P01_L403,P01,P01_L403_M003,reversePOINT,1
P01_L403,P01,P01_L403_M003,trialPOINT,7
P01_L403,P01,P01_L403_M003,nDW,4
P01_L403,P01,P01_L403_M003,nUP,1
P01_L403,P01,P01_L403_M003,start_weber_Contrast,1.0
P01_L403,P01,P01_L403_M003,number_trials,80
P01_L403,P01,P01_L403_M003,terminationINDEX,9
P01_L403,P01,P01_L403_M003,stepDWUP,0.005
P01_L403,P01,P01_L403_M003,logUNIT_UP,0.36
P01_L403,P01,P01_L403_M003,logUNIT_DW,0.30294
P01_L403,P01,P01_L403_M003,condRule,2
P01_L403,P01,P01_L403_M003,preReversalStepDW,0.36
P01_L403,P01,P01_L403_M003,Reversal_or_Trial,1
P01_L403,P01,P01_L403_M003,limit_Trial_Run,100
P01_L403,P01,P01_L403_M003,max_monitor_cdm2,500
P01_L403,P01,P01_L403_M003,bkg_monitor_cdm2,403
P01_L403,P01,P01_L403_M003,width,374.94805047229414
P01_L403,P01,P01_L403_M003,fs,63.0
P01_L403,P01,P01_L403_M003,ph,0.0
P01_L403,P01,P01_L403_M003,speed,0.0
P01_L403,P01,P01_L403_M003,contr,0.018
P01_L403,P01,P01_L403_M003,theta,0.0
P01_L403,P01,P01_L403_M003,bg,0.98
P01_L403,P01,P01_L403_M003,box,False
P01_L403,P01,P01_L403_M003,Lbg,25
P01_L403,P01,P01_L403_M003,Lmin,0.0
P01_L403,P01,P01_L403_M003,Lmax,25
P01_L403,P01,P01_L403_M003,gamma,0.0
P01_L403,P01,P01_L403_M003,BRTRR,1.2
P01_L403,P01,P01_L403_M003,flanker_width,5.0
P01_L403,P01,P01_L403_M003,flanker_displacement,3.0
P01_L403,P01,P01_L403_M003,probe_displacement_dx,0.4
P01_L403,P01,P01_L403_M003,probe_displacement_dy,0.2
P01_L403,P01,P01_L403_M003,pixel_metre_ratio,0.00023289062499999997
P01_L403,P01,P01_L403_M003,SdeX,0.05
P01_L403,P01,P01_L403_M003,SdeY,0.05
P01_L403,P01,P01_L403_M003,Probe_Height_Deg,0.13343643869556676
P01_L403,P01,P01_L403_M003,Probe_width_Deg,0.013343649840352816
P01_L403,P01,P01_L403_M004,distance_To_Monitor,1.0
P01_L403,P01,P01_L403_M004,win_widthy_Pixel,2560
P01_L403,P01,P01_L403_M004,win_widthx_Pixel,1440
P01_L403,P01,P01_L403_M004,win_widthy_Meter,0.3353
P01_L403,P01,P01_L403_M004,win_widthx_Meter,0.5962
P01_L403,P01,P01_L403_M004,Pixel Per Inch,164
P01_L403,P01,P01_L403_M004,Pixel width (m),0.00023289062499999997
P01_L403,P01,P01_L403_M004,Pixel Pitch (mm),0.155*0.155
P01_L403,P01,P01_L403_M004,bkg_intensity,0.98
P01_L403,P01,P01_L403_M004,max_intensity,1.0
P01_L403,P01,P01_L403_M004,time_Stimulus,250
P01_L403,P01,P01_L403_M004,reversalN,0.0
P01_L403,P01,P01_L403_M004,rateDW,0.5
P01_L403,P01,P01_L403_M004,correctTick,0
P01_L403,P01,P01_L403_M004,count_Reversals,0
P01_L403,P01,P01_L403_M004,probe_LR,0
P01_L403,P01,P01_L403_M004,human_LR,0
P01_L403,P01,P01_L403_M004,posY,0
P01_L403,P01,P01_L403_M004,rateUP,0.5
P01_L403,P01,P01_L403_M004,probe_pos (m),0.0
P01_L403,P01,P01_L403_M004,text,-1
P01_L403,P01,P01_L403_M004,reversePOINT,1
P01_L403,P01,P01_L403_M004,trialPOINT,7
P01_L403,P01,P01_L403_M004,nDW,4
P01_L403,P01,P01_L403_M004,nUP,1
P01_L403,P01,P01_L403_M004,start_weber_Contrast,1.0
P01_L403,P01,P01_L403_M004,number_trials,80
P01_L403,P01,P01_L403_M004,terminationINDEX,9
P01_L403,P01,P01_L403_M004,stepDWUP,0.005
P01_L403,P01,P01_L403_M004,logUNIT_UP,0.36
P01_L403,P01,P01_L403_M004,logUNIT_DW,0.30294
P01_L403,P01,P01_L403_M004,condRule,2
P01_L403,P01,P01_L403_M004,preReversalStepDW,0.36
P01_L403,P01,P01_L403_M004,Reversal_or_Trial,1
P01_L403,P01,P01_L403_M004,limit_Trial_Run,100
P01_L403,P01,P01_L403_M004,max_monitor_cdm2,500
P01_L403,P01,P01_L403_M004,bkg_monitor_cdm2,403
P01_L403,P01,P01_L403_M004,width,374.94805047229414
P01_L403,P01,P01_L403_M004,fs,63.0
P01_L403,P01,P01_L403_M004,ph,0.0
P01_L403,P01,P01_L403_M004,speed,0.0
P01_L403,P01,P01_L403_M004,contr,0.018
P01_L403,P01,P01_L403_M004,theta,0.0
P01_L403,P01,P01_L403_M004,bg,0.98
P01_L403,P01,P01_L403_M004,box,False
P01_L403,P01,P01_L403_M004,Lbg,25
P01_L403,P01,P01_L403_M004,Lmin,0.0
P01_L403,P01,P01_L403_M004,Lmax,25
P01_L403,P01,P01_L403_M004,gamma,0.0
P01_L403,P01,P01_L403_M004,BRTRR,1.2
P01_L403,P01,P01_L403_M004,flanker_width,5.0
P01_L403,P01,P01_L403_M004,flanker_displacement,3.0
P01_L403,P01,P01_L403_M004,probe_displacement_dx,0.4
P01_L403,P01,P01_L403_M004,probe_displacement_dy,0.2
P01_L403,P01,P01_L403_M004,pixel_metre_ratio,0.00023289062499999997
P01_L403,P01,P01_L403_M004,SdeX,0.05
P01_L403,P01,P01_L403_M004,SdeY,0.05
P01_L403,P01,P01_L403_M004,Probe_Height_Deg,0.13343643869556676
P01_L403,P01,P01_L403_M004,Probe_width_Deg,0.013343649840352816
P02_L010,P02,P02_L010_M001,distance_To_Monitor,1.0
P02_L010,P02,P02_L010_M001,win_widthy_Pixel,2560
P02_L010,P02,P02_L010_M001,win_widthx_Pixel,1440
P02_L010,P02,P02_L010_M001,win_widthy_Meter,0.3353
P02_L010,P02,P02_L010_M001,win_widthx_Meter,0.5962
P02_L010,P02,P02_L010_M001,Pixel Per Inch,164
P02_L010,P02,P02_L010_M001,Pixel width (m),0.00023289062499999997
P02_L010,P02,P02_L010_M001,Pixel Pitch (mm),0.155*0.155
P02_L010,P02,P02_L010_M001,bkg_intensity,0.189
P02_L010,P02,P02_L010_M001,max_intensity,1.0
P02_L010,P02,P02_L010_M001,time_Stimulus,250
P02_L010,P02,P02_L010_M001,reversalN,0.0
P02_L010,P02,P02_L010_M001,rateDW,0.5
P02_L010,P02,P02_L010_M001,correctTick,0
P02_L010,P02,P02_L010_M001,count_Reversals,0
P02_L010,P02,P02_L010_M001,probe_LR,0
P02_L010,P02,P02_L010_M001,human_LR,0
P02_L010,P02,P02_L010_M001,posY,0
P02_L010,P02,P02_L010_M001,rateUP,0.5
P02_L010,P02,P02_L010_M001,probe_pos (m),0.0
P02_L010,P02,P02_L010_M001,text,-1
P02_L010,P02,P02_L010_M001,reversePOINT,1
P02_L010,P02,P02_L010_M001,trialPOINT,6
P02_L010,P02,P02_L010_M001,nDW,4
P02_L010,P02,P02_L010_M001,nUP,1
P02_L010,P02,P02_L010_M001,start_weber_Contrast,0.15
P02_L010,P02,P02_L010_M001,number_trials,50
P02_L010,P02,P02_L010_M001,terminationINDEX,9
P02_L010,P02,P02_L010_M001,stepDWUP,0.005
P02_L010,P02,P02_L010_M001,logUNIT_UP,0.36
P02_L010,P02,P02_L010_M001,logUNIT_DW,0.30294
P02_L010,P02,P02_L010_M001,condRule,2
P02_L010,P02,P02_L010_M001,preReversalStepDW,0.36
P02_L010,P02,P02_L010_M001,Reversal_or_Trial,1
P02_L010,P02,P02_L010_M001,limit_Trial_Run,100
P02_L010,P02,P02_L010_M001,max_monitor_cdm2,400
P02_L010,P02,P02_L010_M001,bkg_monitor_cdm2,10.22
P02_L010,P02,P02_L010_M001,width,374.94805047229414
P02_L010,P02,P02_L010_M001,fs,31.5
P02_L010,P02,P02_L010_M001,ph,0.0
P02_L010,P02,P02_L010_M001,speed,0.0
P02_L010,P02,P02_L010_M001,contr,0.117
P02_L010,P02,P02_L010_M001,theta,0.0
P02_L010,P02,P02_L010_M001,bg,0.189
P02_L010,P02,P02_L010_M001,box,False
P02_L010,P02,P02_L010_M001,Lbg,25
P02_L010,P02,P02_L010_M001,Lmin,0.0
P02_L010,P02,P02_L010_M001,Lmax,25
P02_L010,P02,P02_L010_M001,gamma,0.0
P02_L010,P02,P02_L010_M001,BRTRR,1.2
P02_L010,P02,P02_L010_M001,flanker_width,5.0
P02_L010,P02,P02_L010_M001,flanker_displacement,3.0
P02_L010,P02,P02_L010_M001,probe_displacement_dx,0.42
P02_L010,P02,P02_L010_M001,probe_displacement_dy,0.2
P02_L010,P02,P02_L010_M001,pixel_metre_ratio,0.00023289062499999997
P02_L010,P02,P02_L010_M001,SdeX,0.05
P02_L010,P02,P02_L010_M002,distance_To_Monitor,1.0
P02_L010,P02,P02_L010_M002,win_widthy_Pixel,2560
P02_L010,P02,P02_L010_M002,win_widthx_Pixel,1440
P02_L010,P02,P02_L010_M002,win_widthy_Meter,0.3353
P02_L010,P02,P02_L010_M002,win_widthx_Meter,0.5962
P02_L010,P02,P02_L010_M002,Pixel Per Inch,164
P02_L010,P02,P02_L010_M002,Pixel width (m),0.00023289062499999997
P02_L010,P02,P02_L010_M002,Pixel Pitch (mm),0.155*0.155
P02_L010,P02,P02_L010_M002,bkg_intensity,0.189
P02_L010,P02,P02_L010_M002,max_intensity,1.0
P02_L010,P02,P02_L010_M002,time_Stimulus,250
P02_L010,P02,P02_L010_M002,reversalN,0.0
P02_L010,P02,P02_L010_M002,rateDW,0.5
P02_L010,P02,P02_L010_M002,correctTick,0
P02_L010,P02,P02_L010_M002,count_Reversals,0
P02_L010,P02,P02_L010_M002,probe_LR,0
P02_L010,P02,P02_L010_M002,human_LR,0
P02_L010,P02,P02_L010_M002,posY,0
P02_L010,P02,P02_L010_M002,rateUP,0.5
P02_L010,P02,P02_L010_M002,probe_pos (m),0.0
P02_L010,P02,P02_L010_M002,text,-1
P02_L010,P02,P02_L010_M002,reversePOINT,1
P02_L010,P02,P02_L010_M002,trialPOINT,6
P02_L010,P02,P02_L010_M002,nDW,4
P02_L010,P02,P02_L010_M002,nUP,1
P02_L010,P02,P02_L010_M002,start_weber_Contrast,0.15
P02_L010,P02,P02_L010_M002,number_trials,50
P02_L010,P02,P02_L010_M002,terminationINDEX,9
P02_L010,P02,P02_L010_M002,stepDWUP,0.005
P02_L010,P02,P02_L010_M002,logUNIT_UP,0.36
P02_L010,P02,P02_L010_M002,logUNIT_DW,0.30294
P02_L010,P02,P02_L010_M002,condRule,2
P02_L010,P02,P02_L010_M002,preReversalStepDW,0.36
P02_L010,P02,P02_L010_M002,Reversal_or_Trial,1
P02_L010,P02,P02_L010_M002,limit_Trial_Run,100
P02_L010,P02,P02_L010_M002,max_monitor_cdm2,400
P02_L010,P02,P02_L010_M002,bkg_monitor_cdm2,10.22
P02_L010,P02,P02_L010_M002,width,374.94805047229414
P02_L010,P02,P02_L010_M002,fs,31.5
P02_L010,P02,P02_L010_M002,ph,0.0
P02_L010,P02,P02_L010_M002,speed,0.0
P02_L010,P02,P02_L010_M002,contr,0.117
P02_L010,P02,P02_L010_M002,theta,0.0
P02_L010,P02,P02_L010_M002,bg,0.189
P02_L010,P02,P02_L010_M002,box,False
P02_L010,P02,P02_L010_M002,Lbg,25
P02_L010,P02,P02_L010_M002,Lmin,0.0
P02_L010,P02,P02_L010_M002,Lmax,25
P02_L010,P02,P02_L010_M002,gamma,0.0
P02_L010,P02,P02_L010_M002,BRTRR,1.2
P02_L010,P02,P02_L010_M002,flanker_width,5.0
P02_L010,P02,P02_L010_M002,flanker_displacement,3.0
P02_L010,P02,P02_L010_M002,probe_displacement_dx,0.42
P02_L010,P02,P02_L010_M002,probe_displacement_dy,0.2
P02_L010,P02,P02_L010_M002,pixel_metre_ratio,0.00023289062499999997
P02_L010,P02,P02_L010_M002,SdeX,0.05
P02_L010,P02,P02_L010_M003,distance_To_Monitor,1.0
P02_L010,P02,P02_L010_M003,win_widthy_Pixel,2560
P02_L010,P02,P02_L010_M003,win_widthx_Pixel,1440
P02_L010,P02,P02_L010_M003,win_widthy_Meter,0.3353
P02_L010,P02,P02_L010_M003,win_widthx_Meter,0.5962
P02_L010,P02,P02_L010_M003,Pixel Per Inch,164
P02_L010,P02,P02_L010_M003,Pixel width (m),0.00023289062499999997
P02_L010,P02,P02_L010_M003,Pixel Pitch (mm),0.155*0.155
P02_L010,P02,P02_L010_M003,bkg_intensity,0.189
P02_L010,P02,P02_L010_M003,max_intensity,1.0
P02_L010,P02,P02_L010_M003,time_Stimulus,250
P02_L010,P02,P02_L010_M003,reversalN,0.0
P02_L010,P02,P02_L010_M003,rateDW,0.5
P02_L010,P02,P02_L010_M003,correctTick,0
P02_L010,P02,P02_L010_M003,count_Reversals,0
P02_L010,P02,P02_L010_M003,probe_LR,0
P02_L010,P02,P02_L010_M003,human_LR,0
P02_L010,P02,P02_L010_M003,posY,0
P02_L010,P02,P02_L010_M003,rateUP,0.5
P02_L010,P02,P02_L010_M003,probe_pos (m),0.0
P02_L010,P02,P02_L010_M003,text,-1
P02_L010,P02,P02_L010_M003,reversePOINT,1
P02_L010,P02,P02_L010_M003,trialPOINT,6
P02_L010,P02,P02_L010_M003,nDW,4
P02_L010,P02,P02_L010_M003,nUP,1
P02_L010,P02,P02_L010_M003,start_weber_Contrast,0.15
P02_L010,P02,P02_L010_M003,number_trials,50
P02_L010,P02,P02_L010_M003,terminationINDEX,9
P02_L010,P02,P02_L010_M003,stepDWUP,0.005
P02_L010,P02,P02_L010_M003,logUNIT_UP,0.36
P02_L010,P02,P02_L010_M003,logUNIT_DW,0.30294
P02_L010,P02,P02_L010_M003,condRule,2
P02_L010,P02,P02_L010_M003,preReversalStepDW,0.36
P02_L010,P02,P02_L010_M003,Reversal_or_Trial,1
P02_L010,P02,P02_L010_M003,limit_Trial_Run,100
P02_L010,P02,P02_L010_M003,max_monitor_cdm2,400
P02_L010,P02,P02_L010_M003,bkg_monitor_cdm2,10.22
P02_L010,P02,P02_L010_M003,width,374.94805047229414
P02_L010,P02,P02_L010_M003,fs,31.5
P02_L010,P02,P02_L010_M003,ph,0.0
P02_L010,P02,P02_L010_M003,speed,0.0
P02_L010,P02,P02_L010_M003,contr,0.117
P02_L010,P02,P02_L010_M003,theta,0.0
P02_L010,P02,P02_L010_M003,bg,0.189
P02_L010,P02,P02_L010_M003,box,False
P02_L010,P02,P02_L010_M003,Lbg,25
P02_L010,P02,P02_L010_M003,Lmin,0.0
P02_L010,P02,P02_L010_M003,Lmax,25
P02_L010,P02,P02_L010_M003,gamma,0.0
P02_L010,P02,P02_L010_M003,BRTRR,1.2
P02_L010,P02,P02_L010_M003,flanker_width,5.0
P02_L010,P02,P02_L010_M003,flanker_displacement,3.0
P02_L010,P02,P02_L010_M003,probe_displacement_dx,0.42
P02_L010,P02,P02_L010_M003,probe_displacement_dy,0.2
P02_L010,P02,P02_L010_M003,pixel_metre_ratio,0.00023289062499999997
P02_L010,P02,P02_L010_M003,SdeX,0.05
P02_L010,P02,P02_L010_M004,distance_To_Monitor,1.0
P02_L010,P02,P02_L010_M004,win_widthy_Pixel,2560
P02_L010,P02,P02_L010_M004,win_widthx_Pixel,1440
P02_L010,P02,P02_L010_M004,win_widthy_Meter,0.3353
P02_L010,P02,P02_L010_M004,win_widthx_Meter,0.5962
P02_L010,P02,P02_L010_M004,Pixel Per Inch,164
P02_L010,P02,P02_L010_M004,Pixel width (m),0.00023289062499999997
P02_L010,P02,P02_L010_M004,Pixel Pitch (mm),0.155*0.155
P02_L010,P02,P02_L010_M004,bkg_intensity,0.189
P02_L010,P02,P02_L010_M004,max_intensity,1.0
P02_L010,P02,P02_L010_M004,time_Stimulus,250
P02_L010,P02,P02_L010_M004,reversalN,0.0
P02_L010,P02,P02_L010_M004,rateDW,0.5
P02_L010,P02,P02_L010_M004,correctTick,0
P02_L010,P02,P02_L010_M004,count_Reversals,0
P02_L010,P02,P02_L010_M004,probe_LR,0
P02_L010,P02,P02_L010_M004,human_LR,0
P02_L010,P02,P02_L010_M004,posY,0
P02_L010,P02,P02_L010_M004,rateUP,0.5
P02_L010,P02,P02_L010_M004,probe_pos (m),0.0
P02_L010,P02,P02_L010_M004,text,-1
P02_L010,P02,P02_L010_M004,reversePOINT,1
P02_L010,P02,P02_L010_M004,trialPOINT,6
P02_L010,P02,P02_L010_M004,nDW,4
P02_L010,P02,P02_L010_M004,nUP,1
P02_L010,P02,P02_L010_M004,start_weber_Contrast,0.15
P02_L010,P02,P02_L010_M004,number_trials,50
P02_L010,P02,P02_L010_M004,terminationINDEX,9
P02_L010,P02,P02_L010_M004,stepDWUP,0.005
P02_L010,P02,P02_L010_M004,logUNIT_UP,0.36
P02_L010,P02,P02_L010_M004,logUNIT_DW,0.30294
P02_L010,P02,P02_L010_M004,condRule,2
P02_L010,P02,P02_L010_M004,preReversalStepDW,0.36
P02_L010,P02,P02_L010_M004,Reversal_or_Trial,1
P02_L010,P02,P02_L010_M004,limit_Trial_Run,100
P02_L010,P02,P02_L010_M004,max_monitor_cdm2,400
P02_L010,P02,P02_L010_M004,bkg_monitor_cdm2,10.22
P02_L010,P02,P02_L010_M004,width,374.94805047229414
P02_L010,P02,P02_L010_M004,fs,31.5
P02_L010,P02,P02_L010_M004,ph,0.0
P02_L010,P02,P02_L010_M004,speed,0.0
P02_L010,P02,P02_L010_M004,contr,0.117
P02_L010,P02,P02_L010_M004,theta,0.0
P02_L010,P02,P02_L010_M004,bg,0.189
P02_L010,P02,P02_L010_M004,box,False
P02_L010,P02,P02_L010_M004,Lbg,25
P02_L010,P02,P02_L010_M004,Lmin,0.0
P02_L010,P02,P02_L010_M004,Lmax,25
P02_L010,P02,P02_L010_M004,gamma,0.0
P02_L010,P02,P02_L010_M004,BRTRR,1.2
P02_L010,P02,P02_L010_M004,flanker_width,5.0
P02_L010,P02,P02_L010_M004,flanker_displacement,3.0
P02_L010,P02,P02_L010_M004,probe_displacement_dx,0.42
P02_L010,P02,P02_L010_M004,probe_displacement_dy,0.2
P02_L010,P02,P02_L010_M004,pixel_metre_ratio,0.00023289062499999997
P02_L010,P02,P02_L010_M004,SdeX,0.05
P02_L010,P02,P02_L010_M005,distance_To_Monitor,1.0
P02_L010,P02,P02_L010_M005,win_widthy_Pixel,2560
P02_L010,P02,P02_L010_M005,win_widthx_Pixel,1440
P02_L010,P02,P02_L010_M005,win_widthy_Meter,0.3353
P02_L010,P02,P02_L010_M005,win_widthx_Meter,0.5962
P02_L010,P02,P02_L010_M005,Pixel Per Inch,164
P02_L010,P02,P02_L010_M005,Pixel width (m),0.00023289062499999997
P02_L010,P02,P02_L010_M005,Pixel Pitch (mm),0.155*0.155
P02_L010,P02,P02_L010_M005,bkg_intensity,0.189
P02_L010,P02,P02_L010_M005,max_intensity,1.0
P02_L010,P02,P02_L010_M005,time_Stimulus,250
P02_L010,P02,P02_L010_M005,reversalN,0.0
P02_L010,P02,P02_L010_M005,rateDW,0.5
P02_L010,P02,P02_L010_M005,correctTick,0
P02_L010,P02,P02_L010_M005,count_Reversals,0
P02_L010,P02,P02_L010_M005,probe_LR,0
P02_L010,P02,P02_L010_M005,human_LR,0
P02_L010,P02,P02_L010_M005,posY,0
P02_L010,P02,P02_L010_M005,rateUP,0.5
P02_L010,P02,P02_L010_M005,probe_pos (m),0.0
P02_L010,P02,P02_L010_M005,text,-1
P02_L010,P02,P02_L010_M005,reversePOINT,1
P02_L010,P02,P02_L010_M005,trialPOINT,6
P02_L010,P02,P02_L010_M005,nDW,4
P02_L010,P02,P02_L010_M005,nUP,1
P02_L010,P02,P02_L010_M005,start_weber_Contrast,0.15
P02_L010,P02,P02_L010_M005,number_trials,50
P02_L010,P02,P02_L010_M005,terminationINDEX,9
P02_L010,P02,P02_L010_M005,stepDWUP,0.005
P02_L010,P02,P02_L010_M005,logUNIT_UP,0.36
P02_L010,P02,P02_L010_M005,logUNIT_DW,0.30294
P02_L010,P02,P02_L010_M005,condRule,2
P02_L010,P02,P02_L010_M005,preReversalStepDW,0.36
P02_L010,P02,P02_L010_M005,Reversal_or_Trial,1
P02_L010,P02,P02_L010_M005,limit_Trial_Run,100
P02_L010,P02,P02_L010_M005,max_monitor_cdm2,400
P02_L010,P02,P02_L010_M005,bkg_monitor_cdm2,10.22
P02_L010,P02,P02_L010_M005,width,374.94805047229414
P02_L010,P02,P02_L010_M005,fs,31.5
P02_L010,P02,P02_L010_M005,ph,0.0
P02_L010,P02,P02_L010_M005,speed,0.0
P02_L010,P02,P02_L010_M005,contr,0.117
P02_L010,P02,P02_L010_M005,theta,0.0
P02_L010,P02,P02_L010_M005,bg,0.189
P02_L010,P02,P02_L010_M005,box,False
P02_L010,P02,P02_L010_M005,Lbg,25
P02_L010,P02,P02_L010_M005,Lmin,0.0
P02_L010,P02,P02_L010_M005,Lmax,25
P02_L010,P02,P02_L010_M005,gamma,0.0
P02_L010,P02,P02_L010_M005,BRTRR,1.2
P02_L010,P02,P02_L010_M005,flanker_width,5.0
P02_L010,P02,P02_L010_M005,flanker_displacement,3.0
P02_L010,P02,P02_L010_M005,probe_displacement_dx,0.42
P02_L010,P02,P02_L010_M005,probe_displacement_dy,0.2
P02_L010,P02,P02_L010_M005,pixel_metre_ratio,0.00023289062499999997
P02_L010,P02,P02_L010_M005,SdeX,0.05
P02_L010,P02,P02_L010_M006,distance_To_Monitor,1.0
P02_L010,P02,P02_L010_M006,win_widthy_Pixel,2560
P02_L010,P02,P02_L010_M006,win_widthx_Pixel,1440
P02_L010,P02,P02_L010_M006,win_widthy_Meter,0.3353
P02_L010,P02,P02_L010_M006,win_widthx_Meter,0.5962
P02_L010,P02,P02_L010_M006,Pixel Per Inch,164
P02_L010,P02,P02_L010_M006,Pixel width (m),0.00023289062499999997
P02_L010,P02,P02_L010_M006,Pixel Pitch (mm),0.155*0.155
P02_L010,P02,P02_L010_M006,bkg_intensity,0.189
P02_L010,P02,P02_L010_M006,max_intensity,1.0
P02_L010,P02,P02_L010_M006,time_Stimulus,250
P02_L010,P02,P02_L010_M006,reversalN,0.0
P02_L010,P02,P02_L010_M006,rateDW,0.5
P02_L010,P02,P02_L010_M006,correctTick,0
P02_L010,P02,P02_L010_M006,count_Reversals,0
P02_L010,P02,P02_L010_M006,probe_LR,0
P02_L010,P02,P02_L010_M006,human_LR,0
P02_L010,P02,P02_L010_M006,posY,0
P02_L010,P02,P02_L010_M006,rateUP,0.5
P02_L010,P02,P02_L010_M006,probe_pos (m),0.0
P02_L010,P02,P02_L010_M006,text,-1
P02_L010,P02,P02_L010_M006,reversePOINT,1
P02_L010,P02,P02_L010_M006,trialPOINT,6
P02_L010,P02,P02_L010_M006,nDW,4
P02_L010,P02,P02_L010_M006,nUP,1
P02_L010,P02,P02_L010_M006,start_weber_Contrast,0.15
P02_L010,P02,P02_L010_M006,number_trials,50
P02_L010,P02,P02_L010_M006,terminationINDEX,9
P02_L010,P02,P02_L010_M006,stepDWUP,0.005
P02_L010,P02,P02_L010_M006,logUNIT_UP,0.36
P02_L010,P02,P02_L010_M006,logUNIT_DW,0.30294
P02_L010,P02,P02_L010_M006,condRule,2
P02_L010,P02,P02_L010_M006,preReversalStepDW,0.36
P02_L010,P02,P02_L010_M006,Reversal_or_Trial,1
P02_L010,P02,P02_L010_M006,limit_Trial_Run,100
P02_L010,P02,P02_L010_M006,max_monitor_cdm2,400
P02_L010,P02,P02_L010_M006,bkg_monitor_cdm2,10.22
P02_L010,P02,P02_L010_M006,width,374.94805047229414
P02_L010,P02,P02_L010_M006,fs,31.5
P02_L010,P02,P02_L010_M006,ph,0.0
P02_L010,P02,P02_L010_M006,speed,0.0
P02_L010,P02,P02_L010_M006,contr,0.117
P02_L010,P02,P02_L010_M006,theta,0.0
P02_L010,P02,P02_L010_M006,bg,0.189
P02_L010,P02,P02_L010_M006,box,False
P02_L010,P02,P02_L010_M006,Lbg,25
P02_L010,P02,P02_L010_M006,Lmin,0.0
P02_L010,P02,P02_L010_M006,Lmax,25
P02_L010,P02,P02_L010_M006,gamma,0.0
P02_L010,P02,P02_L010_M006,BRTRR,1.2
P02_L010,P02,P02_L010_M006,flanker_width,5.0
P02_L010,P02,P02_L010_M006,flanker_displacement,3.0
P02_L010,P02,P02_L010_M006,probe_displacement_dx,0.42
P02_L010,P02,P02_L010_M006,probe_displacement_dy,0.2
P02_L010,P02,P02_L010_M006,pixel_metre_ratio,0.00023289062499999997
P02_L010,P02,P02_L010_M006,SdeX,0.05
P02_L010,P02,P02_L010_M007,distance_To_Monitor,1.0
P02_L010,P02,P02_L010_M007,win_widthy_Pixel,2560
P02_L010,P02,P02_L010_M007,win_widthx_Pixel,1440
P02_L010,P02,P02_L010_M007,win_widthy_Meter,0.3353
P02_L010,P02,P02_L010_M007,win_widthx_Meter,0.5962
P02_L010,P02,P02_L010_M007,Pixel Per Inch,164
P02_L010,P02,P02_L010_M007,Pixel width (m),0.00023289062499999997
P02_L010,P02,P02_L010_M007,Pixel Pitch (mm),0.155*0.155
P02_L010,P02,P02_L010_M007,bkg_intensity,0.189
P02_L010,P02,P02_L010_M007,max_intensity,1.0
P02_L010,P02,P02_L010_M007,time_Stimulus,250
P02_L010,P02,P02_L010_M007,reversalN,0.0
P02_L010,P02,P02_L010_M007,rateDW,0.5
P02_L010,P02,P02_L010_M007,correctTick,0
P02_L010,P02,P02_L010_M007,count_Reversals,0
P02_L010,P02,P02_L010_M007,probe_LR,0
P02_L010,P02,P02_L010_M007,human_LR,0
P02_L010,P02,P02_L010_M007,posY,0
P02_L010,P02,P02_L010_M007,rateUP,0.5
P02_L010,P02,P02_L010_M007,probe_pos (m),0.0
P02_L010,P02,P02_L010_M007,text,-1
P02_L010,P02,P02_L010_M007,reversePOINT,1
P02_L010,P02,P02_L010_M007,trialPOINT,6
P02_L010,P02,P02_L010_M007,nDW,4
P02_L010,P02,P02_L010_M007,nUP,1
P02_L010,P02,P02_L010_M007,start_weber_Contrast,0.15
P02_L010,P02,P02_L010_M007,number_trials,50
P02_L010,P02,P02_L010_M007,terminationINDEX,9
P02_L010,P02,P02_L010_M007,stepDWUP,0.005
P02_L010,P02,P02_L010_M007,logUNIT_UP,0.36
P02_L010,P02,P02_L010_M007,logUNIT_DW,0.30294
P02_L010,P02,P02_L010_M007,condRule,2
P02_L010,P02,P02_L010_M007,preReversalStepDW,0.36
P02_L010,P02,P02_L010_M007,Reversal_or_Trial,1
P02_L010,P02,P02_L010_M007,limit_Trial_Run,100
P02_L010,P02,P02_L010_M007,max_monitor_cdm2,400
P02_L010,P02,P02_L010_M007,bkg_monitor_cdm2,10.22
P02_L010,P02,P02_L010_M007,width,374.94805047229414
P02_L010,P02,P02_L010_M007,fs,31.5
P02_L010,P02,P02_L010_M007,ph,0.0
P02_L010,P02,P02_L010_M007,speed,0.0
P02_L010,P02,P02_L010_M007,contr,0.117
P02_L010,P02,P02_L010_M007,theta,0.0
P02_L010,P02,P02_L010_M007,bg,0.189
P02_L010,P02,P02_L010_M007,box,False
P02_L010,P02,P02_L010_M007,Lbg,25
P02_L010,P02,P02_L010_M007,Lmin,0.0
P02_L010,P02,P02_L010_M007,Lmax,25
P02_L010,P02,P02_L010_M007,gamma,0.0
P02_L010,P02,P02_L010_M007,BRTRR,1.2
P02_L010,P02,P02_L010_M007,flanker_width,5.0
P02_L010,P02,P02_L010_M007,flanker_displacement,3.0
P02_L010,P02,P02_L010_M007,probe_displacement_dx,0.42
P02_L010,P02,P02_L010_M007,probe_displacement_dy,0.2
P02_L010,P02,P02_L010_M007,pixel_metre_ratio,0.00023289062499999997
P02_L010,P02,P02_L010_M007,SdeX,0.05
P02_L010,P02,P02_L010_M008,distance_To_Monitor,1.0
P02_L010,P02,P02_L010_M008,win_widthy_Pixel,2560
P02_L010,P02,P02_L010_M008,win_widthx_Pixel,1440
P02_L010,P02,P02_L010_M008,win_widthy_Meter,0.3353
P02_L010,P02,P02_L010_M008,win_widthx_Meter,0.5962
P02_L010,P02,P02_L010_M008,Pixel Per Inch,164
P02_L010,P02,P02_L010_M008,Pixel width (m),0.00023289062499999997
P02_L010,P02,P02_L010_M008,Pixel Pitch (mm),0.155*0.155
P02_L010,P02,P02_L010_M008,bkg_intensity,0.189
P02_L010,P02,P02_L010_M008,max_intensity,1.0
P02_L010,P02,P02_L010_M008,time_Stimulus,250
P02_L010,P02,P02_L010_M008,reversalN,0.0
P02_L010,P02,P02_L010_M008,rateDW,0.5
P02_L010,P02,P02_L010_M008,correctTick,0
P02_L010,P02,P02_L010_M008,count_Reversals,0
P02_L010,P02,P02_L010_M008,probe_LR,0
P02_L010,P02,P02_L010_M008,human_LR,0
P02_L010,P02,P02_L010_M008,posY,0
P02_L010,P02,P02_L010_M008,rateUP,0.5
P02_L010,P02,P02_L010_M008,probe_pos (m),0.0
P02_L010,P02,P02_L010_M008,text,-1
P02_L010,P02,P02_L010_M008,reversePOINT,1
P02_L010,P02,P02_L010_M008,trialPOINT,6
P02_L010,P02,P02_L010_M008,nDW,4
P02_L010,P02,P02_L010_M008,nUP,1
P02_L010,P02,P02_L010_M008,start_weber_Contrast,0.15
P02_L010,P02,P02_L010_M008,number_trials,50
P02_L010,P02,P02_L010_M008,terminationINDEX,9
P02_L010,P02,P02_L010_M008,stepDWUP,0.005
P02_L010,P02,P02_L010_M008,logUNIT_UP,0.36
P02_L010,P02,P02_L010_M008,logUNIT_DW,0.30294
P02_L010,P02,P02_L010_M008,condRule,2
P02_L010,P02,P02_L010_M008,preReversalStepDW,0.36
P02_L010,P02,P02_L010_M008,Reversal_or_Trial,1
P02_L010,P02,P02_L010_M008,limit_Trial_Run,100
P02_L010,P02,P02_L010_M008,max_monitor_cdm2,400
P02_L010,P02,P02_L010_M008,bkg_monitor_cdm2,10.22
P02_L010,P02,P02_L010_M008,width,374.94805047229414
P02_L010,P02,P02_L010_M008,fs,31.5
P02_L010,P02,P02_L010_M008,ph,0.0
P02_L010,P02,P02_L010_M008,speed,0.0
P02_L010,P02,P02_L010_M008,contr,0.117
P02_L010,P02,P02_L010_M008,theta,0.0
P02_L010,P02,P02_L010_M008,bg,0.189
P02_L010,P02,P02_L010_M008,box,False
P02_L010,P02,P02_L010_M008,Lbg,25
P02_L010,P02,P02_L010_M008,Lmin,0.0
P02_L010,P02,P02_L010_M008,Lmax,25
P02_L010,P02,P02_L010_M008,gamma,0.0
P02_L010,P02,P02_L010_M008,BRTRR,1.2
P02_L010,P02,P02_L010_M008,flanker_width,5.0
P02_L010,P02,P02_L010_M008,flanker_displacement,3.0
P02_L010,P02,P02_L010_M008,probe_displacement_dx,0.42
P02_L010,P02,P02_L010_M008,probe_displacement_dy,0.2
P02_L010,P02,P02_L010_M008,pixel_metre_ratio,0.00023289062499999997
P02_L010,P02,P02_L010_M008,SdeX,0.05
P02_L010,P02,P02_L010_M009,distance_To_Monitor,1.0
P02_L010,P02,P02_L010_M009,win_widthy_Pixel,2560
P02_L010,P02,P02_L010_M009,win_widthx_Pixel,1440
P02_L010,P02,P02_L010_M009,win_widthy_Meter,0.3353
P02_L010,P02,P02_L010_M009,win_widthx_Meter,0.5962
P02_L010,P02,P02_L010_M009,Pixel Per Inch,164
P02_L010,P02,P02_L010_M009,Pixel width (m),0.00023289062499999997
P02_L010,P02,P02_L010_M009,Pixel Pitch (mm),0.155*0.155
P02_L010,P02,P02_L010_M009,bkg_intensity,0.189
P02_L010,P02,P02_L010_M009,max_intensity,1.0
P02_L010,P02,P02_L010_M009,time_Stimulus,250
P02_L010,P02,P02_L010_M009,reversalN,0.0
P02_L010,P02,P02_L010_M009,rateDW,0.5
P02_L010,P02,P02_L010_M009,correctTick,0
P02_L010,P02,P02_L010_M009,count_Reversals,0
P02_L010,P02,P02_L010_M009,probe_LR,0
P02_L010,P02,P02_L010_M009,human_LR,0
P02_L010,P02,P02_L010_M009,posY,0
P02_L010,P02,P02_L010_M009,rateUP,0.5
P02_L010,P02,P02_L010_M009,probe_pos (m),0.0
P02_L010,P02,P02_L010_M009,text,-1
P02_L010,P02,P02_L010_M009,reversePOINT,1
P02_L010,P02,P02_L010_M009,trialPOINT,6
P02_L010,P02,P02_L010_M009,nDW,4
P02_L010,P02,P02_L010_M009,nUP,1
P02_L010,P02,P02_L010_M009,start_weber_Contrast,0.15
P02_L010,P02,P02_L010_M009,number_trials,50
P02_L010,P02,P02_L010_M009,terminationINDEX,9
P02_L010,P02,P02_L010_M009,stepDWUP,0.005
P02_L010,P02,P02_L010_M009,logUNIT_UP,0.36
P02_L010,P02,P02_L010_M009,logUNIT_DW,0.30294
P02_L010,P02,P02_L010_M009,condRule,2
P02_L010,P02,P02_L010_M009,preReversalStepDW,0.36
P02_L010,P02,P02_L010_M009,Reversal_or_Trial,1
P02_L010,P02,P02_L010_M009,limit_Trial_Run,100
P02_L010,P02,P02_L010_M009,max_monitor_cdm2,400
P02_L010,P02,P02_L010_M009,bkg_monitor_cdm2,10.22
P02_L010,P02,P02_L010_M009,width,374.94805047229414
P02_L010,P02,P02_L010_M009,fs,31.5
P02_L010,P02,P02_L010_M009,ph,0.0
P02_L010,P02,P02_L010_M009,speed,0.0
P02_L010,P02,P02_L010_M009,contr,0.117
P02_L010,P02,P02_L010_M009,theta,0.0
P02_L010,P02,P02_L010_M009,bg,0.189
P02_L010,P02,P02_L010_M009,box,False
P02_L010,P02,P02_L010_M009,Lbg,25
P02_L010,P02,P02_L010_M009,Lmin,0.0
P02_L010,P02,P02_L010_M009,Lmax,25
P02_L010,P02,P02_L010_M009,gamma,0.0
P02_L010,P02,P02_L010_M009,BRTRR,1.2
P02_L010,P02,P02_L010_M009,flanker_width,5.0
P02_L010,P02,P02_L010_M009,flanker_displacement,3.0
P02_L010,P02,P02_L010_M009,probe_displacement_dx,0.42
P02_L010,P02,P02_L010_M009,probe_displacement_dy,0.2
P02_L010,P02,P02_L010_M009,pixel_metre_ratio,0.00023289062499999997
P02_L010,P02,P02_L010_M009,SdeX,0.05
P02_L010,P02,P02_L010_M010,distance_To_Monitor,1.0
P02_L010,P02,P02_L010_M010,win_widthy_Pixel,2560
P02_L010,P02,P02_L010_M010,win_widthx_Pixel,1440
P02_L010,P02,P02_L010_M010,win_widthy_Meter,0.3353
P02_L010,P02,P02_L010_M010,win_widthx_Meter,0.5962
P02_L010,P02,P02_L010_M010,Pixel Per Inch,164
P02_L010,P02,P02_L010_M010,Pixel width (m),0.00023289062499999997
P02_L010,P02,P02_L010_M010,Pixel Pitch (mm),0.155*0.155
P02_L010,P02,P02_L010_M010,bkg_intensity,0.189
P02_L010,P02,P02_L010_M010,max_intensity,1.0
P02_L010,P02,P02_L010_M010,time_Stimulus,250
P02_L010,P02,P02_L010_M010,reversalN,0.0
P02_L010,P02,P02_L010_M010,rateDW,0.5
P02_L010,P02,P02_L010_M010,correctTick,0
P02_L010,P02,P02_L010_M010,count_Reversals,0
P02_L010,P02,P02_L010_M010,probe_LR,0
P02_L010,P02,P02_L010_M010,human_LR,0
P02_L010,P02,P02_L010_M010,posY,0
P02_L010,P02,P02_L010_M010,rateUP,0.5
P02_L010,P02,P02_L010_M010,probe_pos (m),0.0
P02_L010,P02,P02_L010_M010,text,-1
P02_L010,P02,P02_L010_M010,reversePOINT,1
P02_L010,P02,P02_L010_M010,trialPOINT,6
P02_L010,P02,P02_L010_M010,nDW,4
P02_L010,P02,P02_L010_M010,nUP,1
P02_L010,P02,P02_L010_M010,start_weber_Contrast,0.15
P02_L010,P02,P02_L010_M010,number_trials,50
P02_L010,P02,P02_L010_M010,terminationINDEX,9
P02_L010,P02,P02_L010_M010,stepDWUP,0.005
P02_L010,P02,P02_L010_M010,logUNIT_UP,0.36
P02_L010,P02,P02_L010_M010,logUNIT_DW,0.30294
P02_L010,P02,P02_L010_M010,condRule,2
P02_L010,P02,P02_L010_M010,preReversalStepDW,0.36
P02_L010,P02,P02_L010_M010,Reversal_or_Trial,1
P02_L010,P02,P02_L010_M010,limit_Trial_Run,100
P02_L010,P02,P02_L010_M010,max_monitor_cdm2,400
P02_L010,P02,P02_L010_M010,bkg_monitor_cdm2,10.22
P02_L010,P02,P02_L010_M010,width,374.94805047229414
P02_L010,P02,P02_L010_M010,fs,31.5
P02_L010,P02,P02_L010_M010,ph,0.0
P02_L010,P02,P02_L010_M010,speed,0.0
P02_L010,P02,P02_L010_M010,contr,0.117
P02_L010,P02,P02_L010_M010,theta,0.0
P02_L010,P02,P02_L010_M010,bg,0.189
P02_L010,P02,P02_L010_M010,box,False
P02_L010,P02,P02_L010_M010,Lbg,25
P02_L010,P02,P02_L010_M010,Lmin,0.0
P02_L010,P02,P02_L010_M010,Lmax,25
P02_L010,P02,P02_L010_M010,gamma,0.0
P02_L010,P02,P02_L010_M010,BRTRR,1.2
P02_L010,P02,P02_L010_M010,flanker_width,5.0
P02_L010,P02,P02_L010_M010,flanker_displacement,3.0
P02_L010,P02,P02_L010_M010,probe_displacement_dx,0.42
P02_L010,P02,P02_L010_M010,probe_displacement_dy,0.2
P02_L010,P02,P02_L010_M010,pixel_metre_ratio,0.00023289062499999997
P02_L010,P02,P02_L010_M010,SdeX,0.05
P02_L010,P02,P02_L010_M011,distance_To_Monitor,1.0
P02_L010,P02,P02_L010_M011,win_widthy_Pixel,2560
P02_L010,P02,P02_L010_M011,win_widthx_Pixel,1440
P02_L010,P02,P02_L010_M011,win_widthy_Meter,0.3353
P02_L010,P02,P02_L010_M011,win_widthx_Meter,0.5962
P02_L010,P02,P02_L010_M011,Pixel Per Inch,164
P02_L010,P02,P02_L010_M011,Pixel width (m),0.00023289062499999997
P02_L010,P02,P02_L010_M011,Pixel Pitch (mm),0.155*0.155
P02_L010,P02,P02_L010_M011,bkg_intensity,0.189
P02_L010,P02,P02_L010_M011,max_intensity,1.0
P02_L010,P02,P02_L010_M011,time_Stimulus,250
P02_L010,P02,P02_L010_M011,reversalN,0.0
P02_L010,P02,P02_L010_M011,rateDW,0.5
P02_L010,P02,P02_L010_M011,correctTick,0
P02_L010,P02,P02_L010_M011,count_Reversals,0
P02_L010,P02,P02_L010_M011,probe_LR,0
P02_L010,P02,P02_L010_M011,human_LR,0
P02_L010,P02,P02_L010_M011,posY,0
P02_L010,P02,P02_L010_M011,rateUP,0.5
P02_L010,P02,P02_L010_M011,probe_pos (m),0.0
P02_L010,P02,P02_L010_M011,text,-1
P02_L010,P02,P02_L010_M011,reversePOINT,1
P02_L010,P02,P02_L010_M011,trialPOINT,6
P02_L010,P02,P02_L010_M011,nDW,4
P02_L010,P02,P02_L010_M011,nUP,1
P02_L010,P02,P02_L010_M011,start_weber_Contrast,0.15
P02_L010,P02,P02_L010_M011,number_trials,50
P02_L010,P02,P02_L010_M011,terminationINDEX,9
P02_L010,P02,P02_L010_M011,stepDWUP,0.005
P02_L010,P02,P02_L010_M011,logUNIT_UP,0.36
P02_L010,P02,P02_L010_M011,logUNIT_DW,0.30294
P02_L010,P02,P02_L010_M011,condRule,2
P02_L010,P02,P02_L010_M011,preReversalStepDW,0.36
P02_L010,P02,P02_L010_M011,Reversal_or_Trial,1
P02_L010,P02,P02_L010_M011,limit_Trial_Run,100
P02_L010,P02,P02_L010_M011,max_monitor_cdm2,400
P02_L010,P02,P02_L010_M011,bkg_monitor_cdm2,10.22
P02_L010,P02,P02_L010_M011,width,374.94805047229414
P02_L010,P02,P02_L010_M011,fs,31.5
P02_L010,P02,P02_L010_M011,ph,0.0
P02_L010,P02,P02_L010_M011,speed,0.0
P02_L010,P02,P02_L010_M011,contr,0.117
P02_L010,P02,P02_L010_M011,theta,0.0
P02_L010,P02,P02_L010_M011,bg,0.189
P02_L010,P02,P02_L010_M011,box,False
P02_L010,P02,P02_L010_M011,Lbg,25
P02_L010,P02,P02_L010_M011,Lmin,0.0
P02_L010,P02,P02_L010_M011,Lmax,25
P02_L010,P02,P02_L010_M011,gamma,0.0
P02_L010,P02,P02_L010_M011,BRTRR,1.2
P02_L010,P02,P02_L010_M011,flanker_width,5.0
P02_L010,P02,P02_L010_M011,flanker_displacement,3.0
P02_L010,P02,P02_L010_M011,probe_displacement_dx,0.42
P02_L010,P02,P02_L010_M011,probe_displacement_dy,0.2
P02_L010,P02,P02_L010_M011,pixel_metre_ratio,0.00023289062499999997
P02_L010,P02,P02_L010_M011,SdeX,0.05
P02_L010,P02,P02_L010_M012,distance_To_Monitor,1.0
P02_L010,P02,P02_L010_M012,win_widthy_Pixel,2560
P02_L010,P02,P02_L010_M012,win_widthx_Pixel,1440
P02_L010,P02,P02_L010_M012,win_widthy_Meter,0.3353
P02_L010,P02,P02_L010_M012,win_widthx_Meter,0.5962
P02_L010,P02,P02_L010_M012,Pixel Per Inch,164
P02_L010,P02,P02_L010_M012,Pixel width (m),0.00023289062499999997
P02_L010,P02,P02_L010_M012,Pixel Pitch (mm),0.155*0.155
P02_L010,P02,P02_L010_M012,bkg_intensity,0.189
P02_L010,P02,P02_L010_M012,max_intensity,1.0
P02_L010,P02,P02_L010_M012,time_Stimulus,250
P02_L010,P02,P02_L010_M012,reversalN,0.0
P02_L010,P02,P02_L010_M012,rateDW,0.5
P02_L010,P02,P02_L010_M012,correctTick,0
P02_L010,P02,P02_L010_M012,count_Reversals,0
P02_L010,P02,P02_L010_M012,probe_LR,0
P02_L010,P02,P02_L010_M012,human_LR,0
P02_L010,P02,P02_L010_M012,posY,0
P02_L010,P02,P02_L010_M012,rateUP,0.5
P02_L010,P02,P02_L010_M012,probe_pos (m),0.0
P02_L010,P02,P02_L010_M012,text,-1
P02_L010,P02,P02_L010_M012,reversePOINT,1
P02_L010,P02,P02_L010_M012,trialPOINT,6
P02_L010,P02,P02_L010_M012,nDW,4
P02_L010,P02,P02_L010_M012,nUP,1
P02_L010,P02,P02_L010_M012,start_weber_Contrast,0.15
P02_L010,P02,P02_L010_M012,number_trials,50
P02_L010,P02,P02_L010_M012,terminationINDEX,9
P02_L010,P02,P02_L010_M012,stepDWUP,0.005
P02_L010,P02,P02_L010_M012,logUNIT_UP,0.36
P02_L010,P02,P02_L010_M012,logUNIT_DW,0.30294
P02_L010,P02,P02_L010_M012,condRule,2
P02_L010,P02,P02_L010_M012,preReversalStepDW,0.36
P02_L010,P02,P02_L010_M012,Reversal_or_Trial,1
P02_L010,P02,P02_L010_M012,limit_Trial_Run,100
P02_L010,P02,P02_L010_M012,max_monitor_cdm2,400
P02_L010,P02,P02_L010_M012,bkg_monitor_cdm2,10.22
P02_L010,P02,P02_L010_M012,width,374.94805047229414
P02_L010,P02,P02_L010_M012,fs,31.5
P02_L010,P02,P02_L010_M012,ph,0.0
P02_L010,P02,P02_L010_M012,speed,0.0
P02_L010,P02,P02_L010_M012,contr,0.117
P02_L010,P02,P02_L010_M012,theta,0.0
P02_L010,P02,P02_L010_M012,bg,0.189
P02_L010,P02,P02_L010_M012,box,False
P02_L010,P02,P02_L010_M012,Lbg,25
P02_L010,P02,P02_L010_M012,Lmin,0.0
P02_L010,P02,P02_L010_M012,Lmax,25
P02_L010,P02,P02_L010_M012,gamma,0.0
P02_L010,P02,P02_L010_M012,BRTRR,1.2
P02_L010,P02,P02_L010_M012,flanker_width,5.0
P02_L010,P02,P02_L010_M012,flanker_displacement,3.0
P02_L010,P02,P02_L010_M012,probe_displacement_dx,0.42
P02_L010,P02,P02_L010_M012,probe_displacement_dy,0.2
P02_L010,P02,P02_L010_M012,pixel_metre_ratio,0.00023289062499999997
P02_L010,P02,P02_L010_M012,SdeX,0.05
P02_L026,P02,P02_L026_M001,distance_To_Monitor,1.0
P02_L026,P02,P02_L026_M001,win_widthy_Pixel,2560
P02_L026,P02,P02_L026_M001,win_widthx_Pixel,1440
P02_L026,P02,P02_L026_M001,win_widthy_Meter,0.3353
P02_L026,P02,P02_L026_M001,win_widthx_Meter,0.5962
P02_L026,P02,P02_L026_M001,Pixel Per Inch,164
P02_L026,P02,P02_L026_M001,Pixel width (m),0.00023289062499999997
P02_L026,P02,P02_L026_M001,Pixel Pitch (mm),0.155*0.155
P02_L026,P02,P02_L026_M001,bkg_intensity,0.29
P02_L026,P02,P02_L026_M001,max_intensity,1.0
P02_L026,P02,P02_L026_M001,time_Stimulus,250
P02_L026,P02,P02_L026_M001,reversalN,0.0
P02_L026,P02,P02_L026_M001,rateDW,0.5
P02_L026,P02,P02_L026_M001,correctTick,0
P02_L026,P02,P02_L026_M001,count_Reversals,0
P02_L026,P02,P02_L026_M001,probe_LR,0
P02_L026,P02,P02_L026_M001,human_LR,0
P02_L026,P02,P02_L026_M001,posY,0
P02_L026,P02,P02_L026_M001,rateUP,0.5
P02_L026,P02,P02_L026_M001,probe_pos (m),0.0
P02_L026,P02,P02_L026_M001,text,-1
P02_L026,P02,P02_L026_M001,reversePOINT,1
P02_L026,P02,P02_L026_M001,trialPOINT,8
P02_L026,P02,P02_L026_M001,nDW,4
P02_L026,P02,P02_L026_M001,nUP,1
P02_L026,P02,P02_L026_M001,start_weber_Contrast,0.4
P02_L026,P02,P02_L026_M001,number_trials,80
P02_L026,P02,P02_L026_M001,terminationINDEX,9
P02_L026,P02,P02_L026_M001,stepDWUP,0.005
P02_L026,P02,P02_L026_M001,logUNIT_UP,0.36
P02_L026,P02,P02_L026_M001,logUNIT_DW,0.30294
P02_L026,P02,P02_L026_M001,condRule,2
P02_L026,P02,P02_L026_M001,preReversalStepDW,0.36
P02_L026,P02,P02_L026_M001,Reversal_or_Trial,1
P02_L026,P02,P02_L026_M001,limit_Trial_Run,100
P02_L026,P02,P02_L026_M001,max_monitor_cdm2,400
P02_L026,P02,P02_L026_M001,bkg_monitor_cdm2,26.15
P02_L026,P02,P02_L026_M001,width,374.94805047229414
P02_L026,P02,P02_L026_M001,fs,31.5
P02_L026,P02,P02_L026_M001,ph,0.0
P02_L026,P02,P02_L026_M001,speed,0.0
P02_L026,P02,P02_L026_M001,contr,0.018
P02_L026,P02,P02_L026_M001,theta,0.0
P02_L026,P02,P02_L026_M001,bg,0.29
P02_L026,P02,P02_L026_M001,box,False
P02_L026,P02,P02_L026_M001,Lbg,25
P02_L026,P02,P02_L026_M001,Lmin,0.0
P02_L026,P02,P02_L026_M001,Lmax,25
P02_L026,P02,P02_L026_M001,gamma,0.0
P02_L026,P02,P02_L026_M001,BRTRR,1.2
P02_L026,P02,P02_L026_M001,flanker_width,5.0
P02_L026,P02,P02_L026_M001,flanker_displacement,3.0
P02_L026,P02,P02_L026_M001,probe_displacement_dx,0.4
P02_L026,P02,P02_L026_M001,probe_displacement_dy,0.2
P02_L026,P02,P02_L026_M001,pixel_metre_ratio,0.00023289062499999997
P02_L026,P02,P02_L026_M001,SdeX,0.05
P02_L026,P02,P02_L026_M002,distance_To_Monitor,1.0
P02_L026,P02,P02_L026_M002,win_widthy_Pixel,2560
P02_L026,P02,P02_L026_M002,win_widthx_Pixel,1440
P02_L026,P02,P02_L026_M002,win_widthy_Meter,0.3353
P02_L026,P02,P02_L026_M002,win_widthx_Meter,0.5962
P02_L026,P02,P02_L026_M002,Pixel Per Inch,164
P02_L026,P02,P02_L026_M002,Pixel width (m),0.00023289062499999997
P02_L026,P02,P02_L026_M002,Pixel Pitch (mm),0.155*0.155
P02_L026,P02,P02_L026_M002,bkg_intensity,0.29
P02_L026,P02,P02_L026_M002,max_intensity,1.0
P02_L026,P02,P02_L026_M002,time_Stimulus,250
P02_L026,P02,P02_L026_M002,reversalN,0.0
P02_L026,P02,P02_L026_M002,rateDW,0.5
P02_L026,P02,P02_L026_M002,correctTick,0
P02_L026,P02,P02_L026_M002,count_Reversals,0
P02_L026,P02,P02_L026_M002,probe_LR,0
P02_L026,P02,P02_L026_M002,human_LR,0
P02_L026,P02,P02_L026_M002,posY,0
P02_L026,P02,P02_L026_M002,rateUP,0.5
P02_L026,P02,P02_L026_M002,probe_pos (m),0.0
P02_L026,P02,P02_L026_M002,text,-1
P02_L026,P02,P02_L026_M002,reversePOINT,1
P02_L026,P02,P02_L026_M002,trialPOINT,8
P02_L026,P02,P02_L026_M002,nDW,4
P02_L026,P02,P02_L026_M002,nUP,1
P02_L026,P02,P02_L026_M002,start_weber_Contrast,0.4
P02_L026,P02,P02_L026_M002,number_trials,80
P02_L026,P02,P02_L026_M002,terminationINDEX,9
P02_L026,P02,P02_L026_M002,stepDWUP,0.005
P02_L026,P02,P02_L026_M002,logUNIT_UP,0.36
P02_L026,P02,P02_L026_M002,logUNIT_DW,0.30294
P02_L026,P02,P02_L026_M002,condRule,2
P02_L026,P02,P02_L026_M002,preReversalStepDW,0.36
P02_L026,P02,P02_L026_M002,Reversal_or_Trial,1
P02_L026,P02,P02_L026_M002,limit_Trial_Run,100
P02_L026,P02,P02_L026_M002,max_monitor_cdm2,400
P02_L026,P02,P02_L026_M002,bkg_monitor_cdm2,26.15
P02_L026,P02,P02_L026_M002,width,374.94805047229414
P02_L026,P02,P02_L026_M002,fs,31.5
P02_L026,P02,P02_L026_M002,ph,0.0
P02_L026,P02,P02_L026_M002,speed,0.0
P02_L026,P02,P02_L026_M002,contr,0.018
P02_L026,P02,P02_L026_M002,theta,0.0
P02_L026,P02,P02_L026_M002,bg,0.29
P02_L026,P02,P02_L026_M002,box,False
P02_L026,P02,P02_L026_M002,Lbg,25
P02_L026,P02,P02_L026_M002,Lmin,0.0
P02_L026,P02,P02_L026_M002,Lmax,25
P02_L026,P02,P02_L026_M002,gamma,0.0
P02_L026,P02,P02_L026_M002,BRTRR,1.2
P02_L026,P02,P02_L026_M002,flanker_width,5.0
P02_L026,P02,P02_L026_M002,flanker_displacement,3.0
P02_L026,P02,P02_L026_M002,probe_displacement_dx,0.4
P02_L026,P02,P02_L026_M002,probe_displacement_dy,0.2
P02_L026,P02,P02_L026_M002,pixel_metre_ratio,0.00023289062499999997
P02_L026,P02,P02_L026_M002,SdeX,0.05
P02_L026,P02,P02_L026_M003,distance_To_Monitor,1.0
P02_L026,P02,P02_L026_M003,win_widthy_Pixel,2560
P02_L026,P02,P02_L026_M003,win_widthx_Pixel,1440
P02_L026,P02,P02_L026_M003,win_widthy_Meter,0.3353
P02_L026,P02,P02_L026_M003,win_widthx_Meter,0.5962
P02_L026,P02,P02_L026_M003,Pixel Per Inch,164
P02_L026,P02,P02_L026_M003,Pixel width (m),0.00023289062499999997
P02_L026,P02,P02_L026_M003,Pixel Pitch (mm),0.155*0.155
P02_L026,P02,P02_L026_M003,bkg_intensity,0.29
P02_L026,P02,P02_L026_M003,max_intensity,1.0
P02_L026,P02,P02_L026_M003,time_Stimulus,250
P02_L026,P02,P02_L026_M003,reversalN,0.0
P02_L026,P02,P02_L026_M003,rateDW,0.5
P02_L026,P02,P02_L026_M003,correctTick,0
P02_L026,P02,P02_L026_M003,count_Reversals,0
P02_L026,P02,P02_L026_M003,probe_LR,0
P02_L026,P02,P02_L026_M003,human_LR,0
P02_L026,P02,P02_L026_M003,posY,0
P02_L026,P02,P02_L026_M003,rateUP,0.5
P02_L026,P02,P02_L026_M003,probe_pos (m),0.0
P02_L026,P02,P02_L026_M003,text,-1
P02_L026,P02,P02_L026_M003,reversePOINT,1
P02_L026,P02,P02_L026_M003,trialPOINT,8
P02_L026,P02,P02_L026_M003,nDW,4
P02_L026,P02,P02_L026_M003,nUP,1
P02_L026,P02,P02_L026_M003,start_weber_Contrast,0.4
P02_L026,P02,P02_L026_M003,number_trials,80
P02_L026,P02,P02_L026_M003,terminationINDEX,9
P02_L026,P02,P02_L026_M003,stepDWUP,0.005
P02_L026,P02,P02_L026_M003,logUNIT_UP,0.36
P02_L026,P02,P02_L026_M003,logUNIT_DW,0.30294
P02_L026,P02,P02_L026_M003,condRule,2
P02_L026,P02,P02_L026_M003,preReversalStepDW,0.36
P02_L026,P02,P02_L026_M003,Reversal_or_Trial,1
P02_L026,P02,P02_L026_M003,limit_Trial_Run,100
P02_L026,P02,P02_L026_M003,max_monitor_cdm2,400
P02_L026,P02,P02_L026_M003,bkg_monitor_cdm2,26.15
P02_L026,P02,P02_L026_M003,width,374.94805047229414
P02_L026,P02,P02_L026_M003,fs,31.5
P02_L026,P02,P02_L026_M003,ph,0.0
P02_L026,P02,P02_L026_M003,speed,0.0
P02_L026,P02,P02_L026_M003,contr,0.018
P02_L026,P02,P02_L026_M003,theta,0.0
P02_L026,P02,P02_L026_M003,bg,0.29
P02_L026,P02,P02_L026_M003,box,False
P02_L026,P02,P02_L026_M003,Lbg,25
P02_L026,P02,P02_L026_M003,Lmin,0.0
P02_L026,P02,P02_L026_M003,Lmax,25
P02_L026,P02,P02_L026_M003,gamma,0.0
P02_L026,P02,P02_L026_M003,BRTRR,1.2
P02_L026,P02,P02_L026_M003,flanker_width,5.0
P02_L026,P02,P02_L026_M003,flanker_displacement,3.0
P02_L026,P02,P02_L026_M003,probe_displacement_dx,0.4
P02_L026,P02,P02_L026_M003,probe_displacement_dy,0.2
P02_L026,P02,P02_L026_M003,pixel_metre_ratio,0.00023289062499999997
P02_L026,P02,P02_L026_M003,SdeX,0.05
P02_L026,P02,P02_L026_M004,distance_To_Monitor,1.0
P02_L026,P02,P02_L026_M004,win_widthy_Pixel,2560
P02_L026,P02,P02_L026_M004,win_widthx_Pixel,1440
P02_L026,P02,P02_L026_M004,win_widthy_Meter,0.3353
P02_L026,P02,P02_L026_M004,win_widthx_Meter,0.5962
P02_L026,P02,P02_L026_M004,Pixel Per Inch,164
P02_L026,P02,P02_L026_M004,Pixel width (m),0.00023289062499999997
P02_L026,P02,P02_L026_M004,Pixel Pitch (mm),0.155*0.155
P02_L026,P02,P02_L026_M004,bkg_intensity,0.29
P02_L026,P02,P02_L026_M004,max_intensity,1.0
P02_L026,P02,P02_L026_M004,time_Stimulus,250
P02_L026,P02,P02_L026_M004,reversalN,0.0
P02_L026,P02,P02_L026_M004,rateDW,0.5
P02_L026,P02,P02_L026_M004,correctTick,0
P02_L026,P02,P02_L026_M004,count_Reversals,0
P02_L026,P02,P02_L026_M004,probe_LR,0
P02_L026,P02,P02_L026_M004,human_LR,0
P02_L026,P02,P02_L026_M004,posY,0
P02_L026,P02,P02_L026_M004,rateUP,0.5
P02_L026,P02,P02_L026_M004,probe_pos (m),0.0
P02_L026,P02,P02_L026_M004,text,-1
P02_L026,P02,P02_L026_M004,reversePOINT,1
P02_L026,P02,P02_L026_M004,trialPOINT,8
P02_L026,P02,P02_L026_M004,nDW,4
P02_L026,P02,P02_L026_M004,nUP,1
P02_L026,P02,P02_L026_M004,start_weber_Contrast,0.4
P02_L026,P02,P02_L026_M004,number_trials,80
P02_L026,P02,P02_L026_M004,terminationINDEX,9
P02_L026,P02,P02_L026_M004,stepDWUP,0.005
P02_L026,P02,P02_L026_M004,logUNIT_UP,0.36
P02_L026,P02,P02_L026_M004,logUNIT_DW,0.30294
P02_L026,P02,P02_L026_M004,condRule,2
P02_L026,P02,P02_L026_M004,preReversalStepDW,0.36
P02_L026,P02,P02_L026_M004,Reversal_or_Trial,1
P02_L026,P02,P02_L026_M004,limit_Trial_Run,100
P02_L026,P02,P02_L026_M004,max_monitor_cdm2,400
P02_L026,P02,P02_L026_M004,bkg_monitor_cdm2,26.15
P02_L026,P02,P02_L026_M004,width,374.94805047229414
P02_L026,P02,P02_L026_M004,fs,31.5
P02_L026,P02,P02_L026_M004,ph,0.0
P02_L026,P02,P02_L026_M004,speed,0.0
P02_L026,P02,P02_L026_M004,contr,0.018
P02_L026,P02,P02_L026_M004,theta,0.0
P02_L026,P02,P02_L026_M004,bg,0.29
P02_L026,P02,P02_L026_M004,box,False
P02_L026,P02,P02_L026_M004,Lbg,25
P02_L026,P02,P02_L026_M004,Lmin,0.0
P02_L026,P02,P02_L026_M004,Lmax,25
P02_L026,P02,P02_L026_M004,gamma,0.0
P02_L026,P02,P02_L026_M004,BRTRR,1.2
P02_L026,P02,P02_L026_M004,flanker_width,5.0
P02_L026,P02,P02_L026_M004,flanker_displacement,3.0
P02_L026,P02,P02_L026_M004,probe_displacement_dx,0.4
P02_L026,P02,P02_L026_M004,probe_displacement_dy,0.2
P02_L026,P02,P02_L026_M004,pixel_metre_ratio,0.00023289062499999997
P02_L026,P02,P02_L026_M004,SdeX,0.05
P02_L026,P02,P02_L026_M005,distance_To_Monitor,1.0
P02_L026,P02,P02_L026_M005,win_widthy_Pixel,2560
P02_L026,P02,P02_L026_M005,win_widthx_Pixel,1440
P02_L026,P02,P02_L026_M005,win_widthy_Meter,0.3353
P02_L026,P02,P02_L026_M005,win_widthx_Meter,0.5962
P02_L026,P02,P02_L026_M005,Pixel Per Inch,164
P02_L026,P02,P02_L026_M005,Pixel width (m),0.00023289062499999997
P02_L026,P02,P02_L026_M005,Pixel Pitch (mm),0.155*0.155
P02_L026,P02,P02_L026_M005,bkg_intensity,0.29
P02_L026,P02,P02_L026_M005,max_intensity,1.0
P02_L026,P02,P02_L026_M005,time_Stimulus,250
P02_L026,P02,P02_L026_M005,reversalN,0.0
P02_L026,P02,P02_L026_M005,rateDW,0.5
P02_L026,P02,P02_L026_M005,correctTick,0
P02_L026,P02,P02_L026_M005,count_Reversals,0
P02_L026,P02,P02_L026_M005,probe_LR,0
P02_L026,P02,P02_L026_M005,human_LR,0
P02_L026,P02,P02_L026_M005,posY,0
P02_L026,P02,P02_L026_M005,rateUP,0.5
P02_L026,P02,P02_L026_M005,probe_pos (m),0.0
P02_L026,P02,P02_L026_M005,text,-1
P02_L026,P02,P02_L026_M005,reversePOINT,1
P02_L026,P02,P02_L026_M005,trialPOINT,8
P02_L026,P02,P02_L026_M005,nDW,4
P02_L026,P02,P02_L026_M005,nUP,1
P02_L026,P02,P02_L026_M005,start_weber_Contrast,0.4
P02_L026,P02,P02_L026_M005,number_trials,80
P02_L026,P02,P02_L026_M005,terminationINDEX,9
P02_L026,P02,P02_L026_M005,stepDWUP,0.005
P02_L026,P02,P02_L026_M005,logUNIT_UP,0.36
P02_L026,P02,P02_L026_M005,logUNIT_DW,0.30294
P02_L026,P02,P02_L026_M005,condRule,2
P02_L026,P02,P02_L026_M005,preReversalStepDW,0.36
P02_L026,P02,P02_L026_M005,Reversal_or_Trial,1
P02_L026,P02,P02_L026_M005,limit_Trial_Run,100
P02_L026,P02,P02_L026_M005,max_monitor_cdm2,400
P02_L026,P02,P02_L026_M005,bkg_monitor_cdm2,26.15
P02_L026,P02,P02_L026_M005,width,374.94805047229414
P02_L026,P02,P02_L026_M005,fs,31.5
P02_L026,P02,P02_L026_M005,ph,0.0
P02_L026,P02,P02_L026_M005,speed,0.0
P02_L026,P02,P02_L026_M005,contr,0.018
P02_L026,P02,P02_L026_M005,theta,0.0
P02_L026,P02,P02_L026_M005,bg,0.29
P02_L026,P02,P02_L026_M005,box,False
P02_L026,P02,P02_L026_M005,Lbg,25
P02_L026,P02,P02_L026_M005,Lmin,0.0
P02_L026,P02,P02_L026_M005,Lmax,25
P02_L026,P02,P02_L026_M005,gamma,0.0
P02_L026,P02,P02_L026_M005,BRTRR,1.2
P02_L026,P02,P02_L026_M005,flanker_width,5.0
P02_L026,P02,P02_L026_M005,flanker_displacement,3.0
P02_L026,P02,P02_L026_M005,probe_displacement_dx,0.4
P02_L026,P02,P02_L026_M005,probe_displacement_dy,0.2
P02_L026,P02,P02_L026_M005,pixel_metre_ratio,0.00023289062499999997
P02_L026,P02,P02_L026_M005,SdeX,0.05
P02_L026,P02,P02_L026_M006,distance_To_Monitor,1.0
P02_L026,P02,P02_L026_M006,win_widthy_Pixel,2560
P02_L026,P02,P02_L026_M006,win_widthx_Pixel,1440
P02_L026,P02,P02_L026_M006,win_widthy_Meter,0.3353
P02_L026,P02,P02_L026_M006,win_widthx_Meter,0.5962
P02_L026,P02,P02_L026_M006,Pixel Per Inch,164
P02_L026,P02,P02_L026_M006,Pixel width (m),0.00023289062499999997
P02_L026,P02,P02_L026_M006,Pixel Pitch (mm),0.155*0.155
P02_L026,P02,P02_L026_M006,bkg_intensity,0.29
P02_L026,P02,P02_L026_M006,max_intensity,1.0
P02_L026,P02,P02_L026_M006,time_Stimulus,250
P02_L026,P02,P02_L026_M006,reversalN,0.0
P02_L026,P02,P02_L026_M006,rateDW,0.5
P02_L026,P02,P02_L026_M006,correctTick,0
P02_L026,P02,P02_L026_M006,count_Reversals,0
P02_L026,P02,P02_L026_M006,probe_LR,0
P02_L026,P02,P02_L026_M006,human_LR,0
P02_L026,P02,P02_L026_M006,posY,0
P02_L026,P02,P02_L026_M006,rateUP,0.5
P02_L026,P02,P02_L026_M006,probe_pos (m),0.0
P02_L026,P02,P02_L026_M006,text,-1
P02_L026,P02,P02_L026_M006,reversePOINT,1
P02_L026,P02,P02_L026_M006,trialPOINT,8
P02_L026,P02,P02_L026_M006,nDW,4
P02_L026,P02,P02_L026_M006,nUP,1
P02_L026,P02,P02_L026_M006,start_weber_Contrast,0.4
P02_L026,P02,P02_L026_M006,number_trials,80
P02_L026,P02,P02_L026_M006,terminationINDEX,9
P02_L026,P02,P02_L026_M006,stepDWUP,0.005
P02_L026,P02,P02_L026_M006,logUNIT_UP,0.36
P02_L026,P02,P02_L026_M006,logUNIT_DW,0.30294
P02_L026,P02,P02_L026_M006,condRule,2
P02_L026,P02,P02_L026_M006,preReversalStepDW,0.36
P02_L026,P02,P02_L026_M006,Reversal_or_Trial,1
P02_L026,P02,P02_L026_M006,limit_Trial_Run,100
P02_L026,P02,P02_L026_M006,max_monitor_cdm2,400
P02_L026,P02,P02_L026_M006,bkg_monitor_cdm2,26.15
P02_L026,P02,P02_L026_M006,width,374.94805047229414
P02_L026,P02,P02_L026_M006,fs,31.5
P02_L026,P02,P02_L026_M006,ph,0.0
P02_L026,P02,P02_L026_M006,speed,0.0
P02_L026,P02,P02_L026_M006,contr,0.018
P02_L026,P02,P02_L026_M006,theta,0.0
P02_L026,P02,P02_L026_M006,bg,0.29
P02_L026,P02,P02_L026_M006,box,False
P02_L026,P02,P02_L026_M006,Lbg,25
P02_L026,P02,P02_L026_M006,Lmin,0.0
P02_L026,P02,P02_L026_M006,Lmax,25
P02_L026,P02,P02_L026_M006,gamma,0.0
P02_L026,P02,P02_L026_M006,BRTRR,1.2
P02_L026,P02,P02_L026_M006,flanker_width,5.0
P02_L026,P02,P02_L026_M006,flanker_displacement,3.0
P02_L026,P02,P02_L026_M006,probe_displacement_dx,0.4
P02_L026,P02,P02_L026_M006,probe_displacement_dy,0.2
P02_L026,P02,P02_L026_M006,pixel_metre_ratio,0.00023289062499999997
P02_L026,P02,P02_L026_M006,SdeX,0.05
P02_L026,P02,P02_L026_M007,distance_To_Monitor,1.0
P02_L026,P02,P02_L026_M007,win_widthy_Pixel,2560
P02_L026,P02,P02_L026_M007,win_widthx_Pixel,1440
P02_L026,P02,P02_L026_M007,win_widthy_Meter,0.3353
P02_L026,P02,P02_L026_M007,win_widthx_Meter,0.5962
P02_L026,P02,P02_L026_M007,Pixel Per Inch,164
P02_L026,P02,P02_L026_M007,Pixel width (m),0.00023289062499999997
P02_L026,P02,P02_L026_M007,Pixel Pitch (mm),0.155*0.155
P02_L026,P02,P02_L026_M007,bkg_intensity,0.29
P02_L026,P02,P02_L026_M007,max_intensity,1.0
P02_L026,P02,P02_L026_M007,time_Stimulus,250
P02_L026,P02,P02_L026_M007,reversalN,0.0
P02_L026,P02,P02_L026_M007,rateDW,0.5
P02_L026,P02,P02_L026_M007,correctTick,0
P02_L026,P02,P02_L026_M007,count_Reversals,0
P02_L026,P02,P02_L026_M007,probe_LR,0
P02_L026,P02,P02_L026_M007,human_LR,0
P02_L026,P02,P02_L026_M007,posY,0
P02_L026,P02,P02_L026_M007,rateUP,0.5
P02_L026,P02,P02_L026_M007,probe_pos (m),0.0
P02_L026,P02,P02_L026_M007,text,-1
P02_L026,P02,P02_L026_M007,reversePOINT,1
P02_L026,P02,P02_L026_M007,trialPOINT,8
P02_L026,P02,P02_L026_M007,nDW,4
P02_L026,P02,P02_L026_M007,nUP,1
P02_L026,P02,P02_L026_M007,start_weber_Contrast,0.4
P02_L026,P02,P02_L026_M007,number_trials,80
P02_L026,P02,P02_L026_M007,terminationINDEX,9
P02_L026,P02,P02_L026_M007,stepDWUP,0.005
P02_L026,P02,P02_L026_M007,logUNIT_UP,0.36
P02_L026,P02,P02_L026_M007,logUNIT_DW,0.30294
P02_L026,P02,P02_L026_M007,condRule,2
P02_L026,P02,P02_L026_M007,preReversalStepDW,0.36
P02_L026,P02,P02_L026_M007,Reversal_or_Trial,1
P02_L026,P02,P02_L026_M007,limit_Trial_Run,100
P02_L026,P02,P02_L026_M007,max_monitor_cdm2,400
P02_L026,P02,P02_L026_M007,bkg_monitor_cdm2,26.15
P02_L026,P02,P02_L026_M007,width,374.94805047229414
P02_L026,P02,P02_L026_M007,fs,31.5
P02_L026,P02,P02_L026_M007,ph,0.0
P02_L026,P02,P02_L026_M007,speed,0.0
P02_L026,P02,P02_L026_M007,contr,0.018
P02_L026,P02,P02_L026_M007,theta,0.0
P02_L026,P02,P02_L026_M007,bg,0.29
P02_L026,P02,P02_L026_M007,box,False
P02_L026,P02,P02_L026_M007,Lbg,25
P02_L026,P02,P02_L026_M007,Lmin,0.0
P02_L026,P02,P02_L026_M007,Lmax,25
P02_L026,P02,P02_L026_M007,gamma,0.0
P02_L026,P02,P02_L026_M007,BRTRR,1.2
P02_L026,P02,P02_L026_M007,flanker_width,5.0
P02_L026,P02,P02_L026_M007,flanker_displacement,3.0
P02_L026,P02,P02_L026_M007,probe_displacement_dx,0.4
P02_L026,P02,P02_L026_M007,probe_displacement_dy,0.2
P02_L026,P02,P02_L026_M007,pixel_metre_ratio,0.00023289062499999997
P02_L026,P02,P02_L026_M007,SdeX,0.05
P02_L026,P02,P02_L026_M008,distance_To_Monitor,1.0
P02_L026,P02,P02_L026_M008,win_widthy_Pixel,2560
P02_L026,P02,P02_L026_M008,win_widthx_Pixel,1440
P02_L026,P02,P02_L026_M008,win_widthy_Meter,0.3353
P02_L026,P02,P02_L026_M008,win_widthx_Meter,0.5962
P02_L026,P02,P02_L026_M008,Pixel Per Inch,164
P02_L026,P02,P02_L026_M008,Pixel width (m),0.00023289062499999997
P02_L026,P02,P02_L026_M008,Pixel Pitch (mm),0.155*0.155
P02_L026,P02,P02_L026_M008,bkg_intensity,0.29
P02_L026,P02,P02_L026_M008,max_intensity,1.0
P02_L026,P02,P02_L026_M008,time_Stimulus,250
P02_L026,P02,P02_L026_M008,reversalN,0.0
P02_L026,P02,P02_L026_M008,rateDW,0.5
P02_L026,P02,P02_L026_M008,correctTick,0
P02_L026,P02,P02_L026_M008,count_Reversals,0
P02_L026,P02,P02_L026_M008,probe_LR,0
P02_L026,P02,P02_L026_M008,human_LR,0
P02_L026,P02,P02_L026_M008,posY,0
P02_L026,P02,P02_L026_M008,rateUP,0.5
P02_L026,P02,P02_L026_M008,probe_pos (m),0.0
P02_L026,P02,P02_L026_M008,text,-1
P02_L026,P02,P02_L026_M008,reversePOINT,1
P02_L026,P02,P02_L026_M008,trialPOINT,8
P02_L026,P02,P02_L026_M008,nDW,4
P02_L026,P02,P02_L026_M008,nUP,1
P02_L026,P02,P02_L026_M008,start_weber_Contrast,0.4
P02_L026,P02,P02_L026_M008,number_trials,80
P02_L026,P02,P02_L026_M008,terminationINDEX,9
P02_L026,P02,P02_L026_M008,stepDWUP,0.005
P02_L026,P02,P02_L026_M008,logUNIT_UP,0.36
P02_L026,P02,P02_L026_M008,logUNIT_DW,0.30294
P02_L026,P02,P02_L026_M008,condRule,2
P02_L026,P02,P02_L026_M008,preReversalStepDW,0.36
P02_L026,P02,P02_L026_M008,Reversal_or_Trial,1
P02_L026,P02,P02_L026_M008,limit_Trial_Run,100
P02_L026,P02,P02_L026_M008,max_monitor_cdm2,400
P02_L026,P02,P02_L026_M008,bkg_monitor_cdm2,26.15
P02_L026,P02,P02_L026_M008,width,374.94805047229414
P02_L026,P02,P02_L026_M008,fs,31.5
P02_L026,P02,P02_L026_M008,ph,0.0
P02_L026,P02,P02_L026_M008,speed,0.0
P02_L026,P02,P02_L026_M008,contr,0.018
P02_L026,P02,P02_L026_M008,theta,0.0
P02_L026,P02,P02_L026_M008,bg,0.29
P02_L026,P02,P02_L026_M008,box,False
P02_L026,P02,P02_L026_M008,Lbg,25
P02_L026,P02,P02_L026_M008,Lmin,0.0
P02_L026,P02,P02_L026_M008,Lmax,25
P02_L026,P02,P02_L026_M008,gamma,0.0
P02_L026,P02,P02_L026_M008,BRTRR,1.2
P02_L026,P02,P02_L026_M008,flanker_width,5.0
P02_L026,P02,P02_L026_M008,flanker_displacement,3.0
P02_L026,P02,P02_L026_M008,probe_displacement_dx,0.4
P02_L026,P02,P02_L026_M008,probe_displacement_dy,0.2
P02_L026,P02,P02_L026_M008,pixel_metre_ratio,0.00023289062499999997
P02_L026,P02,P02_L026_M008,SdeX,0.05
P02_L049,P02,P02_L049_M001,distance_To_Monitor,1.0
P02_L049,P02,P02_L049_M001,win_widthy_Pixel,2560
P02_L049,P02,P02_L049_M001,win_widthx_Pixel,1440
P02_L049,P02,P02_L049_M001,win_widthy_Meter,0.3353
P02_L049,P02,P02_L049_M001,win_widthx_Meter,0.5962
P02_L049,P02,P02_L049_M001,Pixel Per Inch,164
P02_L049,P02,P02_L049_M001,Pixel width (m),0.00023289062499999997
P02_L049,P02,P02_L049_M001,Pixel Pitch (mm),0.155*0.155
P02_L049,P02,P02_L049_M001,bkg_intensity,0.39
P02_L049,P02,P02_L049_M001,max_intensity,1.0
P02_L049,P02,P02_L049_M001,time_Stimulus,250
P02_L049,P02,P02_L049_M001,reversalN,0.0
P02_L049,P02,P02_L049_M001,rateDW,0.5
P02_L049,P02,P02_L049_M001,correctTick,0
P02_L049,P02,P02_L049_M001,count_Reversals,0
P02_L049,P02,P02_L049_M001,probe_LR,0
P02_L049,P02,P02_L049_M001,human_LR,0
P02_L049,P02,P02_L049_M001,posY,0
P02_L049,P02,P02_L049_M001,rateUP,0.5
P02_L049,P02,P02_L049_M001,probe_pos (m),0.0
P02_L049,P02,P02_L049_M001,text,-1
P02_L049,P02,P02_L049_M001,reversePOINT,1
P02_L049,P02,P02_L049_M001,trialPOINT,8
P02_L049,P02,P02_L049_M001,nDW,4
P02_L049,P02,P02_L049_M001,nUP,1
P02_L049,P02,P02_L049_M001,start_weber_Contrast,1.0
P02_L049,P02,P02_L049_M001,number_trials,80
P02_L049,P02,P02_L049_M001,terminationINDEX,9
P02_L049,P02,P02_L049_M001,stepDWUP,0.005
P02_L049,P02,P02_L049_M001,logUNIT_UP,0.36
P02_L049,P02,P02_L049_M001,logUNIT_DW,0.30294
P02_L049,P02,P02_L049_M001,condRule,2
P02_L049,P02,P02_L049_M001,preReversalStepDW,0.36
P02_L049,P02,P02_L049_M001,Reversal_or_Trial,1
P02_L049,P02,P02_L049_M001,limit_Trial_Run,100
P02_L049,P02,P02_L049_M001,max_monitor_cdm2,400
P02_L049,P02,P02_L049_M001,bkg_monitor_cdm2,49
P02_L049,P02,P02_L049_M001,width,374.94805047229414
P02_L049,P02,P02_L049_M001,fs,78.75
P02_L049,P02,P02_L049_M001,ph,0.0
P02_L049,P02,P02_L049_M001,speed,0.0
P02_L049,P02,P02_L049_M001,contr,0.018
P02_L049,P02,P02_L049_M001,theta,0.0
P02_L049,P02,P02_L049_M001,bg,0.39
P02_L049,P02,P02_L049_M001,box,False
P02_L049,P02,P02_L049_M001,Lbg,25
P02_L049,P02,P02_L049_M001,Lmin,0.0
P02_L049,P02,P02_L049_M001,Lmax,25
P02_L049,P02,P02_L049_M001,gamma,0.0
P02_L049,P02,P02_L049_M001,BRTRR,1.2
P02_L049,P02,P02_L049_M001,flanker_width,5.0
P02_L049,P02,P02_L049_M001,flanker_displacement,3.0
P02_L049,P02,P02_L049_M001,probe_displacement_dx,0.4
P02_L049,P02,P02_L049_M001,probe_displacement_dy,0.2
P02_L049,P02,P02_L049_M001,pixel_metre_ratio,0.00023289062499999997
P02_L049,P02,P02_L049_M001,SdeX,0.05
P02_L049,P02,P02_L049_M001,SdeY,0.05
P02_L049,P02,P02_L049_M001,Probe_Height_Deg,0.13343643869556676
P02_L049,P02,P02_L049_M001,Probe_width_Deg,0.013343649840352816
P02_L049,P02,P02_L049_M002,distance_To_Monitor,1.0
P02_L049,P02,P02_L049_M002,win_widthy_Pixel,2560
P02_L049,P02,P02_L049_M002,win_widthx_Pixel,1440
P02_L049,P02,P02_L049_M002,win_widthy_Meter,0.3353
P02_L049,P02,P02_L049_M002,win_widthx_Meter,0.5962
P02_L049,P02,P02_L049_M002,Pixel Per Inch,164
P02_L049,P02,P02_L049_M002,Pixel width (m),0.00023289062499999997
P02_L049,P02,P02_L049_M002,Pixel Pitch (mm),0.155*0.155
P02_L049,P02,P02_L049_M002,bkg_intensity,0.39
P02_L049,P02,P02_L049_M002,max_intensity,1.0
P02_L049,P02,P02_L049_M002,time_Stimulus,250
P02_L049,P02,P02_L049_M002,reversalN,0.0
P02_L049,P02,P02_L049_M002,rateDW,0.5
P02_L049,P02,P02_L049_M002,correctTick,0
P02_L049,P02,P02_L049_M002,count_Reversals,0
P02_L049,P02,P02_L049_M002,probe_LR,0
P02_L049,P02,P02_L049_M002,human_LR,0
P02_L049,P02,P02_L049_M002,posY,0
P02_L049,P02,P02_L049_M002,rateUP,0.5
P02_L049,P02,P02_L049_M002,probe_pos (m),0.0
P02_L049,P02,P02_L049_M002,text,-1
P02_L049,P02,P02_L049_M002,reversePOINT,1
P02_L049,P02,P02_L049_M002,trialPOINT,8
P02_L049,P02,P02_L049_M002,nDW,4
P02_L049,P02,P02_L049_M002,nUP,1
P02_L049,P02,P02_L049_M002,start_weber_Contrast,1.0
P02_L049,P02,P02_L049_M002,number_trials,80
P02_L049,P02,P02_L049_M002,terminationINDEX,9
P02_L049,P02,P02_L049_M002,stepDWUP,0.005
P02_L049,P02,P02_L049_M002,logUNIT_UP,0.36
P02_L049,P02,P02_L049_M002,logUNIT_DW,0.30294
P02_L049,P02,P02_L049_M002,condRule,2
P02_L049,P02,P02_L049_M002,preReversalStepDW,0.36
P02_L049,P02,P02_L049_M002,Reversal_or_Trial,1
P02_L049,P02,P02_L049_M002,limit_Trial_Run,100
P02_L049,P02,P02_L049_M002,max_monitor_cdm2,400
P02_L049,P02,P02_L049_M002,bkg_monitor_cdm2,49
P02_L049,P02,P02_L049_M002,width,374.94805047229414
P02_L049,P02,P02_L049_M002,fs,78.75
P02_L049,P02,P02_L049_M002,ph,0.0
P02_L049,P02,P02_L049_M002,speed,0.0
P02_L049,P02,P02_L049_M002,contr,0.018
P02_L049,P02,P02_L049_M002,theta,0.0
P02_L049,P02,P02_L049_M002,bg,0.39
P02_L049,P02,P02_L049_M002,box,False
P02_L049,P02,P02_L049_M002,Lbg,25
P02_L049,P02,P02_L049_M002,Lmin,0.0
P02_L049,P02,P02_L049_M002,Lmax,25
P02_L049,P02,P02_L049_M002,gamma,0.0
P02_L049,P02,P02_L049_M002,BRTRR,1.2
P02_L049,P02,P02_L049_M002,flanker_width,5.0
P02_L049,P02,P02_L049_M002,flanker_displacement,3.0
P02_L049,P02,P02_L049_M002,probe_displacement_dx,0.4
P02_L049,P02,P02_L049_M002,probe_displacement_dy,0.2
P02_L049,P02,P02_L049_M002,pixel_metre_ratio,0.00023289062499999997
P02_L049,P02,P02_L049_M002,SdeX,0.05
P02_L049,P02,P02_L049_M002,SdeY,0.05
P02_L049,P02,P02_L049_M002,Probe_Height_Deg,0.13343643869556676
P02_L049,P02,P02_L049_M002,Probe_width_Deg,0.013343649840352816
P02_L049,P02,P02_L049_M003,distance_To_Monitor,1.0
P02_L049,P02,P02_L049_M003,win_widthy_Pixel,2560
P02_L049,P02,P02_L049_M003,win_widthx_Pixel,1440
P02_L049,P02,P02_L049_M003,win_widthy_Meter,0.3353
P02_L049,P02,P02_L049_M003,win_widthx_Meter,0.5962
P02_L049,P02,P02_L049_M003,Pixel Per Inch,164
P02_L049,P02,P02_L049_M003,Pixel width (m),0.00023289062499999997
P02_L049,P02,P02_L049_M003,Pixel Pitch (mm),0.155*0.155
P02_L049,P02,P02_L049_M003,bkg_intensity,0.39
P02_L049,P02,P02_L049_M003,max_intensity,1.0
P02_L049,P02,P02_L049_M003,time_Stimulus,250
P02_L049,P02,P02_L049_M003,reversalN,0.0
P02_L049,P02,P02_L049_M003,rateDW,0.5
P02_L049,P02,P02_L049_M003,correctTick,0
P02_L049,P02,P02_L049_M003,count_Reversals,0
P02_L049,P02,P02_L049_M003,probe_LR,0
P02_L049,P02,P02_L049_M003,human_LR,0
P02_L049,P02,P02_L049_M003,posY,0
P02_L049,P02,P02_L049_M003,rateUP,0.5
P02_L049,P02,P02_L049_M003,probe_pos (m),0.0
P02_L049,P02,P02_L049_M003,text,-1
P02_L049,P02,P02_L049_M003,reversePOINT,1
P02_L049,P02,P02_L049_M003,trialPOINT,8
P02_L049,P02,P02_L049_M003,nDW,4
P02_L049,P02,P02_L049_M003,nUP,1
P02_L049,P02,P02_L049_M003,start_weber_Contrast,1.0
P02_L049,P02,P02_L049_M003,number_trials,80
P02_L049,P02,P02_L049_M003,terminationINDEX,9
P02_L049,P02,P02_L049_M003,stepDWUP,0.005
P02_L049,P02,P02_L049_M003,logUNIT_UP,0.36
P02_L049,P02,P02_L049_M003,logUNIT_DW,0.30294
P02_L049,P02,P02_L049_M003,condRule,2
P02_L049,P02,P02_L049_M003,preReversalStepDW,0.36
P02_L049,P02,P02_L049_M003,Reversal_or_Trial,1
P02_L049,P02,P02_L049_M003,limit_Trial_Run,100
P02_L049,P02,P02_L049_M003,max_monitor_cdm2,400
P02_L049,P02,P02_L049_M003,bkg_monitor_cdm2,49
P02_L049,P02,P02_L049_M003,width,374.94805047229414
P02_L049,P02,P02_L049_M003,fs,78.75
P02_L049,P02,P02_L049_M003,ph,0.0
P02_L049,P02,P02_L049_M003,speed,0.0
P02_L049,P02,P02_L049_M003,contr,0.018
P02_L049,P02,P02_L049_M003,theta,0.0
P02_L049,P02,P02_L049_M003,bg,0.39
P02_L049,P02,P02_L049_M003,box,False
P02_L049,P02,P02_L049_M003,Lbg,25
P02_L049,P02,P02_L049_M003,Lmin,0.0
P02_L049,P02,P02_L049_M003,Lmax,25
P02_L049,P02,P02_L049_M003,gamma,0.0
P02_L049,P02,P02_L049_M003,BRTRR,1.2
P02_L049,P02,P02_L049_M003,flanker_width,5.0
P02_L049,P02,P02_L049_M003,flanker_displacement,3.0
P02_L049,P02,P02_L049_M003,probe_displacement_dx,0.4
P02_L049,P02,P02_L049_M003,probe_displacement_dy,0.2
P02_L049,P02,P02_L049_M003,pixel_metre_ratio,0.00023289062499999997
P02_L049,P02,P02_L049_M003,SdeX,0.05
P02_L049,P02,P02_L049_M003,Sdey,0.05
P02_L049,P02,P02_L049_M003,Probe_Height_Deg,0.13343643869556676
P02_L049,P02,P02_L049_M003,Probe_width_Deg,0.013343649840352816
P02_L049,P02,P02_L049_M004,distance_To_Monitor,1.0
P02_L049,P02,P02_L049_M004,win_widthy_Pixel,2560
P02_L049,P02,P02_L049_M004,win_widthx_Pixel,1440
P02_L049,P02,P02_L049_M004,win_widthy_Meter,0.3353
P02_L049,P02,P02_L049_M004,win_widthx_Meter,0.5962
P02_L049,P02,P02_L049_M004,Pixel Per Inch,164
P02_L049,P02,P02_L049_M004,Pixel width (m),0.00023289062499999997
P02_L049,P02,P02_L049_M004,Pixel Pitch (mm),0.155*0.155
P02_L049,P02,P02_L049_M004,bkg_intensity,0.39
P02_L049,P02,P02_L049_M004,max_intensity,1.0
P02_L049,P02,P02_L049_M004,time_Stimulus,250
P02_L049,P02,P02_L049_M004,reversalN,0.0
P02_L049,P02,P02_L049_M004,rateDW,0.5
P02_L049,P02,P02_L049_M004,correctTick,0
P02_L049,P02,P02_L049_M004,count_Reversals,0
P02_L049,P02,P02_L049_M004,probe_LR,0
P02_L049,P02,P02_L049_M004,human_LR,0
P02_L049,P02,P02_L049_M004,posY,0
P02_L049,P02,P02_L049_M004,rateUP,0.5
P02_L049,P02,P02_L049_M004,probe_pos (m),0.0
P02_L049,P02,P02_L049_M004,text,-1
P02_L049,P02,P02_L049_M004,reversePOINT,1
P02_L049,P02,P02_L049_M004,trialPOINT,8
P02_L049,P02,P02_L049_M004,nDW,4
P02_L049,P02,P02_L049_M004,nUP,1
P02_L049,P02,P02_L049_M004,start_weber_Contrast,1.0
P02_L049,P02,P02_L049_M004,number_trials,80
P02_L049,P02,P02_L049_M004,terminationINDEX,9
P02_L049,P02,P02_L049_M004,stepDWUP,0.005
P02_L049,P02,P02_L049_M004,logUNIT_UP,0.36
P02_L049,P02,P02_L049_M004,logUNIT_DW,0.30294
P02_L049,P02,P02_L049_M004,condRule,2
P02_L049,P02,P02_L049_M004,preReversalStepDW,0.36
P02_L049,P02,P02_L049_M004,Reversal_or_Trial,1
P02_L049,P02,P02_L049_M004,limit_Trial_Run,100
P02_L049,P02,P02_L049_M004,max_monitor_cdm2,400
P02_L049,P02,P02_L049_M004,bkg_monitor_cdm2,49
P02_L049,P02,P02_L049_M004,width,374.94805047229414
P02_L049,P02,P02_L049_M004,fs,78.75
P02_L049,P02,P02_L049_M004,ph,0.0
P02_L049,P02,P02_L049_M004,speed,0.0
P02_L049,P02,P02_L049_M004,contr,0.018
P02_L049,P02,P02_L049_M004,theta,0.0
P02_L049,P02,P02_L049_M004,bg,0.39
P02_L049,P02,P02_L049_M004,box,False
P02_L049,P02,P02_L049_M004,Lbg,25
P02_L049,P02,P02_L049_M004,Lmin,0.0
P02_L049,P02,P02_L049_M004,Lmax,25
P02_L049,P02,P02_L049_M004,gamma,0.0
P02_L049,P02,P02_L049_M004,BRTRR,1.2
P02_L049,P02,P02_L049_M004,flanker_width,5.0
P02_L049,P02,P02_L049_M004,flanker_displacement,3.0
P02_L049,P02,P02_L049_M004,probe_displacement_dx,0.4
P02_L049,P02,P02_L049_M004,probe_displacement_dy,0.2
P02_L049,P02,P02_L049_M004,pixel_metre_ratio,0.00023289062499999997
P02_L049,P02,P02_L049_M004,SdeX,0.05
P02_L049,P02,P02_L049_M004,Sdey,0.05
P02_L049,P02,P02_L049_M004,Probe_Height_Deg,0.13343643869556676
P02_L049,P02,P02_L049_M004,Probe_width_Deg,0.013343649840352816
P02_L049,P02,P02_L049_M005,distance_To_Monitor,1.0
P02_L049,P02,P02_L049_M005,win_widthy_Pixel,2560
P02_L049,P02,P02_L049_M005,win_widthx_Pixel,1440
P02_L049,P02,P02_L049_M005,win_widthy_Meter,0.3353
P02_L049,P02,P02_L049_M005,win_widthx_Meter,0.5962
P02_L049,P02,P02_L049_M005,Pixel Per Inch,164
P02_L049,P02,P02_L049_M005,Pixel width (m),0.00023289062499999997
P02_L049,P02,P02_L049_M005,Pixel Pitch (mm),0.155*0.155
P02_L049,P02,P02_L049_M005,bkg_intensity,0.39
P02_L049,P02,P02_L049_M005,max_intensity,1.0
P02_L049,P02,P02_L049_M005,time_Stimulus,250
P02_L049,P02,P02_L049_M005,reversalN,0.0
P02_L049,P02,P02_L049_M005,rateDW,0.5
P02_L049,P02,P02_L049_M005,correctTick,0
P02_L049,P02,P02_L049_M005,count_Reversals,0
P02_L049,P02,P02_L049_M005,probe_LR,0
P02_L049,P02,P02_L049_M005,human_LR,0
P02_L049,P02,P02_L049_M005,posY,0
P02_L049,P02,P02_L049_M005,rateUP,0.5
P02_L049,P02,P02_L049_M005,probe_pos (m),0.0
P02_L049,P02,P02_L049_M005,text,-1
P02_L049,P02,P02_L049_M005,reversePOINT,1
P02_L049,P02,P02_L049_M005,trialPOINT,8
P02_L049,P02,P02_L049_M005,nDW,4
P02_L049,P02,P02_L049_M005,nUP,1
P02_L049,P02,P02_L049_M005,start_weber_Contrast,1.0
P02_L049,P02,P02_L049_M005,number_trials,80
P02_L049,P02,P02_L049_M005,terminationINDEX,9
P02_L049,P02,P02_L049_M005,stepDWUP,0.005
P02_L049,P02,P02_L049_M005,logUNIT_UP,0.36
P02_L049,P02,P02_L049_M005,logUNIT_DW,0.30294
P02_L049,P02,P02_L049_M005,condRule,2
P02_L049,P02,P02_L049_M005,preReversalStepDW,0.36
P02_L049,P02,P02_L049_M005,Reversal_or_Trial,1
P02_L049,P02,P02_L049_M005,limit_Trial_Run,100
P02_L049,P02,P02_L049_M005,max_monitor_cdm2,400
P02_L049,P02,P02_L049_M005,bkg_monitor_cdm2,49
P02_L049,P02,P02_L049_M005,width,374.94805047229414
P02_L049,P02,P02_L049_M005,fs,78.75
P02_L049,P02,P02_L049_M005,ph,0.0
P02_L049,P02,P02_L049_M005,speed,0.0
P02_L049,P02,P02_L049_M005,contr,0.018
P02_L049,P02,P02_L049_M005,theta,0.0
P02_L049,P02,P02_L049_M005,bg,0.39
P02_L049,P02,P02_L049_M005,box,False
P02_L049,P02,P02_L049_M005,Lbg,25
P02_L049,P02,P02_L049_M005,Lmin,0.0
P02_L049,P02,P02_L049_M005,Lmax,25
P02_L049,P02,P02_L049_M005,gamma,0.0
P02_L049,P02,P02_L049_M005,BRTRR,1.2
P02_L049,P02,P02_L049_M005,flanker_width,5.0
P02_L049,P02,P02_L049_M005,flanker_displacement,3.0
P02_L049,P02,P02_L049_M005,probe_displacement_dx,0.4
P02_L049,P02,P02_L049_M005,probe_displacement_dy,0.2
P02_L049,P02,P02_L049_M005,pixel_metre_ratio,0.00023289062499999997
P02_L049,P02,P02_L049_M005,SdeX,0.05
P02_L049,P02,P02_L049_M005,Sdey,0.05
P02_L049,P02,P02_L049_M005,Probe_Height_Deg,0.13343643869556676
P02_L049,P02,P02_L049_M005,Probe_width_Deg,0.013343649840352816
P02_L049,P02,P02_L049_M006,distance_To_Monitor,1.0
P02_L049,P02,P02_L049_M006,win_widthy_Pixel,2560
P02_L049,P02,P02_L049_M006,win_widthx_Pixel,1440
P02_L049,P02,P02_L049_M006,win_widthy_Meter,0.3353
P02_L049,P02,P02_L049_M006,win_widthx_Meter,0.5962
P02_L049,P02,P02_L049_M006,Pixel Per Inch,164
P02_L049,P02,P02_L049_M006,Pixel width (m),0.00023289062499999997
P02_L049,P02,P02_L049_M006,Pixel Pitch (mm),0.155*0.155
P02_L049,P02,P02_L049_M006,bkg_intensity,0.39
P02_L049,P02,P02_L049_M006,max_intensity,1.0
P02_L049,P02,P02_L049_M006,time_Stimulus,250
P02_L049,P02,P02_L049_M006,reversalN,0.0
P02_L049,P02,P02_L049_M006,rateDW,0.5
P02_L049,P02,P02_L049_M006,correctTick,0
P02_L049,P02,P02_L049_M006,count_Reversals,0
P02_L049,P02,P02_L049_M006,probe_LR,0
P02_L049,P02,P02_L049_M006,human_LR,0
P02_L049,P02,P02_L049_M006,posY,0
P02_L049,P02,P02_L049_M006,rateUP,0.5
P02_L049,P02,P02_L049_M006,probe_pos (m),0.0
P02_L049,P02,P02_L049_M006,text,-1
P02_L049,P02,P02_L049_M006,reversePOINT,1
P02_L049,P02,P02_L049_M006,trialPOINT,9
P02_L049,P02,P02_L049_M006,nDW,4
P02_L049,P02,P02_L049_M006,nUP,1
P02_L049,P02,P02_L049_M006,start_weber_Contrast,1.0
P02_L049,P02,P02_L049_M006,number_trials,80
P02_L049,P02,P02_L049_M006,terminationINDEX,9
P02_L049,P02,P02_L049_M006,stepDWUP,0.005
P02_L049,P02,P02_L049_M006,logUNIT_UP,0.36
P02_L049,P02,P02_L049_M006,logUNIT_DW,0.30294
P02_L049,P02,P02_L049_M006,condRule,2
P02_L049,P02,P02_L049_M006,preReversalStepDW,0.36
P02_L049,P02,P02_L049_M006,Reversal_or_Trial,1
P02_L049,P02,P02_L049_M006,limit_Trial_Run,100
P02_L049,P02,P02_L049_M006,max_monitor_cdm2,400
P02_L049,P02,P02_L049_M006,bkg_monitor_cdm2,49
P02_L049,P02,P02_L049_M006,width,374.94805047229414
P02_L049,P02,P02_L049_M006,fs,78.75
P02_L049,P02,P02_L049_M006,ph,0.0
P02_L049,P02,P02_L049_M006,speed,0.0
P02_L049,P02,P02_L049_M006,contr,0.018
P02_L049,P02,P02_L049_M006,theta,0.0
P02_L049,P02,P02_L049_M006,bg,0.39
P02_L049,P02,P02_L049_M006,box,False
P02_L049,P02,P02_L049_M006,Lbg,25
P02_L049,P02,P02_L049_M006,Lmin,0.0
P02_L049,P02,P02_L049_M006,Lmax,25
P02_L049,P02,P02_L049_M006,gamma,0.0
P02_L049,P02,P02_L049_M006,BRTRR,1.2
P02_L049,P02,P02_L049_M006,flanker_width,5.0
P02_L049,P02,P02_L049_M006,flanker_displacement,3.0
P02_L049,P02,P02_L049_M006,probe_displacement_dx,0.4
P02_L049,P02,P02_L049_M006,probe_displacement_dy,0.2
P02_L049,P02,P02_L049_M006,pixel_metre_ratio,0.00023289062499999997
P02_L049,P02,P02_L049_M006,SdeX,0.05
P02_L049,P02,P02_L049_M006,Sdey,0.05
P02_L049,P02,P02_L049_M006,Probe_Height_Deg,0.13343643869556676
P02_L049,P02,P02_L049_M006,Probe_width_Deg,0.013343649840352816
P02_L049,P02,P02_L049_M007,distance_To_Monitor,1.0
P02_L049,P02,P02_L049_M007,win_widthy_Pixel,2560
P02_L049,P02,P02_L049_M007,win_widthx_Pixel,1440
P02_L049,P02,P02_L049_M007,win_widthy_Meter,0.3353
P02_L049,P02,P02_L049_M007,win_widthx_Meter,0.5962
P02_L049,P02,P02_L049_M007,Pixel Per Inch,164
P02_L049,P02,P02_L049_M007,Pixel width (m),0.00023289062499999997
P02_L049,P02,P02_L049_M007,Pixel Pitch (mm),0.155*0.155
P02_L049,P02,P02_L049_M007,bkg_intensity,0.39
P02_L049,P02,P02_L049_M007,max_intensity,1.0
P02_L049,P02,P02_L049_M007,time_Stimulus,250
P02_L049,P02,P02_L049_M007,reversalN,0.0
P02_L049,P02,P02_L049_M007,rateDW,0.5
P02_L049,P02,P02_L049_M007,correctTick,0
P02_L049,P02,P02_L049_M007,count_Reversals,0
P02_L049,P02,P02_L049_M007,probe_LR,0
P02_L049,P02,P02_L049_M007,human_LR,0
P02_L049,P02,P02_L049_M007,posY,0
P02_L049,P02,P02_L049_M007,rateUP,0.5
P02_L049,P02,P02_L049_M007,probe_pos (m),0.0
P02_L049,P02,P02_L049_M007,text,-1
P02_L049,P02,P02_L049_M007,reversePOINT,1
P02_L049,P02,P02_L049_M007,trialPOINT,8
P02_L049,P02,P02_L049_M007,nDW,4
P02_L049,P02,P02_L049_M007,nUP,1
P02_L049,P02,P02_L049_M007,start_weber_Contrast,1.0
P02_L049,P02,P02_L049_M007,number_trials,80
P02_L049,P02,P02_L049_M007,terminationINDEX,9
P02_L049,P02,P02_L049_M007,stepDWUP,0.005
P02_L049,P02,P02_L049_M007,logUNIT_UP,0.36
P02_L049,P02,P02_L049_M007,logUNIT_DW,0.30294
P02_L049,P02,P02_L049_M007,condRule,2
P02_L049,P02,P02_L049_M007,preReversalStepDW,0.36
P02_L049,P02,P02_L049_M007,Reversal_or_Trial,1
P02_L049,P02,P02_L049_M007,limit_Trial_Run,100
P02_L049,P02,P02_L049_M007,max_monitor_cdm2,400
P02_L049,P02,P02_L049_M007,bkg_monitor_cdm2,49
P02_L049,P02,P02_L049_M007,width,374.94805047229414
P02_L049,P02,P02_L049_M007,fs,78.75
P02_L049,P02,P02_L049_M007,ph,0.0
P02_L049,P02,P02_L049_M007,speed,0.0
P02_L049,P02,P02_L049_M007,contr,0.018
P02_L049,P02,P02_L049_M007,theta,0.0
P02_L049,P02,P02_L049_M007,bg,0.39
P02_L049,P02,P02_L049_M007,box,False
P02_L049,P02,P02_L049_M007,Lbg,25
P02_L049,P02,P02_L049_M007,Lmin,0.0
P02_L049,P02,P02_L049_M007,Lmax,25
P02_L049,P02,P02_L049_M007,gamma,0.0
P02_L049,P02,P02_L049_M007,BRTRR,1.2
P02_L049,P02,P02_L049_M007,flanker_width,5.0
P02_L049,P02,P02_L049_M007,flanker_displacement,3.0
P02_L049,P02,P02_L049_M007,probe_displacement_dx,0.4
P02_L049,P02,P02_L049_M007,probe_displacement_dy,0.2
P02_L049,P02,P02_L049_M007,pixel_metre_ratio,0.00023289062499999997
P02_L049,P02,P02_L049_M007,SdeX,0.05
P02_L049,P02,P02_L049_M007,SdeY,0.05
P02_L049,P02,P02_L049_M007,Probe_Height_Deg,0.13343643869556676
P02_L049,P02,P02_L049_M007,Probe_width_Deg,0.013343649840352816
P02_L049,P02,P02_L049_M008,distance_To_Monitor,1.0
P02_L049,P02,P02_L049_M008,win_widthy_Pixel,2560
P02_L049,P02,P02_L049_M008,win_widthx_Pixel,1440
P02_L049,P02,P02_L049_M008,win_widthy_Meter,0.3353
P02_L049,P02,P02_L049_M008,win_widthx_Meter,0.5962
P02_L049,P02,P02_L049_M008,Pixel Per Inch,164
P02_L049,P02,P02_L049_M008,Pixel width (m),0.00023289062499999997
P02_L049,P02,P02_L049_M008,Pixel Pitch (mm),0.155*0.155
P02_L049,P02,P02_L049_M008,bkg_intensity,0.39
P02_L049,P02,P02_L049_M008,max_intensity,1.0
P02_L049,P02,P02_L049_M008,time_Stimulus,250
P02_L049,P02,P02_L049_M008,reversalN,0.0
P02_L049,P02,P02_L049_M008,rateDW,0.5
P02_L049,P02,P02_L049_M008,correctTick,0
P02_L049,P02,P02_L049_M008,count_Reversals,0
P02_L049,P02,P02_L049_M008,probe_LR,0
P02_L049,P02,P02_L049_M008,human_LR,0
P02_L049,P02,P02_L049_M008,posY,0
P02_L049,P02,P02_L049_M008,rateUP,0.5
P02_L049,P02,P02_L049_M008,probe_pos (m),0.0
P02_L049,P02,P02_L049_M008,text,-1
P02_L049,P02,P02_L049_M008,reversePOINT,1
P02_L049,P02,P02_L049_M008,trialPOINT,8
P02_L049,P02,P02_L049_M008,nDW,4
P02_L049,P02,P02_L049_M008,nUP,1
P02_L049,P02,P02_L049_M008,start_weber_Contrast,1.0
P02_L049,P02,P02_L049_M008,number_trials,80
P02_L049,P02,P02_L049_M008,terminationINDEX,9
P02_L049,P02,P02_L049_M008,stepDWUP,0.005
P02_L049,P02,P02_L049_M008,logUNIT_UP,0.36
P02_L049,P02,P02_L049_M008,logUNIT_DW,0.30294
P02_L049,P02,P02_L049_M008,condRule,2
P02_L049,P02,P02_L049_M008,preReversalStepDW,0.36
P02_L049,P02,P02_L049_M008,Reversal_or_Trial,1
P02_L049,P02,P02_L049_M008,limit_Trial_Run,100
P02_L049,P02,P02_L049_M008,max_monitor_cdm2,400
P02_L049,P02,P02_L049_M008,bkg_monitor_cdm2,49
P02_L049,P02,P02_L049_M008,width,374.94805047229414
P02_L049,P02,P02_L049_M008,fs,78.75
P02_L049,P02,P02_L049_M008,ph,0.0
P02_L049,P02,P02_L049_M008,speed,0.0
P02_L049,P02,P02_L049_M008,contr,0.018
P02_L049,P02,P02_L049_M008,theta,0.0
P02_L049,P02,P02_L049_M008,bg,0.39
P02_L049,P02,P02_L049_M008,box,False
P02_L049,P02,P02_L049_M008,Lbg,25
P02_L049,P02,P02_L049_M008,Lmin,0.0
P02_L049,P02,P02_L049_M008,Lmax,25
P02_L049,P02,P02_L049_M008,gamma,0.0
P02_L049,P02,P02_L049_M008,BRTRR,1.2
P02_L049,P02,P02_L049_M008,flanker_width,5.0
P02_L049,P02,P02_L049_M008,flanker_displacement,3.0
P02_L049,P02,P02_L049_M008,probe_displacement_dx,0.4
P02_L049,P02,P02_L049_M008,probe_displacement_dy,0.2
P02_L049,P02,P02_L049_M008,pixel_metre_ratio,0.00023289062499999997
P02_L049,P02,P02_L049_M008,SdeX,0.05
P02_L049,P02,P02_L049_M008,SdeY,0.05
P02_L049,P02,P02_L049_M008,Probe_Height_Deg,0.13343643869556676
P02_L049,P02,P02_L049_M008,Probe_width_Deg,0.013343649840352816
P02_L100,P02,P02_L100_M001,distance_To_Monitor,1.0
P02_L100,P02,P02_L100_M001,win_widthy_Pixel,2560
P02_L100,P02,P02_L100_M001,win_widthx_Pixel,1440
P02_L100,P02,P02_L100_M001,win_widthy_Meter,0.3353
P02_L100,P02,P02_L100_M001,win_widthx_Meter,0.5962
P02_L100,P02,P02_L100_M001,Pixel Per Inch,164
P02_L100,P02,P02_L100_M001,Pixel width (m),0.00023289062499999997
P02_L100,P02,P02_L100_M001,Pixel Pitch (mm),0.155*0.155
P02_L100,P02,P02_L100_M001,bkg_intensity,0.54
P02_L100,P02,P02_L100_M001,max_intensity,1.0
P02_L100,P02,P02_L100_M001,time_Stimulus,250
P02_L100,P02,P02_L100_M001,reversalN,0.0
P02_L100,P02,P02_L100_M001,rateDW,0.5
P02_L100,P02,P02_L100_M001,correctTick,0
P02_L100,P02,P02_L100_M001,count_Reversals,0
P02_L100,P02,P02_L100_M001,probe_LR,0
P02_L100,P02,P02_L100_M001,human_LR,0
P02_L100,P02,P02_L100_M001,posY,0
P02_L100,P02,P02_L100_M001,rateUP,0.5
P02_L100,P02,P02_L100_M001,probe_pos (m),0.0
P02_L100,P02,P02_L100_M001,text,-1
P02_L100,P02,P02_L100_M001,reversePOINT,1
P02_L100,P02,P02_L100_M001,trialPOINT,8
P02_L100,P02,P02_L100_M001,nDW,4
P02_L100,P02,P02_L100_M001,nUP,1
P02_L100,P02,P02_L100_M001,start_weber_Contrast,1.0
P02_L100,P02,P02_L100_M001,number_trials,80
P02_L100,P02,P02_L100_M001,terminationINDEX,9
P02_L100,P02,P02_L100_M001,stepDWUP,0.005
P02_L100,P02,P02_L100_M001,logUNIT_UP,0.36
P02_L100,P02,P02_L100_M001,logUNIT_DW,0.30294
P02_L100,P02,P02_L100_M001,condRule,2
P02_L100,P02,P02_L100_M001,preReversalStepDW,0.36
P02_L100,P02,P02_L100_M001,Reversal_or_Trial,1
P02_L100,P02,P02_L100_M001,limit_Trial_Run,100
P02_L100,P02,P02_L100_M001,max_monitor_cdm2,400
P02_L100,P02,P02_L100_M001,bkg_monitor_cdm2,100
P02_L100,P02,P02_L100_M001,width,374.94805047229414
P02_L100,P02,P02_L100_M001,fs,63.0
P02_L100,P02,P02_L100_M001,ph,0.0
P02_L100,P02,P02_L100_M001,speed,0.0
P02_L100,P02,P02_L100_M001,contr,0.018
P02_L100,P02,P02_L100_M001,theta,0.0
P02_L100,P02,P02_L100_M001,bg,0.54
P02_L100,P02,P02_L100_M001,box,False
P02_L100,P02,P02_L100_M001,Lbg,25
P02_L100,P02,P02_L100_M001,Lmin,0.0
P02_L100,P02,P02_L100_M001,Lmax,25
P02_L100,P02,P02_L100_M001,gamma,0.0
P02_L100,P02,P02_L100_M001,BRTRR,1.2
P02_L100,P02,P02_L100_M001,flanker_width,5.0
P02_L100,P02,P02_L100_M001,flanker_displacement,3.0
P02_L100,P02,P02_L100_M001,probe_displacement_dx,0.4
P02_L100,P02,P02_L100_M001,probe_displacement_dy,0.2
P02_L100,P02,P02_L100_M001,pixel_metre_ratio,0.00023289062499999997
P02_L100,P02,P02_L100_M001,SdeX,0.05
P02_L100,P02,P02_L100_M001,SdeY,0.05
P02_L100,P02,P02_L100_M001,Probe_Height_Deg,0.13343643869556676
P02_L100,P02,P02_L100_M001,Probe_width_Deg,0.013343649840352816
P02_L100,P02,P02_L100_M002,distance_To_Monitor,1.0
P02_L100,P02,P02_L100_M002,win_widthy_Pixel,2560
P02_L100,P02,P02_L100_M002,win_widthx_Pixel,1440
P02_L100,P02,P02_L100_M002,win_widthy_Meter,0.3353
P02_L100,P02,P02_L100_M002,win_widthx_Meter,0.5962
P02_L100,P02,P02_L100_M002,Pixel Per Inch,164
P02_L100,P02,P02_L100_M002,Pixel width (m),0.00023289062499999997
P02_L100,P02,P02_L100_M002,Pixel Pitch (mm),0.155*0.155
P02_L100,P02,P02_L100_M002,bkg_intensity,0.54
P02_L100,P02,P02_L100_M002,max_intensity,1.0
P02_L100,P02,P02_L100_M002,time_Stimulus,250
P02_L100,P02,P02_L100_M002,reversalN,0.0
P02_L100,P02,P02_L100_M002,rateDW,0.5
P02_L100,P02,P02_L100_M002,correctTick,0
P02_L100,P02,P02_L100_M002,count_Reversals,0
P02_L100,P02,P02_L100_M002,probe_LR,0
P02_L100,P02,P02_L100_M002,human_LR,0
P02_L100,P02,P02_L100_M002,posY,0
P02_L100,P02,P02_L100_M002,rateUP,0.5
P02_L100,P02,P02_L100_M002,probe_pos (m),0.0
P02_L100,P02,P02_L100_M002,text,-1
P02_L100,P02,P02_L100_M002,reversePOINT,1
P02_L100,P02,P02_L100_M002,trialPOINT,8
P02_L100,P02,P02_L100_M002,nDW,4
P02_L100,P02,P02_L100_M002,nUP,1
P02_L100,P02,P02_L100_M002,start_weber_Contrast,1.0
P02_L100,P02,P02_L100_M002,number_trials,80
P02_L100,P02,P02_L100_M002,terminationINDEX,9
P02_L100,P02,P02_L100_M002,stepDWUP,0.005
P02_L100,P02,P02_L100_M002,logUNIT_UP,0.36
P02_L100,P02,P02_L100_M002,logUNIT_DW,0.30294
P02_L100,P02,P02_L100_M002,condRule,2
P02_L100,P02,P02_L100_M002,preReversalStepDW,0.36
P02_L100,P02,P02_L100_M002,Reversal_or_Trial,1
P02_L100,P02,P02_L100_M002,limit_Trial_Run,100
P02_L100,P02,P02_L100_M002,max_monitor_cdm2,400
P02_L100,P02,P02_L100_M002,bkg_monitor_cdm2,100
P02_L100,P02,P02_L100_M002,width,374.94805047229414
P02_L100,P02,P02_L100_M002,fs,63.0
P02_L100,P02,P02_L100_M002,ph,0.0
P02_L100,P02,P02_L100_M002,speed,0.0
P02_L100,P02,P02_L100_M002,contr,0.018
P02_L100,P02,P02_L100_M002,theta,0.0
P02_L100,P02,P02_L100_M002,bg,0.54
P02_L100,P02,P02_L100_M002,box,False
P02_L100,P02,P02_L100_M002,Lbg,25
P02_L100,P02,P02_L100_M002,Lmin,0.0
P02_L100,P02,P02_L100_M002,Lmax,25
P02_L100,P02,P02_L100_M002,gamma,0.0
P02_L100,P02,P02_L100_M002,BRTRR,1.2
P02_L100,P02,P02_L100_M002,flanker_width,5.0
P02_L100,P02,P02_L100_M002,flanker_displacement,3.0
P02_L100,P02,P02_L100_M002,probe_displacement_dx,0.4
P02_L100,P02,P02_L100_M002,probe_displacement_dy,0.2
P02_L100,P02,P02_L100_M002,pixel_metre_ratio,0.00023289062499999997
P02_L100,P02,P02_L100_M002,SdeX,0.05
P02_L100,P02,P02_L100_M002,SdeY,0.05
P02_L100,P02,P02_L100_M002,Probe_Height_Deg,0.13343643869556676
P02_L100,P02,P02_L100_M002,Probe_width_Deg,0.013343649840352816
P02_L100,P02,P02_L100_M003,distance_To_Monitor,1.0
P02_L100,P02,P02_L100_M003,win_widthy_Pixel,2560
P02_L100,P02,P02_L100_M003,win_widthx_Pixel,1440
P02_L100,P02,P02_L100_M003,win_widthy_Meter,0.3353
P02_L100,P02,P02_L100_M003,win_widthx_Meter,0.5962
P02_L100,P02,P02_L100_M003,Pixel Per Inch,164
P02_L100,P02,P02_L100_M003,Pixel width (m),0.00023289062499999997
P02_L100,P02,P02_L100_M003,Pixel Pitch (mm),0.155*0.155
P02_L100,P02,P02_L100_M003,bkg_intensity,0.54
P02_L100,P02,P02_L100_M003,max_intensity,1.0
P02_L100,P02,P02_L100_M003,time_Stimulus,250
P02_L100,P02,P02_L100_M003,reversalN,0.0
P02_L100,P02,P02_L100_M003,rateDW,0.5
P02_L100,P02,P02_L100_M003,correctTick,0
P02_L100,P02,P02_L100_M003,count_Reversals,0
P02_L100,P02,P02_L100_M003,probe_LR,0
P02_L100,P02,P02_L100_M003,human_LR,0
P02_L100,P02,P02_L100_M003,posY,0
P02_L100,P02,P02_L100_M003,rateUP,0.5
P02_L100,P02,P02_L100_M003,probe_pos (m),0.0
P02_L100,P02,P02_L100_M003,text,-1
P02_L100,P02,P02_L100_M003,reversePOINT,1
P02_L100,P02,P02_L100_M003,trialPOINT,8
P02_L100,P02,P02_L100_M003,nDW,4
P02_L100,P02,P02_L100_M003,nUP,1
P02_L100,P02,P02_L100_M003,start_weber_Contrast,1.0
P02_L100,P02,P02_L100_M003,number_trials,80
P02_L100,P02,P02_L100_M003,terminationINDEX,9
P02_L100,P02,P02_L100_M003,stepDWUP,0.005
P02_L100,P02,P02_L100_M003,logUNIT_UP,0.36
P02_L100,P02,P02_L100_M003,logUNIT_DW,0.30294
P02_L100,P02,P02_L100_M003,condRule,2
P02_L100,P02,P02_L100_M003,preReversalStepDW,0.36
P02_L100,P02,P02_L100_M003,Reversal_or_Trial,1
P02_L100,P02,P02_L100_M003,limit_Trial_Run,100
P02_L100,P02,P02_L100_M003,max_monitor_cdm2,400
P02_L100,P02,P02_L100_M003,bkg_monitor_cdm2,100
P02_L100,P02,P02_L100_M003,width,374.94805047229414
P02_L100,P02,P02_L100_M003,fs,63.0
P02_L100,P02,P02_L100_M003,ph,0.0
P02_L100,P02,P02_L100_M003,speed,0.0
P02_L100,P02,P02_L100_M003,contr,0.018
P02_L100,P02,P02_L100_M003,theta,0.0
P02_L100,P02,P02_L100_M003,bg,0.54
P02_L100,P02,P02_L100_M003,box,False
P02_L100,P02,P02_L100_M003,Lbg,25
P02_L100,P02,P02_L100_M003,Lmin,0.0
P02_L100,P02,P02_L100_M003,Lmax,25
P02_L100,P02,P02_L100_M003,gamma,0.0
P02_L100,P02,P02_L100_M003,BRTRR,1.2
P02_L100,P02,P02_L100_M003,flanker_width,5.0
P02_L100,P02,P02_L100_M003,flanker_displacement,3.0
P02_L100,P02,P02_L100_M003,probe_displacement_dx,0.4
P02_L100,P02,P02_L100_M003,probe_displacement_dy,0.2
P02_L100,P02,P02_L100_M003,pixel_metre_ratio,0.00023289062499999997
P02_L100,P02,P02_L100_M003,SdeX,0.05
P02_L100,P02,P02_L100_M003,SdeY,0.05
P02_L100,P02,P02_L100_M003,Probe_Height_Deg,0.13343643869556676
P02_L100,P02,P02_L100_M003,Probe_width_Deg,0.013343649840352816
P02_L100,P02,P02_L100_M004,distance_To_Monitor,1.0
P02_L100,P02,P02_L100_M004,win_widthy_Pixel,2560
P02_L100,P02,P02_L100_M004,win_widthx_Pixel,1440
P02_L100,P02,P02_L100_M004,win_widthy_Meter,0.3353
P02_L100,P02,P02_L100_M004,win_widthx_Meter,0.5962
P02_L100,P02,P02_L100_M004,Pixel Per Inch,164
P02_L100,P02,P02_L100_M004,Pixel width (m),0.00023289062499999997
P02_L100,P02,P02_L100_M004,Pixel Pitch (mm),0.155*0.155
P02_L100,P02,P02_L100_M004,bkg_intensity,0.54
P02_L100,P02,P02_L100_M004,max_intensity,1.0
P02_L100,P02,P02_L100_M004,time_Stimulus,250
P02_L100,P02,P02_L100_M004,reversalN,0.0
P02_L100,P02,P02_L100_M004,rateDW,0.5
P02_L100,P02,P02_L100_M004,correctTick,0
P02_L100,P02,P02_L100_M004,count_Reversals,0
P02_L100,P02,P02_L100_M004,probe_LR,0
P02_L100,P02,P02_L100_M004,human_LR,0
P02_L100,P02,P02_L100_M004,posY,0
P02_L100,P02,P02_L100_M004,rateUP,0.5
P02_L100,P02,P02_L100_M004,probe_pos (m),0.0
P02_L100,P02,P02_L100_M004,text,-1
P02_L100,P02,P02_L100_M004,reversePOINT,1
P02_L100,P02,P02_L100_M004,trialPOINT,8
P02_L100,P02,P02_L100_M004,nDW,4
P02_L100,P02,P02_L100_M004,nUP,1
P02_L100,P02,P02_L100_M004,start_weber_Contrast,1.0
P02_L100,P02,P02_L100_M004,number_trials,80
P02_L100,P02,P02_L100_M004,terminationINDEX,9
P02_L100,P02,P02_L100_M004,stepDWUP,0.005
P02_L100,P02,P02_L100_M004,logUNIT_UP,0.36
P02_L100,P02,P02_L100_M004,logUNIT_DW,0.30294
P02_L100,P02,P02_L100_M004,condRule,2
P02_L100,P02,P02_L100_M004,preReversalStepDW,0.36
P02_L100,P02,P02_L100_M004,Reversal_or_Trial,1
P02_L100,P02,P02_L100_M004,limit_Trial_Run,100
P02_L100,P02,P02_L100_M004,max_monitor_cdm2,400
P02_L100,P02,P02_L100_M004,bkg_monitor_cdm2,100
P02_L100,P02,P02_L100_M004,width,374.94805047229414
P02_L100,P02,P02_L100_M004,fs,63.0
P02_L100,P02,P02_L100_M004,ph,0.0
P02_L100,P02,P02_L100_M004,speed,0.0
P02_L100,P02,P02_L100_M004,contr,0.018
P02_L100,P02,P02_L100_M004,theta,0.0
P02_L100,P02,P02_L100_M004,bg,0.54
P02_L100,P02,P02_L100_M004,box,False
P02_L100,P02,P02_L100_M004,Lbg,25
P02_L100,P02,P02_L100_M004,Lmin,0.0
P02_L100,P02,P02_L100_M004,Lmax,25
P02_L100,P02,P02_L100_M004,gamma,0.0
P02_L100,P02,P02_L100_M004,BRTRR,1.2
P02_L100,P02,P02_L100_M004,flanker_width,5.0
P02_L100,P02,P02_L100_M004,flanker_displacement,3.0
P02_L100,P02,P02_L100_M004,probe_displacement_dx,0.4
P02_L100,P02,P02_L100_M004,probe_displacement_dy,0.2
P02_L100,P02,P02_L100_M004,pixel_metre_ratio,0.00023289062499999997
P02_L100,P02,P02_L100_M004,SdeX,0.05
P02_L100,P02,P02_L100_M004,SdeY,0.05
P02_L100,P02,P02_L100_M004,Probe_Height_Deg,0.13343643869556676
P02_L100,P02,P02_L100_M004,Probe_width_Deg,0.013343649840352816
P02_L100,P02,P02_L100_M005,distance_To_Monitor,1.0
P02_L100,P02,P02_L100_M005,win_widthy_Pixel,2560
P02_L100,P02,P02_L100_M005,win_widthx_Pixel,1440
P02_L100,P02,P02_L100_M005,win_widthy_Meter,0.3353
P02_L100,P02,P02_L100_M005,win_widthx_Meter,0.5962
P02_L100,P02,P02_L100_M005,Pixel Per Inch,164
P02_L100,P02,P02_L100_M005,Pixel width (m),0.00023289062499999997
P02_L100,P02,P02_L100_M005,Pixel Pitch (mm),0.155*0.155
P02_L100,P02,P02_L100_M005,bkg_intensity,0.54
P02_L100,P02,P02_L100_M005,max_intensity,1.0
P02_L100,P02,P02_L100_M005,time_Stimulus,250
P02_L100,P02,P02_L100_M005,reversalN,0.0
P02_L100,P02,P02_L100_M005,rateDW,0.5
P02_L100,P02,P02_L100_M005,correctTick,0
P02_L100,P02,P02_L100_M005,count_Reversals,0
P02_L100,P02,P02_L100_M005,probe_LR,0
P02_L100,P02,P02_L100_M005,human_LR,0
P02_L100,P02,P02_L100_M005,posY,0
P02_L100,P02,P02_L100_M005,rateUP,0.5
P02_L100,P02,P02_L100_M005,probe_pos (m),0.0
P02_L100,P02,P02_L100_M005,text,-1
P02_L100,P02,P02_L100_M005,reversePOINT,1
P02_L100,P02,P02_L100_M005,trialPOINT,8
P02_L100,P02,P02_L100_M005,nDW,4
P02_L100,P02,P02_L100_M005,nUP,1
P02_L100,P02,P02_L100_M005,start_weber_Contrast,1.0
P02_L100,P02,P02_L100_M005,number_trials,80
P02_L100,P02,P02_L100_M005,terminationINDEX,9
P02_L100,P02,P02_L100_M005,stepDWUP,0.005
P02_L100,P02,P02_L100_M005,logUNIT_UP,0.36
P02_L100,P02,P02_L100_M005,logUNIT_DW,0.30294
P02_L100,P02,P02_L100_M005,condRule,2
P02_L100,P02,P02_L100_M005,preReversalStepDW,0.36
P02_L100,P02,P02_L100_M005,Reversal_or_Trial,1
P02_L100,P02,P02_L100_M005,limit_Trial_Run,100
P02_L100,P02,P02_L100_M005,max_monitor_cdm2,400
P02_L100,P02,P02_L100_M005,bkg_monitor_cdm2,100
P02_L100,P02,P02_L100_M005,width,374.94805047229414
P02_L100,P02,P02_L100_M005,fs,63.0
P02_L100,P02,P02_L100_M005,ph,0.0
P02_L100,P02,P02_L100_M005,speed,0.0
P02_L100,P02,P02_L100_M005,contr,0.018
P02_L100,P02,P02_L100_M005,theta,0.0
P02_L100,P02,P02_L100_M005,bg,0.54
P02_L100,P02,P02_L100_M005,box,False
P02_L100,P02,P02_L100_M005,Lbg,25
P02_L100,P02,P02_L100_M005,Lmin,0.0
P02_L100,P02,P02_L100_M005,Lmax,25
P02_L100,P02,P02_L100_M005,gamma,0.0
P02_L100,P02,P02_L100_M005,BRTRR,1.2
P02_L100,P02,P02_L100_M005,flanker_width,5.0
P02_L100,P02,P02_L100_M005,flanker_displacement,3.0
P02_L100,P02,P02_L100_M005,probe_displacement_dx,0.4
P02_L100,P02,P02_L100_M005,probe_displacement_dy,0.2
P02_L100,P02,P02_L100_M005,pixel_metre_ratio,0.00023289062499999997
P02_L100,P02,P02_L100_M005,SdeX,0.05
P02_L100,P02,P02_L100_M005,SdeY,0.05
P02_L100,P02,P02_L100_M005,Probe_Height_Deg,0.13343643869556676
P02_L100,P02,P02_L100_M005,Probe_width_Deg,0.013343649840352816
P02_L100,P02,P02_L100_M006,distance_To_Monitor,1.0
P02_L100,P02,P02_L100_M006,win_widthy_Pixel,2560
P02_L100,P02,P02_L100_M006,win_widthx_Pixel,1440
P02_L100,P02,P02_L100_M006,win_widthy_Meter,0.3353
P02_L100,P02,P02_L100_M006,win_widthx_Meter,0.5962
P02_L100,P02,P02_L100_M006,Pixel Per Inch,164
P02_L100,P02,P02_L100_M006,Pixel width (m),0.00023289062499999997
P02_L100,P02,P02_L100_M006,Pixel Pitch (mm),0.155*0.155
P02_L100,P02,P02_L100_M006,bkg_intensity,0.54
P02_L100,P02,P02_L100_M006,max_intensity,1.0
P02_L100,P02,P02_L100_M006,time_Stimulus,250
P02_L100,P02,P02_L100_M006,reversalN,0.0
P02_L100,P02,P02_L100_M006,rateDW,0.5
P02_L100,P02,P02_L100_M006,correctTick,0
P02_L100,P02,P02_L100_M006,count_Reversals,0
P02_L100,P02,P02_L100_M006,probe_LR,0
P02_L100,P02,P02_L100_M006,human_LR,0
P02_L100,P02,P02_L100_M006,posY,0
P02_L100,P02,P02_L100_M006,rateUP,0.5
P02_L100,P02,P02_L100_M006,probe_pos (m),0.0
P02_L100,P02,P02_L100_M006,text,-1
P02_L100,P02,P02_L100_M006,reversePOINT,1
P02_L100,P02,P02_L100_M006,trialPOINT,8
P02_L100,P02,P02_L100_M006,nDW,4
P02_L100,P02,P02_L100_M006,nUP,1
P02_L100,P02,P02_L100_M006,start_weber_Contrast,1.0
P02_L100,P02,P02_L100_M006,number_trials,80
P02_L100,P02,P02_L100_M006,terminationINDEX,9
P02_L100,P02,P02_L100_M006,stepDWUP,0.005
P02_L100,P02,P02_L100_M006,logUNIT_UP,0.36
P02_L100,P02,P02_L100_M006,logUNIT_DW,0.30294
P02_L100,P02,P02_L100_M006,condRule,2
P02_L100,P02,P02_L100_M006,preReversalStepDW,0.36
P02_L100,P02,P02_L100_M006,Reversal_or_Trial,1
P02_L100,P02,P02_L100_M006,limit_Trial_Run,100
P02_L100,P02,P02_L100_M006,max_monitor_cdm2,400
P02_L100,P02,P02_L100_M006,bkg_monitor_cdm2,100
P02_L100,P02,P02_L100_M006,width,374.94805047229414
P02_L100,P02,P02_L100_M006,fs,63.0
P02_L100,P02,P02_L100_M006,ph,0.0
P02_L100,P02,P02_L100_M006,speed,0.0
P02_L100,P02,P02_L100_M006,contr,0.018
P02_L100,P02,P02_L100_M006,theta,0.0
P02_L100,P02,P02_L100_M006,bg,0.54
P02_L100,P02,P02_L100_M006,box,False
P02_L100,P02,P02_L100_M006,Lbg,25
P02_L100,P02,P02_L100_M006,Lmin,0.0
P02_L100,P02,P02_L100_M006,Lmax,25
P02_L100,P02,P02_L100_M006,gamma,0.0
P02_L100,P02,P02_L100_M006,BRTRR,1.2
P02_L100,P02,P02_L100_M006,flanker_width,5.0
P02_L100,P02,P02_L100_M006,flanker_displacement,3.0
P02_L100,P02,P02_L100_M006,probe_displacement_dx,0.4
P02_L100,P02,P02_L100_M006,probe_displacement_dy,0.2
P02_L100,P02,P02_L100_M006,pixel_metre_ratio,0.00023289062499999997
P02_L100,P02,P02_L100_M006,SdeX,0.05
P02_L100,P02,P02_L100_M006,SdeY,0.05
P02_L100,P02,P02_L100_M006,Probe_Height_Deg,0.13343643869556676
P02_L100,P02,P02_L100_M006,Probe_width_Deg,0.013343649840352816
P02_L100,P02,P02_L100_M007,distance_To_Monitor,1.0
P02_L100,P02,P02_L100_M007,win_widthy_Pixel,2560
P02_L100,P02,P02_L100_M007,win_widthx_Pixel,1440
P02_L100,P02,P02_L100_M007,win_widthy_Meter,0.3353
P02_L100,P02,P02_L100_M007,win_widthx_Meter,0.5962
P02_L100,P02,P02_L100_M007,Pixel Per Inch,164
P02_L100,P02,P02_L100_M007,Pixel width (m),0.00023289062499999997
P02_L100,P02,P02_L100_M007,Pixel Pitch (mm),0.155*0.155
P02_L100,P02,P02_L100_M007,bkg_intensity,0.54
P02_L100,P02,P02_L100_M007,max_intensity,1.0
P02_L100,P02,P02_L100_M007,time_Stimulus,250
P02_L100,P02,P02_L100_M007,reversalN,0.0
P02_L100,P02,P02_L100_M007,rateDW,0.5
P02_L100,P02,P02_L100_M007,correctTick,0
P02_L100,P02,P02_L100_M007,count_Reversals,0
P02_L100,P02,P02_L100_M007,probe_LR,0
P02_L100,P02,P02_L100_M007,human_LR,0
P02_L100,P02,P02_L100_M007,posY,0
P02_L100,P02,P02_L100_M007,rateUP,0.5
P02_L100,P02,P02_L100_M007,probe_pos (m),0.0
P02_L100,P02,P02_L100_M007,text,-1
P02_L100,P02,P02_L100_M007,reversePOINT,1
P02_L100,P02,P02_L100_M007,trialPOINT,8
P02_L100,P02,P02_L100_M007,nDW,4
P02_L100,P02,P02_L100_M007,nUP,1
P02_L100,P02,P02_L100_M007,start_weber_Contrast,1.0
P02_L100,P02,P02_L100_M007,number_trials,80
P02_L100,P02,P02_L100_M007,terminationINDEX,9
P02_L100,P02,P02_L100_M007,stepDWUP,0.005
P02_L100,P02,P02_L100_M007,logUNIT_UP,0.36
P02_L100,P02,P02_L100_M007,logUNIT_DW,0.30294
P02_L100,P02,P02_L100_M007,condRule,2
P02_L100,P02,P02_L100_M007,preReversalStepDW,0.36
P02_L100,P02,P02_L100_M007,Reversal_or_Trial,1
P02_L100,P02,P02_L100_M007,limit_Trial_Run,100
P02_L100,P02,P02_L100_M007,max_monitor_cdm2,400
P02_L100,P02,P02_L100_M007,bkg_monitor_cdm2,100
P02_L100,P02,P02_L100_M007,width,374.94805047229414
P02_L100,P02,P02_L100_M007,fs,63.0
P02_L100,P02,P02_L100_M007,ph,0.0
P02_L100,P02,P02_L100_M007,speed,0.0
P02_L100,P02,P02_L100_M007,contr,0.018
P02_L100,P02,P02_L100_M007,theta,0.0
P02_L100,P02,P02_L100_M007,bg,0.54
P02_L100,P02,P02_L100_M007,box,False
P02_L100,P02,P02_L100_M007,Lbg,25
P02_L100,P02,P02_L100_M007,Lmin,0.0
P02_L100,P02,P02_L100_M007,Lmax,25
P02_L100,P02,P02_L100_M007,gamma,0.0
P02_L100,P02,P02_L100_M007,BRTRR,1.2
P02_L100,P02,P02_L100_M007,flanker_width,5.0
P02_L100,P02,P02_L100_M007,flanker_displacement,3.0
P02_L100,P02,P02_L100_M007,probe_displacement_dx,0.4
P02_L100,P02,P02_L100_M007,probe_displacement_dy,0.2
P02_L100,P02,P02_L100_M007,pixel_metre_ratio,0.00023289062499999997
P02_L100,P02,P02_L100_M007,SdeX,0.05
P02_L100,P02,P02_L100_M007,SdeY,0.05
P02_L100,P02,P02_L100_M007,Probe_Height_Deg,0.13343643869556676
P02_L100,P02,P02_L100_M007,Probe_width_Deg,0.013343649840352816
P02_L100,P02,P02_L100_M008,distance_To_Monitor,1.0
P02_L100,P02,P02_L100_M008,win_widthy_Pixel,2560
P02_L100,P02,P02_L100_M008,win_widthx_Pixel,1440
P02_L100,P02,P02_L100_M008,win_widthy_Meter,0.3353
P02_L100,P02,P02_L100_M008,win_widthx_Meter,0.5962
P02_L100,P02,P02_L100_M008,Pixel Per Inch,164
P02_L100,P02,P02_L100_M008,Pixel width (m),0.00023289062499999997
P02_L100,P02,P02_L100_M008,Pixel Pitch (mm),0.155*0.155
P02_L100,P02,P02_L100_M008,bkg_intensity,0.54
P02_L100,P02,P02_L100_M008,max_intensity,1.0
P02_L100,P02,P02_L100_M008,time_Stimulus,250
P02_L100,P02,P02_L100_M008,reversalN,0.0
P02_L100,P02,P02_L100_M008,rateDW,0.5
P02_L100,P02,P02_L100_M008,correctTick,0
P02_L100,P02,P02_L100_M008,count_Reversals,0
P02_L100,P02,P02_L100_M008,probe_LR,0
P02_L100,P02,P02_L100_M008,human_LR,0
P02_L100,P02,P02_L100_M008,posY,0
P02_L100,P02,P02_L100_M008,rateUP,0.5
P02_L100,P02,P02_L100_M008,probe_pos (m),0.0
P02_L100,P02,P02_L100_M008,text,-1
P02_L100,P02,P02_L100_M008,reversePOINT,1
P02_L100,P02,P02_L100_M008,trialPOINT,8
P02_L100,P02,P02_L100_M008,nDW,4
P02_L100,P02,P02_L100_M008,nUP,1
P02_L100,P02,P02_L100_M008,start_weber_Contrast,1.0
P02_L100,P02,P02_L100_M008,number_trials,80
P02_L100,P02,P02_L100_M008,terminationINDEX,9
P02_L100,P02,P02_L100_M008,stepDWUP,0.005
P02_L100,P02,P02_L100_M008,logUNIT_UP,0.36
P02_L100,P02,P02_L100_M008,logUNIT_DW,0.30294
P02_L100,P02,P02_L100_M008,condRule,2
P02_L100,P02,P02_L100_M008,preReversalStepDW,0.36
P02_L100,P02,P02_L100_M008,Reversal_or_Trial,1
P02_L100,P02,P02_L100_M008,limit_Trial_Run,100
P02_L100,P02,P02_L100_M008,max_monitor_cdm2,400
P02_L100,P02,P02_L100_M008,bkg_monitor_cdm2,100
P02_L100,P02,P02_L100_M008,width,374.94805047229414
P02_L100,P02,P02_L100_M008,fs,63.0
P02_L100,P02,P02_L100_M008,ph,0.0
P02_L100,P02,P02_L100_M008,speed,0.0
P02_L100,P02,P02_L100_M008,contr,0.018
P02_L100,P02,P02_L100_M008,theta,0.0
P02_L100,P02,P02_L100_M008,bg,0.54
P02_L100,P02,P02_L100_M008,box,False
P02_L100,P02,P02_L100_M008,Lbg,25
P02_L100,P02,P02_L100_M008,Lmin,0.0
P02_L100,P02,P02_L100_M008,Lmax,25
P02_L100,P02,P02_L100_M008,gamma,0.0
P02_L100,P02,P02_L100_M008,BRTRR,1.2
P02_L100,P02,P02_L100_M008,flanker_width,5.0
P02_L100,P02,P02_L100_M008,flanker_displacement,3.0
P02_L100,P02,P02_L100_M008,probe_displacement_dx,0.4
P02_L100,P02,P02_L100_M008,probe_displacement_dy,0.2
P02_L100,P02,P02_L100_M008,pixel_metre_ratio,0.00023289062499999997
P02_L100,P02,P02_L100_M008,SdeX,0.05
P02_L100,P02,P02_L100_M008,SdeY,0.05
P02_L100,P02,P02_L100_M008,Probe_Height_Deg,0.13343643869556676
P02_L100,P02,P02_L100_M008,Probe_width_Deg,0.013343649840352816
P02_L204,P02,P02_L204_M001,distance_To_Monitor,1.0
P02_L204,P02,P02_L204_M001,win_widthy_Pixel,2560
P02_L204,P02,P02_L204_M001,win_widthx_Pixel,1440
P02_L204,P02,P02_L204_M001,win_widthy_Meter,0.3353
P02_L204,P02,P02_L204_M001,win_widthx_Meter,0.5962
P02_L204,P02,P02_L204_M001,Pixel Per Inch,164
P02_L204,P02,P02_L204_M001,Pixel width (m),0.00023289062499999997
P02_L204,P02,P02_L204_M001,Pixel Pitch (mm),0.155*0.155
P02_L204,P02,P02_L204_M001,bkg_intensity,0.72
P02_L204,P02,P02_L204_M001,max_intensity,1.0
P02_L204,P02,P02_L204_M001,time_Stimulus,250
P02_L204,P02,P02_L204_M001,reversalN,0.0
P02_L204,P02,P02_L204_M001,rateDW,0.5
P02_L204,P02,P02_L204_M001,correctTick,0
P02_L204,P02,P02_L204_M001,count_Reversals,0
P02_L204,P02,P02_L204_M001,probe_LR,0
P02_L204,P02,P02_L204_M001,human_LR,0
P02_L204,P02,P02_L204_M001,posY,0
P02_L204,P02,P02_L204_M001,rateUP,0.5
P02_L204,P02,P02_L204_M001,probe_pos (m),0.0
P02_L204,P02,P02_L204_M001,text,-1
P02_L204,P02,P02_L204_M001,reversePOINT,1
P02_L204,P02,P02_L204_M001,trialPOINT,7
P02_L204,P02,P02_L204_M001,nDW,4
P02_L204,P02,P02_L204_M001,nUP,1
P02_L204,P02,P02_L204_M001,start_weber_Contrast,1.0
P02_L204,P02,P02_L204_M001,number_trials,80
P02_L204,P02,P02_L204_M001,terminationINDEX,9
P02_L204,P02,P02_L204_M001,stepDWUP,0.005
P02_L204,P02,P02_L204_M001,logUNIT_UP,0.36
P02_L204,P02,P02_L204_M001,logUNIT_DW,0.30294
P02_L204,P02,P02_L204_M001,condRule,2
P02_L204,P02,P02_L204_M001,preReversalStepDW,0.36
P02_L204,P02,P02_L204_M001,Reversal_or_Trial,1
P02_L204,P02,P02_L204_M001,limit_Trial_Run,100
P02_L204,P02,P02_L204_M001,max_monitor_cdm2,500
P02_L204,P02,P02_L204_M001,bkg_monitor_cdm2,204
P02_L204,P02,P02_L204_M001,width,374.94805047229414
P02_L204,P02,P02_L204_M001,fs,63.0
P02_L204,P02,P02_L204_M001,ph,0.0
P02_L204,P02,P02_L204_M001,speed,0.0
P02_L204,P02,P02_L204_M001,contr,0.018
P02_L204,P02,P02_L204_M001,theta,0.0
P02_L204,P02,P02_L204_M001,bg,0.72
P02_L204,P02,P02_L204_M001,box,False
P02_L204,P02,P02_L204_M001,Lbg,25
P02_L204,P02,P02_L204_M001,Lmin,0.0
P02_L204,P02,P02_L204_M001,Lmax,25
P02_L204,P02,P02_L204_M001,gamma,0.0
P02_L204,P02,P02_L204_M001,BRTRR,1.2
P02_L204,P02,P02_L204_M001,flanker_width,5.0
P02_L204,P02,P02_L204_M001,flanker_displacement,3.0
P02_L204,P02,P02_L204_M001,probe_displacement_dx,0.4
P02_L204,P02,P02_L204_M001,probe_displacement_dy,0.2
P02_L204,P02,P02_L204_M001,pixel_metre_ratio,0.00023289062499999997
P02_L204,P02,P02_L204_M001,SdeX,0.05
P02_L204,P02,P02_L204_M001,SdeY,0.05
P02_L204,P02,P02_L204_M001,Probe_Height_Deg,0.13343643869556676
P02_L204,P02,P02_L204_M001,Probe_width_Deg,0.013343649840352816
P02_L204,P02,P02_L204_M002,distance_To_Monitor,1.0
P02_L204,P02,P02_L204_M002,win_widthy_Pixel,2560
P02_L204,P02,P02_L204_M002,win_widthx_Pixel,1440
P02_L204,P02,P02_L204_M002,win_widthy_Meter,0.3353
P02_L204,P02,P02_L204_M002,win_widthx_Meter,0.5962
P02_L204,P02,P02_L204_M002,Pixel Per Inch,164
P02_L204,P02,P02_L204_M002,Pixel width (m),0.00023289062499999997
P02_L204,P02,P02_L204_M002,Pixel Pitch (mm),0.155*0.155
P02_L204,P02,P02_L204_M002,bkg_intensity,0.72
P02_L204,P02,P02_L204_M002,max_intensity,1.0
P02_L204,P02,P02_L204_M002,time_Stimulus,250
P02_L204,P02,P02_L204_M002,reversalN,0.0
P02_L204,P02,P02_L204_M002,rateDW,0.5
P02_L204,P02,P02_L204_M002,correctTick,0
P02_L204,P02,P02_L204_M002,count_Reversals,0
P02_L204,P02,P02_L204_M002,probe_LR,0
P02_L204,P02,P02_L204_M002,human_LR,0
P02_L204,P02,P02_L204_M002,posY,0
P02_L204,P02,P02_L204_M002,rateUP,0.5
P02_L204,P02,P02_L204_M002,probe_pos (m),0.0
P02_L204,P02,P02_L204_M002,text,-1
P02_L204,P02,P02_L204_M002,reversePOINT,1
P02_L204,P02,P02_L204_M002,trialPOINT,7
P02_L204,P02,P02_L204_M002,nDW,4
P02_L204,P02,P02_L204_M002,nUP,1
P02_L204,P02,P02_L204_M002,start_weber_Contrast,1.0
P02_L204,P02,P02_L204_M002,number_trials,80
P02_L204,P02,P02_L204_M002,terminationINDEX,9
P02_L204,P02,P02_L204_M002,stepDWUP,0.005
P02_L204,P02,P02_L204_M002,logUNIT_UP,0.36
P02_L204,P02,P02_L204_M002,logUNIT_DW,0.30294
P02_L204,P02,P02_L204_M002,condRule,2
P02_L204,P02,P02_L204_M002,preReversalStepDW,0.36
P02_L204,P02,P02_L204_M002,Reversal_or_Trial,1
P02_L204,P02,P02_L204_M002,limit_Trial_Run,100
P02_L204,P02,P02_L204_M002,max_monitor_cdm2,500
P02_L204,P02,P02_L204_M002,bkg_monitor_cdm2,204
P02_L204,P02,P02_L204_M002,width,374.94805047229414
P02_L204,P02,P02_L204_M002,fs,63.0
P02_L204,P02,P02_L204_M002,ph,0.0
P02_L204,P02,P02_L204_M002,speed,0.0
P02_L204,P02,P02_L204_M002,contr,0.018
P02_L204,P02,P02_L204_M002,theta,0.0
P02_L204,P02,P02_L204_M002,bg,0.72
P02_L204,P02,P02_L204_M002,box,False
P02_L204,P02,P02_L204_M002,Lbg,25
P02_L204,P02,P02_L204_M002,Lmin,0.0
P02_L204,P02,P02_L204_M002,Lmax,25
P02_L204,P02,P02_L204_M002,gamma,0.0
P02_L204,P02,P02_L204_M002,BRTRR,1.2
P02_L204,P02,P02_L204_M002,flanker_width,5.0
P02_L204,P02,P02_L204_M002,flanker_displacement,3.0
P02_L204,P02,P02_L204_M002,probe_displacement_dx,0.4
P02_L204,P02,P02_L204_M002,probe_displacement_dy,0.2
P02_L204,P02,P02_L204_M002,pixel_metre_ratio,0.00023289062499999997
P02_L204,P02,P02_L204_M002,SdeX,0.05
P02_L204,P02,P02_L204_M002,SdeY,0.05
P02_L204,P02,P02_L204_M002,Probe_Height_Deg,0.13343643869556676
P02_L204,P02,P02_L204_M002,Probe_width_Deg,0.013343649840352816
P02_L204,P02,P02_L204_M003,distance_To_Monitor,1.0
P02_L204,P02,P02_L204_M003,win_widthy_Pixel,2560
P02_L204,P02,P02_L204_M003,win_widthx_Pixel,1440
P02_L204,P02,P02_L204_M003,win_widthy_Meter,0.3353
P02_L204,P02,P02_L204_M003,win_widthx_Meter,0.5962
P02_L204,P02,P02_L204_M003,Pixel Per Inch,164
P02_L204,P02,P02_L204_M003,Pixel width (m),0.00023289062499999997
P02_L204,P02,P02_L204_M003,Pixel Pitch (mm),0.155*0.155
P02_L204,P02,P02_L204_M003,bkg_intensity,0.72
P02_L204,P02,P02_L204_M003,max_intensity,1.0
P02_L204,P02,P02_L204_M003,time_Stimulus,250
P02_L204,P02,P02_L204_M003,reversalN,0.0
P02_L204,P02,P02_L204_M003,rateDW,0.5
P02_L204,P02,P02_L204_M003,correctTick,0
P02_L204,P02,P02_L204_M003,count_Reversals,0
P02_L204,P02,P02_L204_M003,probe_LR,0
P02_L204,P02,P02_L204_M003,human_LR,0
P02_L204,P02,P02_L204_M003,posY,0
P02_L204,P02,P02_L204_M003,rateUP,0.5
P02_L204,P02,P02_L204_M003,probe_pos (m),0.0
P02_L204,P02,P02_L204_M003,text,-1
P02_L204,P02,P02_L204_M003,reversePOINT,1
P02_L204,P02,P02_L204_M003,trialPOINT,7
P02_L204,P02,P02_L204_M003,nDW,4
P02_L204,P02,P02_L204_M003,nUP,1
P02_L204,P02,P02_L204_M003,start_weber_Contrast,1.0
P02_L204,P02,P02_L204_M003,number_trials,80
P02_L204,P02,P02_L204_M003,terminationINDEX,9
P02_L204,P02,P02_L204_M003,stepDWUP,0.005
P02_L204,P02,P02_L204_M003,logUNIT_UP,0.36
P02_L204,P02,P02_L204_M003,logUNIT_DW,0.30294
P02_L204,P02,P02_L204_M003,condRule,2
P02_L204,P02,P02_L204_M003,preReversalStepDW,0.36
P02_L204,P02,P02_L204_M003,Reversal_or_Trial,1
P02_L204,P02,P02_L204_M003,limit_Trial_Run,100
P02_L204,P02,P02_L204_M003,max_monitor_cdm2,500
P02_L204,P02,P02_L204_M003,bkg_monitor_cdm2,204
P02_L204,P02,P02_L204_M003,width,374.94805047229414
P02_L204,P02,P02_L204_M003,fs,63.0
P02_L204,P02,P02_L204_M003,ph,0.0
P02_L204,P02,P02_L204_M003,speed,0.0
P02_L204,P02,P02_L204_M003,contr,0.018
P02_L204,P02,P02_L204_M003,theta,0.0
P02_L204,P02,P02_L204_M003,bg,0.72
P02_L204,P02,P02_L204_M003,box,False
P02_L204,P02,P02_L204_M003,Lbg,25
P02_L204,P02,P02_L204_M003,Lmin,0.0
P02_L204,P02,P02_L204_M003,Lmax,25
P02_L204,P02,P02_L204_M003,gamma,0.0
P02_L204,P02,P02_L204_M003,BRTRR,1.2
P02_L204,P02,P02_L204_M003,flanker_width,5.0
P02_L204,P02,P02_L204_M003,flanker_displacement,3.0
P02_L204,P02,P02_L204_M003,probe_displacement_dx,0.4
P02_L204,P02,P02_L204_M003,probe_displacement_dy,0.2
P02_L204,P02,P02_L204_M003,pixel_metre_ratio,0.00023289062499999997
P02_L204,P02,P02_L204_M003,SdeX,0.05
P02_L204,P02,P02_L204_M003,SdeY,0.05
P02_L204,P02,P02_L204_M003,Probe_Height_Deg,0.13343643869556676
P02_L204,P02,P02_L204_M003,Probe_width_Deg,0.013343649840352816
P02_L204,P02,P02_L204_M004,distance_To_Monitor,1.0
P02_L204,P02,P02_L204_M004,win_widthy_Pixel,2560
P02_L204,P02,P02_L204_M004,win_widthx_Pixel,1440
P02_L204,P02,P02_L204_M004,win_widthy_Meter,0.3353
P02_L204,P02,P02_L204_M004,win_widthx_Meter,0.5962
P02_L204,P02,P02_L204_M004,Pixel Per Inch,164
P02_L204,P02,P02_L204_M004,Pixel width (m),0.00023289062499999997
P02_L204,P02,P02_L204_M004,Pixel Pitch (mm),0.155*0.155
P02_L204,P02,P02_L204_M004,bkg_intensity,0.72
P02_L204,P02,P02_L204_M004,max_intensity,1.0
P02_L204,P02,P02_L204_M004,time_Stimulus,250
P02_L204,P02,P02_L204_M004,reversalN,0.0
P02_L204,P02,P02_L204_M004,rateDW,0.5
P02_L204,P02,P02_L204_M004,correctTick,0
P02_L204,P02,P02_L204_M004,count_Reversals,0
P02_L204,P02,P02_L204_M004,probe_LR,0
P02_L204,P02,P02_L204_M004,human_LR,0
P02_L204,P02,P02_L204_M004,posY,0
P02_L204,P02,P02_L204_M004,rateUP,0.5
P02_L204,P02,P02_L204_M004,probe_pos (m),0.0
P02_L204,P02,P02_L204_M004,text,-1
P02_L204,P02,P02_L204_M004,reversePOINT,1
P02_L204,P02,P02_L204_M004,trialPOINT,7
P02_L204,P02,P02_L204_M004,nDW,4
P02_L204,P02,P02_L204_M004,nUP,1
P02_L204,P02,P02_L204_M004,start_weber_Contrast,1.0
P02_L204,P02,P02_L204_M004,number_trials,80
P02_L204,P02,P02_L204_M004,terminationINDEX,9
P02_L204,P02,P02_L204_M004,stepDWUP,0.005
P02_L204,P02,P02_L204_M004,logUNIT_UP,0.36
P02_L204,P02,P02_L204_M004,logUNIT_DW,0.30294
P02_L204,P02,P02_L204_M004,condRule,2
P02_L204,P02,P02_L204_M004,preReversalStepDW,0.36
P02_L204,P02,P02_L204_M004,Reversal_or_Trial,1
P02_L204,P02,P02_L204_M004,limit_Trial_Run,100
P02_L204,P02,P02_L204_M004,max_monitor_cdm2,500
P02_L204,P02,P02_L204_M004,bkg_monitor_cdm2,204
P02_L204,P02,P02_L204_M004,width,374.94805047229414
P02_L204,P02,P02_L204_M004,fs,63.0
P02_L204,P02,P02_L204_M004,ph,0.0
P02_L204,P02,P02_L204_M004,speed,0.0
P02_L204,P02,P02_L204_M004,contr,0.018
P02_L204,P02,P02_L204_M004,theta,0.0
P02_L204,P02,P02_L204_M004,bg,0.72
P02_L204,P02,P02_L204_M004,box,False
P02_L204,P02,P02_L204_M004,Lbg,25
P02_L204,P02,P02_L204_M004,Lmin,0.0
P02_L204,P02,P02_L204_M004,Lmax,25
P02_L204,P02,P02_L204_M004,gamma,0.0
P02_L204,P02,P02_L204_M004,BRTRR,1.2
P02_L204,P02,P02_L204_M004,flanker_width,5.0
P02_L204,P02,P02_L204_M004,flanker_displacement,3.0
P02_L204,P02,P02_L204_M004,probe_displacement_dx,0.4
P02_L204,P02,P02_L204_M004,probe_displacement_dy,0.2
P02_L204,P02,P02_L204_M004,pixel_metre_ratio,0.00023289062499999997
P02_L204,P02,P02_L204_M004,SdeX,0.05
P02_L204,P02,P02_L204_M004,SdeY,0.05
P02_L204,P02,P02_L204_M004,Probe_Height_Deg,0.13343643869556676
P02_L204,P02,P02_L204_M004,Probe_width_Deg,0.013343649840352816
P02_L300,P02,P02_L300_M001,distance_To_Monitor,1.0
P02_L300,P02,P02_L300_M001,win_widthy_Pixel,2560
P02_L300,P02,P02_L300_M001,win_widthx_Pixel,1440
P02_L300,P02,P02_L300_M001,win_widthy_Meter,0.3353
P02_L300,P02,P02_L300_M001,win_widthx_Meter,0.5962
P02_L300,P02,P02_L300_M001,Pixel Per Inch,164
P02_L300,P02,P02_L300_M001,Pixel width (m),0.00023289062499999997
P02_L300,P02,P02_L300_M001,Pixel Pitch (mm),0.155*0.155
P02_L300,P02,P02_L300_M001,bkg_intensity,0.86
P02_L300,P02,P02_L300_M001,max_intensity,1.0
P02_L300,P02,P02_L300_M001,time_Stimulus,250
P02_L300,P02,P02_L300_M001,reversalN,0.0
P02_L300,P02,P02_L300_M001,rateDW,0.5
P02_L300,P02,P02_L300_M001,correctTick,0
P02_L300,P02,P02_L300_M001,count_Reversals,0
P02_L300,P02,P02_L300_M001,probe_LR,0
P02_L300,P02,P02_L300_M001,human_LR,0
P02_L300,P02,P02_L300_M001,posY,0
P02_L300,P02,P02_L300_M001,rateUP,0.5
P02_L300,P02,P02_L300_M001,probe_pos (m),0.0
P02_L300,P02,P02_L300_M001,text,-1
P02_L300,P02,P02_L300_M001,reversePOINT,1
P02_L300,P02,P02_L300_M001,trialPOINT,7
P02_L300,P02,P02_L300_M001,nDW,4
P02_L300,P02,P02_L300_M001,nUP,1
P02_L300,P02,P02_L300_M001,start_weber_Contrast,1.0
P02_L300,P02,P02_L300_M001,number_trials,80
P02_L300,P02,P02_L300_M001,terminationINDEX,9
P02_L300,P02,P02_L300_M001,stepDWUP,0.005
P02_L300,P02,P02_L300_M001,logUNIT_UP,0.36
P02_L300,P02,P02_L300_M001,logUNIT_DW,0.30294
P02_L300,P02,P02_L300_M001,condRule,2
P02_L300,P02,P02_L300_M001,preReversalStepDW,0.36
P02_L300,P02,P02_L300_M001,Reversal_or_Trial,1
P02_L300,P02,P02_L300_M001,limit_Trial_Run,100
P02_L300,P02,P02_L300_M001,max_monitor_cdm2,500
P02_L300,P02,P02_L300_M001,bkg_monitor_cdm2,300
P02_L300,P02,P02_L300_M001,width,374.94805047229414
P02_L300,P02,P02_L300_M001,fs,63.0
P02_L300,P02,P02_L300_M001,ph,0.0
P02_L300,P02,P02_L300_M001,speed,0.0
P02_L300,P02,P02_L300_M001,contr,0.018
P02_L300,P02,P02_L300_M001,theta,0.0
P02_L300,P02,P02_L300_M001,bg,0.86
P02_L300,P02,P02_L300_M001,box,False
P02_L300,P02,P02_L300_M001,Lbg,25
P02_L300,P02,P02_L300_M001,Lmin,0.0
P02_L300,P02,P02_L300_M001,Lmax,25
P02_L300,P02,P02_L300_M001,gamma,0.0
P02_L300,P02,P02_L300_M001,BRTRR,1.2
P02_L300,P02,P02_L300_M001,flanker_width,5.0
P02_L300,P02,P02_L300_M001,flanker_displacement,3.0
P02_L300,P02,P02_L300_M001,probe_displacement_dx,0.4
P02_L300,P02,P02_L300_M001,probe_displacement_dy,0.2
P02_L300,P02,P02_L300_M001,pixel_metre_ratio,0.00023289062499999997
P02_L300,P02,P02_L300_M001,SdeX,0.05
P02_L300,P02,P02_L300_M001,SdeY,0.05
P02_L300,P02,P02_L300_M001,Probe_Height_Deg,0.13343643869556676
P02_L300,P02,P02_L300_M001,Probe_width_Deg,0.013343649840352816
P02_L300,P02,P02_L300_M002,distance_To_Monitor,1.0
P02_L300,P02,P02_L300_M002,win_widthy_Pixel,2560
P02_L300,P02,P02_L300_M002,win_widthx_Pixel,1440
P02_L300,P02,P02_L300_M002,win_widthy_Meter,0.3353
P02_L300,P02,P02_L300_M002,win_widthx_Meter,0.5962
P02_L300,P02,P02_L300_M002,Pixel Per Inch,164
P02_L300,P02,P02_L300_M002,Pixel width (m),0.00023289062499999997
P02_L300,P02,P02_L300_M002,Pixel Pitch (mm),0.155*0.155
P02_L300,P02,P02_L300_M002,bkg_intensity,0.86
P02_L300,P02,P02_L300_M002,max_intensity,1.0
P02_L300,P02,P02_L300_M002,time_Stimulus,250
P02_L300,P02,P02_L300_M002,reversalN,0.0
P02_L300,P02,P02_L300_M002,rateDW,0.5
P02_L300,P02,P02_L300_M002,correctTick,0
P02_L300,P02,P02_L300_M002,count_Reversals,0
P02_L300,P02,P02_L300_M002,probe_LR,0
P02_L300,P02,P02_L300_M002,human_LR,0
P02_L300,P02,P02_L300_M002,posY,0
P02_L300,P02,P02_L300_M002,rateUP,0.5
P02_L300,P02,P02_L300_M002,probe_pos (m),0.0
P02_L300,P02,P02_L300_M002,text,-1
P02_L300,P02,P02_L300_M002,reversePOINT,1
P02_L300,P02,P02_L300_M002,trialPOINT,7
P02_L300,P02,P02_L300_M002,nDW,4
P02_L300,P02,P02_L300_M002,nUP,1
P02_L300,P02,P02_L300_M002,start_weber_Contrast,1.0
P02_L300,P02,P02_L300_M002,number_trials,80
P02_L300,P02,P02_L300_M002,terminationINDEX,9
P02_L300,P02,P02_L300_M002,stepDWUP,0.005
P02_L300,P02,P02_L300_M002,logUNIT_UP,0.36
P02_L300,P02,P02_L300_M002,logUNIT_DW,0.30294
P02_L300,P02,P02_L300_M002,condRule,2
P02_L300,P02,P02_L300_M002,preReversalStepDW,0.36
P02_L300,P02,P02_L300_M002,Reversal_or_Trial,1
P02_L300,P02,P02_L300_M002,limit_Trial_Run,100
P02_L300,P02,P02_L300_M002,max_monitor_cdm2,500
P02_L300,P02,P02_L300_M002,bkg_monitor_cdm2,300
P02_L300,P02,P02_L300_M002,width,374.94805047229414
P02_L300,P02,P02_L300_M002,fs,63.0
P02_L300,P02,P02_L300_M002,ph,0.0
P02_L300,P02,P02_L300_M002,speed,0.0
P02_L300,P02,P02_L300_M002,contr,0.018
P02_L300,P02,P02_L300_M002,theta,0.0
P02_L300,P02,P02_L300_M002,bg,0.86
P02_L300,P02,P02_L300_M002,box,False
P02_L300,P02,P02_L300_M002,Lbg,25
P02_L300,P02,P02_L300_M002,Lmin,0.0
P02_L300,P02,P02_L300_M002,Lmax,25
P02_L300,P02,P02_L300_M002,gamma,0.0
P02_L300,P02,P02_L300_M002,BRTRR,1.2
P02_L300,P02,P02_L300_M002,flanker_width,5.0
P02_L300,P02,P02_L300_M002,flanker_displacement,3.0
P02_L300,P02,P02_L300_M002,probe_displacement_dx,0.4
P02_L300,P02,P02_L300_M002,probe_displacement_dy,0.2
P02_L300,P02,P02_L300_M002,pixel_metre_ratio,0.00023289062499999997
P02_L300,P02,P02_L300_M002,SdeX,0.05
P02_L300,P02,P02_L300_M002,SdeY,0.05
P02_L300,P02,P02_L300_M002,Probe_Height_Deg,0.13343643869556676
P02_L300,P02,P02_L300_M002,Probe_width_Deg,0.013343649840352816
P02_L300,P02,P02_L300_M003,distance_To_Monitor,1.0
P02_L300,P02,P02_L300_M003,win_widthy_Pixel,2560
P02_L300,P02,P02_L300_M003,win_widthx_Pixel,1440
P02_L300,P02,P02_L300_M003,win_widthy_Meter,0.3353
P02_L300,P02,P02_L300_M003,win_widthx_Meter,0.5962
P02_L300,P02,P02_L300_M003,Pixel Per Inch,164
P02_L300,P02,P02_L300_M003,Pixel width (m),0.00023289062499999997
P02_L300,P02,P02_L300_M003,Pixel Pitch (mm),0.155*0.155
P02_L300,P02,P02_L300_M003,bkg_intensity,0.86
P02_L300,P02,P02_L300_M003,max_intensity,1.0
P02_L300,P02,P02_L300_M003,time_Stimulus,250
P02_L300,P02,P02_L300_M003,reversalN,0.0
P02_L300,P02,P02_L300_M003,rateDW,0.5
P02_L300,P02,P02_L300_M003,correctTick,0
P02_L300,P02,P02_L300_M003,count_Reversals,0
P02_L300,P02,P02_L300_M003,probe_LR,0
P02_L300,P02,P02_L300_M003,human_LR,0
P02_L300,P02,P02_L300_M003,posY,0
P02_L300,P02,P02_L300_M003,rateUP,0.5
P02_L300,P02,P02_L300_M003,probe_pos (m),0.0
P02_L300,P02,P02_L300_M003,text,-1
P02_L300,P02,P02_L300_M003,reversePOINT,1
P02_L300,P02,P02_L300_M003,trialPOINT,7
P02_L300,P02,P02_L300_M003,nDW,4
P02_L300,P02,P02_L300_M003,nUP,1
P02_L300,P02,P02_L300_M003,start_weber_Contrast,1.0
P02_L300,P02,P02_L300_M003,number_trials,80
P02_L300,P02,P02_L300_M003,terminationINDEX,9
P02_L300,P02,P02_L300_M003,stepDWUP,0.005
P02_L300,P02,P02_L300_M003,logUNIT_UP,0.36
P02_L300,P02,P02_L300_M003,logUNIT_DW,0.30294
P02_L300,P02,P02_L300_M003,condRule,2
P02_L300,P02,P02_L300_M003,preReversalStepDW,0.36
P02_L300,P02,P02_L300_M003,Reversal_or_Trial,1
P02_L300,P02,P02_L300_M003,limit_Trial_Run,100
P02_L300,P02,P02_L300_M003,max_monitor_cdm2,500
P02_L300,P02,P02_L300_M003,bkg_monitor_cdm2,300
P02_L300,P02,P02_L300_M003,width,374.94805047229414
P02_L300,P02,P02_L300_M003,fs,63.0
P02_L300,P02,P02_L300_M003,ph,0.0
P02_L300,P02,P02_L300_M003,speed,0.0
P02_L300,P02,P02_L300_M003,contr,0.018
P02_L300,P02,P02_L300_M003,theta,0.0
P02_L300,P02,P02_L300_M003,bg,0.86
P02_L300,P02,P02_L300_M003,box,False
P02_L300,P02,P02_L300_M003,Lbg,25
P02_L300,P02,P02_L300_M003,Lmin,0.0
P02_L300,P02,P02_L300_M003,Lmax,25
P02_L300,P02,P02_L300_M003,gamma,0.0
P02_L300,P02,P02_L300_M003,BRTRR,1.2
P02_L300,P02,P02_L300_M003,flanker_width,5.0
P02_L300,P02,P02_L300_M003,flanker_displacement,3.0
P02_L300,P02,P02_L300_M003,probe_displacement_dx,0.4
P02_L300,P02,P02_L300_M003,probe_displacement_dy,0.2
P02_L300,P02,P02_L300_M003,pixel_metre_ratio,0.00023289062499999997
P02_L300,P02,P02_L300_M003,SdeX,0.05
P02_L300,P02,P02_L300_M003,SdeY,0.05
P02_L300,P02,P02_L300_M003,Probe_Height_Deg,0.13343643869556676
P02_L300,P02,P02_L300_M003,Probe_width_Deg,0.013343649840352816
P02_L300,P02,P02_L300_M004,distance_To_Monitor,1.0
P02_L300,P02,P02_L300_M004,win_widthy_Pixel,2560
P02_L300,P02,P02_L300_M004,win_widthx_Pixel,1440
P02_L300,P02,P02_L300_M004,win_widthy_Meter,0.3353
P02_L300,P02,P02_L300_M004,win_widthx_Meter,0.5962
P02_L300,P02,P02_L300_M004,Pixel Per Inch,164
P02_L300,P02,P02_L300_M004,Pixel width (m),0.00023289062499999997
P02_L300,P02,P02_L300_M004,Pixel Pitch (mm),0.155*0.155
P02_L300,P02,P02_L300_M004,bkg_intensity,0.86
P02_L300,P02,P02_L300_M004,max_intensity,1.0
P02_L300,P02,P02_L300_M004,time_Stimulus,250
P02_L300,P02,P02_L300_M004,reversalN,0.0
P02_L300,P02,P02_L300_M004,rateDW,0.5
P02_L300,P02,P02_L300_M004,correctTick,0
P02_L300,P02,P02_L300_M004,count_Reversals,0
P02_L300,P02,P02_L300_M004,probe_LR,0
P02_L300,P02,P02_L300_M004,human_LR,0
P02_L300,P02,P02_L300_M004,posY,0
P02_L300,P02,P02_L300_M004,rateUP,0.5
P02_L300,P02,P02_L300_M004,probe_pos (m),0.0
P02_L300,P02,P02_L300_M004,text,-1
P02_L300,P02,P02_L300_M004,reversePOINT,1
P02_L300,P02,P02_L300_M004,trialPOINT,7
P02_L300,P02,P02_L300_M004,nDW,4
P02_L300,P02,P02_L300_M004,nUP,1
P02_L300,P02,P02_L300_M004,start_weber_Contrast,1.0
P02_L300,P02,P02_L300_M004,number_trials,80
P02_L300,P02,P02_L300_M004,terminationINDEX,9
P02_L300,P02,P02_L300_M004,stepDWUP,0.005
P02_L300,P02,P02_L300_M004,logUNIT_UP,0.36
P02_L300,P02,P02_L300_M004,logUNIT_DW,0.30294
P02_L300,P02,P02_L300_M004,condRule,2
P02_L300,P02,P02_L300_M004,preReversalStepDW,0.36
P02_L300,P02,P02_L300_M004,Reversal_or_Trial,1
P02_L300,P02,P02_L300_M004,limit_Trial_Run,100
P02_L300,P02,P02_L300_M004,max_monitor_cdm2,500
P02_L300,P02,P02_L300_M004,bkg_monitor_cdm2,300
P02_L300,P02,P02_L300_M004,width,374.94805047229414
P02_L300,P02,P02_L300_M004,fs,63.0
P02_L300,P02,P02_L300_M004,ph,0.0
P02_L300,P02,P02_L300_M004,speed,0.0
P02_L300,P02,P02_L300_M004,contr,0.018
P02_L300,P02,P02_L300_M004,theta,0.0
P02_L300,P02,P02_L300_M004,bg,0.86
P02_L300,P02,P02_L300_M004,box,False
P02_L300,P02,P02_L300_M004,Lbg,25
P02_L300,P02,P02_L300_M004,Lmin,0.0
P02_L300,P02,P02_L300_M004,Lmax,25
P02_L300,P02,P02_L300_M004,gamma,0.0
P02_L300,P02,P02_L300_M004,BRTRR,1.2
P02_L300,P02,P02_L300_M004,flanker_width,5.0
P02_L300,P02,P02_L300_M004,flanker_displacement,3.0
P02_L300,P02,P02_L300_M004,probe_displacement_dx,0.4
P02_L300,P02,P02_L300_M004,probe_displacement_dy,0.2
P02_L300,P02,P02_L300_M004,pixel_metre_ratio,0.00023289062499999997
P02_L300,P02,P02_L300_M004,SdeX,0.05
P02_L300,P02,P02_L300_M004,SdeY,0.05
P02_L300,P02,P02_L300_M004,Probe_Height_Deg,0.13343643869556676
P02_L300,P02,P02_L300_M004,Probe_width_Deg,0.013343649840352816
P03_L010,P03,P03_L010_M001,distance_To_Monitor,1.0
P03_L010,P03,P03_L010_M001,win_widthy_Pixel,2560
P03_L010,P03,P03_L010_M001,win_widthx_Pixel,1440
P03_L010,P03,P03_L010_M001,win_widthy_Meter,0.3353
P03_L010,P03,P03_L010_M001,win_widthx_Meter,0.5962
P03_L010,P03,P03_L010_M001,Pixel Per Inch,164
P03_L010,P03,P03_L010_M001,Pixel width (m),0.00023289062499999997
P03_L010,P03,P03_L010_M001,Pixel Pitch (mm),0.155*0.155
P03_L010,P03,P03_L010_M001,bkg_intensity,0.19
P03_L010,P03,P03_L010_M001,max_intensity,1.0
P03_L010,P03,P03_L010_M001,time_Stimulus,250
P03_L010,P03,P03_L010_M001,reversalN,0.0
P03_L010,P03,P03_L010_M001,rateDW,0.5
P03_L010,P03,P03_L010_M001,correctTick,0
P03_L010,P03,P03_L010_M001,count_Reversals,0
P03_L010,P03,P03_L010_M001,probe_LR,0
P03_L010,P03,P03_L010_M001,human_LR,0
P03_L010,P03,P03_L010_M001,posY,0
P03_L010,P03,P03_L010_M001,rateUP,0.5
P03_L010,P03,P03_L010_M001,probe_pos (m),0.0
P03_L010,P03,P03_L010_M001,text,-1
P03_L010,P03,P03_L010_M001,reversePOINT,1
P03_L010,P03,P03_L010_M001,trialPOINT,8
P03_L010,P03,P03_L010_M001,nDW,4
P03_L010,P03,P03_L010_M001,nUP,1
P03_L010,P03,P03_L010_M001,start_weber_Contrast,0.4
P03_L010,P03,P03_L010_M001,number_trials,80
P03_L010,P03,P03_L010_M001,terminationINDEX,9
P03_L010,P03,P03_L010_M001,stepDWUP,0.005
P03_L010,P03,P03_L010_M001,logUNIT_UP,0.36
P03_L010,P03,P03_L010_M001,logUNIT_DW,0.30294
P03_L010,P03,P03_L010_M001,condRule,2
P03_L010,P03,P03_L010_M001,preReversalStepDW,0.36
P03_L010,P03,P03_L010_M001,Reversal_or_Trial,1
P03_L010,P03,P03_L010_M001,limit_Trial_Run,100
P03_L010,P03,P03_L010_M001,max_monitor_cdm2,400
P03_L010,P03,P03_L010_M001,bkg_monitor_cdm2,10.0
P03_L010,P03,P03_L010_M001,width,374.94805047229414
P03_L010,P03,P03_L010_M001,fs,94.5
P03_L010,P03,P03_L010_M001,ph,0.0
P03_L010,P03,P03_L010_M001,speed,0.0
P03_L010,P03,P03_L010_M001,contr,0.018
P03_L010,P03,P03_L010_M001,theta,0.0
P03_L010,P03,P03_L010_M001,bg,0.19
P03_L010,P03,P03_L010_M001,box,False
P03_L010,P03,P03_L010_M001,Lbg,25
P03_L010,P03,P03_L010_M001,Lmin,0.0
P03_L010,P03,P03_L010_M001,Lmax,25
P03_L010,P03,P03_L010_M001,gamma,0.0
P03_L010,P03,P03_L010_M001,BRTRR,1.2
P03_L010,P03,P03_L010_M001,flanker_width,5.0
P03_L010,P03,P03_L010_M001,flanker_displacement,3.0
P03_L010,P03,P03_L010_M001,probe_displacement_dx,0.4
P03_L010,P03,P03_L010_M001,probe_displacement_dy,0.2
P03_L010,P03,P03_L010_M001,pixel_metre_ratio,0.00023289062499999997
P03_L010,P03,P03_L010_M001,SdeX,0.05
P03_L010,P03,P03_L010_M001,Sdey,0.05
P03_L010,P03,P03_L010_M001,Probe_Height_Deg,0.13343643869556676
P03_L010,P03,P03_L010_M001,Probe_width_Deg,0.013343649840352816
P03_L010,P03,P03_L010_M002,distance_To_Monitor,1.0
P03_L010,P03,P03_L010_M002,win_widthy_Pixel,2560
P03_L010,P03,P03_L010_M002,win_widthx_Pixel,1440
P03_L010,P03,P03_L010_M002,win_widthy_Meter,0.3353
P03_L010,P03,P03_L010_M002,win_widthx_Meter,0.5962
P03_L010,P03,P03_L010_M002,Pixel Per Inch,164
P03_L010,P03,P03_L010_M002,Pixel width (m),0.00023289062499999997
P03_L010,P03,P03_L010_M002,Pixel Pitch (mm),0.155*0.155
P03_L010,P03,P03_L010_M002,bkg_intensity,0.19
P03_L010,P03,P03_L010_M002,max_intensity,1.0
P03_L010,P03,P03_L010_M002,time_Stimulus,250
P03_L010,P03,P03_L010_M002,reversalN,0.0
P03_L010,P03,P03_L010_M002,rateDW,0.5
P03_L010,P03,P03_L010_M002,correctTick,0
P03_L010,P03,P03_L010_M002,count_Reversals,0
P03_L010,P03,P03_L010_M002,probe_LR,0
P03_L010,P03,P03_L010_M002,human_LR,0
P03_L010,P03,P03_L010_M002,posY,0
P03_L010,P03,P03_L010_M002,rateUP,0.5
P03_L010,P03,P03_L010_M002,probe_pos (m),0.0
P03_L010,P03,P03_L010_M002,text,-1
P03_L010,P03,P03_L010_M002,reversePOINT,1
P03_L010,P03,P03_L010_M002,trialPOINT,6
P03_L010,P03,P03_L010_M002,nDW,4
P03_L010,P03,P03_L010_M002,nUP,1
P03_L010,P03,P03_L010_M002,start_weber_Contrast,0.4
P03_L010,P03,P03_L010_M002,number_trials,80
P03_L010,P03,P03_L010_M002,terminationINDEX,9
P03_L010,P03,P03_L010_M002,stepDWUP,0.005
P03_L010,P03,P03_L010_M002,logUNIT_UP,0.36
P03_L010,P03,P03_L010_M002,logUNIT_DW,0.30294
P03_L010,P03,P03_L010_M002,condRule,2
P03_L010,P03,P03_L010_M002,preReversalStepDW,0.36
P03_L010,P03,P03_L010_M002,Reversal_or_Trial,1
P03_L010,P03,P03_L010_M002,limit_Trial_Run,100
P03_L010,P03,P03_L010_M002,max_monitor_cdm2,400
P03_L010,P03,P03_L010_M002,bkg_monitor_cdm2,10.0
P03_L010,P03,P03_L010_M002,width,374.94805047229414
P03_L010,P03,P03_L010_M002,fs,31.5
P03_L010,P03,P03_L010_M002,ph,0.0
P03_L010,P03,P03_L010_M002,speed,0.0
P03_L010,P03,P03_L010_M002,contr,0.018
P03_L010,P03,P03_L010_M002,theta,0.0
P03_L010,P03,P03_L010_M002,bg,0.19
P03_L010,P03,P03_L010_M002,box,False
P03_L010,P03,P03_L010_M002,Lbg,25
P03_L010,P03,P03_L010_M002,Lmin,0.0
P03_L010,P03,P03_L010_M002,Lmax,25
P03_L010,P03,P03_L010_M002,gamma,0.0
P03_L010,P03,P03_L010_M002,BRTRR,1.2
P03_L010,P03,P03_L010_M002,flanker_width,5.0
P03_L010,P03,P03_L010_M002,flanker_displacement,3.0
P03_L010,P03,P03_L010_M002,probe_displacement_dx,0.4
P03_L010,P03,P03_L010_M002,probe_displacement_dy,0.2
P03_L010,P03,P03_L010_M002,pixel_metre_ratio,0.00023289062499999997
P03_L010,P03,P03_L010_M002,SdeX,0.05
P03_L010,P03,P03_L010_M002,Sdey,0.05
P03_L010,P03,P03_L010_M002,Probe_Height_Deg,0.13343643869556676
P03_L010,P03,P03_L010_M002,Probe_width_Deg,0.013343649840352816
P03_L010,P03,P03_L010_M003,distance_To_Monitor,1.0
P03_L010,P03,P03_L010_M003,win_widthy_Pixel,2560
P03_L010,P03,P03_L010_M003,win_widthx_Pixel,1440
P03_L010,P03,P03_L010_M003,win_widthy_Meter,0.3353
P03_L010,P03,P03_L010_M003,win_widthx_Meter,0.5962
P03_L010,P03,P03_L010_M003,Pixel Per Inch,164
P03_L010,P03,P03_L010_M003,Pixel width (m),0.00023289062499999997
P03_L010,P03,P03_L010_M003,Pixel Pitch (mm),0.155*0.155
P03_L010,P03,P03_L010_M003,bkg_intensity,0.19
P03_L010,P03,P03_L010_M003,max_intensity,1.0
P03_L010,P03,P03_L010_M003,time_Stimulus,250
P03_L010,P03,P03_L010_M003,reversalN,0.0
P03_L010,P03,P03_L010_M003,rateDW,0.5
P03_L010,P03,P03_L010_M003,correctTick,0
P03_L010,P03,P03_L010_M003,count_Reversals,0
P03_L010,P03,P03_L010_M003,probe_LR,0
P03_L010,P03,P03_L010_M003,human_LR,0
P03_L010,P03,P03_L010_M003,posY,0
P03_L010,P03,P03_L010_M003,rateUP,0.5
P03_L010,P03,P03_L010_M003,probe_pos (m),0.0
P03_L010,P03,P03_L010_M003,text,-1
P03_L010,P03,P03_L010_M003,reversePOINT,1
P03_L010,P03,P03_L010_M003,trialPOINT,8
P03_L010,P03,P03_L010_M003,nDW,4
P03_L010,P03,P03_L010_M003,nUP,1
P03_L010,P03,P03_L010_M003,start_weber_Contrast,0.4
P03_L010,P03,P03_L010_M003,number_trials,80
P03_L010,P03,P03_L010_M003,terminationINDEX,9
P03_L010,P03,P03_L010_M003,stepDWUP,0.005
P03_L010,P03,P03_L010_M003,logUNIT_UP,0.36
P03_L010,P03,P03_L010_M003,logUNIT_DW,0.30294
P03_L010,P03,P03_L010_M003,condRule,2
P03_L010,P03,P03_L010_M003,preReversalStepDW,0.36
P03_L010,P03,P03_L010_M003,Reversal_or_Trial,1
P03_L010,P03,P03_L010_M003,limit_Trial_Run,100
P03_L010,P03,P03_L010_M003,max_monitor_cdm2,400
P03_L010,P03,P03_L010_M003,bkg_monitor_cdm2,10.0
P03_L010,P03,P03_L010_M003,width,374.94805047229414
P03_L010,P03,P03_L010_M003,fs,31.5
P03_L010,P03,P03_L010_M003,ph,0.0
P03_L010,P03,P03_L010_M003,speed,0.0
P03_L010,P03,P03_L010_M003,contr,0.018
P03_L010,P03,P03_L010_M003,theta,0.0
P03_L010,P03,P03_L010_M003,bg,0.19
P03_L010,P03,P03_L010_M003,box,False
P03_L010,P03,P03_L010_M003,Lbg,25
P03_L010,P03,P03_L010_M003,Lmin,0.0
P03_L010,P03,P03_L010_M003,Lmax,25
P03_L010,P03,P03_L010_M003,gamma,0.0
P03_L010,P03,P03_L010_M003,BRTRR,1.2
P03_L010,P03,P03_L010_M003,flanker_width,5.0
P03_L010,P03,P03_L010_M003,flanker_displacement,3.0
P03_L010,P03,P03_L010_M003,probe_displacement_dx,0.4
P03_L010,P03,P03_L010_M003,probe_displacement_dy,0.2
P03_L010,P03,P03_L010_M003,pixel_metre_ratio,0.00023289062499999997
P03_L010,P03,P03_L010_M003,SdeX,0.05
P03_L010,P03,P03_L010_M003,Sdey,0.05
P03_L010,P03,P03_L010_M003,Probe_Height_Deg,0.13343643869556676
P03_L010,P03,P03_L010_M003,Probe_width_Deg,0.013343649840352816
P03_L010,P03,P03_L010_M004,distance_To_Monitor,1.0
P03_L010,P03,P03_L010_M004,win_widthy_Pixel,2560
P03_L010,P03,P03_L010_M004,win_widthx_Pixel,1440
P03_L010,P03,P03_L010_M004,win_widthy_Meter,0.3353
P03_L010,P03,P03_L010_M004,win_widthx_Meter,0.5962
P03_L010,P03,P03_L010_M004,Pixel Per Inch,164
P03_L010,P03,P03_L010_M004,Pixel width (m),0.00023289062499999997
P03_L010,P03,P03_L010_M004,Pixel Pitch (mm),0.155*0.155
P03_L010,P03,P03_L010_M004,bkg_intensity,0.19
P03_L010,P03,P03_L010_M004,max_intensity,1.0
P03_L010,P03,P03_L010_M004,time_Stimulus,250
P03_L010,P03,P03_L010_M004,reversalN,0.0
P03_L010,P03,P03_L010_M004,rateDW,0.5
P03_L010,P03,P03_L010_M004,correctTick,0
P03_L010,P03,P03_L010_M004,count_Reversals,0
P03_L010,P03,P03_L010_M004,probe_LR,0
P03_L010,P03,P03_L010_M004,human_LR,0
P03_L010,P03,P03_L010_M004,posY,0
P03_L010,P03,P03_L010_M004,rateUP,0.5
P03_L010,P03,P03_L010_M004,probe_pos (m),0.0
P03_L010,P03,P03_L010_M004,text,-1
P03_L010,P03,P03_L010_M004,reversePOINT,1
P03_L010,P03,P03_L010_M004,trialPOINT,8
P03_L010,P03,P03_L010_M004,nDW,4
P03_L010,P03,P03_L010_M004,nUP,1
P03_L010,P03,P03_L010_M004,start_weber_Contrast,0.4
P03_L010,P03,P03_L010_M004,number_trials,80
P03_L010,P03,P03_L010_M004,terminationINDEX,9
P03_L010,P03,P03_L010_M004,stepDWUP,0.005
P03_L010,P03,P03_L010_M004,logUNIT_UP,0.36
P03_L010,P03,P03_L010_M004,logUNIT_DW,0.30294
P03_L010,P03,P03_L010_M004,condRule,2
P03_L010,P03,P03_L010_M004,preReversalStepDW,0.36
P03_L010,P03,P03_L010_M004,Reversal_or_Trial,1
P03_L010,P03,P03_L010_M004,limit_Trial_Run,100
P03_L010,P03,P03_L010_M004,max_monitor_cdm2,400
P03_L010,P03,P03_L010_M004,bkg_monitor_cdm2,10.0
P03_L010,P03,P03_L010_M004,width,374.94805047229414
P03_L010,P03,P03_L010_M004,fs,94.5
P03_L010,P03,P03_L010_M004,ph,0.0
P03_L010,P03,P03_L010_M004,speed,0.0
P03_L010,P03,P03_L010_M004,contr,0.018
P03_L010,P03,P03_L010_M004,theta,0.0
P03_L010,P03,P03_L010_M004,bg,0.19
P03_L010,P03,P03_L010_M004,box,False
P03_L010,P03,P03_L010_M004,Lbg,25
P03_L010,P03,P03_L010_M004,Lmin,0.0
P03_L010,P03,P03_L010_M004,Lmax,25
P03_L010,P03,P03_L010_M004,gamma,0.0
P03_L010,P03,P03_L010_M004,BRTRR,1.2
P03_L010,P03,P03_L010_M004,flanker_width,5.0
P03_L010,P03,P03_L010_M004,flanker_displacement,3.0
P03_L010,P03,P03_L010_M004,probe_displacement_dx,0.4
P03_L010,P03,P03_L010_M004,probe_displacement_dy,0.2
P03_L010,P03,P03_L010_M004,pixel_metre_ratio,0.00023289062499999997
P03_L010,P03,P03_L010_M004,SdeX,0.05
P03_L010,P03,P03_L010_M004,Sdey,0.05
P03_L010,P03,P03_L010_M004,Probe_Height_Deg,0.13343643869556676
P03_L010,P03,P03_L010_M004,Probe_width_Deg,0.013343649840352816
P03_L010,P03,P03_L010_M005,distance_To_Monitor,1.0
P03_L010,P03,P03_L010_M005,win_widthy_Pixel,2560
P03_L010,P03,P03_L010_M005,win_widthx_Pixel,1440
P03_L010,P03,P03_L010_M005,win_widthy_Meter,0.3353
P03_L010,P03,P03_L010_M005,win_widthx_Meter,0.5962
P03_L010,P03,P03_L010_M005,Pixel Per Inch,164
P03_L010,P03,P03_L010_M005,Pixel width (m),0.00023289062499999997
P03_L010,P03,P03_L010_M005,Pixel Pitch (mm),0.155*0.155
P03_L010,P03,P03_L010_M005,bkg_intensity,0.19
P03_L010,P03,P03_L010_M005,max_intensity,1.0
P03_L010,P03,P03_L010_M005,time_Stimulus,250
P03_L010,P03,P03_L010_M005,reversalN,0.0
P03_L010,P03,P03_L010_M005,rateDW,0.5
P03_L010,P03,P03_L010_M005,correctTick,0
P03_L010,P03,P03_L010_M005,count_Reversals,0
P03_L010,P03,P03_L010_M005,probe_LR,0
P03_L010,P03,P03_L010_M005,human_LR,0
P03_L010,P03,P03_L010_M005,posY,0
P03_L010,P03,P03_L010_M005,rateUP,0.5
P03_L010,P03,P03_L010_M005,probe_pos (m),0.0
P03_L010,P03,P03_L010_M005,text,-1
P03_L010,P03,P03_L010_M005,reversePOINT,1
P03_L010,P03,P03_L010_M005,trialPOINT,8
P03_L010,P03,P03_L010_M005,nDW,4
P03_L010,P03,P03_L010_M005,nUP,1
P03_L010,P03,P03_L010_M005,start_weber_Contrast,0.4
P03_L010,P03,P03_L010_M005,number_trials,80
P03_L010,P03,P03_L010_M005,terminationINDEX,9
P03_L010,P03,P03_L010_M005,stepDWUP,0.005
P03_L010,P03,P03_L010_M005,logUNIT_UP,0.36
P03_L010,P03,P03_L010_M005,logUNIT_DW,0.30294
P03_L010,P03,P03_L010_M005,condRule,2
P03_L010,P03,P03_L010_M005,preReversalStepDW,0.36
P03_L010,P03,P03_L010_M005,Reversal_or_Trial,1
P03_L010,P03,P03_L010_M005,limit_Trial_Run,100
P03_L010,P03,P03_L010_M005,max_monitor_cdm2,400
P03_L010,P03,P03_L010_M005,bkg_monitor_cdm2,10.0
P03_L010,P03,P03_L010_M005,width,374.94805047229414
P03_L010,P03,P03_L010_M005,fs,94.5
P03_L010,P03,P03_L010_M005,ph,0.0
P03_L010,P03,P03_L010_M005,speed,0.0
P03_L010,P03,P03_L010_M005,contr,0.018
P03_L010,P03,P03_L010_M005,theta,0.0
P03_L010,P03,P03_L010_M005,bg,0.19
P03_L010,P03,P03_L010_M005,box,False
P03_L010,P03,P03_L010_M005,Lbg,25
P03_L010,P03,P03_L010_M005,Lmin,0.0
P03_L010,P03,P03_L010_M005,Lmax,25
P03_L010,P03,P03_L010_M005,gamma,0.0
P03_L010,P03,P03_L010_M005,BRTRR,1.2
P03_L010,P03,P03_L010_M005,flanker_width,5.0
P03_L010,P03,P03_L010_M005,flanker_displacement,3.0
P03_L010,P03,P03_L010_M005,probe_displacement_dx,0.4
P03_L010,P03,P03_L010_M005,probe_displacement_dy,0.2
P03_L010,P03,P03_L010_M005,pixel_metre_ratio,0.00023289062499999997
P03_L010,P03,P03_L010_M005,SdeX,0.05
P03_L010,P03,P03_L010_M005,Sdey,0.05
P03_L010,P03,P03_L010_M005,Probe_Height_Deg,0.13343643869556676
P03_L010,P03,P03_L010_M005,Probe_width_Deg,0.013343649840352816
P03_L010,P03,P03_L010_M006,distance_To_Monitor,1.0
P03_L010,P03,P03_L010_M006,win_widthy_Pixel,2560
P03_L010,P03,P03_L010_M006,win_widthx_Pixel,1440
P03_L010,P03,P03_L010_M006,win_widthy_Meter,0.3353
P03_L010,P03,P03_L010_M006,win_widthx_Meter,0.5962
P03_L010,P03,P03_L010_M006,Pixel Per Inch,164
P03_L010,P03,P03_L010_M006,Pixel width (m),0.00023289062499999997
P03_L010,P03,P03_L010_M006,Pixel Pitch (mm),0.155*0.155
P03_L010,P03,P03_L010_M006,bkg_intensity,0.19
P03_L010,P03,P03_L010_M006,max_intensity,1.0
P03_L010,P03,P03_L010_M006,time_Stimulus,250
P03_L010,P03,P03_L010_M006,reversalN,0.0
P03_L010,P03,P03_L010_M006,rateDW,0.5
P03_L010,P03,P03_L010_M006,correctTick,0
P03_L010,P03,P03_L010_M006,count_Reversals,0
P03_L010,P03,P03_L010_M006,probe_LR,0
P03_L010,P03,P03_L010_M006,human_LR,0
P03_L010,P03,P03_L010_M006,posY,0
P03_L010,P03,P03_L010_M006,rateUP,0.5
P03_L010,P03,P03_L010_M006,probe_pos (m),0.0
P03_L010,P03,P03_L010_M006,text,-1
P03_L010,P03,P03_L010_M006,reversePOINT,1
P03_L010,P03,P03_L010_M006,trialPOINT,8
P03_L010,P03,P03_L010_M006,nDW,4
P03_L010,P03,P03_L010_M006,nUP,1
P03_L010,P03,P03_L010_M006,start_weber_Contrast,0.4
P03_L010,P03,P03_L010_M006,number_trials,80
P03_L010,P03,P03_L010_M006,terminationINDEX,9
P03_L010,P03,P03_L010_M006,stepDWUP,0.005
P03_L010,P03,P03_L010_M006,logUNIT_UP,0.36
P03_L010,P03,P03_L010_M006,logUNIT_DW,0.30294
P03_L010,P03,P03_L010_M006,condRule,2
P03_L010,P03,P03_L010_M006,preReversalStepDW,0.36
P03_L010,P03,P03_L010_M006,Reversal_or_Trial,1
P03_L010,P03,P03_L010_M006,limit_Trial_Run,100
P03_L010,P03,P03_L010_M006,max_monitor_cdm2,400
P03_L010,P03,P03_L010_M006,bkg_monitor_cdm2,10.0
P03_L010,P03,P03_L010_M006,width,374.94805047229414
P03_L010,P03,P03_L010_M006,fs,94.5
P03_L010,P03,P03_L010_M006,ph,0.0
P03_L010,P03,P03_L010_M006,speed,0.0
P03_L010,P03,P03_L010_M006,contr,0.018
P03_L010,P03,P03_L010_M006,theta,0.0
P03_L010,P03,P03_L010_M006,bg,0.19
P03_L010,P03,P03_L010_M006,box,False
P03_L010,P03,P03_L010_M006,Lbg,25
P03_L010,P03,P03_L010_M006,Lmin,0.0
P03_L010,P03,P03_L010_M006,Lmax,25
P03_L010,P03,P03_L010_M006,gamma,0.0
P03_L010,P03,P03_L010_M006,BRTRR,1.2
P03_L010,P03,P03_L010_M006,flanker_width,5.0
P03_L010,P03,P03_L010_M006,flanker_displacement,3.0
P03_L010,P03,P03_L010_M006,probe_displacement_dx,0.4
P03_L010,P03,P03_L010_M006,probe_displacement_dy,0.2
P03_L010,P03,P03_L010_M006,pixel_metre_ratio,0.00023289062499999997
P03_L010,P03,P03_L010_M006,SdeX,0.05
P03_L010,P03,P03_L010_M006,Sdey,0.05
P03_L010,P03,P03_L010_M006,Probe_Height_Deg,0.13343643869556676
P03_L010,P03,P03_L010_M006,Probe_width_Deg,0.013343649840352816
P03_L010,P03,P03_L010_M007,distance_To_Monitor,1.0
P03_L010,P03,P03_L010_M007,win_widthy_Pixel,2560
P03_L010,P03,P03_L010_M007,win_widthx_Pixel,1440
P03_L010,P03,P03_L010_M007,win_widthy_Meter,0.3353
P03_L010,P03,P03_L010_M007,win_widthx_Meter,0.5962
P03_L010,P03,P03_L010_M007,Pixel Per Inch,164
P03_L010,P03,P03_L010_M007,Pixel width (m),0.00023289062499999997
P03_L010,P03,P03_L010_M007,Pixel Pitch (mm),0.155*0.155
P03_L010,P03,P03_L010_M007,bkg_intensity,0.19
P03_L010,P03,P03_L010_M007,max_intensity,1.0
P03_L010,P03,P03_L010_M007,time_Stimulus,250
P03_L010,P03,P03_L010_M007,reversalN,0.0
P03_L010,P03,P03_L010_M007,rateDW,0.5
P03_L010,P03,P03_L010_M007,correctTick,0
P03_L010,P03,P03_L010_M007,count_Reversals,0
P03_L010,P03,P03_L010_M007,probe_LR,0
P03_L010,P03,P03_L010_M007,human_LR,0
P03_L010,P03,P03_L010_M007,posY,0
P03_L010,P03,P03_L010_M007,rateUP,0.5
P03_L010,P03,P03_L010_M007,probe_pos (m),0.0
P03_L010,P03,P03_L010_M007,text,-1
P03_L010,P03,P03_L010_M007,reversePOINT,1
P03_L010,P03,P03_L010_M007,trialPOINT,8
P03_L010,P03,P03_L010_M007,nDW,4
P03_L010,P03,P03_L010_M007,nUP,1
P03_L010,P03,P03_L010_M007,start_weber_Contrast,0.4
P03_L010,P03,P03_L010_M007,number_trials,80
P03_L010,P03,P03_L010_M007,terminationINDEX,9
P03_L010,P03,P03_L010_M007,stepDWUP,0.005
P03_L010,P03,P03_L010_M007,logUNIT_UP,0.36
P03_L010,P03,P03_L010_M007,logUNIT_DW,0.30294
P03_L010,P03,P03_L010_M007,condRule,2
P03_L010,P03,P03_L010_M007,preReversalStepDW,0.36
P03_L010,P03,P03_L010_M007,Reversal_or_Trial,1
P03_L010,P03,P03_L010_M007,limit_Trial_Run,100
P03_L010,P03,P03_L010_M007,max_monitor_cdm2,400
P03_L010,P03,P03_L010_M007,bkg_monitor_cdm2,10.0
P03_L010,P03,P03_L010_M007,width,374.94805047229414
P03_L010,P03,P03_L010_M007,fs,94.5
P03_L010,P03,P03_L010_M007,ph,0.0
P03_L010,P03,P03_L010_M007,speed,0.0
P03_L010,P03,P03_L010_M007,contr,0.018
P03_L010,P03,P03_L010_M007,theta,0.0
P03_L010,P03,P03_L010_M007,bg,0.19
P03_L010,P03,P03_L010_M007,box,False
P03_L010,P03,P03_L010_M007,Lbg,25
P03_L010,P03,P03_L010_M007,Lmin,0.0
P03_L010,P03,P03_L010_M007,Lmax,25
P03_L010,P03,P03_L010_M007,gamma,0.0
P03_L010,P03,P03_L010_M007,BRTRR,1.2
P03_L010,P03,P03_L010_M007,flanker_width,5.0
P03_L010,P03,P03_L010_M007,flanker_displacement,3.0
P03_L010,P03,P03_L010_M007,probe_displacement_dx,0.4
P03_L010,P03,P03_L010_M007,probe_displacement_dy,0.2
P03_L010,P03,P03_L010_M007,pixel_metre_ratio,0.00023289062499999997
P03_L010,P03,P03_L010_M007,SdeX,0.05
P03_L010,P03,P03_L010_M007,Sdey,0.05
P03_L010,P03,P03_L010_M007,Probe_Height_Deg,0.13343643869556676
P03_L010,P03,P03_L010_M007,Probe_width_Deg,0.013343649840352816
P03_L010,P03,P03_L010_M008,distance_To_Monitor,1.0
P03_L010,P03,P03_L010_M008,win_widthy_Pixel,2560
P03_L010,P03,P03_L010_M008,win_widthx_Pixel,1440
P03_L010,P03,P03_L010_M008,win_widthy_Meter,0.3353
P03_L010,P03,P03_L010_M008,win_widthx_Meter,0.5962
P03_L010,P03,P03_L010_M008,Pixel Per Inch,164
P03_L010,P03,P03_L010_M008,Pixel width (m),0.00023289062499999997
P03_L010,P03,P03_L010_M008,Pixel Pitch (mm),0.155*0.155
P03_L010,P03,P03_L010_M008,bkg_intensity,0.19
P03_L010,P03,P03_L010_M008,max_intensity,1.0
P03_L010,P03,P03_L010_M008,time_Stimulus,250
P03_L010,P03,P03_L010_M008,reversalN,0.0
P03_L010,P03,P03_L010_M008,rateDW,0.5
P03_L010,P03,P03_L010_M008,correctTick,0
P03_L010,P03,P03_L010_M008,count_Reversals,0
P03_L010,P03,P03_L010_M008,probe_LR,0
P03_L010,P03,P03_L010_M008,human_LR,0
P03_L010,P03,P03_L010_M008,posY,0
P03_L010,P03,P03_L010_M008,rateUP,0.5
P03_L010,P03,P03_L010_M008,probe_pos (m),0.0
P03_L010,P03,P03_L010_M008,text,-1
P03_L010,P03,P03_L010_M008,reversePOINT,1
P03_L010,P03,P03_L010_M008,trialPOINT,8
P03_L010,P03,P03_L010_M008,nDW,4
P03_L010,P03,P03_L010_M008,nUP,1
P03_L010,P03,P03_L010_M008,start_weber_Contrast,0.4
P03_L010,P03,P03_L010_M008,number_trials,80
P03_L010,P03,P03_L010_M008,terminationINDEX,9
P03_L010,P03,P03_L010_M008,stepDWUP,0.005
P03_L010,P03,P03_L010_M008,logUNIT_UP,0.36
P03_L010,P03,P03_L010_M008,logUNIT_DW,0.30294
P03_L010,P03,P03_L010_M008,condRule,2
P03_L010,P03,P03_L010_M008,preReversalStepDW,0.36
P03_L010,P03,P03_L010_M008,Reversal_or_Trial,1
P03_L010,P03,P03_L010_M008,limit_Trial_Run,100
P03_L010,P03,P03_L010_M008,max_monitor_cdm2,400
P03_L010,P03,P03_L010_M008,bkg_monitor_cdm2,10.0
P03_L010,P03,P03_L010_M008,width,374.94805047229414
P03_L010,P03,P03_L010_M008,fs,94.5
P03_L010,P03,P03_L010_M008,ph,0.0
P03_L010,P03,P03_L010_M008,speed,0.0
P03_L010,P03,P03_L010_M008,contr,0.018
P03_L010,P03,P03_L010_M008,theta,0.0
P03_L010,P03,P03_L010_M008,bg,0.19
P03_L010,P03,P03_L010_M008,box,False
P03_L010,P03,P03_L010_M008,Lbg,25
P03_L010,P03,P03_L010_M008,Lmin,0.0
P03_L010,P03,P03_L010_M008,Lmax,25
P03_L010,P03,P03_L010_M008,gamma,0.0
P03_L010,P03,P03_L010_M008,BRTRR,1.2
P03_L010,P03,P03_L010_M008,flanker_width,5.0
P03_L010,P03,P03_L010_M008,flanker_displacement,3.0
P03_L010,P03,P03_L010_M008,probe_displacement_dx,0.4
P03_L010,P03,P03_L010_M008,probe_displacement_dy,0.2
P03_L010,P03,P03_L010_M008,pixel_metre_ratio,0.00023289062499999997
P03_L010,P03,P03_L010_M008,SdeX,0.05
P03_L010,P03,P03_L010_M008,Sdey,0.05
P03_L010,P03,P03_L010_M008,Probe_Height_Deg,0.13343643869556676
P03_L010,P03,P03_L010_M008,Probe_width_Deg,0.013343649840352816
P03_L049,P03,P03_L049_M001,distance_To_Monitor,1.0
P03_L049,P03,P03_L049_M001,win_widthy_Pixel,2560
P03_L049,P03,P03_L049_M001,win_widthx_Pixel,1440
P03_L049,P03,P03_L049_M001,win_widthy_Meter,0.3353
P03_L049,P03,P03_L049_M001,win_widthx_Meter,0.5962
P03_L049,P03,P03_L049_M001,Pixel Per Inch,164
P03_L049,P03,P03_L049_M001,Pixel width (m),0.00023289062499999997
P03_L049,P03,P03_L049_M001,Pixel Pitch (mm),0.155*0.155
P03_L049,P03,P03_L049_M001,bkg_intensity,0.39
P03_L049,P03,P03_L049_M001,max_intensity,1.0
P03_L049,P03,P03_L049_M001,time_Stimulus,250
P03_L049,P03,P03_L049_M001,reversalN,0.0
P03_L049,P03,P03_L049_M001,rateDW,0.5
P03_L049,P03,P03_L049_M001,correctTick,0
P03_L049,P03,P03_L049_M001,count_Reversals,0
P03_L049,P03,P03_L049_M001,probe_LR,0
P03_L049,P03,P03_L049_M001,human_LR,0
P03_L049,P03,P03_L049_M001,posY,0
P03_L049,P03,P03_L049_M001,rateUP,0.5
P03_L049,P03,P03_L049_M001,probe_pos (m),0.0
P03_L049,P03,P03_L049_M001,text,-1
P03_L049,P03,P03_L049_M001,reversePOINT,1
P03_L049,P03,P03_L049_M001,trialPOINT,8
P03_L049,P03,P03_L049_M001,nDW,4
P03_L049,P03,P03_L049_M001,nUP,1
P03_L049,P03,P03_L049_M001,start_weber_Contrast,1.0
P03_L049,P03,P03_L049_M001,number_trials,80
P03_L049,P03,P03_L049_M001,terminationINDEX,9
P03_L049,P03,P03_L049_M001,stepDWUP,0.005
P03_L049,P03,P03_L049_M001,logUNIT_UP,0.36
P03_L049,P03,P03_L049_M001,logUNIT_DW,0.30294
P03_L049,P03,P03_L049_M001,condRule,2
P03_L049,P03,P03_L049_M001,preReversalStepDW,0.36
P03_L049,P03,P03_L049_M001,Reversal_or_Trial,1
P03_L049,P03,P03_L049_M001,limit_Trial_Run,100
P03_L049,P03,P03_L049_M001,max_monitor_cdm2,400
P03_L049,P03,P03_L049_M001,bkg_monitor_cdm2,49
P03_L049,P03,P03_L049_M001,width,374.94805047229414
P03_L049,P03,P03_L049_M001,fs,78.75
P03_L049,P03,P03_L049_M001,ph,0.0
P03_L049,P03,P03_L049_M001,speed,0.0
P03_L049,P03,P03_L049_M001,contr,0.018
P03_L049,P03,P03_L049_M001,theta,0.0
P03_L049,P03,P03_L049_M001,bg,0.39
P03_L049,P03,P03_L049_M001,box,False
P03_L049,P03,P03_L049_M001,Lbg,25
P03_L049,P03,P03_L049_M001,Lmin,0.0
P03_L049,P03,P03_L049_M001,Lmax,25
P03_L049,P03,P03_L049_M001,gamma,0.0
P03_L049,P03,P03_L049_M001,BRTRR,1.2
P03_L049,P03,P03_L049_M001,flanker_width,5.0
P03_L049,P03,P03_L049_M001,flanker_displacement,3.0
P03_L049,P03,P03_L049_M001,probe_displacement_dx,0.4
P03_L049,P03,P03_L049_M001,probe_displacement_dy,0.2
P03_L049,P03,P03_L049_M001,pixel_metre_ratio,0.00023289062499999997
P03_L049,P03,P03_L049_M001,SdeX,0.05
P03_L049,P03,P03_L049_M001,SdeY,0.05
P03_L049,P03,P03_L049_M001,Probe_Height_Deg,0.13343643869556676
P03_L049,P03,P03_L049_M001,Probe_width_Deg,0.013343649840352816
P03_L049,P03,P03_L049_M002,distance_To_Monitor,1.0
P03_L049,P03,P03_L049_M002,win_widthy_Pixel,2560
P03_L049,P03,P03_L049_M002,win_widthx_Pixel,1440
P03_L049,P03,P03_L049_M002,win_widthy_Meter,0.3353
P03_L049,P03,P03_L049_M002,win_widthx_Meter,0.5962
P03_L049,P03,P03_L049_M002,Pixel Per Inch,164
P03_L049,P03,P03_L049_M002,Pixel width (m),0.00023289062499999997
P03_L049,P03,P03_L049_M002,Pixel Pitch (mm),0.155*0.155
P03_L049,P03,P03_L049_M002,bkg_intensity,0.39
P03_L049,P03,P03_L049_M002,max_intensity,1.0
P03_L049,P03,P03_L049_M002,time_Stimulus,250
P03_L049,P03,P03_L049_M002,reversalN,0.0
P03_L049,P03,P03_L049_M002,rateDW,0.5
P03_L049,P03,P03_L049_M002,correctTick,0
P03_L049,P03,P03_L049_M002,count_Reversals,0
P03_L049,P03,P03_L049_M002,probe_LR,0
P03_L049,P03,P03_L049_M002,human_LR,0
P03_L049,P03,P03_L049_M002,posY,0
P03_L049,P03,P03_L049_M002,rateUP,0.5
P03_L049,P03,P03_L049_M002,probe_pos (m),0.0
P03_L049,P03,P03_L049_M002,text,-1
P03_L049,P03,P03_L049_M002,reversePOINT,1
P03_L049,P03,P03_L049_M002,trialPOINT,6
P03_L049,P03,P03_L049_M002,nDW,4
P03_L049,P03,P03_L049_M002,nUP,1
P03_L049,P03,P03_L049_M002,start_weber_Contrast,1.0
P03_L049,P03,P03_L049_M002,number_trials,80
P03_L049,P03,P03_L049_M002,terminationINDEX,9
P03_L049,P03,P03_L049_M002,stepDWUP,0.005
P03_L049,P03,P03_L049_M002,logUNIT_UP,0.36
P03_L049,P03,P03_L049_M002,logUNIT_DW,0.30294
P03_L049,P03,P03_L049_M002,condRule,2
P03_L049,P03,P03_L049_M002,preReversalStepDW,0.36
P03_L049,P03,P03_L049_M002,Reversal_or_Trial,1
P03_L049,P03,P03_L049_M002,limit_Trial_Run,100
P03_L049,P03,P03_L049_M002,max_monitor_cdm2,400
P03_L049,P03,P03_L049_M002,bkg_monitor_cdm2,49
P03_L049,P03,P03_L049_M002,width,374.94805047229414
P03_L049,P03,P03_L049_M002,fs,78.75
P03_L049,P03,P03_L049_M002,ph,0.0
P03_L049,P03,P03_L049_M002,speed,0.0
P03_L049,P03,P03_L049_M002,contr,0.018
P03_L049,P03,P03_L049_M002,theta,0.0
P03_L049,P03,P03_L049_M002,bg,0.39
P03_L049,P03,P03_L049_M002,box,False
P03_L049,P03,P03_L049_M002,Lbg,25
P03_L049,P03,P03_L049_M002,Lmin,0.0
P03_L049,P03,P03_L049_M002,Lmax,25
P03_L049,P03,P03_L049_M002,gamma,0.0
P03_L049,P03,P03_L049_M002,BRTRR,1.2
P03_L049,P03,P03_L049_M002,flanker_width,5.0
P03_L049,P03,P03_L049_M002,flanker_displacement,3.0
P03_L049,P03,P03_L049_M002,probe_displacement_dx,0.4
P03_L049,P03,P03_L049_M002,probe_displacement_dy,0.2
P03_L049,P03,P03_L049_M002,pixel_metre_ratio,0.00023289062499999997
P03_L049,P03,P03_L049_M002,SdeX,0.05
P03_L049,P03,P03_L049_M002,Sdey,0.05
P03_L049,P03,P03_L049_M002,Probe_Height_Deg,0.13343643869556676
P03_L049,P03,P03_L049_M002,Probe_width_Deg,0.013343649840352816
P03_L049,P03,P03_L049_M003,distance_To_Monitor,1.0
P03_L049,P03,P03_L049_M003,win_widthy_Pixel,2560
P03_L049,P03,P03_L049_M003,win_widthx_Pixel,1440
P03_L049,P03,P03_L049_M003,win_widthy_Meter,0.3353
P03_L049,P03,P03_L049_M003,win_widthx_Meter,0.5962
P03_L049,P03,P03_L049_M003,Pixel Per Inch,164
P03_L049,P03,P03_L049_M003,Pixel width (m),0.00023289062499999997
P03_L049,P03,P03_L049_M003,Pixel Pitch (mm),0.155*0.155
P03_L049,P03,P03_L049_M003,bkg_intensity,0.39
P03_L049,P03,P03_L049_M003,max_intensity,1.0
P03_L049,P03,P03_L049_M003,time_Stimulus,250
P03_L049,P03,P03_L049_M003,reversalN,0.0
P03_L049,P03,P03_L049_M003,rateDW,0.5
P03_L049,P03,P03_L049_M003,correctTick,0
P03_L049,P03,P03_L049_M003,count_Reversals,0
P03_L049,P03,P03_L049_M003,probe_LR,0
P03_L049,P03,P03_L049_M003,human_LR,0
P03_L049,P03,P03_L049_M003,posY,0
P03_L049,P03,P03_L049_M003,rateUP,0.5
P03_L049,P03,P03_L049_M003,probe_pos (m),0.0
P03_L049,P03,P03_L049_M003,text,-1
P03_L049,P03,P03_L049_M003,reversePOINT,1
P03_L049,P03,P03_L049_M003,trialPOINT,6
P03_L049,P03,P03_L049_M003,nDW,4
P03_L049,P03,P03_L049_M003,nUP,1
P03_L049,P03,P03_L049_M003,start_weber_Contrast,1.0
P03_L049,P03,P03_L049_M003,number_trials,80
P03_L049,P03,P03_L049_M003,terminationINDEX,9
P03_L049,P03,P03_L049_M003,stepDWUP,0.005
P03_L049,P03,P03_L049_M003,logUNIT_UP,0.36
P03_L049,P03,P03_L049_M003,logUNIT_DW,0.30294
P03_L049,P03,P03_L049_M003,condRule,2
P03_L049,P03,P03_L049_M003,preReversalStepDW,0.36
P03_L049,P03,P03_L049_M003,Reversal_or_Trial,1
P03_L049,P03,P03_L049_M003,limit_Trial_Run,100
P03_L049,P03,P03_L049_M003,max_monitor_cdm2,400
P03_L049,P03,P03_L049_M003,bkg_monitor_cdm2,49
P03_L049,P03,P03_L049_M003,width,374.94805047229414
P03_L049,P03,P03_L049_M003,fs,78.75
P03_L049,P03,P03_L049_M003,ph,0.0
P03_L049,P03,P03_L049_M003,speed,0.0
P03_L049,P03,P03_L049_M003,contr,0.018
P03_L049,P03,P03_L049_M003,theta,0.0
P03_L049,P03,P03_L049_M003,bg,0.39
P03_L049,P03,P03_L049_M003,box,False
P03_L049,P03,P03_L049_M003,Lbg,25
P03_L049,P03,P03_L049_M003,Lmin,0.0
P03_L049,P03,P03_L049_M003,Lmax,25
P03_L049,P03,P03_L049_M003,gamma,0.0
P03_L049,P03,P03_L049_M003,BRTRR,1.2
P03_L049,P03,P03_L049_M003,flanker_width,5.0
P03_L049,P03,P03_L049_M003,flanker_displacement,3.0
P03_L049,P03,P03_L049_M003,probe_displacement_dx,0.4
P03_L049,P03,P03_L049_M003,probe_displacement_dy,0.2
P03_L049,P03,P03_L049_M003,pixel_metre_ratio,0.00023289062499999997
P03_L049,P03,P03_L049_M003,SdeX,0.05
P03_L049,P03,P03_L049_M003,Sdey,0.05
P03_L049,P03,P03_L049_M003,Probe_Height_Deg,0.13343643869556676
P03_L049,P03,P03_L049_M003,Probe_width_Deg,0.013343649840352816
P03_L049,P03,P03_L049_M004,distance_To_Monitor,1.0
P03_L049,P03,P03_L049_M004,win_widthy_Pixel,2560
P03_L049,P03,P03_L049_M004,win_widthx_Pixel,1440
P03_L049,P03,P03_L049_M004,win_widthy_Meter,0.3353
P03_L049,P03,P03_L049_M004,win_widthx_Meter,0.5962
P03_L049,P03,P03_L049_M004,Pixel Per Inch,164
P03_L049,P03,P03_L049_M004,Pixel width (m),0.00023289062499999997
P03_L049,P03,P03_L049_M004,Pixel Pitch (mm),0.155*0.155
P03_L049,P03,P03_L049_M004,bkg_intensity,0.39
P03_L049,P03,P03_L049_M004,max_intensity,1.0
P03_L049,P03,P03_L049_M004,time_Stimulus,250
P03_L049,P03,P03_L049_M004,reversalN,0.0
P03_L049,P03,P03_L049_M004,rateDW,0.5
P03_L049,P03,P03_L049_M004,correctTick,0
P03_L049,P03,P03_L049_M004,count_Reversals,0
P03_L049,P03,P03_L049_M004,probe_LR,0
P03_L049,P03,P03_L049_M004,human_LR,0
P03_L049,P03,P03_L049_M004,posY,0
P03_L049,P03,P03_L049_M004,rateUP,0.5
P03_L049,P03,P03_L049_M004,probe_pos (m),0.0
P03_L049,P03,P03_L049_M004,text,-1
P03_L049,P03,P03_L049_M004,reversePOINT,1
P03_L049,P03,P03_L049_M004,trialPOINT,6
P03_L049,P03,P03_L049_M004,nDW,4
P03_L049,P03,P03_L049_M004,nUP,1
P03_L049,P03,P03_L049_M004,start_weber_Contrast,1.0
P03_L049,P03,P03_L049_M004,number_trials,80
P03_L049,P03,P03_L049_M004,terminationINDEX,9
P03_L049,P03,P03_L049_M004,stepDWUP,0.005
P03_L049,P03,P03_L049_M004,logUNIT_UP,0.36
P03_L049,P03,P03_L049_M004,logUNIT_DW,0.30294
P03_L049,P03,P03_L049_M004,condRule,2
P03_L049,P03,P03_L049_M004,preReversalStepDW,0.36
P03_L049,P03,P03_L049_M004,Reversal_or_Trial,1
P03_L049,P03,P03_L049_M004,limit_Trial_Run,100
P03_L049,P03,P03_L049_M004,max_monitor_cdm2,400
P03_L049,P03,P03_L049_M004,bkg_monitor_cdm2,49
P03_L049,P03,P03_L049_M004,width,374.94805047229414
P03_L049,P03,P03_L049_M004,fs,78.75
P03_L049,P03,P03_L049_M004,ph,0.0
P03_L049,P03,P03_L049_M004,speed,0.0
P03_L049,P03,P03_L049_M004,contr,0.018
P03_L049,P03,P03_L049_M004,theta,0.0
P03_L049,P03,P03_L049_M004,bg,0.39
P03_L049,P03,P03_L049_M004,box,False
P03_L049,P03,P03_L049_M004,Lbg,25
P03_L049,P03,P03_L049_M004,Lmin,0.0
P03_L049,P03,P03_L049_M004,Lmax,25
P03_L049,P03,P03_L049_M004,gamma,0.0
P03_L049,P03,P03_L049_M004,BRTRR,1.2
P03_L049,P03,P03_L049_M004,flanker_width,5.0
P03_L049,P03,P03_L049_M004,flanker_displacement,3.0
P03_L049,P03,P03_L049_M004,probe_displacement_dx,0.4
P03_L049,P03,P03_L049_M004,probe_displacement_dy,0.2
P03_L049,P03,P03_L049_M004,pixel_metre_ratio,0.00023289062499999997
P03_L049,P03,P03_L049_M004,SdeX,0.05
P03_L049,P03,P03_L049_M004,Sdey,0.05
P03_L049,P03,P03_L049_M004,Probe_Height_Deg,0.13343643869556676
P03_L049,P03,P03_L049_M004,Probe_width_Deg,0.013343649840352816
P03_L049,P03,P03_L049_M005,distance_To_Monitor,1.0
P03_L049,P03,P03_L049_M005,win_widthy_Pixel,2560
P03_L049,P03,P03_L049_M005,win_widthx_Pixel,1440
P03_L049,P03,P03_L049_M005,win_widthy_Meter,0.3353
P03_L049,P03,P03_L049_M005,win_widthx_Meter,0.5962
P03_L049,P03,P03_L049_M005,Pixel Per Inch,164
P03_L049,P03,P03_L049_M005,Pixel width (m),0.00023289062499999997
P03_L049,P03,P03_L049_M005,Pixel Pitch (mm),0.155*0.155
P03_L049,P03,P03_L049_M005,bkg_intensity,0.39
P03_L049,P03,P03_L049_M005,max_intensity,1.0
P03_L049,P03,P03_L049_M005,time_Stimulus,250
P03_L049,P03,P03_L049_M005,reversalN,0.0
P03_L049,P03,P03_L049_M005,rateDW,0.5
P03_L049,P03,P03_L049_M005,correctTick,0
P03_L049,P03,P03_L049_M005,count_Reversals,0
P03_L049,P03,P03_L049_M005,probe_LR,0
P03_L049,P03,P03_L049_M005,human_LR,0
P03_L049,P03,P03_L049_M005,posY,0
P03_L049,P03,P03_L049_M005,rateUP,0.5
P03_L049,P03,P03_L049_M005,probe_pos (m),0.0
P03_L049,P03,P03_L049_M005,text,-1
P03_L049,P03,P03_L049_M005,reversePOINT,1
P03_L049,P03,P03_L049_M005,trialPOINT,6
P03_L049,P03,P03_L049_M005,nDW,4
P03_L049,P03,P03_L049_M005,nUP,1
P03_L049,P03,P03_L049_M005,start_weber_Contrast,1.0
P03_L049,P03,P03_L049_M005,number_trials,80
P03_L049,P03,P03_L049_M005,terminationINDEX,9
P03_L049,P03,P03_L049_M005,stepDWUP,0.005
P03_L049,P03,P03_L049_M005,logUNIT_UP,0.36
P03_L049,P03,P03_L049_M005,logUNIT_DW,0.30294
P03_L049,P03,P03_L049_M005,condRule,2
P03_L049,P03,P03_L049_M005,preReversalStepDW,0.36
P03_L049,P03,P03_L049_M005,Reversal_or_Trial,1
P03_L049,P03,P03_L049_M005,limit_Trial_Run,100
P03_L049,P03,P03_L049_M005,max_monitor_cdm2,400
P03_L049,P03,P03_L049_M005,bkg_monitor_cdm2,49
P03_L049,P03,P03_L049_M005,width,374.94805047229414
P03_L049,P03,P03_L049_M005,fs,78.75
P03_L049,P03,P03_L049_M005,ph,0.0
P03_L049,P03,P03_L049_M005,speed,0.0
P03_L049,P03,P03_L049_M005,contr,0.018
P03_L049,P03,P03_L049_M005,theta,0.0
P03_L049,P03,P03_L049_M005,bg,0.39
P03_L049,P03,P03_L049_M005,box,False
P03_L049,P03,P03_L049_M005,Lbg,25
P03_L049,P03,P03_L049_M005,Lmin,0.0
P03_L049,P03,P03_L049_M005,Lmax,25
P03_L049,P03,P03_L049_M005,gamma,0.0
P03_L049,P03,P03_L049_M005,BRTRR,1.2
P03_L049,P03,P03_L049_M005,flanker_width,5.0
P03_L049,P03,P03_L049_M005,flanker_displacement,3.0
P03_L049,P03,P03_L049_M005,probe_displacement_dx,0.4
P03_L049,P03,P03_L049_M005,probe_displacement_dy,0.2
P03_L049,P03,P03_L049_M005,pixel_metre_ratio,0.00023289062499999997
P03_L049,P03,P03_L049_M005,SdeX,0.05
P03_L049,P03,P03_L049_M005,Sdey,0.05
P03_L049,P03,P03_L049_M005,Probe_Height_Deg,0.13343643869556676
P03_L049,P03,P03_L049_M005,Probe_width_Deg,0.013343649840352816
P03_L049,P03,P03_L049_M006,distance_To_Monitor,1.0
P03_L049,P03,P03_L049_M006,win_widthy_Pixel,2560
P03_L049,P03,P03_L049_M006,win_widthx_Pixel,1440
P03_L049,P03,P03_L049_M006,win_widthy_Meter,0.3353
P03_L049,P03,P03_L049_M006,win_widthx_Meter,0.5962
P03_L049,P03,P03_L049_M006,Pixel Per Inch,164
P03_L049,P03,P03_L049_M006,Pixel width (m),0.00023289062499999997
P03_L049,P03,P03_L049_M006,Pixel Pitch (mm),0.155*0.155
P03_L049,P03,P03_L049_M006,bkg_intensity,0.39
P03_L049,P03,P03_L049_M006,max_intensity,1.0
P03_L049,P03,P03_L049_M006,time_Stimulus,250
P03_L049,P03,P03_L049_M006,reversalN,0.0
P03_L049,P03,P03_L049_M006,rateDW,0.5
P03_L049,P03,P03_L049_M006,correctTick,0
P03_L049,P03,P03_L049_M006,count_Reversals,0
P03_L049,P03,P03_L049_M006,probe_LR,0
P03_L049,P03,P03_L049_M006,human_LR,0
P03_L049,P03,P03_L049_M006,posY,0
P03_L049,P03,P03_L049_M006,rateUP,0.5
P03_L049,P03,P03_L049_M006,probe_pos (m),0.0
P03_L049,P03,P03_L049_M006,text,-1
P03_L049,P03,P03_L049_M006,reversePOINT,1
P03_L049,P03,P03_L049_M006,trialPOINT,8
P03_L049,P03,P03_L049_M006,nDW,4
P03_L049,P03,P03_L049_M006,nUP,1
P03_L049,P03,P03_L049_M006,start_weber_Contrast,1.0
P03_L049,P03,P03_L049_M006,number_trials,80
P03_L049,P03,P03_L049_M006,terminationINDEX,9
P03_L049,P03,P03_L049_M006,stepDWUP,0.005
P03_L049,P03,P03_L049_M006,logUNIT_UP,0.36
P03_L049,P03,P03_L049_M006,logUNIT_DW,0.30294
P03_L049,P03,P03_L049_M006,condRule,2
P03_L049,P03,P03_L049_M006,preReversalStepDW,0.36
P03_L049,P03,P03_L049_M006,Reversal_or_Trial,1
P03_L049,P03,P03_L049_M006,limit_Trial_Run,100
P03_L049,P03,P03_L049_M006,max_monitor_cdm2,400
P03_L049,P03,P03_L049_M006,bkg_monitor_cdm2,49
P03_L049,P03,P03_L049_M006,width,374.94805047229414
P03_L049,P03,P03_L049_M006,fs,78.75
P03_L049,P03,P03_L049_M006,ph,0.0
P03_L049,P03,P03_L049_M006,speed,0.0
P03_L049,P03,P03_L049_M006,contr,0.018
P03_L049,P03,P03_L049_M006,theta,0.0
P03_L049,P03,P03_L049_M006,bg,0.39
P03_L049,P03,P03_L049_M006,box,False
P03_L049,P03,P03_L049_M006,Lbg,25
P03_L049,P03,P03_L049_M006,Lmin,0.0
P03_L049,P03,P03_L049_M006,Lmax,25
P03_L049,P03,P03_L049_M006,gamma,0.0
P03_L049,P03,P03_L049_M006,BRTRR,1.2
P03_L049,P03,P03_L049_M006,flanker_width,5.0
P03_L049,P03,P03_L049_M006,flanker_displacement,3.0
P03_L049,P03,P03_L049_M006,probe_displacement_dx,0.4
P03_L049,P03,P03_L049_M006,probe_displacement_dy,0.2
P03_L049,P03,P03_L049_M006,pixel_metre_ratio,0.00023289062499999997
P03_L049,P03,P03_L049_M006,SdeX,0.05
P03_L049,P03,P03_L049_M006,SdeY,0.05
P03_L049,P03,P03_L049_M006,Probe_Height_Deg,0.13343643869556676
P03_L049,P03,P03_L049_M006,Probe_width_Deg,0.013343649840352816
P03_L049,P03,P03_L049_M007,distance_To_Monitor,1.0
P03_L049,P03,P03_L049_M007,win_widthy_Pixel,2560
P03_L049,P03,P03_L049_M007,win_widthx_Pixel,1440
P03_L049,P03,P03_L049_M007,win_widthy_Meter,0.3353
P03_L049,P03,P03_L049_M007,win_widthx_Meter,0.5962
P03_L049,P03,P03_L049_M007,Pixel Per Inch,164
P03_L049,P03,P03_L049_M007,Pixel width (m),0.00023289062499999997
P03_L049,P03,P03_L049_M007,Pixel Pitch (mm),0.155*0.155
P03_L049,P03,P03_L049_M007,bkg_intensity,0.39
P03_L049,P03,P03_L049_M007,max_intensity,1.0
P03_L049,P03,P03_L049_M007,time_Stimulus,250
P03_L049,P03,P03_L049_M007,reversalN,0.0
P03_L049,P03,P03_L049_M007,rateDW,0.5
P03_L049,P03,P03_L049_M007,correctTick,0
P03_L049,P03,P03_L049_M007,count_Reversals,0
P03_L049,P03,P03_L049_M007,probe_LR,0
P03_L049,P03,P03_L049_M007,human_LR,0
P03_L049,P03,P03_L049_M007,posY,0
P03_L049,P03,P03_L049_M007,rateUP,0.5
P03_L049,P03,P03_L049_M007,probe_pos (m),0.0
P03_L049,P03,P03_L049_M007,text,-1
P03_L049,P03,P03_L049_M007,reversePOINT,1
P03_L049,P03,P03_L049_M007,trialPOINT,8
P03_L049,P03,P03_L049_M007,nDW,4
P03_L049,P03,P03_L049_M007,nUP,1
P03_L049,P03,P03_L049_M007,start_weber_Contrast,1.0
P03_L049,P03,P03_L049_M007,number_trials,80
P03_L049,P03,P03_L049_M007,terminationINDEX,9
P03_L049,P03,P03_L049_M007,stepDWUP,0.005
P03_L049,P03,P03_L049_M007,logUNIT_UP,0.36
P03_L049,P03,P03_L049_M007,logUNIT_DW,0.30294
P03_L049,P03,P03_L049_M007,condRule,2
P03_L049,P03,P03_L049_M007,preReversalStepDW,0.36
P03_L049,P03,P03_L049_M007,Reversal_or_Trial,1
P03_L049,P03,P03_L049_M007,limit_Trial_Run,100
P03_L049,P03,P03_L049_M007,max_monitor_cdm2,400
P03_L049,P03,P03_L049_M007,bkg_monitor_cdm2,49
P03_L049,P03,P03_L049_M007,width,374.94805047229414
P03_L049,P03,P03_L049_M007,fs,78.75
P03_L049,P03,P03_L049_M007,ph,0.0
P03_L049,P03,P03_L049_M007,speed,0.0
P03_L049,P03,P03_L049_M007,contr,0.018
P03_L049,P03,P03_L049_M007,theta,0.0
P03_L049,P03,P03_L049_M007,bg,0.39
P03_L049,P03,P03_L049_M007,box,False
P03_L049,P03,P03_L049_M007,Lbg,25
P03_L049,P03,P03_L049_M007,Lmin,0.0
P03_L049,P03,P03_L049_M007,Lmax,25
P03_L049,P03,P03_L049_M007,gamma,0.0
P03_L049,P03,P03_L049_M007,BRTRR,1.2
P03_L049,P03,P03_L049_M007,flanker_width,5.0
P03_L049,P03,P03_L049_M007,flanker_displacement,3.0
P03_L049,P03,P03_L049_M007,probe_displacement_dx,0.4
P03_L049,P03,P03_L049_M007,probe_displacement_dy,0.2
P03_L049,P03,P03_L049_M007,pixel_metre_ratio,0.00023289062499999997
P03_L049,P03,P03_L049_M007,SdeX,0.05
P03_L049,P03,P03_L049_M007,SdeY,0.05
P03_L049,P03,P03_L049_M007,Probe_Height_Deg,0.13343643869556676
P03_L049,P03,P03_L049_M007,Probe_width_Deg,0.013343649840352816
P03_L049,P03,P03_L049_M008,distance_To_Monitor,1.0
P03_L049,P03,P03_L049_M008,win_widthy_Pixel,2560
P03_L049,P03,P03_L049_M008,win_widthx_Pixel,1440
P03_L049,P03,P03_L049_M008,win_widthy_Meter,0.3353
P03_L049,P03,P03_L049_M008,win_widthx_Meter,0.5962
P03_L049,P03,P03_L049_M008,Pixel Per Inch,164
P03_L049,P03,P03_L049_M008,Pixel width (m),0.00023289062499999997
P03_L049,P03,P03_L049_M008,Pixel Pitch (mm),0.155*0.155
P03_L049,P03,P03_L049_M008,bkg_intensity,0.39
P03_L049,P03,P03_L049_M008,max_intensity,1.0
P03_L049,P03,P03_L049_M008,time_Stimulus,250
P03_L049,P03,P03_L049_M008,reversalN,0.0
P03_L049,P03,P03_L049_M008,rateDW,0.5
P03_L049,P03,P03_L049_M008,correctTick,0
P03_L049,P03,P03_L049_M008,count_Reversals,0
P03_L049,P03,P03_L049_M008,probe_LR,0
P03_L049,P03,P03_L049_M008,human_LR,0
P03_L049,P03,P03_L049_M008,posY,0
P03_L049,P03,P03_L049_M008,rateUP,0.5
P03_L049,P03,P03_L049_M008,probe_pos (m),0.0
P03_L049,P03,P03_L049_M008,text,-1
P03_L049,P03,P03_L049_M008,reversePOINT,1
P03_L049,P03,P03_L049_M008,trialPOINT,8
P03_L049,P03,P03_L049_M008,nDW,4
P03_L049,P03,P03_L049_M008,nUP,1
P03_L049,P03,P03_L049_M008,start_weber_Contrast,1.0
P03_L049,P03,P03_L049_M008,number_trials,80
P03_L049,P03,P03_L049_M008,terminationINDEX,9
P03_L049,P03,P03_L049_M008,stepDWUP,0.005
P03_L049,P03,P03_L049_M008,logUNIT_UP,0.36
P03_L049,P03,P03_L049_M008,logUNIT_DW,0.30294
P03_L049,P03,P03_L049_M008,condRule,2
P03_L049,P03,P03_L049_M008,preReversalStepDW,0.36
P03_L049,P03,P03_L049_M008,Reversal_or_Trial,1
P03_L049,P03,P03_L049_M008,limit_Trial_Run,100
P03_L049,P03,P03_L049_M008,max_monitor_cdm2,400
P03_L049,P03,P03_L049_M008,bkg_monitor_cdm2,49
P03_L049,P03,P03_L049_M008,width,374.94805047229414
P03_L049,P03,P03_L049_M008,fs,78.75
P03_L049,P03,P03_L049_M008,ph,0.0
P03_L049,P03,P03_L049_M008,speed,0.0
P03_L049,P03,P03_L049_M008,contr,0.018
P03_L049,P03,P03_L049_M008,theta,0.0
P03_L049,P03,P03_L049_M008,bg,0.39
P03_L049,P03,P03_L049_M008,box,False
P03_L049,P03,P03_L049_M008,Lbg,25
P03_L049,P03,P03_L049_M008,Lmin,0.0
P03_L049,P03,P03_L049_M008,Lmax,25
P03_L049,P03,P03_L049_M008,gamma,0.0
P03_L049,P03,P03_L049_M008,BRTRR,1.2
P03_L049,P03,P03_L049_M008,flanker_width,5.0
P03_L049,P03,P03_L049_M008,flanker_displacement,3.0
P03_L049,P03,P03_L049_M008,probe_displacement_dx,0.4
P03_L049,P03,P03_L049_M008,probe_displacement_dy,0.2
P03_L049,P03,P03_L049_M008,pixel_metre_ratio,0.00023289062499999997
P03_L049,P03,P03_L049_M008,SdeX,0.05
P03_L049,P03,P03_L049_M008,SdeY,0.05
P03_L049,P03,P03_L049_M008,Probe_Height_Deg,0.13343643869556676
P03_L049,P03,P03_L049_M008,Probe_width_Deg,0.013343649840352816
P03_L100,P03,P03_L100_M001,distance_To_Monitor,1.0
P03_L100,P03,P03_L100_M001,win_widthy_Pixel,2560
P03_L100,P03,P03_L100_M001,win_widthx_Pixel,1440
P03_L100,P03,P03_L100_M001,win_widthy_Meter,0.3353
P03_L100,P03,P03_L100_M001,win_widthx_Meter,0.5962
P03_L100,P03,P03_L100_M001,Pixel Per Inch,164
P03_L100,P03,P03_L100_M001,Pixel width (m),0.00023289062499999997
P03_L100,P03,P03_L100_M001,Pixel Pitch (mm),0.155*0.155
P03_L100,P03,P03_L100_M001,bkg_intensity,0.54
P03_L100,P03,P03_L100_M001,max_intensity,1.0
P03_L100,P03,P03_L100_M001,time_Stimulus,250
P03_L100,P03,P03_L100_M001,reversalN,0.0
P03_L100,P03,P03_L100_M001,rateDW,0.5
P03_L100,P03,P03_L100_M001,correctTick,0
P03_L100,P03,P03_L100_M001,count_Reversals,0
P03_L100,P03,P03_L100_M001,probe_LR,0
P03_L100,P03,P03_L100_M001,human_LR,0
P03_L100,P03,P03_L100_M001,posY,0
P03_L100,P03,P03_L100_M001,rateUP,0.5
P03_L100,P03,P03_L100_M001,probe_pos (m),0.0
P03_L100,P03,P03_L100_M001,text,-1
P03_L100,P03,P03_L100_M001,reversePOINT,1
P03_L100,P03,P03_L100_M001,trialPOINT,8
P03_L100,P03,P03_L100_M001,nDW,4
P03_L100,P03,P03_L100_M001,nUP,1
P03_L100,P03,P03_L100_M001,start_weber_Contrast,1.0
P03_L100,P03,P03_L100_M001,number_trials,80
P03_L100,P03,P03_L100_M001,terminationINDEX,9
P03_L100,P03,P03_L100_M001,stepDWUP,0.005
P03_L100,P03,P03_L100_M001,logUNIT_UP,0.36
P03_L100,P03,P03_L100_M001,logUNIT_DW,0.30294
P03_L100,P03,P03_L100_M001,condRule,2
P03_L100,P03,P03_L100_M001,preReversalStepDW,0.36
P03_L100,P03,P03_L100_M001,Reversal_or_Trial,1
P03_L100,P03,P03_L100_M001,limit_Trial_Run,100
P03_L100,P03,P03_L100_M001,max_monitor_cdm2,400
P03_L100,P03,P03_L100_M001,bkg_monitor_cdm2,100
P03_L100,P03,P03_L100_M001,width,374.94805047229414
P03_L100,P03,P03_L100_M001,fs,63.0
P03_L100,P03,P03_L100_M001,ph,0.0
P03_L100,P03,P03_L100_M001,speed,0.0
P03_L100,P03,P03_L100_M001,contr,0.018
P03_L100,P03,P03_L100_M001,theta,0.0
P03_L100,P03,P03_L100_M001,bg,0.54
P03_L100,P03,P03_L100_M001,box,False
P03_L100,P03,P03_L100_M001,Lbg,25
P03_L100,P03,P03_L100_M001,Lmin,0.0
P03_L100,P03,P03_L100_M001,Lmax,25
P03_L100,P03,P03_L100_M001,gamma,0.0
P03_L100,P03,P03_L100_M001,BRTRR,1.2
P03_L100,P03,P03_L100_M001,flanker_width,5.0
P03_L100,P03,P03_L100_M001,flanker_displacement,3.0
P03_L100,P03,P03_L100_M001,probe_displacement_dx,0.4
P03_L100,P03,P03_L100_M001,probe_displacement_dy,0.2
P03_L100,P03,P03_L100_M001,pixel_metre_ratio,0.00023289062499999997
P03_L100,P03,P03_L100_M001,SdeX,0.05
P03_L100,P03,P03_L100_M001,SdeY,0.05
P03_L100,P03,P03_L100_M001,Probe_Height_Deg,0.13343643869556676
P03_L100,P03,P03_L100_M001,Probe_width_Deg,0.013343649840352816
P03_L100,P03,P03_L100_M002,distance_To_Monitor,1.0
P03_L100,P03,P03_L100_M002,win_widthy_Pixel,2560
P03_L100,P03,P03_L100_M002,win_widthx_Pixel,1440
P03_L100,P03,P03_L100_M002,win_widthy_Meter,0.3353
P03_L100,P03,P03_L100_M002,win_widthx_Meter,0.5962
P03_L100,P03,P03_L100_M002,Pixel Per Inch,164
P03_L100,P03,P03_L100_M002,Pixel width (m),0.00023289062499999997
P03_L100,P03,P03_L100_M002,Pixel Pitch (mm),0.155*0.155
P03_L100,P03,P03_L100_M002,bkg_intensity,0.54
P03_L100,P03,P03_L100_M002,max_intensity,1.0
P03_L100,P03,P03_L100_M002,time_Stimulus,250
P03_L100,P03,P03_L100_M002,reversalN,0.0
P03_L100,P03,P03_L100_M002,rateDW,0.5
P03_L100,P03,P03_L100_M002,correctTick,0
P03_L100,P03,P03_L100_M002,count_Reversals,0
P03_L100,P03,P03_L100_M002,probe_LR,0
P03_L100,P03,P03_L100_M002,human_LR,0
P03_L100,P03,P03_L100_M002,posY,0
P03_L100,P03,P03_L100_M002,rateUP,0.5
P03_L100,P03,P03_L100_M002,probe_pos (m),0.0
P03_L100,P03,P03_L100_M002,text,-1
P03_L100,P03,P03_L100_M002,reversePOINT,1
P03_L100,P03,P03_L100_M002,trialPOINT,8
P03_L100,P03,P03_L100_M002,nDW,4
P03_L100,P03,P03_L100_M002,nUP,1
P03_L100,P03,P03_L100_M002,start_weber_Contrast,1.0
P03_L100,P03,P03_L100_M002,number_trials,80
P03_L100,P03,P03_L100_M002,terminationINDEX,9
P03_L100,P03,P03_L100_M002,stepDWUP,0.005
P03_L100,P03,P03_L100_M002,logUNIT_UP,0.36
P03_L100,P03,P03_L100_M002,logUNIT_DW,0.30294
P03_L100,P03,P03_L100_M002,condRule,2
P03_L100,P03,P03_L100_M002,preReversalStepDW,0.36
P03_L100,P03,P03_L100_M002,Reversal_or_Trial,1
P03_L100,P03,P03_L100_M002,limit_Trial_Run,100
P03_L100,P03,P03_L100_M002,max_monitor_cdm2,400
P03_L100,P03,P03_L100_M002,bkg_monitor_cdm2,100
P03_L100,P03,P03_L100_M002,width,374.94805047229414
P03_L100,P03,P03_L100_M002,fs,63.0
P03_L100,P03,P03_L100_M002,ph,0.0
P03_L100,P03,P03_L100_M002,speed,0.0
P03_L100,P03,P03_L100_M002,contr,0.018
P03_L100,P03,P03_L100_M002,theta,0.0
P03_L100,P03,P03_L100_M002,bg,0.54
P03_L100,P03,P03_L100_M002,box,False
P03_L100,P03,P03_L100_M002,Lbg,25
P03_L100,P03,P03_L100_M002,Lmin,0.0
P03_L100,P03,P03_L100_M002,Lmax,25
P03_L100,P03,P03_L100_M002,gamma,0.0
P03_L100,P03,P03_L100_M002,BRTRR,1.2
P03_L100,P03,P03_L100_M002,flanker_width,5.0
P03_L100,P03,P03_L100_M002,flanker_displacement,3.0
P03_L100,P03,P03_L100_M002,probe_displacement_dx,0.4
P03_L100,P03,P03_L100_M002,probe_displacement_dy,0.2
P03_L100,P03,P03_L100_M002,pixel_metre_ratio,0.00023289062499999997
P03_L100,P03,P03_L100_M002,SdeX,0.05
P03_L100,P03,P03_L100_M002,SdeY,0.05
P03_L100,P03,P03_L100_M002,Probe_Height_Deg,0.13343643869556676
P03_L100,P03,P03_L100_M002,Probe_width_Deg,0.013343649840352816
P03_L100,P03,P03_L100_M003,distance_To_Monitor,1.0
P03_L100,P03,P03_L100_M003,win_widthy_Pixel,2560
P03_L100,P03,P03_L100_M003,win_widthx_Pixel,1440
P03_L100,P03,P03_L100_M003,win_widthy_Meter,0.3353
P03_L100,P03,P03_L100_M003,win_widthx_Meter,0.5962
P03_L100,P03,P03_L100_M003,Pixel Per Inch,164
P03_L100,P03,P03_L100_M003,Pixel width (m),0.00023289062499999997
P03_L100,P03,P03_L100_M003,Pixel Pitch (mm),0.155*0.155
P03_L100,P03,P03_L100_M003,bkg_intensity,0.54
P03_L100,P03,P03_L100_M003,max_intensity,1.0
P03_L100,P03,P03_L100_M003,time_Stimulus,250
P03_L100,P03,P03_L100_M003,reversalN,0.0
P03_L100,P03,P03_L100_M003,rateDW,0.5
P03_L100,P03,P03_L100_M003,correctTick,0
P03_L100,P03,P03_L100_M003,count_Reversals,0
P03_L100,P03,P03_L100_M003,probe_LR,0
P03_L100,P03,P03_L100_M003,human_LR,0
P03_L100,P03,P03_L100_M003,posY,0
P03_L100,P03,P03_L100_M003,rateUP,0.5
P03_L100,P03,P03_L100_M003,probe_pos (m),0.0
P03_L100,P03,P03_L100_M003,text,-1
P03_L100,P03,P03_L100_M003,reversePOINT,1
P03_L100,P03,P03_L100_M003,trialPOINT,8
P03_L100,P03,P03_L100_M003,nDW,4
P03_L100,P03,P03_L100_M003,nUP,1
P03_L100,P03,P03_L100_M003,start_weber_Contrast,1.0
P03_L100,P03,P03_L100_M003,number_trials,80
P03_L100,P03,P03_L100_M003,terminationINDEX,9
P03_L100,P03,P03_L100_M003,stepDWUP,0.005
P03_L100,P03,P03_L100_M003,logUNIT_UP,0.36
P03_L100,P03,P03_L100_M003,logUNIT_DW,0.30294
P03_L100,P03,P03_L100_M003,condRule,2
P03_L100,P03,P03_L100_M003,preReversalStepDW,0.36
P03_L100,P03,P03_L100_M003,Reversal_or_Trial,1
P03_L100,P03,P03_L100_M003,limit_Trial_Run,100
P03_L100,P03,P03_L100_M003,max_monitor_cdm2,400
P03_L100,P03,P03_L100_M003,bkg_monitor_cdm2,100
P03_L100,P03,P03_L100_M003,width,374.94805047229414
P03_L100,P03,P03_L100_M003,fs,63.0
P03_L100,P03,P03_L100_M003,ph,0.0
P03_L100,P03,P03_L100_M003,speed,0.0
P03_L100,P03,P03_L100_M003,contr,0.018
P03_L100,P03,P03_L100_M003,theta,0.0
P03_L100,P03,P03_L100_M003,bg,0.54
P03_L100,P03,P03_L100_M003,box,False
P03_L100,P03,P03_L100_M003,Lbg,25
P03_L100,P03,P03_L100_M003,Lmin,0.0
P03_L100,P03,P03_L100_M003,Lmax,25
P03_L100,P03,P03_L100_M003,gamma,0.0
P03_L100,P03,P03_L100_M003,BRTRR,1.2
P03_L100,P03,P03_L100_M003,flanker_width,5.0
P03_L100,P03,P03_L100_M003,flanker_displacement,3.0
P03_L100,P03,P03_L100_M003,probe_displacement_dx,0.4
P03_L100,P03,P03_L100_M003,probe_displacement_dy,0.2
P03_L100,P03,P03_L100_M003,pixel_metre_ratio,0.00023289062499999997
P03_L100,P03,P03_L100_M003,SdeX,0.05
P03_L100,P03,P03_L100_M003,SdeY,0.05
P03_L100,P03,P03_L100_M003,Probe_Height_Deg,0.13343643869556676
P03_L100,P03,P03_L100_M003,Probe_width_Deg,0.013343649840352816
P03_L100,P03,P03_L100_M004,distance_To_Monitor,1.0
P03_L100,P03,P03_L100_M004,win_widthy_Pixel,2560
P03_L100,P03,P03_L100_M004,win_widthx_Pixel,1440
P03_L100,P03,P03_L100_M004,win_widthy_Meter,0.3353
P03_L100,P03,P03_L100_M004,win_widthx_Meter,0.5962
P03_L100,P03,P03_L100_M004,Pixel Per Inch,164
P03_L100,P03,P03_L100_M004,Pixel width (m),0.00023289062499999997
P03_L100,P03,P03_L100_M004,Pixel Pitch (mm),0.155*0.155
P03_L100,P03,P03_L100_M004,bkg_intensity,0.54
P03_L100,P03,P03_L100_M004,max_intensity,1.0
P03_L100,P03,P03_L100_M004,time_Stimulus,250
P03_L100,P03,P03_L100_M004,reversalN,0.0
P03_L100,P03,P03_L100_M004,rateDW,0.5
P03_L100,P03,P03_L100_M004,correctTick,0
P03_L100,P03,P03_L100_M004,count_Reversals,0
P03_L100,P03,P03_L100_M004,probe_LR,0
P03_L100,P03,P03_L100_M004,human_LR,0
P03_L100,P03,P03_L100_M004,posY,0
P03_L100,P03,P03_L100_M004,rateUP,0.5
P03_L100,P03,P03_L100_M004,probe_pos (m),0.0
P03_L100,P03,P03_L100_M004,text,-1
P03_L100,P03,P03_L100_M004,reversePOINT,1
P03_L100,P03,P03_L100_M004,trialPOINT,8
P03_L100,P03,P03_L100_M004,nDW,4
P03_L100,P03,P03_L100_M004,nUP,1
P03_L100,P03,P03_L100_M004,start_weber_Contrast,1.0
P03_L100,P03,P03_L100_M004,number_trials,80
P03_L100,P03,P03_L100_M004,terminationINDEX,9
P03_L100,P03,P03_L100_M004,stepDWUP,0.005
P03_L100,P03,P03_L100_M004,logUNIT_UP,0.36
P03_L100,P03,P03_L100_M004,logUNIT_DW,0.30294
P03_L100,P03,P03_L100_M004,condRule,2
P03_L100,P03,P03_L100_M004,preReversalStepDW,0.36
P03_L100,P03,P03_L100_M004,Reversal_or_Trial,1
P03_L100,P03,P03_L100_M004,limit_Trial_Run,100
P03_L100,P03,P03_L100_M004,max_monitor_cdm2,400
P03_L100,P03,P03_L100_M004,bkg_monitor_cdm2,100
P03_L100,P03,P03_L100_M004,width,374.94805047229414
P03_L100,P03,P03_L100_M004,fs,63.0
P03_L100,P03,P03_L100_M004,ph,0.0
P03_L100,P03,P03_L100_M004,speed,0.0
P03_L100,P03,P03_L100_M004,contr,0.018
P03_L100,P03,P03_L100_M004,theta,0.0
P03_L100,P03,P03_L100_M004,bg,0.54
P03_L100,P03,P03_L100_M004,box,False
P03_L100,P03,P03_L100_M004,Lbg,25
P03_L100,P03,P03_L100_M004,Lmin,0.0
P03_L100,P03,P03_L100_M004,Lmax,25
P03_L100,P03,P03_L100_M004,gamma,0.0
P03_L100,P03,P03_L100_M004,BRTRR,1.2
P03_L100,P03,P03_L100_M004,flanker_width,5.0
P03_L100,P03,P03_L100_M004,flanker_displacement,3.0
P03_L100,P03,P03_L100_M004,probe_displacement_dx,0.4
P03_L100,P03,P03_L100_M004,probe_displacement_dy,0.2
P03_L100,P03,P03_L100_M004,pixel_metre_ratio,0.00023289062499999997
P03_L100,P03,P03_L100_M004,SdeX,0.05
P03_L100,P03,P03_L100_M004,SdeY,0.05
P03_L100,P03,P03_L100_M004,Probe_Height_Deg,0.13343643869556676
P03_L100,P03,P03_L100_M004,Probe_width_Deg,0.013343649840352816
P03_L100,P03,P03_L100_M005,distance_To_Monitor,1.0
P03_L100,P03,P03_L100_M005,win_widthy_Pixel,2560
P03_L100,P03,P03_L100_M005,win_widthx_Pixel,1440
P03_L100,P03,P03_L100_M005,win_widthy_Meter,0.3353
P03_L100,P03,P03_L100_M005,win_widthx_Meter,0.5962
P03_L100,P03,P03_L100_M005,Pixel Per Inch,164
P03_L100,P03,P03_L100_M005,Pixel width (m),0.00023289062499999997
P03_L100,P03,P03_L100_M005,Pixel Pitch (mm),0.155*0.155
P03_L100,P03,P03_L100_M005,bkg_intensity,0.54
P03_L100,P03,P03_L100_M005,max_intensity,1.0
P03_L100,P03,P03_L100_M005,time_Stimulus,250
P03_L100,P03,P03_L100_M005,reversalN,0.0
P03_L100,P03,P03_L100_M005,rateDW,0.5
P03_L100,P03,P03_L100_M005,correctTick,0
P03_L100,P03,P03_L100_M005,count_Reversals,0
P03_L100,P03,P03_L100_M005,probe_LR,0
P03_L100,P03,P03_L100_M005,human_LR,0
P03_L100,P03,P03_L100_M005,posY,0
P03_L100,P03,P03_L100_M005,rateUP,0.5
P03_L100,P03,P03_L100_M005,probe_pos (m),0.0
P03_L100,P03,P03_L100_M005,text,-1
P03_L100,P03,P03_L100_M005,reversePOINT,1
P03_L100,P03,P03_L100_M005,trialPOINT,8
P03_L100,P03,P03_L100_M005,nDW,4
P03_L100,P03,P03_L100_M005,nUP,1
P03_L100,P03,P03_L100_M005,start_weber_Contrast,1.0
P03_L100,P03,P03_L100_M005,number_trials,80
P03_L100,P03,P03_L100_M005,terminationINDEX,9
P03_L100,P03,P03_L100_M005,stepDWUP,0.005
P03_L100,P03,P03_L100_M005,logUNIT_UP,0.36
P03_L100,P03,P03_L100_M005,logUNIT_DW,0.30294
P03_L100,P03,P03_L100_M005,condRule,2
P03_L100,P03,P03_L100_M005,preReversalStepDW,0.36
P03_L100,P03,P03_L100_M005,Reversal_or_Trial,1
P03_L100,P03,P03_L100_M005,limit_Trial_Run,100
P03_L100,P03,P03_L100_M005,max_monitor_cdm2,400
P03_L100,P03,P03_L100_M005,bkg_monitor_cdm2,100
P03_L100,P03,P03_L100_M005,width,374.94805047229414
P03_L100,P03,P03_L100_M005,fs,63.0
P03_L100,P03,P03_L100_M005,ph,0.0
P03_L100,P03,P03_L100_M005,speed,0.0
P03_L100,P03,P03_L100_M005,contr,0.018
P03_L100,P03,P03_L100_M005,theta,0.0
P03_L100,P03,P03_L100_M005,bg,0.54
P03_L100,P03,P03_L100_M005,box,False
P03_L100,P03,P03_L100_M005,Lbg,25
P03_L100,P03,P03_L100_M005,Lmin,0.0
P03_L100,P03,P03_L100_M005,Lmax,25
P03_L100,P03,P03_L100_M005,gamma,0.0
P03_L100,P03,P03_L100_M005,BRTRR,1.2
P03_L100,P03,P03_L100_M005,flanker_width,5.0
P03_L100,P03,P03_L100_M005,flanker_displacement,3.0
P03_L100,P03,P03_L100_M005,probe_displacement_dx,0.4
P03_L100,P03,P03_L100_M005,probe_displacement_dy,0.2
P03_L100,P03,P03_L100_M005,pixel_metre_ratio,0.00023289062499999997
P03_L100,P03,P03_L100_M005,SdeX,0.05
P03_L100,P03,P03_L100_M005,SdeY,0.05
P03_L100,P03,P03_L100_M005,Probe_Height_Deg,0.13343643869556676
P03_L100,P03,P03_L100_M005,Probe_width_Deg,0.013343649840352816
P03_L100,P03,P03_L100_M006,distance_To_Monitor,1.0
P03_L100,P03,P03_L100_M006,win_widthy_Pixel,2560
P03_L100,P03,P03_L100_M006,win_widthx_Pixel,1440
P03_L100,P03,P03_L100_M006,win_widthy_Meter,0.3353
P03_L100,P03,P03_L100_M006,win_widthx_Meter,0.5962
P03_L100,P03,P03_L100_M006,Pixel Per Inch,164
P03_L100,P03,P03_L100_M006,Pixel width (m),0.00023289062499999997
P03_L100,P03,P03_L100_M006,Pixel Pitch (mm),0.155*0.155
P03_L100,P03,P03_L100_M006,bkg_intensity,0.54
P03_L100,P03,P03_L100_M006,max_intensity,1.0
P03_L100,P03,P03_L100_M006,time_Stimulus,250
P03_L100,P03,P03_L100_M006,reversalN,0.0
P03_L100,P03,P03_L100_M006,rateDW,0.5
P03_L100,P03,P03_L100_M006,correctTick,0
P03_L100,P03,P03_L100_M006,count_Reversals,0
P03_L100,P03,P03_L100_M006,probe_LR,0
P03_L100,P03,P03_L100_M006,human_LR,0
P03_L100,P03,P03_L100_M006,posY,0
P03_L100,P03,P03_L100_M006,rateUP,0.5
P03_L100,P03,P03_L100_M006,probe_pos (m),0.0
P03_L100,P03,P03_L100_M006,text,-1
P03_L100,P03,P03_L100_M006,reversePOINT,1
P03_L100,P03,P03_L100_M006,trialPOINT,8
P03_L100,P03,P03_L100_M006,nDW,4
P03_L100,P03,P03_L100_M006,nUP,1
P03_L100,P03,P03_L100_M006,start_weber_Contrast,1.0
P03_L100,P03,P03_L100_M006,number_trials,80
P03_L100,P03,P03_L100_M006,terminationINDEX,9
P03_L100,P03,P03_L100_M006,stepDWUP,0.005
P03_L100,P03,P03_L100_M006,logUNIT_UP,0.36
P03_L100,P03,P03_L100_M006,logUNIT_DW,0.30294
P03_L100,P03,P03_L100_M006,condRule,2
P03_L100,P03,P03_L100_M006,preReversalStepDW,0.36
P03_L100,P03,P03_L100_M006,Reversal_or_Trial,1
P03_L100,P03,P03_L100_M006,limit_Trial_Run,100
P03_L100,P03,P03_L100_M006,max_monitor_cdm2,400
P03_L100,P03,P03_L100_M006,bkg_monitor_cdm2,100
P03_L100,P03,P03_L100_M006,width,374.94805047229414
P03_L100,P03,P03_L100_M006,fs,63.0
P03_L100,P03,P03_L100_M006,ph,0.0
P03_L100,P03,P03_L100_M006,speed,0.0
P03_L100,P03,P03_L100_M006,contr,0.018
P03_L100,P03,P03_L100_M006,theta,0.0
P03_L100,P03,P03_L100_M006,bg,0.54
P03_L100,P03,P03_L100_M006,box,False
P03_L100,P03,P03_L100_M006,Lbg,25
P03_L100,P03,P03_L100_M006,Lmin,0.0
P03_L100,P03,P03_L100_M006,Lmax,25
P03_L100,P03,P03_L100_M006,gamma,0.0
P03_L100,P03,P03_L100_M006,BRTRR,1.2
P03_L100,P03,P03_L100_M006,flanker_width,5.0
P03_L100,P03,P03_L100_M006,flanker_displacement,3.0
P03_L100,P03,P03_L100_M006,probe_displacement_dx,0.4
P03_L100,P03,P03_L100_M006,probe_displacement_dy,0.2
P03_L100,P03,P03_L100_M006,pixel_metre_ratio,0.00023289062499999997
P03_L100,P03,P03_L100_M006,SdeX,0.05
P03_L100,P03,P03_L100_M006,SdeY,0.05
P03_L100,P03,P03_L100_M006,Probe_Height_Deg,0.13343643869556676
P03_L100,P03,P03_L100_M006,Probe_width_Deg,0.013343649840352816
P03_L100,P03,P03_L100_M007,distance_To_Monitor,1.0
P03_L100,P03,P03_L100_M007,win_widthy_Pixel,2560
P03_L100,P03,P03_L100_M007,win_widthx_Pixel,1440
P03_L100,P03,P03_L100_M007,win_widthy_Meter,0.3353
P03_L100,P03,P03_L100_M007,win_widthx_Meter,0.5962
P03_L100,P03,P03_L100_M007,Pixel Per Inch,164
P03_L100,P03,P03_L100_M007,Pixel width (m),0.00023289062499999997
P03_L100,P03,P03_L100_M007,Pixel Pitch (mm),0.155*0.155
P03_L100,P03,P03_L100_M007,bkg_intensity,0.54
P03_L100,P03,P03_L100_M007,max_intensity,1.0
P03_L100,P03,P03_L100_M007,time_Stimulus,250
P03_L100,P03,P03_L100_M007,reversalN,0.0
P03_L100,P03,P03_L100_M007,rateDW,0.5
P03_L100,P03,P03_L100_M007,correctTick,0
P03_L100,P03,P03_L100_M007,count_Reversals,0
P03_L100,P03,P03_L100_M007,probe_LR,0
P03_L100,P03,P03_L100_M007,human_LR,0
P03_L100,P03,P03_L100_M007,posY,0
P03_L100,P03,P03_L100_M007,rateUP,0.5
P03_L100,P03,P03_L100_M007,probe_pos (m),0.0
P03_L100,P03,P03_L100_M007,text,-1
P03_L100,P03,P03_L100_M007,reversePOINT,1
P03_L100,P03,P03_L100_M007,trialPOINT,8
P03_L100,P03,P03_L100_M007,nDW,4
P03_L100,P03,P03_L100_M007,nUP,1
P03_L100,P03,P03_L100_M007,start_weber_Contrast,1.0
P03_L100,P03,P03_L100_M007,number_trials,80
P03_L100,P03,P03_L100_M007,terminationINDEX,9
P03_L100,P03,P03_L100_M007,stepDWUP,0.005
P03_L100,P03,P03_L100_M007,logUNIT_UP,0.36
P03_L100,P03,P03_L100_M007,logUNIT_DW,0.30294
P03_L100,P03,P03_L100_M007,condRule,2
P03_L100,P03,P03_L100_M007,preReversalStepDW,0.36
P03_L100,P03,P03_L100_M007,Reversal_or_Trial,1
P03_L100,P03,P03_L100_M007,limit_Trial_Run,100
P03_L100,P03,P03_L100_M007,max_monitor_cdm2,400
P03_L100,P03,P03_L100_M007,bkg_monitor_cdm2,100
P03_L100,P03,P03_L100_M007,width,374.94805047229414
P03_L100,P03,P03_L100_M007,fs,63.0
P03_L100,P03,P03_L100_M007,ph,0.0
P03_L100,P03,P03_L100_M007,speed,0.0
P03_L100,P03,P03_L100_M007,contr,0.018
P03_L100,P03,P03_L100_M007,theta,0.0
P03_L100,P03,P03_L100_M007,bg,0.54
P03_L100,P03,P03_L100_M007,box,False
P03_L100,P03,P03_L100_M007,Lbg,25
P03_L100,P03,P03_L100_M007,Lmin,0.0
P03_L100,P03,P03_L100_M007,Lmax,25
P03_L100,P03,P03_L100_M007,gamma,0.0
P03_L100,P03,P03_L100_M007,BRTRR,1.2
P03_L100,P03,P03_L100_M007,flanker_width,5.0
P03_L100,P03,P03_L100_M007,flanker_displacement,3.0
P03_L100,P03,P03_L100_M007,probe_displacement_dx,0.4
P03_L100,P03,P03_L100_M007,probe_displacement_dy,0.2
P03_L100,P03,P03_L100_M007,pixel_metre_ratio,0.00023289062499999997
P03_L100,P03,P03_L100_M007,SdeX,0.05
P03_L100,P03,P03_L100_M007,SdeY,0.05
P03_L100,P03,P03_L100_M007,Probe_Height_Deg,0.13343643869556676
P03_L100,P03,P03_L100_M007,Probe_width_Deg,0.013343649840352816
P03_L100,P03,P03_L100_M008,distance_To_Monitor,1.0
P03_L100,P03,P03_L100_M008,win_widthy_Pixel,2560
P03_L100,P03,P03_L100_M008,win_widthx_Pixel,1440
P03_L100,P03,P03_L100_M008,win_widthy_Meter,0.3353
P03_L100,P03,P03_L100_M008,win_widthx_Meter,0.5962
P03_L100,P03,P03_L100_M008,Pixel Per Inch,164
P03_L100,P03,P03_L100_M008,Pixel width (m),0.00023289062499999997
P03_L100,P03,P03_L100_M008,Pixel Pitch (mm),0.155*0.155
P03_L100,P03,P03_L100_M008,bkg_intensity,0.54
P03_L100,P03,P03_L100_M008,max_intensity,1.0
P03_L100,P03,P03_L100_M008,time_Stimulus,250
P03_L100,P03,P03_L100_M008,reversalN,0.0
P03_L100,P03,P03_L100_M008,rateDW,0.5
P03_L100,P03,P03_L100_M008,correctTick,0
P03_L100,P03,P03_L100_M008,count_Reversals,0
P03_L100,P03,P03_L100_M008,probe_LR,0
P03_L100,P03,P03_L100_M008,human_LR,0
P03_L100,P03,P03_L100_M008,posY,0
P03_L100,P03,P03_L100_M008,rateUP,0.5
P03_L100,P03,P03_L100_M008,probe_pos (m),0.0
P03_L100,P03,P03_L100_M008,text,-1
P03_L100,P03,P03_L100_M008,reversePOINT,1
P03_L100,P03,P03_L100_M008,trialPOINT,8
P03_L100,P03,P03_L100_M008,nDW,4
P03_L100,P03,P03_L100_M008,nUP,1
P03_L100,P03,P03_L100_M008,start_weber_Contrast,1.0
P03_L100,P03,P03_L100_M008,number_trials,80
P03_L100,P03,P03_L100_M008,terminationINDEX,9
P03_L100,P03,P03_L100_M008,stepDWUP,0.005
P03_L100,P03,P03_L100_M008,logUNIT_UP,0.36
P03_L100,P03,P03_L100_M008,logUNIT_DW,0.30294
P03_L100,P03,P03_L100_M008,condRule,2
P03_L100,P03,P03_L100_M008,preReversalStepDW,0.36
P03_L100,P03,P03_L100_M008,Reversal_or_Trial,1
P03_L100,P03,P03_L100_M008,limit_Trial_Run,100
P03_L100,P03,P03_L100_M008,max_monitor_cdm2,400
P03_L100,P03,P03_L100_M008,bkg_monitor_cdm2,100
P03_L100,P03,P03_L100_M008,width,374.94805047229414
P03_L100,P03,P03_L100_M008,fs,63.0
P03_L100,P03,P03_L100_M008,ph,0.0
P03_L100,P03,P03_L100_M008,speed,0.0
P03_L100,P03,P03_L100_M008,contr,0.018
P03_L100,P03,P03_L100_M008,theta,0.0
P03_L100,P03,P03_L100_M008,bg,0.54
P03_L100,P03,P03_L100_M008,box,False
P03_L100,P03,P03_L100_M008,Lbg,25
P03_L100,P03,P03_L100_M008,Lmin,0.0
P03_L100,P03,P03_L100_M008,Lmax,25
P03_L100,P03,P03_L100_M008,gamma,0.0
P03_L100,P03,P03_L100_M008,BRTRR,1.2
P03_L100,P03,P03_L100_M008,flanker_width,5.0
P03_L100,P03,P03_L100_M008,flanker_displacement,3.0
P03_L100,P03,P03_L100_M008,probe_displacement_dx,0.4
P03_L100,P03,P03_L100_M008,probe_displacement_dy,0.2
P03_L100,P03,P03_L100_M008,pixel_metre_ratio,0.00023289062499999997
P03_L100,P03,P03_L100_M008,SdeX,0.05
P03_L100,P03,P03_L100_M008,SdeY,0.05
P03_L100,P03,P03_L100_M008,Probe_Height_Deg,0.13343643869556676
P03_L100,P03,P03_L100_M008,Probe_width_Deg,0.013343649840352816
P03_L200,P03,P03_L200_M001,distance_To_Monitor,1.0
P03_L200,P03,P03_L200_M001,win_widthy_Pixel,2560
P03_L200,P03,P03_L200_M001,win_widthx_Pixel,1440
P03_L200,P03,P03_L200_M001,win_widthy_Meter,0.3353
P03_L200,P03,P03_L200_M001,win_widthx_Meter,0.5962
P03_L200,P03,P03_L200_M001,Pixel Per Inch,164
P03_L200,P03,P03_L200_M001,Pixel width (m),0.00023289062499999997
P03_L200,P03,P03_L200_M001,Pixel Pitch (mm),0.155*0.155
P03_L200,P03,P03_L200_M001,bkg_intensity,0.735
P03_L200,P03,P03_L200_M001,max_intensity,1.0
P03_L200,P03,P03_L200_M001,time_Stimulus,250
P03_L200,P03,P03_L200_M001,reversalN,0.0
P03_L200,P03,P03_L200_M001,rateDW,0.5
P03_L200,P03,P03_L200_M001,correctTick,0
P03_L200,P03,P03_L200_M001,count_Reversals,0
P03_L200,P03,P03_L200_M001,probe_LR,0
P03_L200,P03,P03_L200_M001,human_LR,0
P03_L200,P03,P03_L200_M001,posY,0
P03_L200,P03,P03_L200_M001,rateUP,0.5
P03_L200,P03,P03_L200_M001,probe_pos (m),0.0
P03_L200,P03,P03_L200_M001,text,-1
P03_L200,P03,P03_L200_M001,reversePOINT,1
P03_L200,P03,P03_L200_M001,trialPOINT,8
P03_L200,P03,P03_L200_M001,nDW,4
P03_L200,P03,P03_L200_M001,nUP,1
P03_L200,P03,P03_L200_M001,start_weber_Contrast,1.0
P03_L200,P03,P03_L200_M001,number_trials,80
P03_L200,P03,P03_L200_M001,terminationINDEX,9
P03_L200,P03,P03_L200_M001,stepDWUP,0.005
P03_L200,P03,P03_L200_M001,logUNIT_UP,0.36
P03_L200,P03,P03_L200_M001,logUNIT_DW,0.30294
P03_L200,P03,P03_L200_M001,condRule,2
P03_L200,P03,P03_L200_M001,preReversalStepDW,0.36
P03_L200,P03,P03_L200_M001,Reversal_or_Trial,1
P03_L200,P03,P03_L200_M001,limit_Trial_Run,100
P03_L200,P03,P03_L200_M001,max_monitor_cdm2,400
P03_L200,P03,P03_L200_M001,bkg_monitor_cdm2,200
P03_L200,P03,P03_L200_M001,width,374.94805047229414
P03_L200,P03,P03_L200_M001,fs,63.0
P03_L200,P03,P03_L200_M001,ph,0.0
P03_L200,P03,P03_L200_M001,speed,0.0
P03_L200,P03,P03_L200_M001,contr,0.018
P03_L200,P03,P03_L200_M001,theta,0.0
P03_L200,P03,P03_L200_M001,bg,0.735
P03_L200,P03,P03_L200_M001,box,False
P03_L200,P03,P03_L200_M001,Lbg,25
P03_L200,P03,P03_L200_M001,Lmin,0.0
P03_L200,P03,P03_L200_M001,Lmax,25
P03_L200,P03,P03_L200_M001,gamma,0.0
P03_L200,P03,P03_L200_M001,BRTRR,1.2
P03_L200,P03,P03_L200_M001,flanker_width,5.0
P03_L200,P03,P03_L200_M001,flanker_displacement,3.0
P03_L200,P03,P03_L200_M001,probe_displacement_dx,0.4
P03_L200,P03,P03_L200_M001,probe_displacement_dy,0.2
P03_L200,P03,P03_L200_M001,pixel_metre_ratio,0.00023289062499999997
P03_L200,P03,P03_L200_M001,SdeX,0.05
P03_L200,P03,P03_L200_M001,SdeY,0.05
P03_L200,P03,P03_L200_M001,Probe_Height_Deg,0.13343643869556676
P03_L200,P03,P03_L200_M001,Probe_width_Deg,0.013343649840352816
P03_L200,P03,P03_L200_M002,distance_To_Monitor,1.0
P03_L200,P03,P03_L200_M002,win_widthy_Pixel,2560
P03_L200,P03,P03_L200_M002,win_widthx_Pixel,1440
P03_L200,P03,P03_L200_M002,win_widthy_Meter,0.3353
P03_L200,P03,P03_L200_M002,win_widthx_Meter,0.5962
P03_L200,P03,P03_L200_M002,Pixel Per Inch,164
P03_L200,P03,P03_L200_M002,Pixel width (m),0.00023289062499999997
P03_L200,P03,P03_L200_M002,Pixel Pitch (mm),0.155*0.155
P03_L200,P03,P03_L200_M002,bkg_intensity,0.735
P03_L200,P03,P03_L200_M002,max_intensity,1.0
P03_L200,P03,P03_L200_M002,time_Stimulus,250
P03_L200,P03,P03_L200_M002,reversalN,0.0
P03_L200,P03,P03_L200_M002,rateDW,0.5
P03_L200,P03,P03_L200_M002,correctTick,0
P03_L200,P03,P03_L200_M002,count_Reversals,0
P03_L200,P03,P03_L200_M002,probe_LR,0
P03_L200,P03,P03_L200_M002,human_LR,0
P03_L200,P03,P03_L200_M002,posY,0
P03_L200,P03,P03_L200_M002,rateUP,0.5
P03_L200,P03,P03_L200_M002,probe_pos (m),0.0
P03_L200,P03,P03_L200_M002,text,-1
P03_L200,P03,P03_L200_M002,reversePOINT,1
P03_L200,P03,P03_L200_M002,trialPOINT,6
P03_L200,P03,P03_L200_M002,nDW,4
P03_L200,P03,P03_L200_M002,nUP,1
P03_L200,P03,P03_L200_M002,start_weber_Contrast,1.0
P03_L200,P03,P03_L200_M002,number_trials,80
P03_L200,P03,P03_L200_M002,terminationINDEX,9
P03_L200,P03,P03_L200_M002,stepDWUP,0.005
P03_L200,P03,P03_L200_M002,logUNIT_UP,0.36
P03_L200,P03,P03_L200_M002,logUNIT_DW,0.30294
P03_L200,P03,P03_L200_M002,condRule,2
P03_L200,P03,P03_L200_M002,preReversalStepDW,0.36
P03_L200,P03,P03_L200_M002,Reversal_or_Trial,1
P03_L200,P03,P03_L200_M002,limit_Trial_Run,100
P03_L200,P03,P03_L200_M002,max_monitor_cdm2,400
P03_L200,P03,P03_L200_M002,bkg_monitor_cdm2,200
P03_L200,P03,P03_L200_M002,width,374.94805047229414
P03_L200,P03,P03_L200_M002,fs,63.0
P03_L200,P03,P03_L200_M002,ph,0.0
P03_L200,P03,P03_L200_M002,speed,0.0
P03_L200,P03,P03_L200_M002,contr,0.018
P03_L200,P03,P03_L200_M002,theta,0.0
P03_L200,P03,P03_L200_M002,bg,0.735
P03_L200,P03,P03_L200_M002,box,False
P03_L200,P03,P03_L200_M002,Lbg,25
P03_L200,P03,P03_L200_M002,Lmin,0.0
P03_L200,P03,P03_L200_M002,Lmax,25
P03_L200,P03,P03_L200_M002,gamma,0.0
P03_L200,P03,P03_L200_M002,BRTRR,1.2
P03_L200,P03,P03_L200_M002,flanker_width,5.0
P03_L200,P03,P03_L200_M002,flanker_displacement,3.0
P03_L200,P03,P03_L200_M002,probe_displacement_dx,0.4
P03_L200,P03,P03_L200_M002,probe_displacement_dy,0.2
P03_L200,P03,P03_L200_M002,pixel_metre_ratio,0.00023289062499999997
P03_L200,P03,P03_L200_M002,SdeX,0.05
P03_L200,P03,P03_L200_M002,SdeY,0.05
P03_L200,P03,P03_L200_M002,Probe_Height_Deg,0.13343643869556676
P03_L200,P03,P03_L200_M002,Probe_width_Deg,0.013343649840352816
P03_L200,P03,P03_L200_M003,distance_To_Monitor,1.0
P03_L200,P03,P03_L200_M003,win_widthy_Pixel,2560
P03_L200,P03,P03_L200_M003,win_widthx_Pixel,1440
P03_L200,P03,P03_L200_M003,win_widthy_Meter,0.3353
P03_L200,P03,P03_L200_M003,win_widthx_Meter,0.5962
P03_L200,P03,P03_L200_M003,Pixel Per Inch,164
P03_L200,P03,P03_L200_M003,Pixel width (m),0.00023289062499999997
P03_L200,P03,P03_L200_M003,Pixel Pitch (mm),0.155*0.155
P03_L200,P03,P03_L200_M003,bkg_intensity,0.735
P03_L200,P03,P03_L200_M003,max_intensity,1.0
P03_L200,P03,P03_L200_M003,time_Stimulus,250
P03_L200,P03,P03_L200_M003,reversalN,0.0
P03_L200,P03,P03_L200_M003,rateDW,0.5
P03_L200,P03,P03_L200_M003,correctTick,0
P03_L200,P03,P03_L200_M003,count_Reversals,0
P03_L200,P03,P03_L200_M003,probe_LR,0
P03_L200,P03,P03_L200_M003,human_LR,0
P03_L200,P03,P03_L200_M003,posY,0
P03_L200,P03,P03_L200_M003,rateUP,0.5
P03_L200,P03,P03_L200_M003,probe_pos (m),0.0
P03_L200,P03,P03_L200_M003,text,-1
P03_L200,P03,P03_L200_M003,reversePOINT,1
P03_L200,P03,P03_L200_M003,trialPOINT,8
P03_L200,P03,P03_L200_M003,nDW,4
P03_L200,P03,P03_L200_M003,nUP,1
P03_L200,P03,P03_L200_M003,start_weber_Contrast,1.0
P03_L200,P03,P03_L200_M003,number_trials,80
P03_L200,P03,P03_L200_M003,terminationINDEX,9
P03_L200,P03,P03_L200_M003,stepDWUP,0.005
P03_L200,P03,P03_L200_M003,logUNIT_UP,0.36
P03_L200,P03,P03_L200_M003,logUNIT_DW,0.30294
P03_L200,P03,P03_L200_M003,condRule,2
P03_L200,P03,P03_L200_M003,preReversalStepDW,0.36
P03_L200,P03,P03_L200_M003,Reversal_or_Trial,1
P03_L200,P03,P03_L200_M003,limit_Trial_Run,100
P03_L200,P03,P03_L200_M003,max_monitor_cdm2,400
P03_L200,P03,P03_L200_M003,bkg_monitor_cdm2,200
P03_L200,P03,P03_L200_M003,width,374.94805047229414
P03_L200,P03,P03_L200_M003,fs,63.0
P03_L200,P03,P03_L200_M003,ph,0.0
P03_L200,P03,P03_L200_M003,speed,0.0
P03_L200,P03,P03_L200_M003,contr,0.018
P03_L200,P03,P03_L200_M003,theta,0.0
P03_L200,P03,P03_L200_M003,bg,0.735
P03_L200,P03,P03_L200_M003,box,False
P03_L200,P03,P03_L200_M003,Lbg,25
P03_L200,P03,P03_L200_M003,Lmin,0.0
P03_L200,P03,P03_L200_M003,Lmax,25
P03_L200,P03,P03_L200_M003,gamma,0.0
P03_L200,P03,P03_L200_M003,BRTRR,1.2
P03_L200,P03,P03_L200_M003,flanker_width,5.0
P03_L200,P03,P03_L200_M003,flanker_displacement,3.0
P03_L200,P03,P03_L200_M003,probe_displacement_dx,0.4
P03_L200,P03,P03_L200_M003,probe_displacement_dy,0.2
P03_L200,P03,P03_L200_M003,pixel_metre_ratio,0.00023289062499999997
P03_L200,P03,P03_L200_M003,SdeX,0.05
P03_L200,P03,P03_L200_M003,SdeY,0.05
P03_L200,P03,P03_L200_M003,Probe_Height_Deg,0.13343643869556676
P03_L200,P03,P03_L200_M003,Probe_width_Deg,0.013343649840352816
P03_L200,P03,P03_L200_M004,distance_To_Monitor,1.0
P03_L200,P03,P03_L200_M004,win_widthy_Pixel,2560
P03_L200,P03,P03_L200_M004,win_widthx_Pixel,1440
P03_L200,P03,P03_L200_M004,win_widthy_Meter,0.3353
P03_L200,P03,P03_L200_M004,win_widthx_Meter,0.5962
P03_L200,P03,P03_L200_M004,Pixel Per Inch,164
P03_L200,P03,P03_L200_M004,Pixel width (m),0.00023289062499999997
P03_L200,P03,P03_L200_M004,Pixel Pitch (mm),0.155*0.155
P03_L200,P03,P03_L200_M004,bkg_intensity,0.735
P03_L200,P03,P03_L200_M004,max_intensity,1.0
P03_L200,P03,P03_L200_M004,time_Stimulus,250
P03_L200,P03,P03_L200_M004,reversalN,0.0
P03_L200,P03,P03_L200_M004,rateDW,0.5
P03_L200,P03,P03_L200_M004,correctTick,0
P03_L200,P03,P03_L200_M004,count_Reversals,0
P03_L200,P03,P03_L200_M004,probe_LR,0
P03_L200,P03,P03_L200_M004,human_LR,0
P03_L200,P03,P03_L200_M004,posY,0
P03_L200,P03,P03_L200_M004,rateUP,0.5
P03_L200,P03,P03_L200_M004,probe_pos (m),0.0
P03_L200,P03,P03_L200_M004,text,-1
P03_L200,P03,P03_L200_M004,reversePOINT,1
P03_L200,P03,P03_L200_M004,trialPOINT,8
P03_L200,P03,P03_L200_M004,nDW,4
P03_L200,P03,P03_L200_M004,nUP,1
P03_L200,P03,P03_L200_M004,start_weber_Contrast,1.0
P03_L200,P03,P03_L200_M004,number_trials,80
P03_L200,P03,P03_L200_M004,terminationINDEX,9
P03_L200,P03,P03_L200_M004,stepDWUP,0.005
P03_L200,P03,P03_L200_M004,logUNIT_UP,0.36
P03_L200,P03,P03_L200_M004,logUNIT_DW,0.30294
P03_L200,P03,P03_L200_M004,condRule,2
P03_L200,P03,P03_L200_M004,preReversalStepDW,0.36
P03_L200,P03,P03_L200_M004,Reversal_or_Trial,1
P03_L200,P03,P03_L200_M004,limit_Trial_Run,100
P03_L200,P03,P03_L200_M004,max_monitor_cdm2,400
P03_L200,P03,P03_L200_M004,bkg_monitor_cdm2,200
P03_L200,P03,P03_L200_M004,width,374.94805047229414
P03_L200,P03,P03_L200_M004,fs,63.0
P03_L200,P03,P03_L200_M004,ph,0.0
P03_L200,P03,P03_L200_M004,speed,0.0
P03_L200,P03,P03_L200_M004,contr,0.018
P03_L200,P03,P03_L200_M004,theta,0.0
P03_L200,P03,P03_L200_M004,bg,0.735
P03_L200,P03,P03_L200_M004,box,False
P03_L200,P03,P03_L200_M004,Lbg,25
P03_L200,P03,P03_L200_M004,Lmin,0.0
P03_L200,P03,P03_L200_M004,Lmax,25
P03_L200,P03,P03_L200_M004,gamma,0.0
P03_L200,P03,P03_L200_M004,BRTRR,1.2
P03_L200,P03,P03_L200_M004,flanker_width,5.0
P03_L200,P03,P03_L200_M004,flanker_displacement,3.0
P03_L200,P03,P03_L200_M004,probe_displacement_dx,0.4
P03_L200,P03,P03_L200_M004,probe_displacement_dy,0.2
P03_L200,P03,P03_L200_M004,pixel_metre_ratio,0.00023289062499999997
P03_L200,P03,P03_L200_M004,SdeX,0.05
P03_L200,P03,P03_L200_M004,SdeY,0.05
P03_L200,P03,P03_L200_M004,Probe_Height_Deg,0.13343643869556676
P03_L200,P03,P03_L200_M004,Probe_width_Deg,0.013343649840352816
P03_L200,P03,P03_L200_M005,distance_To_Monitor,1.0
P03_L200,P03,P03_L200_M005,win_widthy_Pixel,2560
P03_L200,P03,P03_L200_M005,win_widthx_Pixel,1440
P03_L200,P03,P03_L200_M005,win_widthy_Meter,0.3353
P03_L200,P03,P03_L200_M005,win_widthx_Meter,0.5962
P03_L200,P03,P03_L200_M005,Pixel Per Inch,164
P03_L200,P03,P03_L200_M005,Pixel width (m),0.00023289062499999997
P03_L200,P03,P03_L200_M005,Pixel Pitch (mm),0.155*0.155
P03_L200,P03,P03_L200_M005,bkg_intensity,0.735
P03_L200,P03,P03_L200_M005,max_intensity,1.0
P03_L200,P03,P03_L200_M005,time_Stimulus,250
P03_L200,P03,P03_L200_M005,reversalN,0.0
P03_L200,P03,P03_L200_M005,rateDW,0.5
P03_L200,P03,P03_L200_M005,correctTick,0
P03_L200,P03,P03_L200_M005,count_Reversals,0
P03_L200,P03,P03_L200_M005,probe_LR,0
P03_L200,P03,P03_L200_M005,human_LR,0
P03_L200,P03,P03_L200_M005,posY,0
P03_L200,P03,P03_L200_M005,rateUP,0.5
P03_L200,P03,P03_L200_M005,probe_pos (m),0.0
P03_L200,P03,P03_L200_M005,text,-1
P03_L200,P03,P03_L200_M005,reversePOINT,1
P03_L200,P03,P03_L200_M005,trialPOINT,8
P03_L200,P03,P03_L200_M005,nDW,4
P03_L200,P03,P03_L200_M005,nUP,1
P03_L200,P03,P03_L200_M005,start_weber_Contrast,1.0
P03_L200,P03,P03_L200_M005,number_trials,80
P03_L200,P03,P03_L200_M005,terminationINDEX,9
P03_L200,P03,P03_L200_M005,stepDWUP,0.005
P03_L200,P03,P03_L200_M005,logUNIT_UP,0.36
P03_L200,P03,P03_L200_M005,logUNIT_DW,0.30294
P03_L200,P03,P03_L200_M005,condRule,2
P03_L200,P03,P03_L200_M005,preReversalStepDW,0.36
P03_L200,P03,P03_L200_M005,Reversal_or_Trial,1
P03_L200,P03,P03_L200_M005,limit_Trial_Run,100
P03_L200,P03,P03_L200_M005,max_monitor_cdm2,400
P03_L200,P03,P03_L200_M005,bkg_monitor_cdm2,200
P03_L200,P03,P03_L200_M005,width,374.94805047229414
P03_L200,P03,P03_L200_M005,fs,63.0
P03_L200,P03,P03_L200_M005,ph,0.0
P03_L200,P03,P03_L200_M005,speed,0.0
P03_L200,P03,P03_L200_M005,contr,0.018
P03_L200,P03,P03_L200_M005,theta,0.0
P03_L200,P03,P03_L200_M005,bg,0.735
P03_L200,P03,P03_L200_M005,box,False
P03_L200,P03,P03_L200_M005,Lbg,25
P03_L200,P03,P03_L200_M005,Lmin,0.0
P03_L200,P03,P03_L200_M005,Lmax,25
P03_L200,P03,P03_L200_M005,gamma,0.0
P03_L200,P03,P03_L200_M005,BRTRR,1.2
P03_L200,P03,P03_L200_M005,flanker_width,5.0
P03_L200,P03,P03_L200_M005,flanker_displacement,3.0
P03_L200,P03,P03_L200_M005,probe_displacement_dx,0.4
P03_L200,P03,P03_L200_M005,probe_displacement_dy,0.2
P03_L200,P03,P03_L200_M005,pixel_metre_ratio,0.00023289062499999997
P03_L200,P03,P03_L200_M005,SdeX,0.05
P03_L200,P03,P03_L200_M005,SdeY,0.05
P03_L200,P03,P03_L200_M005,Probe_Height_Deg,0.13343643869556676
P03_L200,P03,P03_L200_M005,Probe_width_Deg,0.013343649840352816
P03_L200,P03,P03_L200_M006,distance_To_Monitor,1.0
P03_L200,P03,P03_L200_M006,win_widthy_Pixel,2560
P03_L200,P03,P03_L200_M006,win_widthx_Pixel,1440
P03_L200,P03,P03_L200_M006,win_widthy_Meter,0.3353
P03_L200,P03,P03_L200_M006,win_widthx_Meter,0.5962
P03_L200,P03,P03_L200_M006,Pixel Per Inch,164
P03_L200,P03,P03_L200_M006,Pixel width (m),0.00023289062499999997
P03_L200,P03,P03_L200_M006,Pixel Pitch (mm),0.155*0.155
P03_L200,P03,P03_L200_M006,bkg_intensity,0.735
P03_L200,P03,P03_L200_M006,max_intensity,1.0
P03_L200,P03,P03_L200_M006,time_Stimulus,250
P03_L200,P03,P03_L200_M006,reversalN,0.0
P03_L200,P03,P03_L200_M006,rateDW,0.5
P03_L200,P03,P03_L200_M006,correctTick,0
P03_L200,P03,P03_L200_M006,count_Reversals,0
P03_L200,P03,P03_L200_M006,probe_LR,0
P03_L200,P03,P03_L200_M006,human_LR,0
P03_L200,P03,P03_L200_M006,posY,0
P03_L200,P03,P03_L200_M006,rateUP,0.5
P03_L200,P03,P03_L200_M006,probe_pos (m),0.0
P03_L200,P03,P03_L200_M006,text,-1
P03_L200,P03,P03_L200_M006,reversePOINT,1
P03_L200,P03,P03_L200_M006,trialPOINT,8
P03_L200,P03,P03_L200_M006,nDW,4
P03_L200,P03,P03_L200_M006,nUP,1
P03_L200,P03,P03_L200_M006,start_weber_Contrast,1.0
P03_L200,P03,P03_L200_M006,number_trials,80
P03_L200,P03,P03_L200_M006,terminationINDEX,9
P03_L200,P03,P03_L200_M006,stepDWUP,0.005
P03_L200,P03,P03_L200_M006,logUNIT_UP,0.36
P03_L200,P03,P03_L200_M006,logUNIT_DW,0.30294
P03_L200,P03,P03_L200_M006,condRule,2
P03_L200,P03,P03_L200_M006,preReversalStepDW,0.36
P03_L200,P03,P03_L200_M006,Reversal_or_Trial,1
P03_L200,P03,P03_L200_M006,limit_Trial_Run,100
P03_L200,P03,P03_L200_M006,max_monitor_cdm2,400
P03_L200,P03,P03_L200_M006,bkg_monitor_cdm2,200
P03_L200,P03,P03_L200_M006,width,374.94805047229414
P03_L200,P03,P03_L200_M006,fs,63.0
P03_L200,P03,P03_L200_M006,ph,0.0
P03_L200,P03,P03_L200_M006,speed,0.0
P03_L200,P03,P03_L200_M006,contr,0.018
P03_L200,P03,P03_L200_M006,theta,0.0
P03_L200,P03,P03_L200_M006,bg,0.735
P03_L200,P03,P03_L200_M006,box,False
P03_L200,P03,P03_L200_M006,Lbg,25
P03_L200,P03,P03_L200_M006,Lmin,0.0
P03_L200,P03,P03_L200_M006,Lmax,25
P03_L200,P03,P03_L200_M006,gamma,0.0
P03_L200,P03,P03_L200_M006,BRTRR,1.2
P03_L200,P03,P03_L200_M006,flanker_width,5.0
P03_L200,P03,P03_L200_M006,flanker_displacement,3.0
P03_L200,P03,P03_L200_M006,probe_displacement_dx,0.4
P03_L200,P03,P03_L200_M006,probe_displacement_dy,0.2
P03_L200,P03,P03_L200_M006,pixel_metre_ratio,0.00023289062499999997
P03_L200,P03,P03_L200_M006,SdeX,0.05
P03_L200,P03,P03_L200_M006,SdeY,0.05
P03_L200,P03,P03_L200_M006,Probe_Height_Deg,0.13343643869556676
P03_L200,P03,P03_L200_M006,Probe_width_Deg,0.013343649840352816
P03_L200,P03,P03_L200_M007,distance_To_Monitor,1.0
P03_L200,P03,P03_L200_M007,win_widthy_Pixel,2560
P03_L200,P03,P03_L200_M007,win_widthx_Pixel,1440
P03_L200,P03,P03_L200_M007,win_widthy_Meter,0.3353
P03_L200,P03,P03_L200_M007,win_widthx_Meter,0.5962
P03_L200,P03,P03_L200_M007,Pixel Per Inch,164
P03_L200,P03,P03_L200_M007,Pixel width (m),0.00023289062499999997
P03_L200,P03,P03_L200_M007,Pixel Pitch (mm),0.155*0.155
P03_L200,P03,P03_L200_M007,bkg_intensity,0.735
P03_L200,P03,P03_L200_M007,max_intensity,1.0
P03_L200,P03,P03_L200_M007,time_Stimulus,250
P03_L200,P03,P03_L200_M007,reversalN,0.0
P03_L200,P03,P03_L200_M007,rateDW,0.5
P03_L200,P03,P03_L200_M007,correctTick,0
P03_L200,P03,P03_L200_M007,count_Reversals,0
P03_L200,P03,P03_L200_M007,probe_LR,0
P03_L200,P03,P03_L200_M007,human_LR,0
P03_L200,P03,P03_L200_M007,posY,0
P03_L200,P03,P03_L200_M007,rateUP,0.5
P03_L200,P03,P03_L200_M007,probe_pos (m),0.0
P03_L200,P03,P03_L200_M007,text,-1
P03_L200,P03,P03_L200_M007,reversePOINT,1
P03_L200,P03,P03_L200_M007,trialPOINT,8
P03_L200,P03,P03_L200_M007,nDW,4
P03_L200,P03,P03_L200_M007,nUP,1
P03_L200,P03,P03_L200_M007,start_weber_Contrast,1.0
P03_L200,P03,P03_L200_M007,number_trials,80
P03_L200,P03,P03_L200_M007,terminationINDEX,9
P03_L200,P03,P03_L200_M007,stepDWUP,0.005
P03_L200,P03,P03_L200_M007,logUNIT_UP,0.36
P03_L200,P03,P03_L200_M007,logUNIT_DW,0.30294
P03_L200,P03,P03_L200_M007,condRule,2
P03_L200,P03,P03_L200_M007,preReversalStepDW,0.36
P03_L200,P03,P03_L200_M007,Reversal_or_Trial,1
P03_L200,P03,P03_L200_M007,limit_Trial_Run,100
P03_L200,P03,P03_L200_M007,max_monitor_cdm2,400
P03_L200,P03,P03_L200_M007,bkg_monitor_cdm2,200
P03_L200,P03,P03_L200_M007,width,374.94805047229414
P03_L200,P03,P03_L200_M007,fs,63.0
P03_L200,P03,P03_L200_M007,ph,0.0
P03_L200,P03,P03_L200_M007,speed,0.0
P03_L200,P03,P03_L200_M007,contr,0.018
P03_L200,P03,P03_L200_M007,theta,0.0
P03_L200,P03,P03_L200_M007,bg,0.735
P03_L200,P03,P03_L200_M007,box,False
P03_L200,P03,P03_L200_M007,Lbg,25
P03_L200,P03,P03_L200_M007,Lmin,0.0
P03_L200,P03,P03_L200_M007,Lmax,25
P03_L200,P03,P03_L200_M007,gamma,0.0
P03_L200,P03,P03_L200_M007,BRTRR,1.2
P03_L200,P03,P03_L200_M007,flanker_width,5.0
P03_L200,P03,P03_L200_M007,flanker_displacement,3.0
P03_L200,P03,P03_L200_M007,probe_displacement_dx,0.4
P03_L200,P03,P03_L200_M007,probe_displacement_dy,0.2
P03_L200,P03,P03_L200_M007,pixel_metre_ratio,0.00023289062499999997
P03_L200,P03,P03_L200_M007,SdeX,0.05
P03_L200,P03,P03_L200_M007,SdeY,0.05
P03_L200,P03,P03_L200_M007,Probe_Height_Deg,0.13343643869556676
P03_L200,P03,P03_L200_M007,Probe_width_Deg,0.013343649840352816
P03_L200,P03,P03_L200_M008,distance_To_Monitor,1.0
P03_L200,P03,P03_L200_M008,win_widthy_Pixel,2560
P03_L200,P03,P03_L200_M008,win_widthx_Pixel,1440
P03_L200,P03,P03_L200_M008,win_widthy_Meter,0.3353
P03_L200,P03,P03_L200_M008,win_widthx_Meter,0.5962
P03_L200,P03,P03_L200_M008,Pixel Per Inch,164
P03_L200,P03,P03_L200_M008,Pixel width (m),0.00023289062499999997
P03_L200,P03,P03_L200_M008,Pixel Pitch (mm),0.155*0.155
P03_L200,P03,P03_L200_M008,bkg_intensity,0.735
P03_L200,P03,P03_L200_M008,max_intensity,1.0
P03_L200,P03,P03_L200_M008,time_Stimulus,250
P03_L200,P03,P03_L200_M008,reversalN,0.0
P03_L200,P03,P03_L200_M008,rateDW,0.5
P03_L200,P03,P03_L200_M008,correctTick,0
P03_L200,P03,P03_L200_M008,count_Reversals,0
P03_L200,P03,P03_L200_M008,probe_LR,0
P03_L200,P03,P03_L200_M008,human_LR,0
P03_L200,P03,P03_L200_M008,posY,0
P03_L200,P03,P03_L200_M008,rateUP,0.5
P03_L200,P03,P03_L200_M008,probe_pos (m),0.0
P03_L200,P03,P03_L200_M008,text,-1
P03_L200,P03,P03_L200_M008,reversePOINT,1
P03_L200,P03,P03_L200_M008,trialPOINT,8
P03_L200,P03,P03_L200_M008,nDW,4
P03_L200,P03,P03_L200_M008,nUP,1
P03_L200,P03,P03_L200_M008,start_weber_Contrast,1.0
P03_L200,P03,P03_L200_M008,number_trials,80
P03_L200,P03,P03_L200_M008,terminationINDEX,9
P03_L200,P03,P03_L200_M008,stepDWUP,0.005
P03_L200,P03,P03_L200_M008,logUNIT_UP,0.36
P03_L200,P03,P03_L200_M008,logUNIT_DW,0.30294
P03_L200,P03,P03_L200_M008,condRule,2
P03_L200,P03,P03_L200_M008,preReversalStepDW,0.36
P03_L200,P03,P03_L200_M008,Reversal_or_Trial,1
P03_L200,P03,P03_L200_M008,limit_Trial_Run,100
P03_L200,P03,P03_L200_M008,max_monitor_cdm2,400
P03_L200,P03,P03_L200_M008,bkg_monitor_cdm2,200
P03_L200,P03,P03_L200_M008,width,374.94805047229414
P03_L200,P03,P03_L200_M008,fs,63.0
P03_L200,P03,P03_L200_M008,ph,0.0
P03_L200,P03,P03_L200_M008,speed,0.0
P03_L200,P03,P03_L200_M008,contr,0.018
P03_L200,P03,P03_L200_M008,theta,0.0
P03_L200,P03,P03_L200_M008,bg,0.735
P03_L200,P03,P03_L200_M008,box,False
P03_L200,P03,P03_L200_M008,Lbg,25
P03_L200,P03,P03_L200_M008,Lmin,0.0
P03_L200,P03,P03_L200_M008,Lmax,25
P03_L200,P03,P03_L200_M008,gamma,0.0
P03_L200,P03,P03_L200_M008,BRTRR,1.2
P03_L200,P03,P03_L200_M008,flanker_width,5.0
P03_L200,P03,P03_L200_M008,flanker_displacement,3.0
P03_L200,P03,P03_L200_M008,probe_displacement_dx,0.4
P03_L200,P03,P03_L200_M008,probe_displacement_dy,0.2
P03_L200,P03,P03_L200_M008,pixel_metre_ratio,0.00023289062499999997
P03_L200,P03,P03_L200_M008,SdeX,0.05
P03_L200,P03,P03_L200_M008,SdeY,0.05
P03_L200,P03,P03_L200_M008,Probe_Height_Deg,0.13343643869556676
P03_L200,P03,P03_L200_M008,Probe_width_Deg,0.013343649840352816
P03_L300,P03,P03_L300_M001,distance_To_Monitor,1.0
P03_L300,P03,P03_L300_M001,win_widthy_Pixel,2560
P03_L300,P03,P03_L300_M001,win_widthx_Pixel,1440
P03_L300,P03,P03_L300_M001,win_widthy_Meter,0.3353
P03_L300,P03,P03_L300_M001,win_widthx_Meter,0.5962
P03_L300,P03,P03_L300_M001,Pixel Per Inch,164
P03_L300,P03,P03_L300_M001,Pixel width (m),0.00023289062499999997
P03_L300,P03,P03_L300_M001,Pixel Pitch (mm),0.155*0.155
P03_L300,P03,P03_L300_M001,bkg_intensity,0.86
P03_L300,P03,P03_L300_M001,max_intensity,1.0
P03_L300,P03,P03_L300_M001,time_Stimulus,250
P03_L300,P03,P03_L300_M001,reversalN,0.0
P03_L300,P03,P03_L300_M001,rateDW,0.5
P03_L300,P03,P03_L300_M001,correctTick,0
P03_L300,P03,P03_L300_M001,count_Reversals,0
P03_L300,P03,P03_L300_M001,probe_LR,0
P03_L300,P03,P03_L300_M001,human_LR,0
P03_L300,P03,P03_L300_M001,posY,0
P03_L300,P03,P03_L300_M001,rateUP,0.5
P03_L300,P03,P03_L300_M001,probe_pos (m),0.0
P03_L300,P03,P03_L300_M001,text,-1
P03_L300,P03,P03_L300_M001,reversePOINT,1
P03_L300,P03,P03_L300_M001,trialPOINT,6
P03_L300,P03,P03_L300_M001,nDW,4
P03_L300,P03,P03_L300_M001,nUP,1
P03_L300,P03,P03_L300_M001,start_weber_Contrast,1.0
P03_L300,P03,P03_L300_M001,number_trials,80
P03_L300,P03,P03_L300_M001,terminationINDEX,9
P03_L300,P03,P03_L300_M001,stepDWUP,0.005
P03_L300,P03,P03_L300_M001,logUNIT_UP,0.36
P03_L300,P03,P03_L300_M001,logUNIT_DW,0.30294
P03_L300,P03,P03_L300_M001,condRule,2
P03_L300,P03,P03_L300_M001,preReversalStepDW,0.36
P03_L300,P03,P03_L300_M001,Reversal_or_Trial,1
P03_L300,P03,P03_L300_M001,limit_Trial_Run,100
P03_L300,P03,P03_L300_M001,max_monitor_cdm2,500
P03_L300,P03,P03_L300_M001,bkg_monitor_cdm2,300
P03_L300,P03,P03_L300_M001,width,374.94805047229414
P03_L300,P03,P03_L300_M001,fs,63.0
P03_L300,P03,P03_L300_M001,ph,0.0
P03_L300,P03,P03_L300_M001,speed,0.0
P03_L300,P03,P03_L300_M001,contr,0.018
P03_L300,P03,P03_L300_M001,theta,0.0
P03_L300,P03,P03_L300_M001,bg,0.86
P03_L300,P03,P03_L300_M001,box,False
P03_L300,P03,P03_L300_M001,Lbg,25
P03_L300,P03,P03_L300_M001,Lmin,0.0
P03_L300,P03,P03_L300_M001,Lmax,25
P03_L300,P03,P03_L300_M001,gamma,0.0
P03_L300,P03,P03_L300_M001,BRTRR,1.2
P03_L300,P03,P03_L300_M001,flanker_width,5.0
P03_L300,P03,P03_L300_M001,flanker_displacement,3.0
P03_L300,P03,P03_L300_M001,probe_displacement_dx,0.4
P03_L300,P03,P03_L300_M001,probe_displacement_dy,0.2
P03_L300,P03,P03_L300_M001,pixel_metre_ratio,0.00023289062499999997
P03_L300,P03,P03_L300_M001,SdeX,0.05
P03_L300,P03,P03_L300_M001,SdeY,0.05
P03_L300,P03,P03_L300_M001,Probe_Height_Deg,0.13343643869556676
P03_L300,P03,P03_L300_M001,Probe_width_Deg,0.013343649840352816
P03_L300,P03,P03_L300_M002,distance_To_Monitor,1.0
P03_L300,P03,P03_L300_M002,win_widthy_Pixel,2560
P03_L300,P03,P03_L300_M002,win_widthx_Pixel,1440
P03_L300,P03,P03_L300_M002,win_widthy_Meter,0.3353
P03_L300,P03,P03_L300_M002,win_widthx_Meter,0.5962
P03_L300,P03,P03_L300_M002,Pixel Per Inch,164
P03_L300,P03,P03_L300_M002,Pixel width (m),0.00023289062499999997
P03_L300,P03,P03_L300_M002,Pixel Pitch (mm),0.155*0.155
P03_L300,P03,P03_L300_M002,bkg_intensity,0.86
P03_L300,P03,P03_L300_M002,max_intensity,1.0
P03_L300,P03,P03_L300_M002,time_Stimulus,250
P03_L300,P03,P03_L300_M002,reversalN,0.0
P03_L300,P03,P03_L300_M002,rateDW,0.5
P03_L300,P03,P03_L300_M002,correctTick,0
P03_L300,P03,P03_L300_M002,count_Reversals,0
P03_L300,P03,P03_L300_M002,probe_LR,0
P03_L300,P03,P03_L300_M002,human_LR,0
P03_L300,P03,P03_L300_M002,posY,0
P03_L300,P03,P03_L300_M002,rateUP,0.5
P03_L300,P03,P03_L300_M002,probe_pos (m),0.0
P03_L300,P03,P03_L300_M002,text,-1
P03_L300,P03,P03_L300_M002,reversePOINT,1
P03_L300,P03,P03_L300_M002,trialPOINT,6
P03_L300,P03,P03_L300_M002,nDW,4
P03_L300,P03,P03_L300_M002,nUP,1
P03_L300,P03,P03_L300_M002,start_weber_Contrast,1.0
P03_L300,P03,P03_L300_M002,number_trials,80
P03_L300,P03,P03_L300_M002,terminationINDEX,9
P03_L300,P03,P03_L300_M002,stepDWUP,0.005
P03_L300,P03,P03_L300_M002,logUNIT_UP,0.36
P03_L300,P03,P03_L300_M002,logUNIT_DW,0.30294
P03_L300,P03,P03_L300_M002,condRule,2
P03_L300,P03,P03_L300_M002,preReversalStepDW,0.36
P03_L300,P03,P03_L300_M002,Reversal_or_Trial,1
P03_L300,P03,P03_L300_M002,limit_Trial_Run,100
P03_L300,P03,P03_L300_M002,max_monitor_cdm2,500
P03_L300,P03,P03_L300_M002,bkg_monitor_cdm2,300
P03_L300,P03,P03_L300_M002,width,374.94805047229414
P03_L300,P03,P03_L300_M002,fs,63.0
P03_L300,P03,P03_L300_M002,ph,0.0
P03_L300,P03,P03_L300_M002,speed,0.0
P03_L300,P03,P03_L300_M002,contr,0.018
P03_L300,P03,P03_L300_M002,theta,0.0
P03_L300,P03,P03_L300_M002,bg,0.86
P03_L300,P03,P03_L300_M002,box,False
P03_L300,P03,P03_L300_M002,Lbg,25
P03_L300,P03,P03_L300_M002,Lmin,0.0
P03_L300,P03,P03_L300_M002,Lmax,25
P03_L300,P03,P03_L300_M002,gamma,0.0
P03_L300,P03,P03_L300_M002,BRTRR,1.2
P03_L300,P03,P03_L300_M002,flanker_width,5.0
P03_L300,P03,P03_L300_M002,flanker_displacement,3.0
P03_L300,P03,P03_L300_M002,probe_displacement_dx,0.4
P03_L300,P03,P03_L300_M002,probe_displacement_dy,0.2
P03_L300,P03,P03_L300_M002,pixel_metre_ratio,0.00023289062499999997
P03_L300,P03,P03_L300_M002,SdeX,0.05
P03_L300,P03,P03_L300_M002,SdeY,0.05
P03_L300,P03,P03_L300_M002,Probe_Height_Deg,0.13343643869556676
P03_L300,P03,P03_L300_M002,Probe_width_Deg,0.013343649840352816
P03_L300,P03,P03_L300_M003,distance_To_Monitor,1.0
P03_L300,P03,P03_L300_M003,win_widthy_Pixel,2560
P03_L300,P03,P03_L300_M003,win_widthx_Pixel,1440
P03_L300,P03,P03_L300_M003,win_widthy_Meter,0.3353
P03_L300,P03,P03_L300_M003,win_widthx_Meter,0.5962
P03_L300,P03,P03_L300_M003,Pixel Per Inch,164
P03_L300,P03,P03_L300_M003,Pixel width (m),0.00023289062499999997
P03_L300,P03,P03_L300_M003,Pixel Pitch (mm),0.155*0.155
P03_L300,P03,P03_L300_M003,bkg_intensity,0.86
P03_L300,P03,P03_L300_M003,max_intensity,1.0
P03_L300,P03,P03_L300_M003,time_Stimulus,250
P03_L300,P03,P03_L300_M003,reversalN,0.0
P03_L300,P03,P03_L300_M003,rateDW,0.5
P03_L300,P03,P03_L300_M003,correctTick,0
P03_L300,P03,P03_L300_M003,count_Reversals,0
P03_L300,P03,P03_L300_M003,probe_LR,0
P03_L300,P03,P03_L300_M003,human_LR,0
P03_L300,P03,P03_L300_M003,posY,0
P03_L300,P03,P03_L300_M003,rateUP,0.5
P03_L300,P03,P03_L300_M003,probe_pos (m),0.0
P03_L300,P03,P03_L300_M003,text,-1
P03_L300,P03,P03_L300_M003,reversePOINT,1
P03_L300,P03,P03_L300_M003,trialPOINT,6
P03_L300,P03,P03_L300_M003,nDW,4
P03_L300,P03,P03_L300_M003,nUP,1
P03_L300,P03,P03_L300_M003,start_weber_Contrast,1.0
P03_L300,P03,P03_L300_M003,number_trials,80
P03_L300,P03,P03_L300_M003,terminationINDEX,9
P03_L300,P03,P03_L300_M003,stepDWUP,0.005
P03_L300,P03,P03_L300_M003,logUNIT_UP,0.36
P03_L300,P03,P03_L300_M003,logUNIT_DW,0.30294
P03_L300,P03,P03_L300_M003,condRule,2
P03_L300,P03,P03_L300_M003,preReversalStepDW,0.36
P03_L300,P03,P03_L300_M003,Reversal_or_Trial,1
P03_L300,P03,P03_L300_M003,limit_Trial_Run,100
P03_L300,P03,P03_L300_M003,max_monitor_cdm2,500
P03_L300,P03,P03_L300_M003,bkg_monitor_cdm2,300
P03_L300,P03,P03_L300_M003,width,374.94805047229414
P03_L300,P03,P03_L300_M003,fs,63.0
P03_L300,P03,P03_L300_M003,ph,0.0
P03_L300,P03,P03_L300_M003,speed,0.0
P03_L300,P03,P03_L300_M003,contr,0.018
P03_L300,P03,P03_L300_M003,theta,0.0
P03_L300,P03,P03_L300_M003,bg,0.86
P03_L300,P03,P03_L300_M003,box,False
P03_L300,P03,P03_L300_M003,Lbg,25
P03_L300,P03,P03_L300_M003,Lmin,0.0
P03_L300,P03,P03_L300_M003,Lmax,25
P03_L300,P03,P03_L300_M003,gamma,0.0
P03_L300,P03,P03_L300_M003,BRTRR,1.2
P03_L300,P03,P03_L300_M003,flanker_width,5.0
P03_L300,P03,P03_L300_M003,flanker_displacement,3.0
P03_L300,P03,P03_L300_M003,probe_displacement_dx,0.4
P03_L300,P03,P03_L300_M003,probe_displacement_dy,0.2
P03_L300,P03,P03_L300_M003,pixel_metre_ratio,0.00023289062499999997
P03_L300,P03,P03_L300_M003,SdeX,0.05
P03_L300,P03,P03_L300_M003,SdeY,0.05
P03_L300,P03,P03_L300_M003,Probe_Height_Deg,0.13343643869556676
P03_L300,P03,P03_L300_M003,Probe_width_Deg,0.013343649840352816
P03_L300,P03,P03_L300_M004,distance_To_Monitor,1.0
P03_L300,P03,P03_L300_M004,win_widthy_Pixel,2560
P03_L300,P03,P03_L300_M004,win_widthx_Pixel,1440
P03_L300,P03,P03_L300_M004,win_widthy_Meter,0.3353
P03_L300,P03,P03_L300_M004,win_widthx_Meter,0.5962
P03_L300,P03,P03_L300_M004,Pixel Per Inch,164
P03_L300,P03,P03_L300_M004,Pixel width (m),0.00023289062499999997
P03_L300,P03,P03_L300_M004,Pixel Pitch (mm),0.155*0.155
P03_L300,P03,P03_L300_M004,bkg_intensity,0.86
P03_L300,P03,P03_L300_M004,max_intensity,1.0
P03_L300,P03,P03_L300_M004,time_Stimulus,250
P03_L300,P03,P03_L300_M004,reversalN,0.0
P03_L300,P03,P03_L300_M004,rateDW,0.5
P03_L300,P03,P03_L300_M004,correctTick,0
P03_L300,P03,P03_L300_M004,count_Reversals,0
P03_L300,P03,P03_L300_M004,probe_LR,0
P03_L300,P03,P03_L300_M004,human_LR,0
P03_L300,P03,P03_L300_M004,posY,0
P03_L300,P03,P03_L300_M004,rateUP,0.5
P03_L300,P03,P03_L300_M004,probe_pos (m),0.0
P03_L300,P03,P03_L300_M004,text,-1
P03_L300,P03,P03_L300_M004,reversePOINT,1
P03_L300,P03,P03_L300_M004,trialPOINT,6
P03_L300,P03,P03_L300_M004,nDW,4
P03_L300,P03,P03_L300_M004,nUP,1
P03_L300,P03,P03_L300_M004,start_weber_Contrast,1.0
P03_L300,P03,P03_L300_M004,number_trials,80
P03_L300,P03,P03_L300_M004,terminationINDEX,9
P03_L300,P03,P03_L300_M004,stepDWUP,0.005
P03_L300,P03,P03_L300_M004,logUNIT_UP,0.36
P03_L300,P03,P03_L300_M004,logUNIT_DW,0.30294
P03_L300,P03,P03_L300_M004,condRule,2
P03_L300,P03,P03_L300_M004,preReversalStepDW,0.36
P03_L300,P03,P03_L300_M004,Reversal_or_Trial,1
P03_L300,P03,P03_L300_M004,limit_Trial_Run,100
P03_L300,P03,P03_L300_M004,max_monitor_cdm2,500
P03_L300,P03,P03_L300_M004,bkg_monitor_cdm2,300
P03_L300,P03,P03_L300_M004,width,374.94805047229414
P03_L300,P03,P03_L300_M004,fs,63.0
P03_L300,P03,P03_L300_M004,ph,0.0
P03_L300,P03,P03_L300_M004,speed,0.0
P03_L300,P03,P03_L300_M004,contr,0.018
P03_L300,P03,P03_L300_M004,theta,0.0
P03_L300,P03,P03_L300_M004,bg,0.86
P03_L300,P03,P03_L300_M004,box,False
P03_L300,P03,P03_L300_M004,Lbg,25
P03_L300,P03,P03_L300_M004,Lmin,0.0
P03_L300,P03,P03_L300_M004,Lmax,25
P03_L300,P03,P03_L300_M004,gamma,0.0
P03_L300,P03,P03_L300_M004,BRTRR,1.2
P03_L300,P03,P03_L300_M004,flanker_width,5.0
P03_L300,P03,P03_L300_M004,flanker_displacement,3.0
P03_L300,P03,P03_L300_M004,probe_displacement_dx,0.4
P03_L300,P03,P03_L300_M004,probe_displacement_dy,0.2
P03_L300,P03,P03_L300_M004,pixel_metre_ratio,0.00023289062499999997
P03_L300,P03,P03_L300_M004,SdeX,0.05
P03_L300,P03,P03_L300_M004,SdeY,0.05
P03_L300,P03,P03_L300_M004,Probe_Height_Deg,0.13343643869556676
P03_L300,P03,P03_L300_M004,Probe_width_Deg,0.013343649840352816
P03_L370,P03,P03_L370_M001,distance_To_Monitor,1.0
P03_L370,P03,P03_L370_M001,win_widthy_Pixel,2560
P03_L370,P03,P03_L370_M001,win_widthx_Pixel,1440
P03_L370,P03,P03_L370_M001,win_widthy_Meter,0.3353
P03_L370,P03,P03_L370_M001,win_widthx_Meter,0.5962
P03_L370,P03,P03_L370_M001,Pixel Per Inch,164
P03_L370,P03,P03_L370_M001,Pixel width (m),0.00023289062499999997
P03_L370,P03,P03_L370_M001,Pixel Pitch (mm),0.155*0.155
P03_L370,P03,P03_L370_M001,bkg_intensity,0.95
P03_L370,P03,P03_L370_M001,max_intensity,1.0
P03_L370,P03,P03_L370_M001,time_Stimulus,250
P03_L370,P03,P03_L370_M001,reversalN,0.0
P03_L370,P03,P03_L370_M001,rateDW,0.5
P03_L370,P03,P03_L370_M001,correctTick,0
P03_L370,P03,P03_L370_M001,count_Reversals,0
P03_L370,P03,P03_L370_M001,probe_LR,0
P03_L370,P03,P03_L370_M001,human_LR,0
P03_L370,P03,P03_L370_M001,posY,0
P03_L370,P03,P03_L370_M001,rateUP,0.5
P03_L370,P03,P03_L370_M001,probe_pos (m),0.0
P03_L370,P03,P03_L370_M001,text,-1
P03_L370,P03,P03_L370_M001,reversePOINT,1
P03_L370,P03,P03_L370_M001,trialPOINT,6
P03_L370,P03,P03_L370_M001,nDW,4
P03_L370,P03,P03_L370_M001,nUP,1
P03_L370,P03,P03_L370_M001,start_weber_Contrast,1.0
P03_L370,P03,P03_L370_M001,number_trials,80
P03_L370,P03,P03_L370_M001,terminationINDEX,9
P03_L370,P03,P03_L370_M001,stepDWUP,0.005
P03_L370,P03,P03_L370_M001,logUNIT_UP,0.36
P03_L370,P03,P03_L370_M001,logUNIT_DW,0.30294
P03_L370,P03,P03_L370_M001,condRule,2
P03_L370,P03,P03_L370_M001,preReversalStepDW,0.36
P03_L370,P03,P03_L370_M001,Reversal_or_Trial,1
P03_L370,P03,P03_L370_M001,limit_Trial_Run,100
P03_L370,P03,P03_L370_M001,max_monitor_cdm2,500
P03_L370,P03,P03_L370_M001,bkg_monitor_cdm2,370
P03_L370,P03,P03_L370_M001,width,374.94805047229414
P03_L370,P03,P03_L370_M001,fs,63.0
P03_L370,P03,P03_L370_M001,ph,0.0
P03_L370,P03,P03_L370_M001,speed,0.0
P03_L370,P03,P03_L370_M001,contr,0.018
P03_L370,P03,P03_L370_M001,theta,0.0
P03_L370,P03,P03_L370_M001,bg,0.95
P03_L370,P03,P03_L370_M001,box,False
P03_L370,P03,P03_L370_M001,Lbg,25
P03_L370,P03,P03_L370_M001,Lmin,0.0
P03_L370,P03,P03_L370_M001,Lmax,25
P03_L370,P03,P03_L370_M001,gamma,0.0
P03_L370,P03,P03_L370_M001,BRTRR,1.2
P03_L370,P03,P03_L370_M001,flanker_width,5.0
P03_L370,P03,P03_L370_M001,flanker_displacement,3.0
P03_L370,P03,P03_L370_M001,probe_displacement_dx,0.4
P03_L370,P03,P03_L370_M001,probe_displacement_dy,0.2
P03_L370,P03,P03_L370_M001,pixel_metre_ratio,0.00023289062499999997
P03_L370,P03,P03_L370_M001,SdeX,0.05
P03_L370,P03,P03_L370_M001,SdeY,0.05
P03_L370,P03,P03_L370_M001,Probe_Height_Deg,0.13343643869556676
P03_L370,P03,P03_L370_M001,Probe_width_Deg,0.013343649840352816
P03_L370,P03,P03_L370_M002,distance_To_Monitor,1.0
P03_L370,P03,P03_L370_M002,win_widthy_Pixel,2560
P03_L370,P03,P03_L370_M002,win_widthx_Pixel,1440
P03_L370,P03,P03_L370_M002,win_widthy_Meter,0.3353
P03_L370,P03,P03_L370_M002,win_widthx_Meter,0.5962
P03_L370,P03,P03_L370_M002,Pixel Per Inch,164
P03_L370,P03,P03_L370_M002,Pixel width (m),0.00023289062499999997
P03_L370,P03,P03_L370_M002,Pixel Pitch (mm),0.155*0.155
P03_L370,P03,P03_L370_M002,bkg_intensity,0.95
P03_L370,P03,P03_L370_M002,max_intensity,1.0
P03_L370,P03,P03_L370_M002,time_Stimulus,250
P03_L370,P03,P03_L370_M002,reversalN,0.0
P03_L370,P03,P03_L370_M002,rateDW,0.5
P03_L370,P03,P03_L370_M002,correctTick,0
P03_L370,P03,P03_L370_M002,count_Reversals,0
P03_L370,P03,P03_L370_M002,probe_LR,0
P03_L370,P03,P03_L370_M002,human_LR,0
P03_L370,P03,P03_L370_M002,posY,0
P03_L370,P03,P03_L370_M002,rateUP,0.5
P03_L370,P03,P03_L370_M002,probe_pos (m),0.0
P03_L370,P03,P03_L370_M002,text,-1
P03_L370,P03,P03_L370_M002,reversePOINT,1
P03_L370,P03,P03_L370_M002,trialPOINT,6
P03_L370,P03,P03_L370_M002,nDW,4
P03_L370,P03,P03_L370_M002,nUP,1
P03_L370,P03,P03_L370_M002,start_weber_Contrast,1.0
P03_L370,P03,P03_L370_M002,number_trials,80
P03_L370,P03,P03_L370_M002,terminationINDEX,9
P03_L370,P03,P03_L370_M002,stepDWUP,0.005
P03_L370,P03,P03_L370_M002,logUNIT_UP,0.36
P03_L370,P03,P03_L370_M002,logUNIT_DW,0.30294
P03_L370,P03,P03_L370_M002,condRule,2
P03_L370,P03,P03_L370_M002,preReversalStepDW,0.36
P03_L370,P03,P03_L370_M002,Reversal_or_Trial,1
P03_L370,P03,P03_L370_M002,limit_Trial_Run,100
P03_L370,P03,P03_L370_M002,max_monitor_cdm2,500
P03_L370,P03,P03_L370_M002,bkg_monitor_cdm2,370
P03_L370,P03,P03_L370_M002,width,374.94805047229414
P03_L370,P03,P03_L370_M002,fs,63.0
P03_L370,P03,P03_L370_M002,ph,0.0
P03_L370,P03,P03_L370_M002,speed,0.0
P03_L370,P03,P03_L370_M002,contr,0.018
P03_L370,P03,P03_L370_M002,theta,0.0
P03_L370,P03,P03_L370_M002,bg,0.95
P03_L370,P03,P03_L370_M002,box,False
P03_L370,P03,P03_L370_M002,Lbg,25
P03_L370,P03,P03_L370_M002,Lmin,0.0
P03_L370,P03,P03_L370_M002,Lmax,25
P03_L370,P03,P03_L370_M002,gamma,0.0
P03_L370,P03,P03_L370_M002,BRTRR,1.2
P03_L370,P03,P03_L370_M002,flanker_width,5.0
P03_L370,P03,P03_L370_M002,flanker_displacement,3.0
P03_L370,P03,P03_L370_M002,probe_displacement_dx,0.4
P03_L370,P03,P03_L370_M002,probe_displacement_dy,0.2
P03_L370,P03,P03_L370_M002,pixel_metre_ratio,0.00023289062499999997
P03_L370,P03,P03_L370_M002,SdeX,0.05
P03_L370,P03,P03_L370_M002,SdeY,0.05
P03_L370,P03,P03_L370_M002,Probe_Height_Deg,0.13343643869556676
P03_L370,P03,P03_L370_M002,Probe_width_Deg,0.013343649840352816
P03_L370,P03,P03_L370_M003,distance_To_Monitor,1.0
P03_L370,P03,P03_L370_M003,win_widthy_Pixel,2560
P03_L370,P03,P03_L370_M003,win_widthx_Pixel,1440
P03_L370,P03,P03_L370_M003,win_widthy_Meter,0.3353
P03_L370,P03,P03_L370_M003,win_widthx_Meter,0.5962
P03_L370,P03,P03_L370_M003,Pixel Per Inch,164
P03_L370,P03,P03_L370_M003,Pixel width (m),0.00023289062499999997
P03_L370,P03,P03_L370_M003,Pixel Pitch (mm),0.155*0.155
P03_L370,P03,P03_L370_M003,bkg_intensity,0.95
P03_L370,P03,P03_L370_M003,max_intensity,1.0
P03_L370,P03,P03_L370_M003,time_Stimulus,250
P03_L370,P03,P03_L370_M003,reversalN,0.0
P03_L370,P03,P03_L370_M003,rateDW,0.5
P03_L370,P03,P03_L370_M003,correctTick,0
P03_L370,P03,P03_L370_M003,count_Reversals,0
P03_L370,P03,P03_L370_M003,probe_LR,0
P03_L370,P03,P03_L370_M003,human_LR,0
P03_L370,P03,P03_L370_M003,posY,0
P03_L370,P03,P03_L370_M003,rateUP,0.5
P03_L370,P03,P03_L370_M003,probe_pos (m),0.0
P03_L370,P03,P03_L370_M003,text,-1
P03_L370,P03,P03_L370_M003,reversePOINT,1
P03_L370,P03,P03_L370_M003,trialPOINT,6
P03_L370,P03,P03_L370_M003,nDW,4
P03_L370,P03,P03_L370_M003,nUP,1
P03_L370,P03,P03_L370_M003,start_weber_Contrast,1.0
P03_L370,P03,P03_L370_M003,number_trials,80
P03_L370,P03,P03_L370_M003,terminationINDEX,9
P03_L370,P03,P03_L370_M003,stepDWUP,0.005
P03_L370,P03,P03_L370_M003,logUNIT_UP,0.36
P03_L370,P03,P03_L370_M003,logUNIT_DW,0.30294
P03_L370,P03,P03_L370_M003,condRule,2
P03_L370,P03,P03_L370_M003,preReversalStepDW,0.36
P03_L370,P03,P03_L370_M003,Reversal_or_Trial,1
P03_L370,P03,P03_L370_M003,limit_Trial_Run,100
P03_L370,P03,P03_L370_M003,max_monitor_cdm2,500
P03_L370,P03,P03_L370_M003,bkg_monitor_cdm2,370
P03_L370,P03,P03_L370_M003,width,374.94805047229414
P03_L370,P03,P03_L370_M003,fs,63.0
P03_L370,P03,P03_L370_M003,ph,0.0
P03_L370,P03,P03_L370_M003,speed,0.0
P03_L370,P03,P03_L370_M003,contr,0.018
P03_L370,P03,P03_L370_M003,theta,0.0
P03_L370,P03,P03_L370_M003,bg,0.95
P03_L370,P03,P03_L370_M003,box,False
P03_L370,P03,P03_L370_M003,Lbg,25
P03_L370,P03,P03_L370_M003,Lmin,0.0
P03_L370,P03,P03_L370_M003,Lmax,25
P03_L370,P03,P03_L370_M003,gamma,0.0
P03_L370,P03,P03_L370_M003,BRTRR,1.2
P03_L370,P03,P03_L370_M003,flanker_width,5.0
P03_L370,P03,P03_L370_M003,flanker_displacement,3.0
P03_L370,P03,P03_L370_M003,probe_displacement_dx,0.4
P03_L370,P03,P03_L370_M003,probe_displacement_dy,0.2
P03_L370,P03,P03_L370_M003,pixel_metre_ratio,0.00023289062499999997
P03_L370,P03,P03_L370_M003,SdeX,0.05
P03_L370,P03,P03_L370_M003,SdeY,0.05
P03_L370,P03,P03_L370_M003,Probe_Height_Deg,0.13343643869556676
P03_L370,P03,P03_L370_M003,Probe_width_Deg,0.013343649840352816
P03_L370,P03,P03_L370_M004,distance_To_Monitor,1.0
P03_L370,P03,P03_L370_M004,win_widthy_Pixel,2560
P03_L370,P03,P03_L370_M004,win_widthx_Pixel,1440
P03_L370,P03,P03_L370_M004,win_widthy_Meter,0.3353
P03_L370,P03,P03_L370_M004,win_widthx_Meter,0.5962
P03_L370,P03,P03_L370_M004,Pixel Per Inch,164
P03_L370,P03,P03_L370_M004,Pixel width (m),0.00023289062499999997
P03_L370,P03,P03_L370_M004,Pixel Pitch (mm),0.155*0.155
P03_L370,P03,P03_L370_M004,bkg_intensity,0.95
P03_L370,P03,P03_L370_M004,max_intensity,1.0
P03_L370,P03,P03_L370_M004,time_Stimulus,250
P03_L370,P03,P03_L370_M004,reversalN,0.0
P03_L370,P03,P03_L370_M004,rateDW,0.5
P03_L370,P03,P03_L370_M004,correctTick,0
P03_L370,P03,P03_L370_M004,count_Reversals,0
P03_L370,P03,P03_L370_M004,probe_LR,0
P03_L370,P03,P03_L370_M004,human_LR,0
P03_L370,P03,P03_L370_M004,posY,0
P03_L370,P03,P03_L370_M004,rateUP,0.5
P03_L370,P03,P03_L370_M004,probe_pos (m),0.0
P03_L370,P03,P03_L370_M004,text,-1
P03_L370,P03,P03_L370_M004,reversePOINT,1
P03_L370,P03,P03_L370_M004,trialPOINT,6
P03_L370,P03,P03_L370_M004,nDW,4
P03_L370,P03,P03_L370_M004,nUP,1
P03_L370,P03,P03_L370_M004,start_weber_Contrast,1.0
P03_L370,P03,P03_L370_M004,number_trials,80
P03_L370,P03,P03_L370_M004,terminationINDEX,9
P03_L370,P03,P03_L370_M004,stepDWUP,0.005
P03_L370,P03,P03_L370_M004,logUNIT_UP,0.36
P03_L370,P03,P03_L370_M004,logUNIT_DW,0.30294
P03_L370,P03,P03_L370_M004,condRule,2
P03_L370,P03,P03_L370_M004,preReversalStepDW,0.36
P03_L370,P03,P03_L370_M004,Reversal_or_Trial,1
P03_L370,P03,P03_L370_M004,limit_Trial_Run,100
P03_L370,P03,P03_L370_M004,max_monitor_cdm2,500
P03_L370,P03,P03_L370_M004,bkg_monitor_cdm2,370
P03_L370,P03,P03_L370_M004,width,374.94805047229414
P03_L370,P03,P03_L370_M004,fs,63.0
P03_L370,P03,P03_L370_M004,ph,0.0
P03_L370,P03,P03_L370_M004,speed,0.0
P03_L370,P03,P03_L370_M004,contr,0.018
P03_L370,P03,P03_L370_M004,theta,0.0
P03_L370,P03,P03_L370_M004,bg,0.95
P03_L370,P03,P03_L370_M004,box,False
P03_L370,P03,P03_L370_M004,Lbg,25
P03_L370,P03,P03_L370_M004,Lmin,0.0
P03_L370,P03,P03_L370_M004,Lmax,25
P03_L370,P03,P03_L370_M004,gamma,0.0
P03_L370,P03,P03_L370_M004,BRTRR,1.2
P03_L370,P03,P03_L370_M004,flanker_width,5.0
P03_L370,P03,P03_L370_M004,flanker_displacement,3.0
P03_L370,P03,P03_L370_M004,probe_displacement_dx,0.4
P03_L370,P03,P03_L370_M004,probe_displacement_dy,0.2
P03_L370,P03,P03_L370_M004,pixel_metre_ratio,0.00023289062499999997
P03_L370,P03,P03_L370_M004,SdeX,0.05
P03_L370,P03,P03_L370_M004,SdeY,0.05
P03_L370,P03,P03_L370_M004,Probe_Height_Deg,0.13343643869556676
P03_L370,P03,P03_L370_M004,Probe_width_Deg,0.013343649840352816
P03_L415,P03,P03_L415_M001,distance_To_Monitor,1.0
P03_L415,P03,P03_L415_M001,win_widthy_Pixel,2560
P03_L415,P03,P03_L415_M001,win_widthx_Pixel,1440
P03_L415,P03,P03_L415_M001,win_widthy_Meter,0.3353
P03_L415,P03,P03_L415_M001,win_widthx_Meter,0.5962
P03_L415,P03,P03_L415_M001,Pixel Per Inch,164
P03_L415,P03,P03_L415_M001,Pixel width (m),0.00023289062499999997
P03_L415,P03,P03_L415_M001,Pixel Pitch (mm),0.155*0.155
P03_L415,P03,P03_L415_M001,bkg_intensity,0.99
P03_L415,P03,P03_L415_M001,max_intensity,1.0
P03_L415,P03,P03_L415_M001,time_Stimulus,250
P03_L415,P03,P03_L415_M001,reversalN,0.0
P03_L415,P03,P03_L415_M001,rateDW,0.5
P03_L415,P03,P03_L415_M001,correctTick,0
P03_L415,P03,P03_L415_M001,count_Reversals,0
P03_L415,P03,P03_L415_M001,probe_LR,0
P03_L415,P03,P03_L415_M001,human_LR,0
P03_L415,P03,P03_L415_M001,posY,0
P03_L415,P03,P03_L415_M001,rateUP,0.5
P03_L415,P03,P03_L415_M001,probe_pos (m),0.0
P03_L415,P03,P03_L415_M001,text,-1
P03_L415,P03,P03_L415_M001,reversePOINT,1
P03_L415,P03,P03_L415_M001,trialPOINT,7
P03_L415,P03,P03_L415_M001,nDW,4
P03_L415,P03,P03_L415_M001,nUP,1
P03_L415,P03,P03_L415_M001,start_weber_Contrast,1.0
P03_L415,P03,P03_L415_M001,number_trials,80
P03_L415,P03,P03_L415_M001,terminationINDEX,9
P03_L415,P03,P03_L415_M001,stepDWUP,0.005
P03_L415,P03,P03_L415_M001,logUNIT_UP,0.36
P03_L415,P03,P03_L415_M001,logUNIT_DW,0.30294
P03_L415,P03,P03_L415_M001,condRule,2
P03_L415,P03,P03_L415_M001,preReversalStepDW,0.36
P03_L415,P03,P03_L415_M001,Reversal_or_Trial,1
P03_L415,P03,P03_L415_M001,limit_Trial_Run,100
P03_L415,P03,P03_L415_M001,max_monitor_cdm2,500
P03_L415,P03,P03_L415_M001,bkg_monitor_cdm2,415
P03_L415,P03,P03_L415_M001,width,374.94805047229414
P03_L415,P03,P03_L415_M001,fs,63.0
P03_L415,P03,P03_L415_M001,ph,0.0
P03_L415,P03,P03_L415_M001,speed,0.0
P03_L415,P03,P03_L415_M001,contr,0.018
P03_L415,P03,P03_L415_M001,theta,0.0
P03_L415,P03,P03_L415_M001,bg,0.99
P03_L415,P03,P03_L415_M001,box,False
P03_L415,P03,P03_L415_M001,Lbg,25
P03_L415,P03,P03_L415_M001,Lmin,0.0
P03_L415,P03,P03_L415_M001,Lmax,25
P03_L415,P03,P03_L415_M001,gamma,0.0
P03_L415,P03,P03_L415_M001,BRTRR,1.2
P03_L415,P03,P03_L415_M001,flanker_width,5.0
P03_L415,P03,P03_L415_M001,flanker_displacement,3.0
P03_L415,P03,P03_L415_M001,probe_displacement_dx,0.4
P03_L415,P03,P03_L415_M001,probe_displacement_dy,0.2
P03_L415,P03,P03_L415_M001,pixel_metre_ratio,0.00023289062499999997
P03_L415,P03,P03_L415_M001,SdeX,0.05
P03_L415,P03,P03_L415_M001,SdeY,0.05
P03_L415,P03,P03_L415_M001,Probe_Height_Deg,0.13343643869556676
P03_L415,P03,P03_L415_M001,Probe_width_Deg,0.013343649840352816
P03_L415,P03,P03_L415_M002,distance_To_Monitor,1.0
P03_L415,P03,P03_L415_M002,win_widthy_Pixel,2560
P03_L415,P03,P03_L415_M002,win_widthx_Pixel,1440
P03_L415,P03,P03_L415_M002,win_widthy_Meter,0.3353
P03_L415,P03,P03_L415_M002,win_widthx_Meter,0.5962
P03_L415,P03,P03_L415_M002,Pixel Per Inch,164
P03_L415,P03,P03_L415_M002,Pixel width (m),0.00023289062499999997
P03_L415,P03,P03_L415_M002,Pixel Pitch (mm),0.155*0.155
P03_L415,P03,P03_L415_M002,bkg_intensity,0.99
P03_L415,P03,P03_L415_M002,max_intensity,1.0
P03_L415,P03,P03_L415_M002,time_Stimulus,250
P03_L415,P03,P03_L415_M002,reversalN,0.0
P03_L415,P03,P03_L415_M002,rateDW,0.5
P03_L415,P03,P03_L415_M002,correctTick,0
P03_L415,P03,P03_L415_M002,count_Reversals,0
P03_L415,P03,P03_L415_M002,probe_LR,0
P03_L415,P03,P03_L415_M002,human_LR,0
P03_L415,P03,P03_L415_M002,posY,0
P03_L415,P03,P03_L415_M002,rateUP,0.5
P03_L415,P03,P03_L415_M002,probe_pos (m),0.0
P03_L415,P03,P03_L415_M002,text,-1
P03_L415,P03,P03_L415_M002,reversePOINT,1
P03_L415,P03,P03_L415_M002,trialPOINT,7
P03_L415,P03,P03_L415_M002,nDW,4
P03_L415,P03,P03_L415_M002,nUP,1
P03_L415,P03,P03_L415_M002,start_weber_Contrast,1.0
P03_L415,P03,P03_L415_M002,number_trials,80
P03_L415,P03,P03_L415_M002,terminationINDEX,9
P03_L415,P03,P03_L415_M002,stepDWUP,0.005
P03_L415,P03,P03_L415_M002,logUNIT_UP,0.36
P03_L415,P03,P03_L415_M002,logUNIT_DW,0.30294
P03_L415,P03,P03_L415_M002,condRule,2
P03_L415,P03,P03_L415_M002,preReversalStepDW,0.36
P03_L415,P03,P03_L415_M002,Reversal_or_Trial,1
P03_L415,P03,P03_L415_M002,limit_Trial_Run,100
P03_L415,P03,P03_L415_M002,max_monitor_cdm2,500
P03_L415,P03,P03_L415_M002,bkg_monitor_cdm2,415
P03_L415,P03,P03_L415_M002,width,374.94805047229414
P03_L415,P03,P03_L415_M002,fs,63.0
P03_L415,P03,P03_L415_M002,ph,0.0
P03_L415,P03,P03_L415_M002,speed,0.0
P03_L415,P03,P03_L415_M002,contr,0.018
P03_L415,P03,P03_L415_M002,theta,0.0
P03_L415,P03,P03_L415_M002,bg,0.99
P03_L415,P03,P03_L415_M002,box,False
P03_L415,P03,P03_L415_M002,Lbg,25
P03_L415,P03,P03_L415_M002,Lmin,0.0
P03_L415,P03,P03_L415_M002,Lmax,25
P03_L415,P03,P03_L415_M002,gamma,0.0
P03_L415,P03,P03_L415_M002,BRTRR,1.2
P03_L415,P03,P03_L415_M002,flanker_width,5.0
P03_L415,P03,P03_L415_M002,flanker_displacement,3.0
P03_L415,P03,P03_L415_M002,probe_displacement_dx,0.4
P03_L415,P03,P03_L415_M002,probe_displacement_dy,0.2
P03_L415,P03,P03_L415_M002,pixel_metre_ratio,0.00023289062499999997
P03_L415,P03,P03_L415_M002,SdeX,0.05
P03_L415,P03,P03_L415_M002,SdeY,0.05
P03_L415,P03,P03_L415_M002,Probe_Height_Deg,0.13343643869556676
P03_L415,P03,P03_L415_M002,Probe_width_Deg,0.013343649840352816
P03_L415,P03,P03_L415_M003,distance_To_Monitor,1.0
P03_L415,P03,P03_L415_M003,win_widthy_Pixel,2560
P03_L415,P03,P03_L415_M003,win_widthx_Pixel,1440
P03_L415,P03,P03_L415_M003,win_widthy_Meter,0.3353
P03_L415,P03,P03_L415_M003,win_widthx_Meter,0.5962
P03_L415,P03,P03_L415_M003,Pixel Per Inch,164
P03_L415,P03,P03_L415_M003,Pixel width (m),0.00023289062499999997
P03_L415,P03,P03_L415_M003,Pixel Pitch (mm),0.155*0.155
P03_L415,P03,P03_L415_M003,bkg_intensity,0.99
P03_L415,P03,P03_L415_M003,max_intensity,1.0
P03_L415,P03,P03_L415_M003,time_Stimulus,250
P03_L415,P03,P03_L415_M003,reversalN,0.0
P03_L415,P03,P03_L415_M003,rateDW,0.5
P03_L415,P03,P03_L415_M003,correctTick,0
P03_L415,P03,P03_L415_M003,count_Reversals,0
P03_L415,P03,P03_L415_M003,probe_LR,0
P03_L415,P03,P03_L415_M003,human_LR,0
P03_L415,P03,P03_L415_M003,posY,0
P03_L415,P03,P03_L415_M003,rateUP,0.5
P03_L415,P03,P03_L415_M003,probe_pos (m),0.0
P03_L415,P03,P03_L415_M003,text,-1
P03_L415,P03,P03_L415_M003,reversePOINT,1
P03_L415,P03,P03_L415_M003,trialPOINT,7
P03_L415,P03,P03_L415_M003,nDW,4
P03_L415,P03,P03_L415_M003,nUP,1
P03_L415,P03,P03_L415_M003,start_weber_Contrast,1.0
P03_L415,P03,P03_L415_M003,number_trials,80
P03_L415,P03,P03_L415_M003,terminationINDEX,9
P03_L415,P03,P03_L415_M003,stepDWUP,0.005
P03_L415,P03,P03_L415_M003,logUNIT_UP,0.36
P03_L415,P03,P03_L415_M003,logUNIT_DW,0.30294
P03_L415,P03,P03_L415_M003,condRule,2
P03_L415,P03,P03_L415_M003,preReversalStepDW,0.36
P03_L415,P03,P03_L415_M003,Reversal_or_Trial,1
P03_L415,P03,P03_L415_M003,limit_Trial_Run,100
P03_L415,P03,P03_L415_M003,max_monitor_cdm2,500
P03_L415,P03,P03_L415_M003,bkg_monitor_cdm2,415
P03_L415,P03,P03_L415_M003,width,374.94805047229414
P03_L415,P03,P03_L415_M003,fs,63.0
P03_L415,P03,P03_L415_M003,ph,0.0
P03_L415,P03,P03_L415_M003,speed,0.0
P03_L415,P03,P03_L415_M003,contr,0.018
P03_L415,P03,P03_L415_M003,theta,0.0
P03_L415,P03,P03_L415_M003,bg,0.99
P03_L415,P03,P03_L415_M003,box,False
P03_L415,P03,P03_L415_M003,Lbg,25
P03_L415,P03,P03_L415_M003,Lmin,0.0
P03_L415,P03,P03_L415_M003,Lmax,25
P03_L415,P03,P03_L415_M003,gamma,0.0
P03_L415,P03,P03_L415_M003,BRTRR,1.2
P03_L415,P03,P03_L415_M003,flanker_width,5.0
P03_L415,P03,P03_L415_M003,flanker_displacement,3.0
P03_L415,P03,P03_L415_M003,probe_displacement_dx,0.4
P03_L415,P03,P03_L415_M003,probe_displacement_dy,0.2
P03_L415,P03,P03_L415_M003,pixel_metre_ratio,0.00023289062499999997
P03_L415,P03,P03_L415_M003,SdeX,0.05
P03_L415,P03,P03_L415_M003,SdeY,0.05
P03_L415,P03,P03_L415_M003,Probe_Height_Deg,0.13343643869556676
P03_L415,P03,P03_L415_M003,Probe_width_Deg,0.013343649840352816
P03_L415,P03,P03_L415_M004,distance_To_Monitor,1.0
P03_L415,P03,P03_L415_M004,win_widthy_Pixel,2560
P03_L415,P03,P03_L415_M004,win_widthx_Pixel,1440
P03_L415,P03,P03_L415_M004,win_widthy_Meter,0.3353
P03_L415,P03,P03_L415_M004,win_widthx_Meter,0.5962
P03_L415,P03,P03_L415_M004,Pixel Per Inch,164
P03_L415,P03,P03_L415_M004,Pixel width (m),0.00023289062499999997
P03_L415,P03,P03_L415_M004,Pixel Pitch (mm),0.155*0.155
P03_L415,P03,P03_L415_M004,bkg_intensity,0.99
P03_L415,P03,P03_L415_M004,max_intensity,1.0
P03_L415,P03,P03_L415_M004,time_Stimulus,250
P03_L415,P03,P03_L415_M004,reversalN,0.0
P03_L415,P03,P03_L415_M004,rateDW,0.5
P03_L415,P03,P03_L415_M004,correctTick,0
P03_L415,P03,P03_L415_M004,count_Reversals,0
P03_L415,P03,P03_L415_M004,probe_LR,0
P03_L415,P03,P03_L415_M004,human_LR,0
P03_L415,P03,P03_L415_M004,posY,0
P03_L415,P03,P03_L415_M004,rateUP,0.5
P03_L415,P03,P03_L415_M004,probe_pos (m),0.0
P03_L415,P03,P03_L415_M004,text,-1
P03_L415,P03,P03_L415_M004,reversePOINT,1
P03_L415,P03,P03_L415_M004,trialPOINT,7
P03_L415,P03,P03_L415_M004,nDW,4
P03_L415,P03,P03_L415_M004,nUP,1
P03_L415,P03,P03_L415_M004,start_weber_Contrast,1.0
P03_L415,P03,P03_L415_M004,number_trials,80
P03_L415,P03,P03_L415_M004,terminationINDEX,9
P03_L415,P03,P03_L415_M004,stepDWUP,0.005
P03_L415,P03,P03_L415_M004,logUNIT_UP,0.36
P03_L415,P03,P03_L415_M004,logUNIT_DW,0.30294
P03_L415,P03,P03_L415_M004,condRule,2
P03_L415,P03,P03_L415_M004,preReversalStepDW,0.36
P03_L415,P03,P03_L415_M004,Reversal_or_Trial,1
P03_L415,P03,P03_L415_M004,limit_Trial_Run,100
P03_L415,P03,P03_L415_M004,max_monitor_cdm2,500
P03_L415,P03,P03_L415_M004,bkg_monitor_cdm2,415
P03_L415,P03,P03_L415_M004,width,374.94805047229414
P03_L415,P03,P03_L415_M004,fs,63.0
P03_L415,P03,P03_L415_M004,ph,0.0
P03_L415,P03,P03_L415_M004,speed,0.0
P03_L415,P03,P03_L415_M004,contr,0.018
P03_L415,P03,P03_L415_M004,theta,0.0
P03_L415,P03,P03_L415_M004,bg,0.99
P03_L415,P03,P03_L415_M004,box,False
P03_L415,P03,P03_L415_M004,Lbg,25
P03_L415,P03,P03_L415_M004,Lmin,0.0
P03_L415,P03,P03_L415_M004,Lmax,25
P03_L415,P03,P03_L415_M004,gamma,0.0
P03_L415,P03,P03_L415_M004,BRTRR,1.2
P03_L415,P03,P03_L415_M004,flanker_width,5.0
P03_L415,P03,P03_L415_M004,flanker_displacement,3.0
P03_L415,P03,P03_L415_M004,probe_displacement_dx,0.4
P03_L415,P03,P03_L415_M004,probe_displacement_dy,0.2
P03_L415,P03,P03_L415_M004,pixel_metre_ratio,0.00023289062499999997
P03_L415,P03,P03_L415_M004,SdeX,0.05
P03_L415,P03,P03_L415_M004,SdeY,0.05
P03_L415,P03,P03_L415_M004,Probe_Height_Deg,0.13343643869556676
P03_L415,P03,P03_L415_M004,Probe_width_Deg,0.013343649840352816
P04_L010,P04,P04_L010_M001,distance_To_Monitor,1.0
P04_L010,P04,P04_L010_M001,win_widthy_Pixel,2560
P04_L010,P04,P04_L010_M001,win_widthx_Pixel,1440
P04_L010,P04,P04_L010_M001,win_widthy_Meter,0.3353
P04_L010,P04,P04_L010_M001,win_widthx_Meter,0.5962
P04_L010,P04,P04_L010_M001,Pixel Per Inch,164
P04_L010,P04,P04_L010_M001,Pixel width (m),0.00023289062499999997
P04_L010,P04,P04_L010_M001,Pixel Pitch (mm),0.155*0.155
P04_L010,P04,P04_L010_M001,bkg_intensity,0.19
P04_L010,P04,P04_L010_M001,max_intensity,1.0
P04_L010,P04,P04_L010_M001,time_Stimulus,250
P04_L010,P04,P04_L010_M001,reversalN,0.0
P04_L010,P04,P04_L010_M001,rateDW,0.5
P04_L010,P04,P04_L010_M001,correctTick,0
P04_L010,P04,P04_L010_M001,count_Reversals,0
P04_L010,P04,P04_L010_M001,probe_LR,0
P04_L010,P04,P04_L010_M001,human_LR,0
P04_L010,P04,P04_L010_M001,posY,0
P04_L010,P04,P04_L010_M001,rateUP,0.5
P04_L010,P04,P04_L010_M001,probe_pos (m),0.0
P04_L010,P04,P04_L010_M001,text,-1
P04_L010,P04,P04_L010_M001,reversePOINT,1
P04_L010,P04,P04_L010_M001,trialPOINT,9
P04_L010,P04,P04_L010_M001,nDW,4
P04_L010,P04,P04_L010_M001,nUP,1
P04_L010,P04,P04_L010_M001,start_weber_Contrast,1.0
P04_L010,P04,P04_L010_M001,number_trials,80
P04_L010,P04,P04_L010_M001,terminationINDEX,9
P04_L010,P04,P04_L010_M001,stepDWUP,0.005
P04_L010,P04,P04_L010_M001,logUNIT_UP,0.36
P04_L010,P04,P04_L010_M001,logUNIT_DW,0.30294
P04_L010,P04,P04_L010_M001,condRule,2
P04_L010,P04,P04_L010_M001,preReversalStepDW,0.36
P04_L010,P04,P04_L010_M001,Reversal_or_Trial,1
P04_L010,P04,P04_L010_M001,limit_Trial_Run,100
P04_L010,P04,P04_L010_M001,max_monitor_cdm2,400
P04_L010,P04,P04_L010_M001,bkg_monitor_cdm2,10.0
P04_L010,P04,P04_L010_M001,width,374.94805047229414
P04_L010,P04,P04_L010_M001,fs,94.5
P04_L010,P04,P04_L010_M001,ph,0.0
P04_L010,P04,P04_L010_M001,speed,0.0
P04_L010,P04,P04_L010_M001,contr,0.018
P04_L010,P04,P04_L010_M001,theta,0.0
P04_L010,P04,P04_L010_M001,bg,0.19
P04_L010,P04,P04_L010_M001,box,False
P04_L010,P04,P04_L010_M001,Lbg,25
P04_L010,P04,P04_L010_M001,Lmin,0.0
P04_L010,P04,P04_L010_M001,Lmax,25
P04_L010,P04,P04_L010_M001,gamma,0.0
P04_L010,P04,P04_L010_M001,BRTRR,1.2
P04_L010,P04,P04_L010_M001,flanker_width,5.0
P04_L010,P04,P04_L010_M001,flanker_displacement,3.0
P04_L010,P04,P04_L010_M001,probe_displacement_dx,0.4
P04_L010,P04,P04_L010_M001,probe_displacement_dy,0.2
P04_L010,P04,P04_L010_M001,pixel_metre_ratio,0.00023289062499999997
P04_L010,P04,P04_L010_M001,SdeX,0.05
P04_L010,P04,P04_L010_M001,Sdey,0.05
P04_L010,P04,P04_L010_M001,Probe_Height_Deg,0.13343643869556676
P04_L010,P04,P04_L010_M001,Probe_width_Deg,0.013343649840352816
P04_L010,P04,P04_L010_M002,distance_To_Monitor,1.0
P04_L010,P04,P04_L010_M002,win_widthy_Pixel,2560
P04_L010,P04,P04_L010_M002,win_widthx_Pixel,1440
P04_L010,P04,P04_L010_M002,win_widthy_Meter,0.3353
P04_L010,P04,P04_L010_M002,win_widthx_Meter,0.5962
P04_L010,P04,P04_L010_M002,Pixel Per Inch,164
P04_L010,P04,P04_L010_M002,Pixel width (m),0.00023289062499999997
P04_L010,P04,P04_L010_M002,Pixel Pitch (mm),0.155*0.155
P04_L010,P04,P04_L010_M002,bkg_intensity,0.19
P04_L010,P04,P04_L010_M002,max_intensity,1.0
P04_L010,P04,P04_L010_M002,time_Stimulus,250
P04_L010,P04,P04_L010_M002,reversalN,0.0
P04_L010,P04,P04_L010_M002,rateDW,0.5
P04_L010,P04,P04_L010_M002,correctTick,0
P04_L010,P04,P04_L010_M002,count_Reversals,0
P04_L010,P04,P04_L010_M002,probe_LR,0
P04_L010,P04,P04_L010_M002,human_LR,0
P04_L010,P04,P04_L010_M002,posY,0
P04_L010,P04,P04_L010_M002,rateUP,0.5
P04_L010,P04,P04_L010_M002,probe_pos (m),0.0
P04_L010,P04,P04_L010_M002,text,-1
P04_L010,P04,P04_L010_M002,reversePOINT,1
P04_L010,P04,P04_L010_M002,trialPOINT,7
P04_L010,P04,P04_L010_M002,nDW,4
P04_L010,P04,P04_L010_M002,nUP,1
P04_L010,P04,P04_L010_M002,start_weber_Contrast,1.0
P04_L010,P04,P04_L010_M002,number_trials,80
P04_L010,P04,P04_L010_M002,terminationINDEX,9
P04_L010,P04,P04_L010_M002,stepDWUP,0.005
P04_L010,P04,P04_L010_M002,logUNIT_UP,0.36
P04_L010,P04,P04_L010_M002,logUNIT_DW,0.30294
P04_L010,P04,P04_L010_M002,condRule,2
P04_L010,P04,P04_L010_M002,preReversalStepDW,0.36
P04_L010,P04,P04_L010_M002,Reversal_or_Trial,1
P04_L010,P04,P04_L010_M002,limit_Trial_Run,100
P04_L010,P04,P04_L010_M002,max_monitor_cdm2,400
P04_L010,P04,P04_L010_M002,bkg_monitor_cdm2,10.0
P04_L010,P04,P04_L010_M002,width,374.94805047229414
P04_L010,P04,P04_L010_M002,fs,94.5
P04_L010,P04,P04_L010_M002,ph,0.0
P04_L010,P04,P04_L010_M002,speed,0.0
P04_L010,P04,P04_L010_M002,contr,0.018
P04_L010,P04,P04_L010_M002,theta,0.0
P04_L010,P04,P04_L010_M002,bg,0.19
P04_L010,P04,P04_L010_M002,box,False
P04_L010,P04,P04_L010_M002,Lbg,25
P04_L010,P04,P04_L010_M002,Lmin,0.0
P04_L010,P04,P04_L010_M002,Lmax,25
P04_L010,P04,P04_L010_M002,gamma,0.0
P04_L010,P04,P04_L010_M002,BRTRR,1.2
P04_L010,P04,P04_L010_M002,flanker_width,5.0
P04_L010,P04,P04_L010_M002,flanker_displacement,3.0
P04_L010,P04,P04_L010_M002,probe_displacement_dx,0.4
P04_L010,P04,P04_L010_M002,probe_displacement_dy,0.2
P04_L010,P04,P04_L010_M002,pixel_metre_ratio,0.00023289062499999997
P04_L010,P04,P04_L010_M002,SdeX,0.05
P04_L010,P04,P04_L010_M002,Sdey,0.05
P04_L010,P04,P04_L010_M002,Probe_Height_Deg,0.13343643869556676
P04_L010,P04,P04_L010_M002,Probe_width_Deg,0.013343649840352816
P04_L010,P04,P04_L010_M003,distance_To_Monitor,1.0
P04_L010,P04,P04_L010_M003,win_widthy_Pixel,2560
P04_L010,P04,P04_L010_M003,win_widthx_Pixel,1440
P04_L010,P04,P04_L010_M003,win_widthy_Meter,0.3353
P04_L010,P04,P04_L010_M003,win_widthx_Meter,0.5962
P04_L010,P04,P04_L010_M003,Pixel Per Inch,164
P04_L010,P04,P04_L010_M003,Pixel width (m),0.00023289062499999997
P04_L010,P04,P04_L010_M003,Pixel Pitch (mm),0.155*0.155
P04_L010,P04,P04_L010_M003,bkg_intensity,0.19
P04_L010,P04,P04_L010_M003,max_intensity,1.0
P04_L010,P04,P04_L010_M003,time_Stimulus,250
P04_L010,P04,P04_L010_M003,reversalN,0.0
P04_L010,P04,P04_L010_M003,rateDW,0.5
P04_L010,P04,P04_L010_M003,correctTick,0
P04_L010,P04,P04_L010_M003,count_Reversals,0
P04_L010,P04,P04_L010_M003,probe_LR,0
P04_L010,P04,P04_L010_M003,human_LR,0
P04_L010,P04,P04_L010_M003,posY,0
P04_L010,P04,P04_L010_M003,rateUP,0.5
P04_L010,P04,P04_L010_M003,probe_pos (m),0.0
P04_L010,P04,P04_L010_M003,text,-1
P04_L010,P04,P04_L010_M003,reversePOINT,1
P04_L010,P04,P04_L010_M003,trialPOINT,9
P04_L010,P04,P04_L010_M003,nDW,4
P04_L010,P04,P04_L010_M003,nUP,1
P04_L010,P04,P04_L010_M003,start_weber_Contrast,1.0
P04_L010,P04,P04_L010_M003,number_trials,80
P04_L010,P04,P04_L010_M003,terminationINDEX,9
P04_L010,P04,P04_L010_M003,stepDWUP,0.005
P04_L010,P04,P04_L010_M003,logUNIT_UP,0.36
P04_L010,P04,P04_L010_M003,logUNIT_DW,0.30294
P04_L010,P04,P04_L010_M003,condRule,2
P04_L010,P04,P04_L010_M003,preReversalStepDW,0.36
P04_L010,P04,P04_L010_M003,Reversal_or_Trial,1
P04_L010,P04,P04_L010_M003,limit_Trial_Run,100
P04_L010,P04,P04_L010_M003,max_monitor_cdm2,400
P04_L010,P04,P04_L010_M003,bkg_monitor_cdm2,10.0
P04_L010,P04,P04_L010_M003,width,374.94805047229414
P04_L010,P04,P04_L010_M003,fs,94.5
P04_L010,P04,P04_L010_M003,ph,0.0
P04_L010,P04,P04_L010_M003,speed,0.0
P04_L010,P04,P04_L010_M003,contr,0.018
P04_L010,P04,P04_L010_M003,theta,0.0
P04_L010,P04,P04_L010_M003,bg,0.19
P04_L010,P04,P04_L010_M003,box,False
P04_L010,P04,P04_L010_M003,Lbg,25
P04_L010,P04,P04_L010_M003,Lmin,0.0
P04_L010,P04,P04_L010_M003,Lmax,25
P04_L010,P04,P04_L010_M003,gamma,0.0
P04_L010,P04,P04_L010_M003,BRTRR,1.2
P04_L010,P04,P04_L010_M003,flanker_width,5.0
P04_L010,P04,P04_L010_M003,flanker_displacement,3.0
P04_L010,P04,P04_L010_M003,probe_displacement_dx,0.4
P04_L010,P04,P04_L010_M003,probe_displacement_dy,0.2
P04_L010,P04,P04_L010_M003,pixel_metre_ratio,0.00023289062499999997
P04_L010,P04,P04_L010_M003,SdeX,0.05
P04_L010,P04,P04_L010_M003,Sdey,0.05
P04_L010,P04,P04_L010_M003,Probe_Height_Deg,0.13343643869556676
P04_L010,P04,P04_L010_M003,Probe_width_Deg,0.013343649840352816
P04_L010,P04,P04_L010_M004,distance_To_Monitor,1.0
P04_L010,P04,P04_L010_M004,win_widthy_Pixel,2560
P04_L010,P04,P04_L010_M004,win_widthx_Pixel,1440
P04_L010,P04,P04_L010_M004,win_widthy_Meter,0.3353
P04_L010,P04,P04_L010_M004,win_widthx_Meter,0.5962
P04_L010,P04,P04_L010_M004,Pixel Per Inch,164
P04_L010,P04,P04_L010_M004,Pixel width (m),0.00023289062499999997
P04_L010,P04,P04_L010_M004,Pixel Pitch (mm),0.155*0.155
P04_L010,P04,P04_L010_M004,bkg_intensity,0.19
P04_L010,P04,P04_L010_M004,max_intensity,1.0
P04_L010,P04,P04_L010_M004,time_Stimulus,250
P04_L010,P04,P04_L010_M004,reversalN,0.0
P04_L010,P04,P04_L010_M004,rateDW,0.5
P04_L010,P04,P04_L010_M004,correctTick,0
P04_L010,P04,P04_L010_M004,count_Reversals,0
P04_L010,P04,P04_L010_M004,probe_LR,0
P04_L010,P04,P04_L010_M004,human_LR,0
P04_L010,P04,P04_L010_M004,posY,0
P04_L010,P04,P04_L010_M004,rateUP,0.5
P04_L010,P04,P04_L010_M004,probe_pos (m),0.0
P04_L010,P04,P04_L010_M004,text,-1
P04_L010,P04,P04_L010_M004,reversePOINT,1
P04_L010,P04,P04_L010_M004,trialPOINT,9
P04_L010,P04,P04_L010_M004,nDW,4
P04_L010,P04,P04_L010_M004,nUP,1
P04_L010,P04,P04_L010_M004,start_weber_Contrast,1.0
P04_L010,P04,P04_L010_M004,number_trials,80
P04_L010,P04,P04_L010_M004,terminationINDEX,9
P04_L010,P04,P04_L010_M004,stepDWUP,0.005
P04_L010,P04,P04_L010_M004,logUNIT_UP,0.36
P04_L010,P04,P04_L010_M004,logUNIT_DW,0.30294
P04_L010,P04,P04_L010_M004,condRule,2
P04_L010,P04,P04_L010_M004,preReversalStepDW,0.36
P04_L010,P04,P04_L010_M004,Reversal_or_Trial,1
P04_L010,P04,P04_L010_M004,limit_Trial_Run,100
P04_L010,P04,P04_L010_M004,max_monitor_cdm2,400
P04_L010,P04,P04_L010_M004,bkg_monitor_cdm2,10.0
P04_L010,P04,P04_L010_M004,width,374.94805047229414
P04_L010,P04,P04_L010_M004,fs,94.5
P04_L010,P04,P04_L010_M004,ph,0.0
P04_L010,P04,P04_L010_M004,speed,0.0
P04_L010,P04,P04_L010_M004,contr,0.018
P04_L010,P04,P04_L010_M004,theta,0.0
P04_L010,P04,P04_L010_M004,bg,0.19
P04_L010,P04,P04_L010_M004,box,False
P04_L010,P04,P04_L010_M004,Lbg,25
P04_L010,P04,P04_L010_M004,Lmin,0.0
P04_L010,P04,P04_L010_M004,Lmax,25
P04_L010,P04,P04_L010_M004,gamma,0.0
P04_L010,P04,P04_L010_M004,BRTRR,1.2
P04_L010,P04,P04_L010_M004,flanker_width,5.0
P04_L010,P04,P04_L010_M004,flanker_displacement,3.0
P04_L010,P04,P04_L010_M004,probe_displacement_dx,0.4
P04_L010,P04,P04_L010_M004,probe_displacement_dy,0.2
P04_L010,P04,P04_L010_M004,pixel_metre_ratio,0.00023289062499999997
P04_L010,P04,P04_L010_M004,SdeX,0.05
P04_L010,P04,P04_L010_M004,Sdey,0.05
P04_L010,P04,P04_L010_M004,Probe_Height_Deg,0.13343643869556676
P04_L010,P04,P04_L010_M004,Probe_width_Deg,0.013343649840352816
P04_L010,P04,P04_L010_M005,distance_To_Monitor,1.0
P04_L010,P04,P04_L010_M005,win_widthy_Pixel,2560
P04_L010,P04,P04_L010_M005,win_widthx_Pixel,1440
P04_L010,P04,P04_L010_M005,win_widthy_Meter,0.3353
P04_L010,P04,P04_L010_M005,win_widthx_Meter,0.5962
P04_L010,P04,P04_L010_M005,Pixel Per Inch,164
P04_L010,P04,P04_L010_M005,Pixel width (m),0.00023289062499999997
P04_L010,P04,P04_L010_M005,Pixel Pitch (mm),0.155*0.155
P04_L010,P04,P04_L010_M005,bkg_intensity,0.19
P04_L010,P04,P04_L010_M005,max_intensity,1.0
P04_L010,P04,P04_L010_M005,time_Stimulus,250
P04_L010,P04,P04_L010_M005,reversalN,0.0
P04_L010,P04,P04_L010_M005,rateDW,0.5
P04_L010,P04,P04_L010_M005,correctTick,0
P04_L010,P04,P04_L010_M005,count_Reversals,0
P04_L010,P04,P04_L010_M005,probe_LR,0
P04_L010,P04,P04_L010_M005,human_LR,0
P04_L010,P04,P04_L010_M005,posY,0
P04_L010,P04,P04_L010_M005,rateUP,0.5
P04_L010,P04,P04_L010_M005,probe_pos (m),0.0
P04_L010,P04,P04_L010_M005,text,-1
P04_L010,P04,P04_L010_M005,reversePOINT,1
P04_L010,P04,P04_L010_M005,trialPOINT,9
P04_L010,P04,P04_L010_M005,nDW,4
P04_L010,P04,P04_L010_M005,nUP,1
P04_L010,P04,P04_L010_M005,start_weber_Contrast,1.0
P04_L010,P04,P04_L010_M005,number_trials,80
P04_L010,P04,P04_L010_M005,terminationINDEX,9
P04_L010,P04,P04_L010_M005,stepDWUP,0.005
P04_L010,P04,P04_L010_M005,logUNIT_UP,0.36
P04_L010,P04,P04_L010_M005,logUNIT_DW,0.30294
P04_L010,P04,P04_L010_M005,condRule,2
P04_L010,P04,P04_L010_M005,preReversalStepDW,0.36
P04_L010,P04,P04_L010_M005,Reversal_or_Trial,1
P04_L010,P04,P04_L010_M005,limit_Trial_Run,100
P04_L010,P04,P04_L010_M005,max_monitor_cdm2,400
P04_L010,P04,P04_L010_M005,bkg_monitor_cdm2,10.0
P04_L010,P04,P04_L010_M005,width,374.94805047229414
P04_L010,P04,P04_L010_M005,fs,94.5
P04_L010,P04,P04_L010_M005,ph,0.0
P04_L010,P04,P04_L010_M005,speed,0.0
P04_L010,P04,P04_L010_M005,contr,0.018
P04_L010,P04,P04_L010_M005,theta,0.0
P04_L010,P04,P04_L010_M005,bg,0.19
P04_L010,P04,P04_L010_M005,box,False
P04_L010,P04,P04_L010_M005,Lbg,25
P04_L010,P04,P04_L010_M005,Lmin,0.0
P04_L010,P04,P04_L010_M005,Lmax,25
P04_L010,P04,P04_L010_M005,gamma,0.0
P04_L010,P04,P04_L010_M005,BRTRR,1.2
P04_L010,P04,P04_L010_M005,flanker_width,5.0
P04_L010,P04,P04_L010_M005,flanker_displacement,3.0
P04_L010,P04,P04_L010_M005,probe_displacement_dx,0.4
P04_L010,P04,P04_L010_M005,probe_displacement_dy,0.2
P04_L010,P04,P04_L010_M005,pixel_metre_ratio,0.00023289062499999997
P04_L010,P04,P04_L010_M005,SdeX,0.05
P04_L010,P04,P04_L010_M005,Sdey,0.05
P04_L010,P04,P04_L010_M005,Probe_Height_Deg,0.13343643869556676
P04_L010,P04,P04_L010_M005,Probe_width_Deg,0.013343649840352816
P04_L010,P04,P04_L010_M006,distance_To_Monitor,1.0
P04_L010,P04,P04_L010_M006,win_widthy_Pixel,2560
P04_L010,P04,P04_L010_M006,win_widthx_Pixel,1440
P04_L010,P04,P04_L010_M006,win_widthy_Meter,0.3353
P04_L010,P04,P04_L010_M006,win_widthx_Meter,0.5962
P04_L010,P04,P04_L010_M006,Pixel Per Inch,164
P04_L010,P04,P04_L010_M006,Pixel width (m),0.00023289062499999997
P04_L010,P04,P04_L010_M006,Pixel Pitch (mm),0.155*0.155
P04_L010,P04,P04_L010_M006,bkg_intensity,0.19
P04_L010,P04,P04_L010_M006,max_intensity,1.0
P04_L010,P04,P04_L010_M006,time_Stimulus,250
P04_L010,P04,P04_L010_M006,reversalN,0.0
P04_L010,P04,P04_L010_M006,rateDW,0.5
P04_L010,P04,P04_L010_M006,correctTick,0
P04_L010,P04,P04_L010_M006,count_Reversals,0
P04_L010,P04,P04_L010_M006,probe_LR,0
P04_L010,P04,P04_L010_M006,human_LR,0
P04_L010,P04,P04_L010_M006,posY,0
P04_L010,P04,P04_L010_M006,rateUP,0.5
P04_L010,P04,P04_L010_M006,probe_pos (m),0.0
P04_L010,P04,P04_L010_M006,text,-1
P04_L010,P04,P04_L010_M006,reversePOINT,1
P04_L010,P04,P04_L010_M006,trialPOINT,9
P04_L010,P04,P04_L010_M006,nDW,4
P04_L010,P04,P04_L010_M006,nUP,1
P04_L010,P04,P04_L010_M006,start_weber_Contrast,1.0
P04_L010,P04,P04_L010_M006,number_trials,80
P04_L010,P04,P04_L010_M006,terminationINDEX,9
P04_L010,P04,P04_L010_M006,stepDWUP,0.005
P04_L010,P04,P04_L010_M006,logUNIT_UP,0.36
P04_L010,P04,P04_L010_M006,logUNIT_DW,0.30294
P04_L010,P04,P04_L010_M006,condRule,2
P04_L010,P04,P04_L010_M006,preReversalStepDW,0.36
P04_L010,P04,P04_L010_M006,Reversal_or_Trial,1
P04_L010,P04,P04_L010_M006,limit_Trial_Run,100
P04_L010,P04,P04_L010_M006,max_monitor_cdm2,400
P04_L010,P04,P04_L010_M006,bkg_monitor_cdm2,10.0
P04_L010,P04,P04_L010_M006,width,374.94805047229414
P04_L010,P04,P04_L010_M006,fs,94.5
P04_L010,P04,P04_L010_M006,ph,0.0
P04_L010,P04,P04_L010_M006,speed,0.0
P04_L010,P04,P04_L010_M006,contr,0.018
P04_L010,P04,P04_L010_M006,theta,0.0
P04_L010,P04,P04_L010_M006,bg,0.19
P04_L010,P04,P04_L010_M006,box,False
P04_L010,P04,P04_L010_M006,Lbg,25
P04_L010,P04,P04_L010_M006,Lmin,0.0
P04_L010,P04,P04_L010_M006,Lmax,25
P04_L010,P04,P04_L010_M006,gamma,0.0
P04_L010,P04,P04_L010_M006,BRTRR,1.2
P04_L010,P04,P04_L010_M006,flanker_width,5.0
P04_L010,P04,P04_L010_M006,flanker_displacement,3.0
P04_L010,P04,P04_L010_M006,probe_displacement_dx,0.4
P04_L010,P04,P04_L010_M006,probe_displacement_dy,0.2
P04_L010,P04,P04_L010_M006,pixel_metre_ratio,0.00023289062499999997
P04_L010,P04,P04_L010_M006,SdeX,0.05
P04_L010,P04,P04_L010_M006,Sdey,0.05
P04_L010,P04,P04_L010_M006,Probe_Height_Deg,0.13343643869556676
P04_L010,P04,P04_L010_M006,Probe_width_Deg,0.013343649840352816
P04_L010,P04,P04_L010_M007,distance_To_Monitor,1.0
P04_L010,P04,P04_L010_M007,win_widthy_Pixel,2560
P04_L010,P04,P04_L010_M007,win_widthx_Pixel,1440
P04_L010,P04,P04_L010_M007,win_widthy_Meter,0.3353
P04_L010,P04,P04_L010_M007,win_widthx_Meter,0.5962
P04_L010,P04,P04_L010_M007,Pixel Per Inch,164
P04_L010,P04,P04_L010_M007,Pixel width (m),0.00023289062499999997
P04_L010,P04,P04_L010_M007,Pixel Pitch (mm),0.155*0.155
P04_L010,P04,P04_L010_M007,bkg_intensity,0.19
P04_L010,P04,P04_L010_M007,max_intensity,1.0
P04_L010,P04,P04_L010_M007,time_Stimulus,250
P04_L010,P04,P04_L010_M007,reversalN,0.0
P04_L010,P04,P04_L010_M007,rateDW,0.5
P04_L010,P04,P04_L010_M007,correctTick,0
P04_L010,P04,P04_L010_M007,count_Reversals,0
P04_L010,P04,P04_L010_M007,probe_LR,0
P04_L010,P04,P04_L010_M007,human_LR,0
P04_L010,P04,P04_L010_M007,posY,0
P04_L010,P04,P04_L010_M007,rateUP,0.5
P04_L010,P04,P04_L010_M007,probe_pos (m),0.0
P04_L010,P04,P04_L010_M007,text,-1
P04_L010,P04,P04_L010_M007,reversePOINT,1
P04_L010,P04,P04_L010_M007,trialPOINT,9
P04_L010,P04,P04_L010_M007,nDW,4
P04_L010,P04,P04_L010_M007,nUP,1
P04_L010,P04,P04_L010_M007,start_weber_Contrast,1.0
P04_L010,P04,P04_L010_M007,number_trials,80
P04_L010,P04,P04_L010_M007,terminationINDEX,9
P04_L010,P04,P04_L010_M007,stepDWUP,0.005
P04_L010,P04,P04_L010_M007,logUNIT_UP,0.36
P04_L010,P04,P04_L010_M007,logUNIT_DW,0.30294
P04_L010,P04,P04_L010_M007,condRule,2
P04_L010,P04,P04_L010_M007,preReversalStepDW,0.36
P04_L010,P04,P04_L010_M007,Reversal_or_Trial,1
P04_L010,P04,P04_L010_M007,limit_Trial_Run,100
P04_L010,P04,P04_L010_M007,max_monitor_cdm2,400
P04_L010,P04,P04_L010_M007,bkg_monitor_cdm2,10.0
P04_L010,P04,P04_L010_M007,width,374.94805047229414
P04_L010,P04,P04_L010_M007,fs,94.5
P04_L010,P04,P04_L010_M007,ph,0.0
P04_L010,P04,P04_L010_M007,speed,0.0
P04_L010,P04,P04_L010_M007,contr,0.018
P04_L010,P04,P04_L010_M007,theta,0.0
P04_L010,P04,P04_L010_M007,bg,0.19
P04_L010,P04,P04_L010_M007,box,False
P04_L010,P04,P04_L010_M007,Lbg,25
P04_L010,P04,P04_L010_M007,Lmin,0.0
P04_L010,P04,P04_L010_M007,Lmax,25
P04_L010,P04,P04_L010_M007,gamma,0.0
P04_L010,P04,P04_L010_M007,BRTRR,1.2
P04_L010,P04,P04_L010_M007,flanker_width,5.0
P04_L010,P04,P04_L010_M007,flanker_displacement,3.0
P04_L010,P04,P04_L010_M007,probe_displacement_dx,0.4
P04_L010,P04,P04_L010_M007,probe_displacement_dy,0.2
P04_L010,P04,P04_L010_M007,pixel_metre_ratio,0.00023289062499999997
P04_L010,P04,P04_L010_M007,SdeX,0.05
P04_L010,P04,P04_L010_M007,Sdey,0.05
P04_L010,P04,P04_L010_M007,Probe_Height_Deg,0.13343643869556676
P04_L010,P04,P04_L010_M007,Probe_width_Deg,0.013343649840352816
P04_L010,P04,P04_L010_M008,distance_To_Monitor,1.0
P04_L010,P04,P04_L010_M008,win_widthy_Pixel,2560
P04_L010,P04,P04_L010_M008,win_widthx_Pixel,1440
P04_L010,P04,P04_L010_M008,win_widthy_Meter,0.3353
P04_L010,P04,P04_L010_M008,win_widthx_Meter,0.5962
P04_L010,P04,P04_L010_M008,Pixel Per Inch,164
P04_L010,P04,P04_L010_M008,Pixel width (m),0.00023289062499999997
P04_L010,P04,P04_L010_M008,Pixel Pitch (mm),0.155*0.155
P04_L010,P04,P04_L010_M008,bkg_intensity,0.19
P04_L010,P04,P04_L010_M008,max_intensity,1.0
P04_L010,P04,P04_L010_M008,time_Stimulus,250
P04_L010,P04,P04_L010_M008,reversalN,0.0
P04_L010,P04,P04_L010_M008,rateDW,0.5
P04_L010,P04,P04_L010_M008,correctTick,0
P04_L010,P04,P04_L010_M008,count_Reversals,0
P04_L010,P04,P04_L010_M008,probe_LR,0
P04_L010,P04,P04_L010_M008,human_LR,0
P04_L010,P04,P04_L010_M008,posY,0
P04_L010,P04,P04_L010_M008,rateUP,0.5
P04_L010,P04,P04_L010_M008,probe_pos (m),0.0
P04_L010,P04,P04_L010_M008,text,-1
P04_L010,P04,P04_L010_M008,reversePOINT,1
P04_L010,P04,P04_L010_M008,trialPOINT,9
P04_L010,P04,P04_L010_M008,nDW,4
P04_L010,P04,P04_L010_M008,nUP,1
P04_L010,P04,P04_L010_M008,start_weber_Contrast,1.0
P04_L010,P04,P04_L010_M008,number_trials,80
P04_L010,P04,P04_L010_M008,terminationINDEX,9
P04_L010,P04,P04_L010_M008,stepDWUP,0.005
P04_L010,P04,P04_L010_M008,logUNIT_UP,0.36
P04_L010,P04,P04_L010_M008,logUNIT_DW,0.30294
P04_L010,P04,P04_L010_M008,condRule,2
P04_L010,P04,P04_L010_M008,preReversalStepDW,0.36
P04_L010,P04,P04_L010_M008,Reversal_or_Trial,1
P04_L010,P04,P04_L010_M008,limit_Trial_Run,100
P04_L010,P04,P04_L010_M008,max_monitor_cdm2,400
P04_L010,P04,P04_L010_M008,bkg_monitor_cdm2,10.0
P04_L010,P04,P04_L010_M008,width,374.94805047229414
P04_L010,P04,P04_L010_M008,fs,94.5
P04_L010,P04,P04_L010_M008,ph,0.0
P04_L010,P04,P04_L010_M008,speed,0.0
P04_L010,P04,P04_L010_M008,contr,0.018
P04_L010,P04,P04_L010_M008,theta,0.0
P04_L010,P04,P04_L010_M008,bg,0.19
P04_L010,P04,P04_L010_M008,box,False
P04_L010,P04,P04_L010_M008,Lbg,25
P04_L010,P04,P04_L010_M008,Lmin,0.0
P04_L010,P04,P04_L010_M008,Lmax,25
P04_L010,P04,P04_L010_M008,gamma,0.0
P04_L010,P04,P04_L010_M008,BRTRR,1.2
P04_L010,P04,P04_L010_M008,flanker_width,5.0
P04_L010,P04,P04_L010_M008,flanker_displacement,3.0
P04_L010,P04,P04_L010_M008,probe_displacement_dx,0.4
P04_L010,P04,P04_L010_M008,probe_displacement_dy,0.2
P04_L010,P04,P04_L010_M008,pixel_metre_ratio,0.00023289062499999997
P04_L010,P04,P04_L010_M008,SdeX,0.05
P04_L010,P04,P04_L010_M008,Sdey,0.05
P04_L010,P04,P04_L010_M008,Probe_Height_Deg,0.13343643869556676
P04_L010,P04,P04_L010_M008,Probe_width_Deg,0.013343649840352816
P04_L049,P04,P04_L049_M001,distance_To_Monitor,1.0
P04_L049,P04,P04_L049_M001,win_widthy_Pixel,2560
P04_L049,P04,P04_L049_M001,win_widthx_Pixel,1440
P04_L049,P04,P04_L049_M001,win_widthy_Meter,0.3353
P04_L049,P04,P04_L049_M001,win_widthx_Meter,0.5962
P04_L049,P04,P04_L049_M001,Pixel Per Inch,164
P04_L049,P04,P04_L049_M001,Pixel width (m),0.00023289062499999997
P04_L049,P04,P04_L049_M001,Pixel Pitch (mm),0.155*0.155
P04_L049,P04,P04_L049_M001,bkg_intensity,0.39
P04_L049,P04,P04_L049_M001,max_intensity,1.0
P04_L049,P04,P04_L049_M001,time_Stimulus,250
P04_L049,P04,P04_L049_M001,reversalN,0.0
P04_L049,P04,P04_L049_M001,rateDW,0.5
P04_L049,P04,P04_L049_M001,correctTick,0
P04_L049,P04,P04_L049_M001,count_Reversals,0
P04_L049,P04,P04_L049_M001,probe_LR,0
P04_L049,P04,P04_L049_M001,human_LR,0
P04_L049,P04,P04_L049_M001,posY,0
P04_L049,P04,P04_L049_M001,rateUP,0.5
P04_L049,P04,P04_L049_M001,probe_pos (m),0.0
P04_L049,P04,P04_L049_M001,text,-1
P04_L049,P04,P04_L049_M001,reversePOINT,1
P04_L049,P04,P04_L049_M001,trialPOINT,8
P04_L049,P04,P04_L049_M001,nDW,4
P04_L049,P04,P04_L049_M001,nUP,1
P04_L049,P04,P04_L049_M001,start_weber_Contrast,1.0
P04_L049,P04,P04_L049_M001,number_trials,80
P04_L049,P04,P04_L049_M001,terminationINDEX,9
P04_L049,P04,P04_L049_M001,stepDWUP,0.005
P04_L049,P04,P04_L049_M001,logUNIT_UP,0.36
P04_L049,P04,P04_L049_M001,logUNIT_DW,0.30294
P04_L049,P04,P04_L049_M001,condRule,2
P04_L049,P04,P04_L049_M001,preReversalStepDW,0.36
P04_L049,P04,P04_L049_M001,Reversal_or_Trial,1
P04_L049,P04,P04_L049_M001,limit_Trial_Run,100
P04_L049,P04,P04_L049_M001,max_monitor_cdm2,400
P04_L049,P04,P04_L049_M001,bkg_monitor_cdm2,49
P04_L049,P04,P04_L049_M001,width,374.94805047229414
P04_L049,P04,P04_L049_M001,fs,88.19999999999999
P04_L049,P04,P04_L049_M001,ph,0.0
P04_L049,P04,P04_L049_M001,speed,0.0
P04_L049,P04,P04_L049_M001,contr,0.018
P04_L049,P04,P04_L049_M001,theta,0.0
P04_L049,P04,P04_L049_M001,bg,0.39
P04_L049,P04,P04_L049_M001,box,False
P04_L049,P04,P04_L049_M001,Lbg,25
P04_L049,P04,P04_L049_M001,Lmin,0.0
P04_L049,P04,P04_L049_M001,Lmax,25
P04_L049,P04,P04_L049_M001,gamma,0.0
P04_L049,P04,P04_L049_M001,BRTRR,1.2
P04_L049,P04,P04_L049_M001,flanker_width,5.0
P04_L049,P04,P04_L049_M001,flanker_displacement,3.0
P04_L049,P04,P04_L049_M001,probe_displacement_dx,0.4
P04_L049,P04,P04_L049_M001,probe_displacement_dy,0.2
P04_L049,P04,P04_L049_M001,pixel_metre_ratio,0.00023289062499999997
P04_L049,P04,P04_L049_M001,SdeX,0.05
P04_L049,P04,P04_L049_M001,SdeY,0.05
P04_L049,P04,P04_L049_M001,Probe_Height_Deg,0.13343643869556676
P04_L049,P04,P04_L049_M001,Probe_width_Deg,0.013343649840352816
P04_L049,P04,P04_L049_M002,distance_To_Monitor,1.0
P04_L049,P04,P04_L049_M002,win_widthy_Pixel,2560
P04_L049,P04,P04_L049_M002,win_widthx_Pixel,1440
P04_L049,P04,P04_L049_M002,win_widthy_Meter,0.3353
P04_L049,P04,P04_L049_M002,win_widthx_Meter,0.5962
P04_L049,P04,P04_L049_M002,Pixel Per Inch,164
P04_L049,P04,P04_L049_M002,Pixel width (m),0.00023289062499999997
P04_L049,P04,P04_L049_M002,Pixel Pitch (mm),0.155*0.155
P04_L049,P04,P04_L049_M002,bkg_intensity,0.39
P04_L049,P04,P04_L049_M002,max_intensity,1.0
P04_L049,P04,P04_L049_M002,time_Stimulus,250
P04_L049,P04,P04_L049_M002,reversalN,0.0
P04_L049,P04,P04_L049_M002,rateDW,0.5
P04_L049,P04,P04_L049_M002,correctTick,0
P04_L049,P04,P04_L049_M002,count_Reversals,0
P04_L049,P04,P04_L049_M002,probe_LR,0
P04_L049,P04,P04_L049_M002,human_LR,0
P04_L049,P04,P04_L049_M002,posY,0
P04_L049,P04,P04_L049_M002,rateUP,0.5
P04_L049,P04,P04_L049_M002,probe_pos (m),0.0
P04_L049,P04,P04_L049_M002,text,-1
P04_L049,P04,P04_L049_M002,reversePOINT,1
P04_L049,P04,P04_L049_M002,trialPOINT,8
P04_L049,P04,P04_L049_M002,nDW,4
P04_L049,P04,P04_L049_M002,nUP,1
P04_L049,P04,P04_L049_M002,start_weber_Contrast,1.0
P04_L049,P04,P04_L049_M002,number_trials,80
P04_L049,P04,P04_L049_M002,terminationINDEX,9
P04_L049,P04,P04_L049_M002,stepDWUP,0.005
P04_L049,P04,P04_L049_M002,logUNIT_UP,0.36
P04_L049,P04,P04_L049_M002,logUNIT_DW,0.30294
P04_L049,P04,P04_L049_M002,condRule,2
P04_L049,P04,P04_L049_M002,preReversalStepDW,0.36
P04_L049,P04,P04_L049_M002,Reversal_or_Trial,1
P04_L049,P04,P04_L049_M002,limit_Trial_Run,100
P04_L049,P04,P04_L049_M002,max_monitor_cdm2,400
P04_L049,P04,P04_L049_M002,bkg_monitor_cdm2,49
P04_L049,P04,P04_L049_M002,width,374.94805047229414
P04_L049,P04,P04_L049_M002,fs,88.19999999999999
P04_L049,P04,P04_L049_M002,ph,0.0
P04_L049,P04,P04_L049_M002,speed,0.0
P04_L049,P04,P04_L049_M002,contr,0.018
P04_L049,P04,P04_L049_M002,theta,0.0
P04_L049,P04,P04_L049_M002,bg,0.39
P04_L049,P04,P04_L049_M002,box,False
P04_L049,P04,P04_L049_M002,Lbg,25
P04_L049,P04,P04_L049_M002,Lmin,0.0
P04_L049,P04,P04_L049_M002,Lmax,25
P04_L049,P04,P04_L049_M002,gamma,0.0
P04_L049,P04,P04_L049_M002,BRTRR,1.2
P04_L049,P04,P04_L049_M002,flanker_width,5.0
P04_L049,P04,P04_L049_M002,flanker_displacement,3.0
P04_L049,P04,P04_L049_M002,probe_displacement_dx,0.4
P04_L049,P04,P04_L049_M002,probe_displacement_dy,0.2
P04_L049,P04,P04_L049_M002,pixel_metre_ratio,0.00023289062499999997
P04_L049,P04,P04_L049_M002,SdeX,0.05
P04_L049,P04,P04_L049_M002,SdeY,0.05
P04_L049,P04,P04_L049_M002,Probe_Height_Deg,0.13343643869556676
P04_L049,P04,P04_L049_M002,Probe_width_Deg,0.013343649840352816
P04_L049,P04,P04_L049_M003,distance_To_Monitor,1.0
P04_L049,P04,P04_L049_M003,win_widthy_Pixel,2560
P04_L049,P04,P04_L049_M003,win_widthx_Pixel,1440
P04_L049,P04,P04_L049_M003,win_widthy_Meter,0.3353
P04_L049,P04,P04_L049_M003,win_widthx_Meter,0.5962
P04_L049,P04,P04_L049_M003,Pixel Per Inch,164
P04_L049,P04,P04_L049_M003,Pixel width (m),0.00023289062499999997
P04_L049,P04,P04_L049_M003,Pixel Pitch (mm),0.155*0.155
P04_L049,P04,P04_L049_M003,bkg_intensity,0.39
P04_L049,P04,P04_L049_M003,max_intensity,1.0
P04_L049,P04,P04_L049_M003,time_Stimulus,250
P04_L049,P04,P04_L049_M003,reversalN,0.0
P04_L049,P04,P04_L049_M003,rateDW,0.5
P04_L049,P04,P04_L049_M003,correctTick,0
P04_L049,P04,P04_L049_M003,count_Reversals,0
P04_L049,P04,P04_L049_M003,probe_LR,0
P04_L049,P04,P04_L049_M003,human_LR,0
P04_L049,P04,P04_L049_M003,posY,0
P04_L049,P04,P04_L049_M003,rateUP,0.5
P04_L049,P04,P04_L049_M003,probe_pos (m),0.0
P04_L049,P04,P04_L049_M003,text,-1
P04_L049,P04,P04_L049_M003,reversePOINT,1
P04_L049,P04,P04_L049_M003,trialPOINT,6
P04_L049,P04,P04_L049_M003,nDW,4
P04_L049,P04,P04_L049_M003,nUP,1
P04_L049,P04,P04_L049_M003,start_weber_Contrast,1.0
P04_L049,P04,P04_L049_M003,number_trials,80
P04_L049,P04,P04_L049_M003,terminationINDEX,9
P04_L049,P04,P04_L049_M003,stepDWUP,0.005
P04_L049,P04,P04_L049_M003,logUNIT_UP,0.36
P04_L049,P04,P04_L049_M003,logUNIT_DW,0.30294
P04_L049,P04,P04_L049_M003,condRule,2
P04_L049,P04,P04_L049_M003,preReversalStepDW,0.36
P04_L049,P04,P04_L049_M003,Reversal_or_Trial,1
P04_L049,P04,P04_L049_M003,limit_Trial_Run,100
P04_L049,P04,P04_L049_M003,max_monitor_cdm2,400
P04_L049,P04,P04_L049_M003,bkg_monitor_cdm2,49
P04_L049,P04,P04_L049_M003,width,374.94805047229414
P04_L049,P04,P04_L049_M003,fs,88.19999999999999
P04_L049,P04,P04_L049_M003,ph,0.0
P04_L049,P04,P04_L049_M003,speed,0.0
P04_L049,P04,P04_L049_M003,contr,0.018
P04_L049,P04,P04_L049_M003,theta,0.0
P04_L049,P04,P04_L049_M003,bg,0.39
P04_L049,P04,P04_L049_M003,box,False
P04_L049,P04,P04_L049_M003,Lbg,25
P04_L049,P04,P04_L049_M003,Lmin,0.0
P04_L049,P04,P04_L049_M003,Lmax,25
P04_L049,P04,P04_L049_M003,gamma,0.0
P04_L049,P04,P04_L049_M003,BRTRR,1.2
P04_L049,P04,P04_L049_M003,flanker_width,5.0
P04_L049,P04,P04_L049_M003,flanker_displacement,3.0
P04_L049,P04,P04_L049_M003,probe_displacement_dx,0.4
P04_L049,P04,P04_L049_M003,probe_displacement_dy,0.2
P04_L049,P04,P04_L049_M003,pixel_metre_ratio,0.00023289062499999997
P04_L049,P04,P04_L049_M003,SdeX,0.05
P04_L049,P04,P04_L049_M003,SdeY,0.05
P04_L049,P04,P04_L049_M003,Probe_Height_Deg,0.13343643869556676
P04_L049,P04,P04_L049_M003,Probe_width_Deg,0.013343649840352816
P04_L049,P04,P04_L049_M004,distance_To_Monitor,1.0
P04_L049,P04,P04_L049_M004,win_widthy_Pixel,2560
P04_L049,P04,P04_L049_M004,win_widthx_Pixel,1440
P04_L049,P04,P04_L049_M004,win_widthy_Meter,0.3353
P04_L049,P04,P04_L049_M004,win_widthx_Meter,0.5962
P04_L049,P04,P04_L049_M004,Pixel Per Inch,164
P04_L049,P04,P04_L049_M004,Pixel width (m),0.00023289062499999997
P04_L049,P04,P04_L049_M004,Pixel Pitch (mm),0.155*0.155
P04_L049,P04,P04_L049_M004,bkg_intensity,0.39
P04_L049,P04,P04_L049_M004,max_intensity,1.0
P04_L049,P04,P04_L049_M004,time_Stimulus,250
P04_L049,P04,P04_L049_M004,reversalN,0.0
P04_L049,P04,P04_L049_M004,rateDW,0.5
P04_L049,P04,P04_L049_M004,correctTick,0
P04_L049,P04,P04_L049_M004,count_Reversals,0
P04_L049,P04,P04_L049_M004,probe_LR,0
P04_L049,P04,P04_L049_M004,human_LR,0
P04_L049,P04,P04_L049_M004,posY,0
P04_L049,P04,P04_L049_M004,rateUP,0.5
P04_L049,P04,P04_L049_M004,probe_pos (m),0.0
P04_L049,P04,P04_L049_M004,text,-1
P04_L049,P04,P04_L049_M004,reversePOINT,1
P04_L049,P04,P04_L049_M004,trialPOINT,8
P04_L049,P04,P04_L049_M004,nDW,4
P04_L049,P04,P04_L049_M004,nUP,1
P04_L049,P04,P04_L049_M004,start_weber_Contrast,1.0
P04_L049,P04,P04_L049_M004,number_trials,80
P04_L049,P04,P04_L049_M004,terminationINDEX,9
P04_L049,P04,P04_L049_M004,stepDWUP,0.005
P04_L049,P04,P04_L049_M004,logUNIT_UP,0.36
P04_L049,P04,P04_L049_M004,logUNIT_DW,0.30294
P04_L049,P04,P04_L049_M004,condRule,2
P04_L049,P04,P04_L049_M004,preReversalStepDW,0.36
P04_L049,P04,P04_L049_M004,Reversal_or_Trial,1
P04_L049,P04,P04_L049_M004,limit_Trial_Run,100
P04_L049,P04,P04_L049_M004,max_monitor_cdm2,400
P04_L049,P04,P04_L049_M004,bkg_monitor_cdm2,49
P04_L049,P04,P04_L049_M004,width,374.94805047229414
P04_L049,P04,P04_L049_M004,fs,88.19999999999999
P04_L049,P04,P04_L049_M004,ph,0.0
P04_L049,P04,P04_L049_M004,speed,0.0
P04_L049,P04,P04_L049_M004,contr,0.018
P04_L049,P04,P04_L049_M004,theta,0.0
P04_L049,P04,P04_L049_M004,bg,0.39
P04_L049,P04,P04_L049_M004,box,False
P04_L049,P04,P04_L049_M004,Lbg,25
P04_L049,P04,P04_L049_M004,Lmin,0.0
P04_L049,P04,P04_L049_M004,Lmax,25
P04_L049,P04,P04_L049_M004,gamma,0.0
P04_L049,P04,P04_L049_M004,BRTRR,1.2
P04_L049,P04,P04_L049_M004,flanker_width,5.0
P04_L049,P04,P04_L049_M004,flanker_displacement,3.0
P04_L049,P04,P04_L049_M004,probe_displacement_dx,0.4
P04_L049,P04,P04_L049_M004,probe_displacement_dy,0.2
P04_L049,P04,P04_L049_M004,pixel_metre_ratio,0.00023289062499999997
P04_L049,P04,P04_L049_M004,SdeX,0.05
P04_L049,P04,P04_L049_M004,SdeY,0.05
P04_L049,P04,P04_L049_M004,Probe_Height_Deg,0.13343643869556676
P04_L049,P04,P04_L049_M004,Probe_width_Deg,0.013343649840352816
P04_L049,P04,P04_L049_M005,distance_To_Monitor,1.0
P04_L049,P04,P04_L049_M005,win_widthy_Pixel,2560
P04_L049,P04,P04_L049_M005,win_widthx_Pixel,1440
P04_L049,P04,P04_L049_M005,win_widthy_Meter,0.3353
P04_L049,P04,P04_L049_M005,win_widthx_Meter,0.5962
P04_L049,P04,P04_L049_M005,Pixel Per Inch,164
P04_L049,P04,P04_L049_M005,Pixel width (m),0.00023289062499999997
P04_L049,P04,P04_L049_M005,Pixel Pitch (mm),0.155*0.155
P04_L049,P04,P04_L049_M005,bkg_intensity,0.39
P04_L049,P04,P04_L049_M005,max_intensity,1.0
P04_L049,P04,P04_L049_M005,time_Stimulus,250
P04_L049,P04,P04_L049_M005,reversalN,0.0
P04_L049,P04,P04_L049_M005,rateDW,0.5
P04_L049,P04,P04_L049_M005,correctTick,0
P04_L049,P04,P04_L049_M005,count_Reversals,0
P04_L049,P04,P04_L049_M005,probe_LR,0
P04_L049,P04,P04_L049_M005,human_LR,0
P04_L049,P04,P04_L049_M005,posY,0
P04_L049,P04,P04_L049_M005,rateUP,0.5
P04_L049,P04,P04_L049_M005,probe_pos (m),0.0
P04_L049,P04,P04_L049_M005,text,-1
P04_L049,P04,P04_L049_M005,reversePOINT,1
P04_L049,P04,P04_L049_M005,trialPOINT,8
P04_L049,P04,P04_L049_M005,nDW,4
P04_L049,P04,P04_L049_M005,nUP,1
P04_L049,P04,P04_L049_M005,start_weber_Contrast,1.0
P04_L049,P04,P04_L049_M005,number_trials,80
P04_L049,P04,P04_L049_M005,terminationINDEX,9
P04_L049,P04,P04_L049_M005,stepDWUP,0.005
P04_L049,P04,P04_L049_M005,logUNIT_UP,0.36
P04_L049,P04,P04_L049_M005,logUNIT_DW,0.30294
P04_L049,P04,P04_L049_M005,condRule,2
P04_L049,P04,P04_L049_M005,preReversalStepDW,0.36
P04_L049,P04,P04_L049_M005,Reversal_or_Trial,1
P04_L049,P04,P04_L049_M005,limit_Trial_Run,100
P04_L049,P04,P04_L049_M005,max_monitor_cdm2,400
P04_L049,P04,P04_L049_M005,bkg_monitor_cdm2,49
P04_L049,P04,P04_L049_M005,width,374.94805047229414
P04_L049,P04,P04_L049_M005,fs,88.19999999999999
P04_L049,P04,P04_L049_M005,ph,0.0
P04_L049,P04,P04_L049_M005,speed,0.0
P04_L049,P04,P04_L049_M005,contr,0.018
P04_L049,P04,P04_L049_M005,theta,0.0
P04_L049,P04,P04_L049_M005,bg,0.39
P04_L049,P04,P04_L049_M005,box,False
P04_L049,P04,P04_L049_M005,Lbg,25
P04_L049,P04,P04_L049_M005,Lmin,0.0
P04_L049,P04,P04_L049_M005,Lmax,25
P04_L049,P04,P04_L049_M005,gamma,0.0
P04_L049,P04,P04_L049_M005,BRTRR,1.2
P04_L049,P04,P04_L049_M005,flanker_width,5.0
P04_L049,P04,P04_L049_M005,flanker_displacement,3.0
P04_L049,P04,P04_L049_M005,probe_displacement_dx,0.4
P04_L049,P04,P04_L049_M005,probe_displacement_dy,0.2
P04_L049,P04,P04_L049_M005,pixel_metre_ratio,0.00023289062499999997
P04_L049,P04,P04_L049_M005,SdeX,0.05
P04_L049,P04,P04_L049_M005,SdeY,0.05
P04_L049,P04,P04_L049_M005,Probe_Height_Deg,0.13343643869556676
P04_L049,P04,P04_L049_M005,Probe_width_Deg,0.013343649840352816
P04_L049,P04,P04_L049_M006,distance_To_Monitor,1.0
P04_L049,P04,P04_L049_M006,win_widthy_Pixel,2560
P04_L049,P04,P04_L049_M006,win_widthx_Pixel,1440
P04_L049,P04,P04_L049_M006,win_widthy_Meter,0.3353
P04_L049,P04,P04_L049_M006,win_widthx_Meter,0.5962
P04_L049,P04,P04_L049_M006,Pixel Per Inch,164
P04_L049,P04,P04_L049_M006,Pixel width (m),0.00023289062499999997
P04_L049,P04,P04_L049_M006,Pixel Pitch (mm),0.155*0.155
P04_L049,P04,P04_L049_M006,bkg_intensity,0.39
P04_L049,P04,P04_L049_M006,max_intensity,1.0
P04_L049,P04,P04_L049_M006,time_Stimulus,250
P04_L049,P04,P04_L049_M006,reversalN,0.0
P04_L049,P04,P04_L049_M006,rateDW,0.5
P04_L049,P04,P04_L049_M006,correctTick,0
P04_L049,P04,P04_L049_M006,count_Reversals,0
P04_L049,P04,P04_L049_M006,probe_LR,0
P04_L049,P04,P04_L049_M006,human_LR,0
P04_L049,P04,P04_L049_M006,posY,0
P04_L049,P04,P04_L049_M006,rateUP,0.5
P04_L049,P04,P04_L049_M006,probe_pos (m),0.0
P04_L049,P04,P04_L049_M006,text,-1
P04_L049,P04,P04_L049_M006,reversePOINT,1
P04_L049,P04,P04_L049_M006,trialPOINT,8
P04_L049,P04,P04_L049_M006,nDW,4
P04_L049,P04,P04_L049_M006,nUP,1
P04_L049,P04,P04_L049_M006,start_weber_Contrast,1.0
P04_L049,P04,P04_L049_M006,number_trials,80
P04_L049,P04,P04_L049_M006,terminationINDEX,9
P04_L049,P04,P04_L049_M006,stepDWUP,0.005
P04_L049,P04,P04_L049_M006,logUNIT_UP,0.36
P04_L049,P04,P04_L049_M006,logUNIT_DW,0.30294
P04_L049,P04,P04_L049_M006,condRule,2
P04_L049,P04,P04_L049_M006,preReversalStepDW,0.36
P04_L049,P04,P04_L049_M006,Reversal_or_Trial,1
P04_L049,P04,P04_L049_M006,limit_Trial_Run,100
P04_L049,P04,P04_L049_M006,max_monitor_cdm2,400
P04_L049,P04,P04_L049_M006,bkg_monitor_cdm2,49
P04_L049,P04,P04_L049_M006,width,374.94805047229414
P04_L049,P04,P04_L049_M006,fs,88.19999999999999
P04_L049,P04,P04_L049_M006,ph,0.0
P04_L049,P04,P04_L049_M006,speed,0.0
P04_L049,P04,P04_L049_M006,contr,0.018
P04_L049,P04,P04_L049_M006,theta,0.0
P04_L049,P04,P04_L049_M006,bg,0.39
P04_L049,P04,P04_L049_M006,box,False
P04_L049,P04,P04_L049_M006,Lbg,25
P04_L049,P04,P04_L049_M006,Lmin,0.0
P04_L049,P04,P04_L049_M006,Lmax,25
P04_L049,P04,P04_L049_M006,gamma,0.0
P04_L049,P04,P04_L049_M006,BRTRR,1.2
P04_L049,P04,P04_L049_M006,flanker_width,5.0
P04_L049,P04,P04_L049_M006,flanker_displacement,3.0
P04_L049,P04,P04_L049_M006,probe_displacement_dx,0.4
P04_L049,P04,P04_L049_M006,probe_displacement_dy,0.2
P04_L049,P04,P04_L049_M006,pixel_metre_ratio,0.00023289062499999997
P04_L049,P04,P04_L049_M006,SdeX,0.05
P04_L049,P04,P04_L049_M006,SdeY,0.05
P04_L049,P04,P04_L049_M006,Probe_Height_Deg,0.13343643869556676
P04_L049,P04,P04_L049_M006,Probe_width_Deg,0.013343649840352816
P04_L049,P04,P04_L049_M007,distance_To_Monitor,1.0
P04_L049,P04,P04_L049_M007,win_widthy_Pixel,2560
P04_L049,P04,P04_L049_M007,win_widthx_Pixel,1440
P04_L049,P04,P04_L049_M007,win_widthy_Meter,0.3353
P04_L049,P04,P04_L049_M007,win_widthx_Meter,0.5962
P04_L049,P04,P04_L049_M007,Pixel Per Inch,164
P04_L049,P04,P04_L049_M007,Pixel width (m),0.00023289062499999997
P04_L049,P04,P04_L049_M007,Pixel Pitch (mm),0.155*0.155
P04_L049,P04,P04_L049_M007,bkg_intensity,0.39
P04_L049,P04,P04_L049_M007,max_intensity,1.0
P04_L049,P04,P04_L049_M007,time_Stimulus,250
P04_L049,P04,P04_L049_M007,reversalN,0.0
P04_L049,P04,P04_L049_M007,rateDW,0.5
P04_L049,P04,P04_L049_M007,correctTick,0
P04_L049,P04,P04_L049_M007,count_Reversals,0
P04_L049,P04,P04_L049_M007,probe_LR,0
P04_L049,P04,P04_L049_M007,human_LR,0
P04_L049,P04,P04_L049_M007,posY,0
P04_L049,P04,P04_L049_M007,rateUP,0.5
P04_L049,P04,P04_L049_M007,probe_pos (m),0.0
P04_L049,P04,P04_L049_M007,text,-1
P04_L049,P04,P04_L049_M007,reversePOINT,1
P04_L049,P04,P04_L049_M007,trialPOINT,8
P04_L049,P04,P04_L049_M007,nDW,4
P04_L049,P04,P04_L049_M007,nUP,1
P04_L049,P04,P04_L049_M007,start_weber_Contrast,1.0
P04_L049,P04,P04_L049_M007,number_trials,80
P04_L049,P04,P04_L049_M007,terminationINDEX,9
P04_L049,P04,P04_L049_M007,stepDWUP,0.005
P04_L049,P04,P04_L049_M007,logUNIT_UP,0.36
P04_L049,P04,P04_L049_M007,logUNIT_DW,0.30294
P04_L049,P04,P04_L049_M007,condRule,2
P04_L049,P04,P04_L049_M007,preReversalStepDW,0.36
P04_L049,P04,P04_L049_M007,Reversal_or_Trial,1
P04_L049,P04,P04_L049_M007,limit_Trial_Run,100
P04_L049,P04,P04_L049_M007,max_monitor_cdm2,400
P04_L049,P04,P04_L049_M007,bkg_monitor_cdm2,49
P04_L049,P04,P04_L049_M007,width,374.94805047229414
P04_L049,P04,P04_L049_M007,fs,88.19999999999999
P04_L049,P04,P04_L049_M007,ph,0.0
P04_L049,P04,P04_L049_M007,speed,0.0
P04_L049,P04,P04_L049_M007,contr,0.018
P04_L049,P04,P04_L049_M007,theta,0.0
P04_L049,P04,P04_L049_M007,bg,0.39
P04_L049,P04,P04_L049_M007,box,False
P04_L049,P04,P04_L049_M007,Lbg,25
P04_L049,P04,P04_L049_M007,Lmin,0.0
P04_L049,P04,P04_L049_M007,Lmax,25
P04_L049,P04,P04_L049_M007,gamma,0.0
P04_L049,P04,P04_L049_M007,BRTRR,1.2
P04_L049,P04,P04_L049_M007,flanker_width,5.0
P04_L049,P04,P04_L049_M007,flanker_displacement,3.0
P04_L049,P04,P04_L049_M007,probe_displacement_dx,0.4
P04_L049,P04,P04_L049_M007,probe_displacement_dy,0.2
P04_L049,P04,P04_L049_M007,pixel_metre_ratio,0.00023289062499999997
P04_L049,P04,P04_L049_M007,SdeX,0.05
P04_L049,P04,P04_L049_M007,SdeY,0.05
P04_L049,P04,P04_L049_M007,Probe_Height_Deg,0.13343643869556676
P04_L049,P04,P04_L049_M007,Probe_width_Deg,0.013343649840352816
P04_L049,P04,P04_L049_M008,distance_To_Monitor,1.0
P04_L049,P04,P04_L049_M008,win_widthy_Pixel,2560
P04_L049,P04,P04_L049_M008,win_widthx_Pixel,1440
P04_L049,P04,P04_L049_M008,win_widthy_Meter,0.3353
P04_L049,P04,P04_L049_M008,win_widthx_Meter,0.5962
P04_L049,P04,P04_L049_M008,Pixel Per Inch,164
P04_L049,P04,P04_L049_M008,Pixel width (m),0.00023289062499999997
P04_L049,P04,P04_L049_M008,Pixel Pitch (mm),0.155*0.155
P04_L049,P04,P04_L049_M008,bkg_intensity,0.39
P04_L049,P04,P04_L049_M008,max_intensity,1.0
P04_L049,P04,P04_L049_M008,time_Stimulus,250
P04_L049,P04,P04_L049_M008,reversalN,0.0
P04_L049,P04,P04_L049_M008,rateDW,0.5
P04_L049,P04,P04_L049_M008,correctTick,0
P04_L049,P04,P04_L049_M008,count_Reversals,0
P04_L049,P04,P04_L049_M008,probe_LR,0
P04_L049,P04,P04_L049_M008,human_LR,0
P04_L049,P04,P04_L049_M008,posY,0
P04_L049,P04,P04_L049_M008,rateUP,0.5
P04_L049,P04,P04_L049_M008,probe_pos (m),0.0
P04_L049,P04,P04_L049_M008,text,-1
P04_L049,P04,P04_L049_M008,reversePOINT,1
P04_L049,P04,P04_L049_M008,trialPOINT,8
P04_L049,P04,P04_L049_M008,nDW,4
P04_L049,P04,P04_L049_M008,nUP,1
P04_L049,P04,P04_L049_M008,start_weber_Contrast,1.0
P04_L049,P04,P04_L049_M008,number_trials,80
P04_L049,P04,P04_L049_M008,terminationINDEX,9
P04_L049,P04,P04_L049_M008,stepDWUP,0.005
P04_L049,P04,P04_L049_M008,logUNIT_UP,0.36
P04_L049,P04,P04_L049_M008,logUNIT_DW,0.30294
P04_L049,P04,P04_L049_M008,condRule,2
P04_L049,P04,P04_L049_M008,preReversalStepDW,0.36
P04_L049,P04,P04_L049_M008,Reversal_or_Trial,1
P04_L049,P04,P04_L049_M008,limit_Trial_Run,100
P04_L049,P04,P04_L049_M008,max_monitor_cdm2,400
P04_L049,P04,P04_L049_M008,bkg_monitor_cdm2,49
P04_L049,P04,P04_L049_M008,width,374.94805047229414
P04_L049,P04,P04_L049_M008,fs,88.19999999999999
P04_L049,P04,P04_L049_M008,ph,0.0
P04_L049,P04,P04_L049_M008,speed,0.0
P04_L049,P04,P04_L049_M008,contr,0.018
P04_L049,P04,P04_L049_M008,theta,0.0
P04_L049,P04,P04_L049_M008,bg,0.39
P04_L049,P04,P04_L049_M008,box,False
P04_L049,P04,P04_L049_M008,Lbg,25
P04_L049,P04,P04_L049_M008,Lmin,0.0
P04_L049,P04,P04_L049_M008,Lmax,25
P04_L049,P04,P04_L049_M008,gamma,0.0
P04_L049,P04,P04_L049_M008,BRTRR,1.2
P04_L049,P04,P04_L049_M008,flanker_width,5.0
P04_L049,P04,P04_L049_M008,flanker_displacement,3.0
P04_L049,P04,P04_L049_M008,probe_displacement_dx,0.4
P04_L049,P04,P04_L049_M008,probe_displacement_dy,0.2
P04_L049,P04,P04_L049_M008,pixel_metre_ratio,0.00023289062499999997
P04_L049,P04,P04_L049_M008,SdeX,0.05
P04_L049,P04,P04_L049_M008,SdeY,0.05
P04_L049,P04,P04_L049_M008,Probe_Height_Deg,0.13343643869556676
P04_L049,P04,P04_L049_M008,Probe_width_Deg,0.013343649840352816
P04_L100,P04,P04_L100_M001,distance_To_Monitor,1.0
P04_L100,P04,P04_L100_M001,win_widthy_Pixel,2560
P04_L100,P04,P04_L100_M001,win_widthx_Pixel,1440
P04_L100,P04,P04_L100_M001,win_widthy_Meter,0.3353
P04_L100,P04,P04_L100_M001,win_widthx_Meter,0.5962
P04_L100,P04,P04_L100_M001,Pixel Per Inch,164
P04_L100,P04,P04_L100_M001,Pixel width (m),0.00023289062499999997
P04_L100,P04,P04_L100_M001,Pixel Pitch (mm),0.155*0.155
P04_L100,P04,P04_L100_M001,bkg_intensity,0.54
P04_L100,P04,P04_L100_M001,max_intensity,1.0
P04_L100,P04,P04_L100_M001,time_Stimulus,250
P04_L100,P04,P04_L100_M001,reversalN,0.0
P04_L100,P04,P04_L100_M001,rateDW,0.5
P04_L100,P04,P04_L100_M001,correctTick,0
P04_L100,P04,P04_L100_M001,count_Reversals,0
P04_L100,P04,P04_L100_M001,probe_LR,0
P04_L100,P04,P04_L100_M001,human_LR,0
P04_L100,P04,P04_L100_M001,posY,0
P04_L100,P04,P04_L100_M001,rateUP,0.5
P04_L100,P04,P04_L100_M001,probe_pos (m),0.0
P04_L100,P04,P04_L100_M001,text,-1
P04_L100,P04,P04_L100_M001,reversePOINT,1
P04_L100,P04,P04_L100_M001,trialPOINT,8
P04_L100,P04,P04_L100_M001,nDW,4
P04_L100,P04,P04_L100_M001,nUP,1
P04_L100,P04,P04_L100_M001,start_weber_Contrast,1.0
P04_L100,P04,P04_L100_M001,number_trials,80
P04_L100,P04,P04_L100_M001,terminationINDEX,9
P04_L100,P04,P04_L100_M001,stepDWUP,0.005
P04_L100,P04,P04_L100_M001,logUNIT_UP,0.36
P04_L100,P04,P04_L100_M001,logUNIT_DW,0.30294
P04_L100,P04,P04_L100_M001,condRule,2
P04_L100,P04,P04_L100_M001,preReversalStepDW,0.36
P04_L100,P04,P04_L100_M001,Reversal_or_Trial,1
P04_L100,P04,P04_L100_M001,limit_Trial_Run,100
P04_L100,P04,P04_L100_M001,max_monitor_cdm2,400
P04_L100,P04,P04_L100_M001,bkg_monitor_cdm2,100
P04_L100,P04,P04_L100_M001,width,374.94805047229414
P04_L100,P04,P04_L100_M001,fs,88.19999999999999
P04_L100,P04,P04_L100_M001,ph,0.0
P04_L100,P04,P04_L100_M001,speed,0.0
P04_L100,P04,P04_L100_M001,contr,0.018
P04_L100,P04,P04_L100_M001,theta,0.0
P04_L100,P04,P04_L100_M001,bg,0.54
P04_L100,P04,P04_L100_M001,box,False
P04_L100,P04,P04_L100_M001,Lbg,25
P04_L100,P04,P04_L100_M001,Lmin,0.0
P04_L100,P04,P04_L100_M001,Lmax,25
P04_L100,P04,P04_L100_M001,gamma,0.0
P04_L100,P04,P04_L100_M001,BRTRR,1.2
P04_L100,P04,P04_L100_M001,flanker_width,5.0
P04_L100,P04,P04_L100_M001,flanker_displacement,3.0
P04_L100,P04,P04_L100_M001,probe_displacement_dx,0.4
P04_L100,P04,P04_L100_M001,probe_displacement_dy,0.2
P04_L100,P04,P04_L100_M001,pixel_metre_ratio,0.00023289062499999997
P04_L100,P04,P04_L100_M001,SdeX,0.05
P04_L100,P04,P04_L100_M001,SdeY,0.05
P04_L100,P04,P04_L100_M001,Probe_Height_Deg,0.13343643869556676
P04_L100,P04,P04_L100_M001,Probe_width_Deg,0.013343649840352816
P04_L100,P04,P04_L100_M002,distance_To_Monitor,1.0
P04_L100,P04,P04_L100_M002,win_widthy_Pixel,2560
P04_L100,P04,P04_L100_M002,win_widthx_Pixel,1440
P04_L100,P04,P04_L100_M002,win_widthy_Meter,0.3353
P04_L100,P04,P04_L100_M002,win_widthx_Meter,0.5962
P04_L100,P04,P04_L100_M002,Pixel Per Inch,164
P04_L100,P04,P04_L100_M002,Pixel width (m),0.00023289062499999997
P04_L100,P04,P04_L100_M002,Pixel Pitch (mm),0.155*0.155
P04_L100,P04,P04_L100_M002,bkg_intensity,0.54
P04_L100,P04,P04_L100_M002,max_intensity,1.0
P04_L100,P04,P04_L100_M002,time_Stimulus,250
P04_L100,P04,P04_L100_M002,reversalN,0.0
P04_L100,P04,P04_L100_M002,rateDW,0.5
P04_L100,P04,P04_L100_M002,correctTick,0
P04_L100,P04,P04_L100_M002,count_Reversals,0
P04_L100,P04,P04_L100_M002,probe_LR,0
P04_L100,P04,P04_L100_M002,human_LR,0
P04_L100,P04,P04_L100_M002,posY,0
P04_L100,P04,P04_L100_M002,rateUP,0.5
P04_L100,P04,P04_L100_M002,probe_pos (m),0.0
P04_L100,P04,P04_L100_M002,text,-1
P04_L100,P04,P04_L100_M002,reversePOINT,1
P04_L100,P04,P04_L100_M002,trialPOINT,8
P04_L100,P04,P04_L100_M002,nDW,4
P04_L100,P04,P04_L100_M002,nUP,1
P04_L100,P04,P04_L100_M002,start_weber_Contrast,1.0
P04_L100,P04,P04_L100_M002,number_trials,80
P04_L100,P04,P04_L100_M002,terminationINDEX,9
P04_L100,P04,P04_L100_M002,stepDWUP,0.005
P04_L100,P04,P04_L100_M002,logUNIT_UP,0.36
P04_L100,P04,P04_L100_M002,logUNIT_DW,0.30294
P04_L100,P04,P04_L100_M002,condRule,2
P04_L100,P04,P04_L100_M002,preReversalStepDW,0.36
P04_L100,P04,P04_L100_M002,Reversal_or_Trial,1
P04_L100,P04,P04_L100_M002,limit_Trial_Run,100
P04_L100,P04,P04_L100_M002,max_monitor_cdm2,400
P04_L100,P04,P04_L100_M002,bkg_monitor_cdm2,100
P04_L100,P04,P04_L100_M002,width,374.94805047229414
P04_L100,P04,P04_L100_M002,fs,88.19999999999999
P04_L100,P04,P04_L100_M002,ph,0.0
P04_L100,P04,P04_L100_M002,speed,0.0
P04_L100,P04,P04_L100_M002,contr,0.018
P04_L100,P04,P04_L100_M002,theta,0.0
P04_L100,P04,P04_L100_M002,bg,0.54
P04_L100,P04,P04_L100_M002,box,False
P04_L100,P04,P04_L100_M002,Lbg,25
P04_L100,P04,P04_L100_M002,Lmin,0.0
P04_L100,P04,P04_L100_M002,Lmax,25
P04_L100,P04,P04_L100_M002,gamma,0.0
P04_L100,P04,P04_L100_M002,BRTRR,1.2
P04_L100,P04,P04_L100_M002,flanker_width,5.0
P04_L100,P04,P04_L100_M002,flanker_displacement,3.0
P04_L100,P04,P04_L100_M002,probe_displacement_dx,0.4
P04_L100,P04,P04_L100_M002,probe_displacement_dy,0.2
P04_L100,P04,P04_L100_M002,pixel_metre_ratio,0.00023289062499999997
P04_L100,P04,P04_L100_M002,SdeX,0.05
P04_L100,P04,P04_L100_M002,SdeY,0.05
P04_L100,P04,P04_L100_M002,Probe_Height_Deg,0.13343643869556676
P04_L100,P04,P04_L100_M002,Probe_width_Deg,0.013343649840352816
P04_L100,P04,P04_L100_M003,distance_To_Monitor,1.0
P04_L100,P04,P04_L100_M003,win_widthy_Pixel,2560
P04_L100,P04,P04_L100_M003,win_widthx_Pixel,1440
P04_L100,P04,P04_L100_M003,win_widthy_Meter,0.3353
P04_L100,P04,P04_L100_M003,win_widthx_Meter,0.5962
P04_L100,P04,P04_L100_M003,Pixel Per Inch,164
P04_L100,P04,P04_L100_M003,Pixel width (m),0.00023289062499999997
P04_L100,P04,P04_L100_M003,Pixel Pitch (mm),0.155*0.155
P04_L100,P04,P04_L100_M003,bkg_intensity,0.54
P04_L100,P04,P04_L100_M003,max_intensity,1.0
P04_L100,P04,P04_L100_M003,time_Stimulus,250
P04_L100,P04,P04_L100_M003,reversalN,0.0
P04_L100,P04,P04_L100_M003,rateDW,0.5
P04_L100,P04,P04_L100_M003,correctTick,0
P04_L100,P04,P04_L100_M003,count_Reversals,0
P04_L100,P04,P04_L100_M003,probe_LR,0
P04_L100,P04,P04_L100_M003,human_LR,0
P04_L100,P04,P04_L100_M003,posY,0
P04_L100,P04,P04_L100_M003,rateUP,0.5
P04_L100,P04,P04_L100_M003,probe_pos (m),0.0
P04_L100,P04,P04_L100_M003,text,-1
P04_L100,P04,P04_L100_M003,reversePOINT,1
P04_L100,P04,P04_L100_M003,trialPOINT,8
P04_L100,P04,P04_L100_M003,nDW,4
P04_L100,P04,P04_L100_M003,nUP,1
P04_L100,P04,P04_L100_M003,start_weber_Contrast,1.0
P04_L100,P04,P04_L100_M003,number_trials,80
P04_L100,P04,P04_L100_M003,terminationINDEX,9
P04_L100,P04,P04_L100_M003,stepDWUP,0.005
P04_L100,P04,P04_L100_M003,logUNIT_UP,0.36
P04_L100,P04,P04_L100_M003,logUNIT_DW,0.30294
P04_L100,P04,P04_L100_M003,condRule,2
P04_L100,P04,P04_L100_M003,preReversalStepDW,0.36
P04_L100,P04,P04_L100_M003,Reversal_or_Trial,1
P04_L100,P04,P04_L100_M003,limit_Trial_Run,100
P04_L100,P04,P04_L100_M003,max_monitor_cdm2,400
P04_L100,P04,P04_L100_M003,bkg_monitor_cdm2,100
P04_L100,P04,P04_L100_M003,width,374.94805047229414
P04_L100,P04,P04_L100_M003,fs,88.19999999999999
P04_L100,P04,P04_L100_M003,ph,0.0
P04_L100,P04,P04_L100_M003,speed,0.0
P04_L100,P04,P04_L100_M003,contr,0.018
P04_L100,P04,P04_L100_M003,theta,0.0
P04_L100,P04,P04_L100_M003,bg,0.54
P04_L100,P04,P04_L100_M003,box,False
P04_L100,P04,P04_L100_M003,Lbg,25
P04_L100,P04,P04_L100_M003,Lmin,0.0
P04_L100,P04,P04_L100_M003,Lmax,25
P04_L100,P04,P04_L100_M003,gamma,0.0
P04_L100,P04,P04_L100_M003,BRTRR,1.2
P04_L100,P04,P04_L100_M003,flanker_width,5.0
P04_L100,P04,P04_L100_M003,flanker_displacement,3.0
P04_L100,P04,P04_L100_M003,probe_displacement_dx,0.4
P04_L100,P04,P04_L100_M003,probe_displacement_dy,0.2
P04_L100,P04,P04_L100_M003,pixel_metre_ratio,0.00023289062499999997
P04_L100,P04,P04_L100_M003,SdeX,0.05
P04_L100,P04,P04_L100_M003,SdeY,0.05
P04_L100,P04,P04_L100_M003,Probe_Height_Deg,0.13343643869556676
P04_L100,P04,P04_L100_M003,Probe_width_Deg,0.013343649840352816
P04_L100,P04,P04_L100_M004,distance_To_Monitor,1.0
P04_L100,P04,P04_L100_M004,win_widthy_Pixel,2560
P04_L100,P04,P04_L100_M004,win_widthx_Pixel,1440
P04_L100,P04,P04_L100_M004,win_widthy_Meter,0.3353
P04_L100,P04,P04_L100_M004,win_widthx_Meter,0.5962
P04_L100,P04,P04_L100_M004,Pixel Per Inch,164
P04_L100,P04,P04_L100_M004,Pixel width (m),0.00023289062499999997
P04_L100,P04,P04_L100_M004,Pixel Pitch (mm),0.155*0.155
P04_L100,P04,P04_L100_M004,bkg_intensity,0.54
P04_L100,P04,P04_L100_M004,max_intensity,1.0
P04_L100,P04,P04_L100_M004,time_Stimulus,250
P04_L100,P04,P04_L100_M004,reversalN,0.0
P04_L100,P04,P04_L100_M004,rateDW,0.5
P04_L100,P04,P04_L100_M004,correctTick,0
P04_L100,P04,P04_L100_M004,count_Reversals,0
P04_L100,P04,P04_L100_M004,probe_LR,0
P04_L100,P04,P04_L100_M004,human_LR,0
P04_L100,P04,P04_L100_M004,posY,0
P04_L100,P04,P04_L100_M004,rateUP,0.5
P04_L100,P04,P04_L100_M004,probe_pos (m),0.0
P04_L100,P04,P04_L100_M004,text,-1
P04_L100,P04,P04_L100_M004,reversePOINT,1
P04_L100,P04,P04_L100_M004,trialPOINT,8
P04_L100,P04,P04_L100_M004,nDW,4
P04_L100,P04,P04_L100_M004,nUP,1
P04_L100,P04,P04_L100_M004,start_weber_Contrast,1.0
P04_L100,P04,P04_L100_M004,number_trials,80
P04_L100,P04,P04_L100_M004,terminationINDEX,9
P04_L100,P04,P04_L100_M004,stepDWUP,0.005
P04_L100,P04,P04_L100_M004,logUNIT_UP,0.36
P04_L100,P04,P04_L100_M004,logUNIT_DW,0.30294
P04_L100,P04,P04_L100_M004,condRule,2
P04_L100,P04,P04_L100_M004,preReversalStepDW,0.36
P04_L100,P04,P04_L100_M004,Reversal_or_Trial,1
P04_L100,P04,P04_L100_M004,limit_Trial_Run,100
P04_L100,P04,P04_L100_M004,max_monitor_cdm2,400
P04_L100,P04,P04_L100_M004,bkg_monitor_cdm2,100
P04_L100,P04,P04_L100_M004,width,374.94805047229414
P04_L100,P04,P04_L100_M004,fs,88.19999999999999
P04_L100,P04,P04_L100_M004,ph,0.0
P04_L100,P04,P04_L100_M004,speed,0.0
P04_L100,P04,P04_L100_M004,contr,0.018
P04_L100,P04,P04_L100_M004,theta,0.0
P04_L100,P04,P04_L100_M004,bg,0.54
P04_L100,P04,P04_L100_M004,box,False
P04_L100,P04,P04_L100_M004,Lbg,25
P04_L100,P04,P04_L100_M004,Lmin,0.0
P04_L100,P04,P04_L100_M004,Lmax,25
P04_L100,P04,P04_L100_M004,gamma,0.0
P04_L100,P04,P04_L100_M004,BRTRR,1.2
P04_L100,P04,P04_L100_M004,flanker_width,5.0
P04_L100,P04,P04_L100_M004,flanker_displacement,3.0
P04_L100,P04,P04_L100_M004,probe_displacement_dx,0.4
P04_L100,P04,P04_L100_M004,probe_displacement_dy,0.2
P04_L100,P04,P04_L100_M004,pixel_metre_ratio,0.00023289062499999997
P04_L100,P04,P04_L100_M004,SdeX,0.05
P04_L100,P04,P04_L100_M004,SdeY,0.05
P04_L100,P04,P04_L100_M004,Probe_Height_Deg,0.13343643869556676
P04_L100,P04,P04_L100_M004,Probe_width_Deg,0.013343649840352816
P04_L100,P04,P04_L100_M005,distance_To_Monitor,1.0
P04_L100,P04,P04_L100_M005,win_widthy_Pixel,2560
P04_L100,P04,P04_L100_M005,win_widthx_Pixel,1440
P04_L100,P04,P04_L100_M005,win_widthy_Meter,0.3353
P04_L100,P04,P04_L100_M005,win_widthx_Meter,0.5962
P04_L100,P04,P04_L100_M005,Pixel Per Inch,164
P04_L100,P04,P04_L100_M005,Pixel width (m),0.00023289062499999997
P04_L100,P04,P04_L100_M005,Pixel Pitch (mm),0.155*0.155
P04_L100,P04,P04_L100_M005,bkg_intensity,0.54
P04_L100,P04,P04_L100_M005,max_intensity,1.0
P04_L100,P04,P04_L100_M005,time_Stimulus,250
P04_L100,P04,P04_L100_M005,reversalN,0.0
P04_L100,P04,P04_L100_M005,rateDW,0.5
P04_L100,P04,P04_L100_M005,correctTick,0
P04_L100,P04,P04_L100_M005,count_Reversals,0
P04_L100,P04,P04_L100_M005,probe_LR,0
P04_L100,P04,P04_L100_M005,human_LR,0
P04_L100,P04,P04_L100_M005,posY,0
P04_L100,P04,P04_L100_M005,rateUP,0.5
P04_L100,P04,P04_L100_M005,probe_pos (m),0.0
P04_L100,P04,P04_L100_M005,text,-1
P04_L100,P04,P04_L100_M005,reversePOINT,1
P04_L100,P04,P04_L100_M005,trialPOINT,8
P04_L100,P04,P04_L100_M005,nDW,4
P04_L100,P04,P04_L100_M005,nUP,1
P04_L100,P04,P04_L100_M005,start_weber_Contrast,1.0
P04_L100,P04,P04_L100_M005,number_trials,80
P04_L100,P04,P04_L100_M005,terminationINDEX,9
P04_L100,P04,P04_L100_M005,stepDWUP,0.005
P04_L100,P04,P04_L100_M005,logUNIT_UP,0.36
P04_L100,P04,P04_L100_M005,logUNIT_DW,0.30294
P04_L100,P04,P04_L100_M005,condRule,2
P04_L100,P04,P04_L100_M005,preReversalStepDW,0.36
P04_L100,P04,P04_L100_M005,Reversal_or_Trial,1
P04_L100,P04,P04_L100_M005,limit_Trial_Run,100
P04_L100,P04,P04_L100_M005,max_monitor_cdm2,400
P04_L100,P04,P04_L100_M005,bkg_monitor_cdm2,100
P04_L100,P04,P04_L100_M005,width,374.94805047229414
P04_L100,P04,P04_L100_M005,fs,88.19999999999999
P04_L100,P04,P04_L100_M005,ph,0.0
P04_L100,P04,P04_L100_M005,speed,0.0
P04_L100,P04,P04_L100_M005,contr,0.018
P04_L100,P04,P04_L100_M005,theta,0.0
P04_L100,P04,P04_L100_M005,bg,0.54
P04_L100,P04,P04_L100_M005,box,False
P04_L100,P04,P04_L100_M005,Lbg,25
P04_L100,P04,P04_L100_M005,Lmin,0.0
P04_L100,P04,P04_L100_M005,Lmax,25
P04_L100,P04,P04_L100_M005,gamma,0.0
P04_L100,P04,P04_L100_M005,BRTRR,1.2
P04_L100,P04,P04_L100_M005,flanker_width,5.0
P04_L100,P04,P04_L100_M005,flanker_displacement,3.0
P04_L100,P04,P04_L100_M005,probe_displacement_dx,0.4
P04_L100,P04,P04_L100_M005,probe_displacement_dy,0.2
P04_L100,P04,P04_L100_M005,pixel_metre_ratio,0.00023289062499999997
P04_L100,P04,P04_L100_M005,SdeX,0.05
P04_L100,P04,P04_L100_M005,SdeY,0.05
P04_L100,P04,P04_L100_M005,Probe_Height_Deg,0.13343643869556676
P04_L100,P04,P04_L100_M005,Probe_width_Deg,0.013343649840352816
P04_L100,P04,P04_L100_M006,distance_To_Monitor,1.0
P04_L100,P04,P04_L100_M006,win_widthy_Pixel,2560
P04_L100,P04,P04_L100_M006,win_widthx_Pixel,1440
P04_L100,P04,P04_L100_M006,win_widthy_Meter,0.3353
P04_L100,P04,P04_L100_M006,win_widthx_Meter,0.5962
P04_L100,P04,P04_L100_M006,Pixel Per Inch,164
P04_L100,P04,P04_L100_M006,Pixel width (m),0.00023289062499999997
P04_L100,P04,P04_L100_M006,Pixel Pitch (mm),0.155*0.155
P04_L100,P04,P04_L100_M006,bkg_intensity,0.54
P04_L100,P04,P04_L100_M006,max_intensity,1.0
P04_L100,P04,P04_L100_M006,time_Stimulus,250
P04_L100,P04,P04_L100_M006,reversalN,0.0
P04_L100,P04,P04_L100_M006,rateDW,0.5
P04_L100,P04,P04_L100_M006,correctTick,0
P04_L100,P04,P04_L100_M006,count_Reversals,0
P04_L100,P04,P04_L100_M006,probe_LR,0
P04_L100,P04,P04_L100_M006,human_LR,0
P04_L100,P04,P04_L100_M006,posY,0
P04_L100,P04,P04_L100_M006,rateUP,0.5
P04_L100,P04,P04_L100_M006,probe_pos (m),0.0
P04_L100,P04,P04_L100_M006,text,-1
P04_L100,P04,P04_L100_M006,reversePOINT,1
P04_L100,P04,P04_L100_M006,trialPOINT,8
P04_L100,P04,P04_L100_M006,nDW,4
P04_L100,P04,P04_L100_M006,nUP,1
P04_L100,P04,P04_L100_M006,start_weber_Contrast,1.0
P04_L100,P04,P04_L100_M006,number_trials,80
P04_L100,P04,P04_L100_M006,terminationINDEX,9
P04_L100,P04,P04_L100_M006,stepDWUP,0.005
P04_L100,P04,P04_L100_M006,logUNIT_UP,0.36
P04_L100,P04,P04_L100_M006,logUNIT_DW,0.30294
P04_L100,P04,P04_L100_M006,condRule,2
P04_L100,P04,P04_L100_M006,preReversalStepDW,0.36
P04_L100,P04,P04_L100_M006,Reversal_or_Trial,1
P04_L100,P04,P04_L100_M006,limit_Trial_Run,100
P04_L100,P04,P04_L100_M006,max_monitor_cdm2,400
P04_L100,P04,P04_L100_M006,bkg_monitor_cdm2,100
P04_L100,P04,P04_L100_M006,width,374.94805047229414
P04_L100,P04,P04_L100_M006,fs,88.19999999999999
P04_L100,P04,P04_L100_M006,ph,0.0
P04_L100,P04,P04_L100_M006,speed,0.0
P04_L100,P04,P04_L100_M006,contr,0.018
P04_L100,P04,P04_L100_M006,theta,0.0
P04_L100,P04,P04_L100_M006,bg,0.54
P04_L100,P04,P04_L100_M006,box,False
P04_L100,P04,P04_L100_M006,Lbg,25
P04_L100,P04,P04_L100_M006,Lmin,0.0
P04_L100,P04,P04_L100_M006,Lmax,25
P04_L100,P04,P04_L100_M006,gamma,0.0
P04_L100,P04,P04_L100_M006,BRTRR,1.2
P04_L100,P04,P04_L100_M006,flanker_width,5.0
P04_L100,P04,P04_L100_M006,flanker_displacement,3.0
P04_L100,P04,P04_L100_M006,probe_displacement_dx,0.4
P04_L100,P04,P04_L100_M006,probe_displacement_dy,0.2
P04_L100,P04,P04_L100_M006,pixel_metre_ratio,0.00023289062499999997
P04_L100,P04,P04_L100_M006,SdeX,0.05
P04_L100,P04,P04_L100_M006,SdeY,0.05
P04_L100,P04,P04_L100_M006,Probe_Height_Deg,0.13343643869556676
P04_L100,P04,P04_L100_M006,Probe_width_Deg,0.013343649840352816
P04_L100,P04,P04_L100_M007,distance_To_Monitor,1.0
P04_L100,P04,P04_L100_M007,win_widthy_Pixel,2560
P04_L100,P04,P04_L100_M007,win_widthx_Pixel,1440
P04_L100,P04,P04_L100_M007,win_widthy_Meter,0.3353
P04_L100,P04,P04_L100_M007,win_widthx_Meter,0.5962
P04_L100,P04,P04_L100_M007,Pixel Per Inch,164
P04_L100,P04,P04_L100_M007,Pixel width (m),0.00023289062499999997
P04_L100,P04,P04_L100_M007,Pixel Pitch (mm),0.155*0.155
P04_L100,P04,P04_L100_M007,bkg_intensity,0.54
P04_L100,P04,P04_L100_M007,max_intensity,1.0
P04_L100,P04,P04_L100_M007,time_Stimulus,250
P04_L100,P04,P04_L100_M007,reversalN,0.0
P04_L100,P04,P04_L100_M007,rateDW,0.5
P04_L100,P04,P04_L100_M007,correctTick,0
P04_L100,P04,P04_L100_M007,count_Reversals,0
P04_L100,P04,P04_L100_M007,probe_LR,0
P04_L100,P04,P04_L100_M007,human_LR,0
P04_L100,P04,P04_L100_M007,posY,0
P04_L100,P04,P04_L100_M007,rateUP,0.5
P04_L100,P04,P04_L100_M007,probe_pos (m),0.0
P04_L100,P04,P04_L100_M007,text,-1
P04_L100,P04,P04_L100_M007,reversePOINT,1
P04_L100,P04,P04_L100_M007,trialPOINT,8
P04_L100,P04,P04_L100_M007,nDW,4
P04_L100,P04,P04_L100_M007,nUP,1
P04_L100,P04,P04_L100_M007,start_weber_Contrast,1.0
P04_L100,P04,P04_L100_M007,number_trials,80
P04_L100,P04,P04_L100_M007,terminationINDEX,9
P04_L100,P04,P04_L100_M007,stepDWUP,0.005
P04_L100,P04,P04_L100_M007,logUNIT_UP,0.36
P04_L100,P04,P04_L100_M007,logUNIT_DW,0.30294
P04_L100,P04,P04_L100_M007,condRule,2
P04_L100,P04,P04_L100_M007,preReversalStepDW,0.36
P04_L100,P04,P04_L100_M007,Reversal_or_Trial,1
P04_L100,P04,P04_L100_M007,limit_Trial_Run,100
P04_L100,P04,P04_L100_M007,max_monitor_cdm2,400
P04_L100,P04,P04_L100_M007,bkg_monitor_cdm2,100
P04_L100,P04,P04_L100_M007,width,374.94805047229414
P04_L100,P04,P04_L100_M007,fs,88.19999999999999
P04_L100,P04,P04_L100_M007,ph,0.0
P04_L100,P04,P04_L100_M007,speed,0.0
P04_L100,P04,P04_L100_M007,contr,0.018
P04_L100,P04,P04_L100_M007,theta,0.0
P04_L100,P04,P04_L100_M007,bg,0.54
P04_L100,P04,P04_L100_M007,box,False
P04_L100,P04,P04_L100_M007,Lbg,25
P04_L100,P04,P04_L100_M007,Lmin,0.0
P04_L100,P04,P04_L100_M007,Lmax,25
P04_L100,P04,P04_L100_M007,gamma,0.0
P04_L100,P04,P04_L100_M007,BRTRR,1.2
P04_L100,P04,P04_L100_M007,flanker_width,5.0
P04_L100,P04,P04_L100_M007,flanker_displacement,3.0
P04_L100,P04,P04_L100_M007,probe_displacement_dx,0.4
P04_L100,P04,P04_L100_M007,probe_displacement_dy,0.2
P04_L100,P04,P04_L100_M007,pixel_metre_ratio,0.00023289062499999997
P04_L100,P04,P04_L100_M007,SdeX,0.05
P04_L100,P04,P04_L100_M007,SdeY,0.05
P04_L100,P04,P04_L100_M007,Probe_Height_Deg,0.13343643869556676
P04_L100,P04,P04_L100_M007,Probe_width_Deg,0.013343649840352816
P04_L100,P04,P04_L100_M008,distance_To_Monitor,1.0
P04_L100,P04,P04_L100_M008,win_widthy_Pixel,2560
P04_L100,P04,P04_L100_M008,win_widthx_Pixel,1440
P04_L100,P04,P04_L100_M008,win_widthy_Meter,0.3353
P04_L100,P04,P04_L100_M008,win_widthx_Meter,0.5962
P04_L100,P04,P04_L100_M008,Pixel Per Inch,164
P04_L100,P04,P04_L100_M008,Pixel width (m),0.00023289062499999997
P04_L100,P04,P04_L100_M008,Pixel Pitch (mm),0.155*0.155
P04_L100,P04,P04_L100_M008,bkg_intensity,0.54
P04_L100,P04,P04_L100_M008,max_intensity,1.0
P04_L100,P04,P04_L100_M008,time_Stimulus,250
P04_L100,P04,P04_L100_M008,reversalN,0.0
P04_L100,P04,P04_L100_M008,rateDW,0.5
P04_L100,P04,P04_L100_M008,correctTick,0
P04_L100,P04,P04_L100_M008,count_Reversals,0
P04_L100,P04,P04_L100_M008,probe_LR,0
P04_L100,P04,P04_L100_M008,human_LR,0
P04_L100,P04,P04_L100_M008,posY,0
P04_L100,P04,P04_L100_M008,rateUP,0.5
P04_L100,P04,P04_L100_M008,probe_pos (m),0.0
P04_L100,P04,P04_L100_M008,text,-1
P04_L100,P04,P04_L100_M008,reversePOINT,1
P04_L100,P04,P04_L100_M008,trialPOINT,8
P04_L100,P04,P04_L100_M008,nDW,4
P04_L100,P04,P04_L100_M008,nUP,1
P04_L100,P04,P04_L100_M008,start_weber_Contrast,1.0
P04_L100,P04,P04_L100_M008,number_trials,80
P04_L100,P04,P04_L100_M008,terminationINDEX,9
P04_L100,P04,P04_L100_M008,stepDWUP,0.005
P04_L100,P04,P04_L100_M008,logUNIT_UP,0.36
P04_L100,P04,P04_L100_M008,logUNIT_DW,0.30294
P04_L100,P04,P04_L100_M008,condRule,2
P04_L100,P04,P04_L100_M008,preReversalStepDW,0.36
P04_L100,P04,P04_L100_M008,Reversal_or_Trial,1
P04_L100,P04,P04_L100_M008,limit_Trial_Run,100
P04_L100,P04,P04_L100_M008,max_monitor_cdm2,400
P04_L100,P04,P04_L100_M008,bkg_monitor_cdm2,100
P04_L100,P04,P04_L100_M008,width,374.94805047229414
P04_L100,P04,P04_L100_M008,fs,88.19999999999999
P04_L100,P04,P04_L100_M008,ph,0.0
P04_L100,P04,P04_L100_M008,speed,0.0
P04_L100,P04,P04_L100_M008,contr,0.018
P04_L100,P04,P04_L100_M008,theta,0.0
P04_L100,P04,P04_L100_M008,bg,0.54
P04_L100,P04,P04_L100_M008,box,False
P04_L100,P04,P04_L100_M008,Lbg,25
P04_L100,P04,P04_L100_M008,Lmin,0.0
P04_L100,P04,P04_L100_M008,Lmax,25
P04_L100,P04,P04_L100_M008,gamma,0.0
P04_L100,P04,P04_L100_M008,BRTRR,1.2
P04_L100,P04,P04_L100_M008,flanker_width,5.0
P04_L100,P04,P04_L100_M008,flanker_displacement,3.0
P04_L100,P04,P04_L100_M008,probe_displacement_dx,0.4
P04_L100,P04,P04_L100_M008,probe_displacement_dy,0.2
P04_L100,P04,P04_L100_M008,pixel_metre_ratio,0.00023289062499999997
P04_L100,P04,P04_L100_M008,SdeX,0.05
P04_L100,P04,P04_L100_M008,SdeY,0.05
P04_L100,P04,P04_L100_M008,Probe_Height_Deg,0.13343643869556676
P04_L100,P04,P04_L100_M008,Probe_width_Deg,0.013343649840352816
P04_L100,P04,P04_L100_M009,distance_To_Monitor,1.0
P04_L100,P04,P04_L100_M009,win_widthy_Pixel,2560
P04_L100,P04,P04_L100_M009,win_widthx_Pixel,1440
P04_L100,P04,P04_L100_M009,win_widthy_Meter,0.3353
P04_L100,P04,P04_L100_M009,win_widthx_Meter,0.5962
P04_L100,P04,P04_L100_M009,Pixel Per Inch,164
P04_L100,P04,P04_L100_M009,Pixel width (m),0.00023289062499999997
P04_L100,P04,P04_L100_M009,Pixel Pitch (mm),0.155*0.155
P04_L100,P04,P04_L100_M009,bkg_intensity,0.54
P04_L100,P04,P04_L100_M009,max_intensity,1.0
P04_L100,P04,P04_L100_M009,time_Stimulus,250
P04_L100,P04,P04_L100_M009,reversalN,0.0
P04_L100,P04,P04_L100_M009,rateDW,0.5
P04_L100,P04,P04_L100_M009,correctTick,0
P04_L100,P04,P04_L100_M009,count_Reversals,0
P04_L100,P04,P04_L100_M009,probe_LR,0
P04_L100,P04,P04_L100_M009,human_LR,0
P04_L100,P04,P04_L100_M009,posY,0
P04_L100,P04,P04_L100_M009,rateUP,0.5
P04_L100,P04,P04_L100_M009,probe_pos (m),0.0
P04_L100,P04,P04_L100_M009,text,-1
P04_L100,P04,P04_L100_M009,reversePOINT,1
P04_L100,P04,P04_L100_M009,trialPOINT,8
P04_L100,P04,P04_L100_M009,nDW,4
P04_L100,P04,P04_L100_M009,nUP,1
P04_L100,P04,P04_L100_M009,start_weber_Contrast,1.0
P04_L100,P04,P04_L100_M009,number_trials,80
P04_L100,P04,P04_L100_M009,terminationINDEX,9
P04_L100,P04,P04_L100_M009,stepDWUP,0.005
P04_L100,P04,P04_L100_M009,logUNIT_UP,0.36
P04_L100,P04,P04_L100_M009,logUNIT_DW,0.30294
P04_L100,P04,P04_L100_M009,condRule,2
P04_L100,P04,P04_L100_M009,preReversalStepDW,0.36
P04_L100,P04,P04_L100_M009,Reversal_or_Trial,1
P04_L100,P04,P04_L100_M009,limit_Trial_Run,100
P04_L100,P04,P04_L100_M009,max_monitor_cdm2,400
P04_L100,P04,P04_L100_M009,bkg_monitor_cdm2,100
P04_L100,P04,P04_L100_M009,width,374.94805047229414
P04_L100,P04,P04_L100_M009,fs,88.19999999999999
P04_L100,P04,P04_L100_M009,ph,0.0
P04_L100,P04,P04_L100_M009,speed,0.0
P04_L100,P04,P04_L100_M009,contr,0.018
P04_L100,P04,P04_L100_M009,theta,0.0
P04_L100,P04,P04_L100_M009,bg,0.54
P04_L100,P04,P04_L100_M009,box,False
P04_L100,P04,P04_L100_M009,Lbg,25
P04_L100,P04,P04_L100_M009,Lmin,0.0
P04_L100,P04,P04_L100_M009,Lmax,25
P04_L100,P04,P04_L100_M009,gamma,0.0
P04_L100,P04,P04_L100_M009,BRTRR,1.2
P04_L100,P04,P04_L100_M009,flanker_width,5.0
P04_L100,P04,P04_L100_M009,flanker_displacement,3.0
P04_L100,P04,P04_L100_M009,probe_displacement_dx,0.4
P04_L100,P04,P04_L100_M009,probe_displacement_dy,0.2
P04_L100,P04,P04_L100_M009,pixel_metre_ratio,0.00023289062499999997
P04_L100,P04,P04_L100_M009,SdeX,0.05
P04_L100,P04,P04_L100_M009,SdeY,0.05
P04_L100,P04,P04_L100_M009,Probe_Height_Deg,0.13343643869556676
P04_L100,P04,P04_L100_M009,Probe_width_Deg,0.013343649840352816
P04_L100,P04,P04_L100_M010,distance_To_Monitor,1.0
P04_L100,P04,P04_L100_M010,win_widthy_Pixel,2560
P04_L100,P04,P04_L100_M010,win_widthx_Pixel,1440
P04_L100,P04,P04_L100_M010,win_widthy_Meter,0.3353
P04_L100,P04,P04_L100_M010,win_widthx_Meter,0.5962
P04_L100,P04,P04_L100_M010,Pixel Per Inch,164
P04_L100,P04,P04_L100_M010,Pixel width (m),0.00023289062499999997
P04_L100,P04,P04_L100_M010,Pixel Pitch (mm),0.155*0.155
P04_L100,P04,P04_L100_M010,bkg_intensity,0.54
P04_L100,P04,P04_L100_M010,max_intensity,1.0
P04_L100,P04,P04_L100_M010,time_Stimulus,250
P04_L100,P04,P04_L100_M010,reversalN,0.0
P04_L100,P04,P04_L100_M010,rateDW,0.5
P04_L100,P04,P04_L100_M010,correctTick,0
P04_L100,P04,P04_L100_M010,count_Reversals,0
P04_L100,P04,P04_L100_M010,probe_LR,0
P04_L100,P04,P04_L100_M010,human_LR,0
P04_L100,P04,P04_L100_M010,posY,0
P04_L100,P04,P04_L100_M010,rateUP,0.5
P04_L100,P04,P04_L100_M010,probe_pos (m),0.0
P04_L100,P04,P04_L100_M010,text,-1
P04_L100,P04,P04_L100_M010,reversePOINT,1
P04_L100,P04,P04_L100_M010,trialPOINT,8
P04_L100,P04,P04_L100_M010,nDW,4
P04_L100,P04,P04_L100_M010,nUP,1
P04_L100,P04,P04_L100_M010,start_weber_Contrast,1.0
P04_L100,P04,P04_L100_M010,number_trials,80
P04_L100,P04,P04_L100_M010,terminationINDEX,9
P04_L100,P04,P04_L100_M010,stepDWUP,0.005
P04_L100,P04,P04_L100_M010,logUNIT_UP,0.36
P04_L100,P04,P04_L100_M010,logUNIT_DW,0.30294
P04_L100,P04,P04_L100_M010,condRule,2
P04_L100,P04,P04_L100_M010,preReversalStepDW,0.36
P04_L100,P04,P04_L100_M010,Reversal_or_Trial,1
P04_L100,P04,P04_L100_M010,limit_Trial_Run,100
P04_L100,P04,P04_L100_M010,max_monitor_cdm2,400
P04_L100,P04,P04_L100_M010,bkg_monitor_cdm2,100
P04_L100,P04,P04_L100_M010,width,374.94805047229414
P04_L100,P04,P04_L100_M010,fs,88.19999999999999
P04_L100,P04,P04_L100_M010,ph,0.0
P04_L100,P04,P04_L100_M010,speed,0.0
P04_L100,P04,P04_L100_M010,contr,0.018
P04_L100,P04,P04_L100_M010,theta,0.0
P04_L100,P04,P04_L100_M010,bg,0.54
P04_L100,P04,P04_L100_M010,box,False
P04_L100,P04,P04_L100_M010,Lbg,25
P04_L100,P04,P04_L100_M010,Lmin,0.0
P04_L100,P04,P04_L100_M010,Lmax,25
P04_L100,P04,P04_L100_M010,gamma,0.0
P04_L100,P04,P04_L100_M010,BRTRR,1.2
P04_L100,P04,P04_L100_M010,flanker_width,5.0
P04_L100,P04,P04_L100_M010,flanker_displacement,3.0
P04_L100,P04,P04_L100_M010,probe_displacement_dx,0.4
P04_L100,P04,P04_L100_M010,probe_displacement_dy,0.2
P04_L100,P04,P04_L100_M010,pixel_metre_ratio,0.00023289062499999997
P04_L100,P04,P04_L100_M010,SdeX,0.05
P04_L100,P04,P04_L100_M010,SdeY,0.05
P04_L100,P04,P04_L100_M010,Probe_Height_Deg,0.13343643869556676
P04_L100,P04,P04_L100_M010,Probe_width_Deg,0.013343649840352816
P04_L100,P04,P04_L100_M011,distance_To_Monitor,1.0
P04_L100,P04,P04_L100_M011,win_widthy_Pixel,2560
P04_L100,P04,P04_L100_M011,win_widthx_Pixel,1440
P04_L100,P04,P04_L100_M011,win_widthy_Meter,0.3353
P04_L100,P04,P04_L100_M011,win_widthx_Meter,0.5962
P04_L100,P04,P04_L100_M011,Pixel Per Inch,164
P04_L100,P04,P04_L100_M011,Pixel width (m),0.00023289062499999997
P04_L100,P04,P04_L100_M011,Pixel Pitch (mm),0.155*0.155
P04_L100,P04,P04_L100_M011,bkg_intensity,0.54
P04_L100,P04,P04_L100_M011,max_intensity,1.0
P04_L100,P04,P04_L100_M011,time_Stimulus,250
P04_L100,P04,P04_L100_M011,reversalN,0.0
P04_L100,P04,P04_L100_M011,rateDW,0.5
P04_L100,P04,P04_L100_M011,correctTick,0
P04_L100,P04,P04_L100_M011,count_Reversals,0
P04_L100,P04,P04_L100_M011,probe_LR,0
P04_L100,P04,P04_L100_M011,human_LR,0
P04_L100,P04,P04_L100_M011,posY,0
P04_L100,P04,P04_L100_M011,rateUP,0.5
P04_L100,P04,P04_L100_M011,probe_pos (m),0.0
P04_L100,P04,P04_L100_M011,text,-1
P04_L100,P04,P04_L100_M011,reversePOINT,1
P04_L100,P04,P04_L100_M011,trialPOINT,8
P04_L100,P04,P04_L100_M011,nDW,4
P04_L100,P04,P04_L100_M011,nUP,1
P04_L100,P04,P04_L100_M011,start_weber_Contrast,1.0
P04_L100,P04,P04_L100_M011,number_trials,80
P04_L100,P04,P04_L100_M011,terminationINDEX,9
P04_L100,P04,P04_L100_M011,stepDWUP,0.005
P04_L100,P04,P04_L100_M011,logUNIT_UP,0.36
P04_L100,P04,P04_L100_M011,logUNIT_DW,0.30294
P04_L100,P04,P04_L100_M011,condRule,2
P04_L100,P04,P04_L100_M011,preReversalStepDW,0.36
P04_L100,P04,P04_L100_M011,Reversal_or_Trial,1
P04_L100,P04,P04_L100_M011,limit_Trial_Run,100
P04_L100,P04,P04_L100_M011,max_monitor_cdm2,400
P04_L100,P04,P04_L100_M011,bkg_monitor_cdm2,100
P04_L100,P04,P04_L100_M011,width,374.94805047229414
P04_L100,P04,P04_L100_M011,fs,88.19999999999999
P04_L100,P04,P04_L100_M011,ph,0.0
P04_L100,P04,P04_L100_M011,speed,0.0
P04_L100,P04,P04_L100_M011,contr,0.018
P04_L100,P04,P04_L100_M011,theta,0.0
P04_L100,P04,P04_L100_M011,bg,0.54
P04_L100,P04,P04_L100_M011,box,False
P04_L100,P04,P04_L100_M011,Lbg,25
P04_L100,P04,P04_L100_M011,Lmin,0.0
P04_L100,P04,P04_L100_M011,Lmax,25
P04_L100,P04,P04_L100_M011,gamma,0.0
P04_L100,P04,P04_L100_M011,BRTRR,1.2
P04_L100,P04,P04_L100_M011,flanker_width,5.0
P04_L100,P04,P04_L100_M011,flanker_displacement,3.0
P04_L100,P04,P04_L100_M011,probe_displacement_dx,0.4
P04_L100,P04,P04_L100_M011,probe_displacement_dy,0.2
P04_L100,P04,P04_L100_M011,pixel_metre_ratio,0.00023289062499999997
P04_L100,P04,P04_L100_M011,SdeX,0.05
P04_L100,P04,P04_L100_M011,SdeY,0.05
P04_L100,P04,P04_L100_M011,Probe_Height_Deg,0.13343643869556676
P04_L100,P04,P04_L100_M011,Probe_width_Deg,0.013343649840352816
P04_L100,P04,P04_L100_M012,distance_To_Monitor,1.0
P04_L100,P04,P04_L100_M012,win_widthy_Pixel,2560
P04_L100,P04,P04_L100_M012,win_widthx_Pixel,1440
P04_L100,P04,P04_L100_M012,win_widthy_Meter,0.3353
P04_L100,P04,P04_L100_M012,win_widthx_Meter,0.5962
P04_L100,P04,P04_L100_M012,Pixel Per Inch,164
P04_L100,P04,P04_L100_M012,Pixel width (m),0.00023289062499999997
P04_L100,P04,P04_L100_M012,Pixel Pitch (mm),0.155*0.155
P04_L100,P04,P04_L100_M012,bkg_intensity,0.54
P04_L100,P04,P04_L100_M012,max_intensity,1.0
P04_L100,P04,P04_L100_M012,time_Stimulus,250
P04_L100,P04,P04_L100_M012,reversalN,0.0
P04_L100,P04,P04_L100_M012,rateDW,0.5
P04_L100,P04,P04_L100_M012,correctTick,0
P04_L100,P04,P04_L100_M012,count_Reversals,0
P04_L100,P04,P04_L100_M012,probe_LR,0
P04_L100,P04,P04_L100_M012,human_LR,0
P04_L100,P04,P04_L100_M012,posY,0
P04_L100,P04,P04_L100_M012,rateUP,0.5
P04_L100,P04,P04_L100_M012,probe_pos (m),0.0
P04_L100,P04,P04_L100_M012,text,-1
P04_L100,P04,P04_L100_M012,reversePOINT,1
P04_L100,P04,P04_L100_M012,trialPOINT,8
P04_L100,P04,P04_L100_M012,nDW,4
P04_L100,P04,P04_L100_M012,nUP,1
P04_L100,P04,P04_L100_M012,start_weber_Contrast,1.0
P04_L100,P04,P04_L100_M012,number_trials,80
P04_L100,P04,P04_L100_M012,terminationINDEX,9
P04_L100,P04,P04_L100_M012,stepDWUP,0.005
P04_L100,P04,P04_L100_M012,logUNIT_UP,0.36
P04_L100,P04,P04_L100_M012,logUNIT_DW,0.30294
P04_L100,P04,P04_L100_M012,condRule,2
P04_L100,P04,P04_L100_M012,preReversalStepDW,0.36
P04_L100,P04,P04_L100_M012,Reversal_or_Trial,1
P04_L100,P04,P04_L100_M012,limit_Trial_Run,100
P04_L100,P04,P04_L100_M012,max_monitor_cdm2,400
P04_L100,P04,P04_L100_M012,bkg_monitor_cdm2,100
P04_L100,P04,P04_L100_M012,width,374.94805047229414
P04_L100,P04,P04_L100_M012,fs,88.19999999999999
P04_L100,P04,P04_L100_M012,ph,0.0
P04_L100,P04,P04_L100_M012,speed,0.0
P04_L100,P04,P04_L100_M012,contr,0.018
P04_L100,P04,P04_L100_M012,theta,0.0
P04_L100,P04,P04_L100_M012,bg,0.54
P04_L100,P04,P04_L100_M012,box,False
P04_L100,P04,P04_L100_M012,Lbg,25
P04_L100,P04,P04_L100_M012,Lmin,0.0
P04_L100,P04,P04_L100_M012,Lmax,25
P04_L100,P04,P04_L100_M012,gamma,0.0
P04_L100,P04,P04_L100_M012,BRTRR,1.2
P04_L100,P04,P04_L100_M012,flanker_width,5.0
P04_L100,P04,P04_L100_M012,flanker_displacement,3.0
P04_L100,P04,P04_L100_M012,probe_displacement_dx,0.4
P04_L100,P04,P04_L100_M012,probe_displacement_dy,0.2
P04_L100,P04,P04_L100_M012,pixel_metre_ratio,0.00023289062499999997
P04_L100,P04,P04_L100_M012,SdeX,0.05
P04_L100,P04,P04_L100_M012,SdeY,0.05
P04_L100,P04,P04_L100_M012,Probe_Height_Deg,0.13343643869556676
P04_L100,P04,P04_L100_M012,Probe_width_Deg,0.013343649840352816
P04_L200,P04,P04_L200_M001,distance_To_Monitor,1.0
P04_L200,P04,P04_L200_M001,win_widthy_Pixel,2560
P04_L200,P04,P04_L200_M001,win_widthx_Pixel,1440
P04_L200,P04,P04_L200_M001,win_widthy_Meter,0.3353
P04_L200,P04,P04_L200_M001,win_widthx_Meter,0.5962
P04_L200,P04,P04_L200_M001,Pixel Per Inch,164
P04_L200,P04,P04_L200_M001,Pixel width (m),0.00023289062499999997
P04_L200,P04,P04_L200_M001,Pixel Pitch (mm),0.155*0.155
P04_L200,P04,P04_L200_M001,bkg_intensity,0.735
P04_L200,P04,P04_L200_M001,max_intensity,1.0
P04_L200,P04,P04_L200_M001,time_Stimulus,250
P04_L200,P04,P04_L200_M001,reversalN,0.0
P04_L200,P04,P04_L200_M001,rateDW,0.5
P04_L200,P04,P04_L200_M001,correctTick,0
P04_L200,P04,P04_L200_M001,count_Reversals,0
P04_L200,P04,P04_L200_M001,probe_LR,0
P04_L200,P04,P04_L200_M001,human_LR,0
P04_L200,P04,P04_L200_M001,posY,0
P04_L200,P04,P04_L200_M001,rateUP,0.5
P04_L200,P04,P04_L200_M001,probe_pos (m),0.0
P04_L200,P04,P04_L200_M001,text,-1
P04_L200,P04,P04_L200_M001,reversePOINT,1
P04_L200,P04,P04_L200_M001,trialPOINT,8
P04_L200,P04,P04_L200_M001,nDW,4
P04_L200,P04,P04_L200_M001,nUP,1
P04_L200,P04,P04_L200_M001,start_weber_Contrast,1.0
P04_L200,P04,P04_L200_M001,number_trials,80
P04_L200,P04,P04_L200_M001,terminationINDEX,9
P04_L200,P04,P04_L200_M001,stepDWUP,0.005
P04_L200,P04,P04_L200_M001,logUNIT_UP,0.36
P04_L200,P04,P04_L200_M001,logUNIT_DW,0.30294
P04_L200,P04,P04_L200_M001,condRule,2
P04_L200,P04,P04_L200_M001,preReversalStepDW,0.36
P04_L200,P04,P04_L200_M001,Reversal_or_Trial,1
P04_L200,P04,P04_L200_M001,limit_Trial_Run,100
P04_L200,P04,P04_L200_M001,max_monitor_cdm2,400
P04_L200,P04,P04_L200_M001,bkg_monitor_cdm2,200
P04_L200,P04,P04_L200_M001,width,374.94805047229414
P04_L200,P04,P04_L200_M001,fs,63.0
P04_L200,P04,P04_L200_M001,ph,0.0
P04_L200,P04,P04_L200_M001,speed,0.0
P04_L200,P04,P04_L200_M001,contr,0.018
P04_L200,P04,P04_L200_M001,theta,0.0
P04_L200,P04,P04_L200_M001,bg,0.735
P04_L200,P04,P04_L200_M001,box,False
P04_L200,P04,P04_L200_M001,Lbg,25
P04_L200,P04,P04_L200_M001,Lmin,0.0
P04_L200,P04,P04_L200_M001,Lmax,25
P04_L200,P04,P04_L200_M001,gamma,0.0
P04_L200,P04,P04_L200_M001,BRTRR,1.2
P04_L200,P04,P04_L200_M001,flanker_width,5.0
P04_L200,P04,P04_L200_M001,flanker_displacement,3.0
P04_L200,P04,P04_L200_M001,probe_displacement_dx,0.4
P04_L200,P04,P04_L200_M001,probe_displacement_dy,0.2
P04_L200,P04,P04_L200_M001,pixel_metre_ratio,0.00023289062499999997
P04_L200,P04,P04_L200_M001,SdeX,0.05
P04_L200,P04,P04_L200_M001,SdeY,0.05
P04_L200,P04,P04_L200_M001,Probe_Height_Deg,0.13343643869556676
P04_L200,P04,P04_L200_M001,Probe_width_Deg,0.013343649840352816
P04_L200,P04,P04_L200_M002,distance_To_Monitor,1.0
P04_L200,P04,P04_L200_M002,win_widthy_Pixel,2560
P04_L200,P04,P04_L200_M002,win_widthx_Pixel,1440
P04_L200,P04,P04_L200_M002,win_widthy_Meter,0.3353
P04_L200,P04,P04_L200_M002,win_widthx_Meter,0.5962
P04_L200,P04,P04_L200_M002,Pixel Per Inch,164
P04_L200,P04,P04_L200_M002,Pixel width (m),0.00023289062499999997
P04_L200,P04,P04_L200_M002,Pixel Pitch (mm),0.155*0.155
P04_L200,P04,P04_L200_M002,bkg_intensity,0.735
P04_L200,P04,P04_L200_M002,max_intensity,1.0
P04_L200,P04,P04_L200_M002,time_Stimulus,250
P04_L200,P04,P04_L200_M002,reversalN,0.0
P04_L200,P04,P04_L200_M002,rateDW,0.5
P04_L200,P04,P04_L200_M002,correctTick,0
P04_L200,P04,P04_L200_M002,count_Reversals,0
P04_L200,P04,P04_L200_M002,probe_LR,0
P04_L200,P04,P04_L200_M002,human_LR,0
P04_L200,P04,P04_L200_M002,posY,0
P04_L200,P04,P04_L200_M002,rateUP,0.5
P04_L200,P04,P04_L200_M002,probe_pos (m),0.0
P04_L200,P04,P04_L200_M002,text,-1
P04_L200,P04,P04_L200_M002,reversePOINT,1
P04_L200,P04,P04_L200_M002,trialPOINT,8
P04_L200,P04,P04_L200_M002,nDW,4
P04_L200,P04,P04_L200_M002,nUP,1
P04_L200,P04,P04_L200_M002,start_weber_Contrast,1.0
P04_L200,P04,P04_L200_M002,number_trials,80
P04_L200,P04,P04_L200_M002,terminationINDEX,9
P04_L200,P04,P04_L200_M002,stepDWUP,0.005
P04_L200,P04,P04_L200_M002,logUNIT_UP,0.36
P04_L200,P04,P04_L200_M002,logUNIT_DW,0.30294
P04_L200,P04,P04_L200_M002,condRule,2
P04_L200,P04,P04_L200_M002,preReversalStepDW,0.36
P04_L200,P04,P04_L200_M002,Reversal_or_Trial,1
P04_L200,P04,P04_L200_M002,limit_Trial_Run,100
P04_L200,P04,P04_L200_M002,max_monitor_cdm2,400
P04_L200,P04,P04_L200_M002,bkg_monitor_cdm2,200
P04_L200,P04,P04_L200_M002,width,374.94805047229414
P04_L200,P04,P04_L200_M002,fs,63.0
P04_L200,P04,P04_L200_M002,ph,0.0
P04_L200,P04,P04_L200_M002,speed,0.0
P04_L200,P04,P04_L200_M002,contr,0.018
P04_L200,P04,P04_L200_M002,theta,0.0
P04_L200,P04,P04_L200_M002,bg,0.735
P04_L200,P04,P04_L200_M002,box,False
P04_L200,P04,P04_L200_M002,Lbg,25
P04_L200,P04,P04_L200_M002,Lmin,0.0
P04_L200,P04,P04_L200_M002,Lmax,25
P04_L200,P04,P04_L200_M002,gamma,0.0
P04_L200,P04,P04_L200_M002,BRTRR,1.2
P04_L200,P04,P04_L200_M002,flanker_width,5.0
P04_L200,P04,P04_L200_M002,flanker_displacement,3.0
P04_L200,P04,P04_L200_M002,probe_displacement_dx,0.4
P04_L200,P04,P04_L200_M002,probe_displacement_dy,0.2
P04_L200,P04,P04_L200_M002,pixel_metre_ratio,0.00023289062499999997
P04_L200,P04,P04_L200_M002,SdeX,0.05
P04_L200,P04,P04_L200_M002,SdeY,0.05
P04_L200,P04,P04_L200_M002,Probe_Height_Deg,0.13343643869556676
P04_L200,P04,P04_L200_M002,Probe_width_Deg,0.013343649840352816
P04_L200,P04,P04_L200_M003,distance_To_Monitor,1.0
P04_L200,P04,P04_L200_M003,win_widthy_Pixel,2560
P04_L200,P04,P04_L200_M003,win_widthx_Pixel,1440
P04_L200,P04,P04_L200_M003,win_widthy_Meter,0.3353
P04_L200,P04,P04_L200_M003,win_widthx_Meter,0.5962
P04_L200,P04,P04_L200_M003,Pixel Per Inch,164
P04_L200,P04,P04_L200_M003,Pixel width (m),0.00023289062499999997
P04_L200,P04,P04_L200_M003,Pixel Pitch (mm),0.155*0.155
P04_L200,P04,P04_L200_M003,bkg_intensity,0.735
P04_L200,P04,P04_L200_M003,max_intensity,1.0
P04_L200,P04,P04_L200_M003,time_Stimulus,250
P04_L200,P04,P04_L200_M003,reversalN,0.0
P04_L200,P04,P04_L200_M003,rateDW,0.5
P04_L200,P04,P04_L200_M003,correctTick,0
P04_L200,P04,P04_L200_M003,count_Reversals,0
P04_L200,P04,P04_L200_M003,probe_LR,0
P04_L200,P04,P04_L200_M003,human_LR,0
P04_L200,P04,P04_L200_M003,posY,0
P04_L200,P04,P04_L200_M003,rateUP,0.5
P04_L200,P04,P04_L200_M003,probe_pos (m),0.0
P04_L200,P04,P04_L200_M003,text,-1
P04_L200,P04,P04_L200_M003,reversePOINT,1
P04_L200,P04,P04_L200_M003,trialPOINT,8
P04_L200,P04,P04_L200_M003,nDW,4
P04_L200,P04,P04_L200_M003,nUP,1
P04_L200,P04,P04_L200_M003,start_weber_Contrast,1.0
P04_L200,P04,P04_L200_M003,number_trials,80
P04_L200,P04,P04_L200_M003,terminationINDEX,9
P04_L200,P04,P04_L200_M003,stepDWUP,0.005
P04_L200,P04,P04_L200_M003,logUNIT_UP,0.36
P04_L200,P04,P04_L200_M003,logUNIT_DW,0.30294
P04_L200,P04,P04_L200_M003,condRule,2
P04_L200,P04,P04_L200_M003,preReversalStepDW,0.36
P04_L200,P04,P04_L200_M003,Reversal_or_Trial,1
P04_L200,P04,P04_L200_M003,limit_Trial_Run,100
P04_L200,P04,P04_L200_M003,max_monitor_cdm2,400
P04_L200,P04,P04_L200_M003,bkg_monitor_cdm2,200
P04_L200,P04,P04_L200_M003,width,374.94805047229414
P04_L200,P04,P04_L200_M003,fs,63.0
P04_L200,P04,P04_L200_M003,ph,0.0
P04_L200,P04,P04_L200_M003,speed,0.0
P04_L200,P04,P04_L200_M003,contr,0.018
P04_L200,P04,P04_L200_M003,theta,0.0
P04_L200,P04,P04_L200_M003,bg,0.735
P04_L200,P04,P04_L200_M003,box,False
P04_L200,P04,P04_L200_M003,Lbg,25
P04_L200,P04,P04_L200_M003,Lmin,0.0
P04_L200,P04,P04_L200_M003,Lmax,25
P04_L200,P04,P04_L200_M003,gamma,0.0
P04_L200,P04,P04_L200_M003,BRTRR,1.2
P04_L200,P04,P04_L200_M003,flanker_width,5.0
P04_L200,P04,P04_L200_M003,flanker_displacement,3.0
P04_L200,P04,P04_L200_M003,probe_displacement_dx,0.4
P04_L200,P04,P04_L200_M003,probe_displacement_dy,0.2
P04_L200,P04,P04_L200_M003,pixel_metre_ratio,0.00023289062499999997
P04_L200,P04,P04_L200_M003,SdeX,0.05
P04_L200,P04,P04_L200_M003,SdeY,0.05
P04_L200,P04,P04_L200_M003,Probe_Height_Deg,0.13343643869556676
P04_L200,P04,P04_L200_M003,Probe_width_Deg,0.013343649840352816
P04_L200,P04,P04_L200_M004,distance_To_Monitor,1.0
P04_L200,P04,P04_L200_M004,win_widthy_Pixel,2560
P04_L200,P04,P04_L200_M004,win_widthx_Pixel,1440
P04_L200,P04,P04_L200_M004,win_widthy_Meter,0.3353
P04_L200,P04,P04_L200_M004,win_widthx_Meter,0.5962
P04_L200,P04,P04_L200_M004,Pixel Per Inch,164
P04_L200,P04,P04_L200_M004,Pixel width (m),0.00023289062499999997
P04_L200,P04,P04_L200_M004,Pixel Pitch (mm),0.155*0.155
P04_L200,P04,P04_L200_M004,bkg_intensity,0.735
P04_L200,P04,P04_L200_M004,max_intensity,1.0
P04_L200,P04,P04_L200_M004,time_Stimulus,250
P04_L200,P04,P04_L200_M004,reversalN,0.0
P04_L200,P04,P04_L200_M004,rateDW,0.5
P04_L200,P04,P04_L200_M004,correctTick,0
P04_L200,P04,P04_L200_M004,count_Reversals,0
P04_L200,P04,P04_L200_M004,probe_LR,0
P04_L200,P04,P04_L200_M004,human_LR,0
P04_L200,P04,P04_L200_M004,posY,0
P04_L200,P04,P04_L200_M004,rateUP,0.5
P04_L200,P04,P04_L200_M004,probe_pos (m),0.0
P04_L200,P04,P04_L200_M004,text,-1
P04_L200,P04,P04_L200_M004,reversePOINT,1
P04_L200,P04,P04_L200_M004,trialPOINT,8
P04_L200,P04,P04_L200_M004,nDW,4
P04_L200,P04,P04_L200_M004,nUP,1
P04_L200,P04,P04_L200_M004,start_weber_Contrast,1.0
P04_L200,P04,P04_L200_M004,number_trials,80
P04_L200,P04,P04_L200_M004,terminationINDEX,9
P04_L200,P04,P04_L200_M004,stepDWUP,0.005
P04_L200,P04,P04_L200_M004,logUNIT_UP,0.36
P04_L200,P04,P04_L200_M004,logUNIT_DW,0.30294
P04_L200,P04,P04_L200_M004,condRule,2
P04_L200,P04,P04_L200_M004,preReversalStepDW,0.36
P04_L200,P04,P04_L200_M004,Reversal_or_Trial,1
P04_L200,P04,P04_L200_M004,limit_Trial_Run,100
P04_L200,P04,P04_L200_M004,max_monitor_cdm2,400
P04_L200,P04,P04_L200_M004,bkg_monitor_cdm2,200
P04_L200,P04,P04_L200_M004,width,374.94805047229414
P04_L200,P04,P04_L200_M004,fs,63.0
P04_L200,P04,P04_L200_M004,ph,0.0
P04_L200,P04,P04_L200_M004,speed,0.0
P04_L200,P04,P04_L200_M004,contr,0.018
P04_L200,P04,P04_L200_M004,theta,0.0
P04_L200,P04,P04_L200_M004,bg,0.735
P04_L200,P04,P04_L200_M004,box,False
P04_L200,P04,P04_L200_M004,Lbg,25
P04_L200,P04,P04_L200_M004,Lmin,0.0
P04_L200,P04,P04_L200_M004,Lmax,25
P04_L200,P04,P04_L200_M004,gamma,0.0
P04_L200,P04,P04_L200_M004,BRTRR,1.2
P04_L200,P04,P04_L200_M004,flanker_width,5.0
P04_L200,P04,P04_L200_M004,flanker_displacement,3.0
P04_L200,P04,P04_L200_M004,probe_displacement_dx,0.4
P04_L200,P04,P04_L200_M004,probe_displacement_dy,0.2
P04_L200,P04,P04_L200_M004,pixel_metre_ratio,0.00023289062499999997
P04_L200,P04,P04_L200_M004,SdeX,0.05
P04_L200,P04,P04_L200_M004,SdeY,0.05
P04_L200,P04,P04_L200_M004,Probe_Height_Deg,0.13343643869556676
P04_L200,P04,P04_L200_M004,Probe_width_Deg,0.013343649840352816
P04_L200,P04,P04_L200_M005,distance_To_Monitor,1.0
P04_L200,P04,P04_L200_M005,win_widthy_Pixel,2560
P04_L200,P04,P04_L200_M005,win_widthx_Pixel,1440
P04_L200,P04,P04_L200_M005,win_widthy_Meter,0.3353
P04_L200,P04,P04_L200_M005,win_widthx_Meter,0.5962
P04_L200,P04,P04_L200_M005,Pixel Per Inch,164
P04_L200,P04,P04_L200_M005,Pixel width (m),0.00023289062499999997
P04_L200,P04,P04_L200_M005,Pixel Pitch (mm),0.155*0.155
P04_L200,P04,P04_L200_M005,bkg_intensity,0.735
P04_L200,P04,P04_L200_M005,max_intensity,1.0
P04_L200,P04,P04_L200_M005,time_Stimulus,250
P04_L200,P04,P04_L200_M005,reversalN,0.0
P04_L200,P04,P04_L200_M005,rateDW,0.5
P04_L200,P04,P04_L200_M005,correctTick,0
P04_L200,P04,P04_L200_M005,count_Reversals,0
P04_L200,P04,P04_L200_M005,probe_LR,0
P04_L200,P04,P04_L200_M005,human_LR,0
P04_L200,P04,P04_L200_M005,posY,0
P04_L200,P04,P04_L200_M005,rateUP,0.5
P04_L200,P04,P04_L200_M005,probe_pos (m),0.0
P04_L200,P04,P04_L200_M005,text,-1
P04_L200,P04,P04_L200_M005,reversePOINT,1
P04_L200,P04,P04_L200_M005,trialPOINT,8
P04_L200,P04,P04_L200_M005,nDW,4
P04_L200,P04,P04_L200_M005,nUP,1
P04_L200,P04,P04_L200_M005,start_weber_Contrast,1.0
P04_L200,P04,P04_L200_M005,number_trials,80
P04_L200,P04,P04_L200_M005,terminationINDEX,9
P04_L200,P04,P04_L200_M005,stepDWUP,0.005
P04_L200,P04,P04_L200_M005,logUNIT_UP,0.36
P04_L200,P04,P04_L200_M005,logUNIT_DW,0.30294
P04_L200,P04,P04_L200_M005,condRule,2
P04_L200,P04,P04_L200_M005,preReversalStepDW,0.36
P04_L200,P04,P04_L200_M005,Reversal_or_Trial,1
P04_L200,P04,P04_L200_M005,limit_Trial_Run,100
P04_L200,P04,P04_L200_M005,max_monitor_cdm2,400
P04_L200,P04,P04_L200_M005,bkg_monitor_cdm2,200
P04_L200,P04,P04_L200_M005,width,374.94805047229414
P04_L200,P04,P04_L200_M005,fs,63.0
P04_L200,P04,P04_L200_M005,ph,0.0
P04_L200,P04,P04_L200_M005,speed,0.0
P04_L200,P04,P04_L200_M005,contr,0.018
P04_L200,P04,P04_L200_M005,theta,0.0
P04_L200,P04,P04_L200_M005,bg,0.735
P04_L200,P04,P04_L200_M005,box,False
P04_L200,P04,P04_L200_M005,Lbg,25
P04_L200,P04,P04_L200_M005,Lmin,0.0
P04_L200,P04,P04_L200_M005,Lmax,25
P04_L200,P04,P04_L200_M005,gamma,0.0
P04_L200,P04,P04_L200_M005,BRTRR,1.2
P04_L200,P04,P04_L200_M005,flanker_width,5.0
P04_L200,P04,P04_L200_M005,flanker_displacement,3.0
P04_L200,P04,P04_L200_M005,probe_displacement_dx,0.4
P04_L200,P04,P04_L200_M005,probe_displacement_dy,0.2
P04_L200,P04,P04_L200_M005,pixel_metre_ratio,0.00023289062499999997
P04_L200,P04,P04_L200_M005,SdeX,0.05
P04_L200,P04,P04_L200_M005,SdeY,0.05
P04_L200,P04,P04_L200_M005,Probe_Height_Deg,0.13343643869556676
P04_L200,P04,P04_L200_M005,Probe_width_Deg,0.013343649840352816
P04_L200,P04,P04_L200_M006,distance_To_Monitor,1.0
P04_L200,P04,P04_L200_M006,win_widthy_Pixel,2560
P04_L200,P04,P04_L200_M006,win_widthx_Pixel,1440
P04_L200,P04,P04_L200_M006,win_widthy_Meter,0.3353
P04_L200,P04,P04_L200_M006,win_widthx_Meter,0.5962
P04_L200,P04,P04_L200_M006,Pixel Per Inch,164
P04_L200,P04,P04_L200_M006,Pixel width (m),0.00023289062499999997
P04_L200,P04,P04_L200_M006,Pixel Pitch (mm),0.155*0.155
P04_L200,P04,P04_L200_M006,bkg_intensity,0.735
P04_L200,P04,P04_L200_M006,max_intensity,1.0
P04_L200,P04,P04_L200_M006,time_Stimulus,250
P04_L200,P04,P04_L200_M006,reversalN,0.0
P04_L200,P04,P04_L200_M006,rateDW,0.5
P04_L200,P04,P04_L200_M006,correctTick,0
P04_L200,P04,P04_L200_M006,count_Reversals,0
P04_L200,P04,P04_L200_M006,probe_LR,0
P04_L200,P04,P04_L200_M006,human_LR,0
P04_L200,P04,P04_L200_M006,posY,0
P04_L200,P04,P04_L200_M006,rateUP,0.5
P04_L200,P04,P04_L200_M006,probe_pos (m),0.0
P04_L200,P04,P04_L200_M006,text,-1
P04_L200,P04,P04_L200_M006,reversePOINT,1
P04_L200,P04,P04_L200_M006,trialPOINT,8
P04_L200,P04,P04_L200_M006,nDW,4
P04_L200,P04,P04_L200_M006,nUP,1
P04_L200,P04,P04_L200_M006,start_weber_Contrast,1.0
P04_L200,P04,P04_L200_M006,number_trials,80
P04_L200,P04,P04_L200_M006,terminationINDEX,9
P04_L200,P04,P04_L200_M006,stepDWUP,0.005
P04_L200,P04,P04_L200_M006,logUNIT_UP,0.36
P04_L200,P04,P04_L200_M006,logUNIT_DW,0.30294
P04_L200,P04,P04_L200_M006,condRule,2
P04_L200,P04,P04_L200_M006,preReversalStepDW,0.36
P04_L200,P04,P04_L200_M006,Reversal_or_Trial,1
P04_L200,P04,P04_L200_M006,limit_Trial_Run,100
P04_L200,P04,P04_L200_M006,max_monitor_cdm2,400
P04_L200,P04,P04_L200_M006,bkg_monitor_cdm2,200
P04_L200,P04,P04_L200_M006,width,374.94805047229414
P04_L200,P04,P04_L200_M006,fs,63.0
P04_L200,P04,P04_L200_M006,ph,0.0
P04_L200,P04,P04_L200_M006,speed,0.0
P04_L200,P04,P04_L200_M006,contr,0.018
P04_L200,P04,P04_L200_M006,theta,0.0
P04_L200,P04,P04_L200_M006,bg,0.735
P04_L200,P04,P04_L200_M006,box,False
P04_L200,P04,P04_L200_M006,Lbg,25
P04_L200,P04,P04_L200_M006,Lmin,0.0
P04_L200,P04,P04_L200_M006,Lmax,25
P04_L200,P04,P04_L200_M006,gamma,0.0
P04_L200,P04,P04_L200_M006,BRTRR,1.2
P04_L200,P04,P04_L200_M006,flanker_width,5.0
P04_L200,P04,P04_L200_M006,flanker_displacement,3.0
P04_L200,P04,P04_L200_M006,probe_displacement_dx,0.4
P04_L200,P04,P04_L200_M006,probe_displacement_dy,0.2
P04_L200,P04,P04_L200_M006,pixel_metre_ratio,0.00023289062499999997
P04_L200,P04,P04_L200_M006,SdeX,0.05
P04_L200,P04,P04_L200_M006,SdeY,0.05
P04_L200,P04,P04_L200_M006,Probe_Height_Deg,0.13343643869556676
P04_L200,P04,P04_L200_M006,Probe_width_Deg,0.013343649840352816
P04_L200,P04,P04_L200_M007,distance_To_Monitor,1.0
P04_L200,P04,P04_L200_M007,win_widthy_Pixel,2560
P04_L200,P04,P04_L200_M007,win_widthx_Pixel,1440
P04_L200,P04,P04_L200_M007,win_widthy_Meter,0.3353
P04_L200,P04,P04_L200_M007,win_widthx_Meter,0.5962
P04_L200,P04,P04_L200_M007,Pixel Per Inch,164
P04_L200,P04,P04_L200_M007,Pixel width (m),0.00023289062499999997
P04_L200,P04,P04_L200_M007,Pixel Pitch (mm),0.155*0.155
P04_L200,P04,P04_L200_M007,bkg_intensity,0.735
P04_L200,P04,P04_L200_M007,max_intensity,1.0
P04_L200,P04,P04_L200_M007,time_Stimulus,250
P04_L200,P04,P04_L200_M007,reversalN,0.0
P04_L200,P04,P04_L200_M007,rateDW,0.5
P04_L200,P04,P04_L200_M007,correctTick,0
P04_L200,P04,P04_L200_M007,count_Reversals,0
P04_L200,P04,P04_L200_M007,probe_LR,0
P04_L200,P04,P04_L200_M007,human_LR,0
P04_L200,P04,P04_L200_M007,posY,0
P04_L200,P04,P04_L200_M007,rateUP,0.5
P04_L200,P04,P04_L200_M007,probe_pos (m),0.0
P04_L200,P04,P04_L200_M007,text,-1
P04_L200,P04,P04_L200_M007,reversePOINT,1
P04_L200,P04,P04_L200_M007,trialPOINT,8
P04_L200,P04,P04_L200_M007,nDW,4
P04_L200,P04,P04_L200_M007,nUP,1
P04_L200,P04,P04_L200_M007,start_weber_Contrast,1.0
P04_L200,P04,P04_L200_M007,number_trials,80
P04_L200,P04,P04_L200_M007,terminationINDEX,9
P04_L200,P04,P04_L200_M007,stepDWUP,0.005
P04_L200,P04,P04_L200_M007,logUNIT_UP,0.36
P04_L200,P04,P04_L200_M007,logUNIT_DW,0.30294
P04_L200,P04,P04_L200_M007,condRule,2
P04_L200,P04,P04_L200_M007,preReversalStepDW,0.36
P04_L200,P04,P04_L200_M007,Reversal_or_Trial,1
P04_L200,P04,P04_L200_M007,limit_Trial_Run,100
P04_L200,P04,P04_L200_M007,max_monitor_cdm2,400
P04_L200,P04,P04_L200_M007,bkg_monitor_cdm2,200
P04_L200,P04,P04_L200_M007,width,374.94805047229414
P04_L200,P04,P04_L200_M007,fs,63.0
P04_L200,P04,P04_L200_M007,ph,0.0
P04_L200,P04,P04_L200_M007,speed,0.0
P04_L200,P04,P04_L200_M007,contr,0.018
P04_L200,P04,P04_L200_M007,theta,0.0
P04_L200,P04,P04_L200_M007,bg,0.735
P04_L200,P04,P04_L200_M007,box,False
P04_L200,P04,P04_L200_M007,Lbg,25
P04_L200,P04,P04_L200_M007,Lmin,0.0
P04_L200,P04,P04_L200_M007,Lmax,25
P04_L200,P04,P04_L200_M007,gamma,0.0
P04_L200,P04,P04_L200_M007,BRTRR,1.2
P04_L200,P04,P04_L200_M007,flanker_width,5.0
P04_L200,P04,P04_L200_M007,flanker_displacement,3.0
P04_L200,P04,P04_L200_M007,probe_displacement_dx,0.4
P04_L200,P04,P04_L200_M007,probe_displacement_dy,0.2
P04_L200,P04,P04_L200_M007,pixel_metre_ratio,0.00023289062499999997
P04_L200,P04,P04_L200_M007,SdeX,0.05
P04_L200,P04,P04_L200_M007,SdeY,0.05
P04_L200,P04,P04_L200_M007,Probe_Height_Deg,0.13343643869556676
P04_L200,P04,P04_L200_M007,Probe_width_Deg,0.013343649840352816
P04_L200,P04,P04_L200_M008,distance_To_Monitor,1.0
P04_L200,P04,P04_L200_M008,win_widthy_Pixel,2560
P04_L200,P04,P04_L200_M008,win_widthx_Pixel,1440
P04_L200,P04,P04_L200_M008,win_widthy_Meter,0.3353
P04_L200,P04,P04_L200_M008,win_widthx_Meter,0.5962
P04_L200,P04,P04_L200_M008,Pixel Per Inch,164
P04_L200,P04,P04_L200_M008,Pixel width (m),0.00023289062499999997
P04_L200,P04,P04_L200_M008,Pixel Pitch (mm),0.155*0.155
P04_L200,P04,P04_L200_M008,bkg_intensity,0.735
P04_L200,P04,P04_L200_M008,max_intensity,1.0
P04_L200,P04,P04_L200_M008,time_Stimulus,250
P04_L200,P04,P04_L200_M008,reversalN,0.0
P04_L200,P04,P04_L200_M008,rateDW,0.5
P04_L200,P04,P04_L200_M008,correctTick,0
P04_L200,P04,P04_L200_M008,count_Reversals,0
P04_L200,P04,P04_L200_M008,probe_LR,0
P04_L200,P04,P04_L200_M008,human_LR,0
P04_L200,P04,P04_L200_M008,posY,0
P04_L200,P04,P04_L200_M008,rateUP,0.5
P04_L200,P04,P04_L200_M008,probe_pos (m),0.0
P04_L200,P04,P04_L200_M008,text,-1
P04_L200,P04,P04_L200_M008,reversePOINT,1
P04_L200,P04,P04_L200_M008,trialPOINT,8
P04_L200,P04,P04_L200_M008,nDW,4
P04_L200,P04,P04_L200_M008,nUP,1
P04_L200,P04,P04_L200_M008,start_weber_Contrast,1.0
P04_L200,P04,P04_L200_M008,number_trials,80
P04_L200,P04,P04_L200_M008,terminationINDEX,9
P04_L200,P04,P04_L200_M008,stepDWUP,0.005
P04_L200,P04,P04_L200_M008,logUNIT_UP,0.36
P04_L200,P04,P04_L200_M008,logUNIT_DW,0.30294
P04_L200,P04,P04_L200_M008,condRule,2
P04_L200,P04,P04_L200_M008,preReversalStepDW,0.36
P04_L200,P04,P04_L200_M008,Reversal_or_Trial,1
P04_L200,P04,P04_L200_M008,limit_Trial_Run,100
P04_L200,P04,P04_L200_M008,max_monitor_cdm2,400
P04_L200,P04,P04_L200_M008,bkg_monitor_cdm2,200
P04_L200,P04,P04_L200_M008,width,374.94805047229414
P04_L200,P04,P04_L200_M008,fs,63.0
P04_L200,P04,P04_L200_M008,ph,0.0
P04_L200,P04,P04_L200_M008,speed,0.0
P04_L200,P04,P04_L200_M008,contr,0.018
P04_L200,P04,P04_L200_M008,theta,0.0
P04_L200,P04,P04_L200_M008,bg,0.735
P04_L200,P04,P04_L200_M008,box,False
P04_L200,P04,P04_L200_M008,Lbg,25
P04_L200,P04,P04_L200_M008,Lmin,0.0
P04_L200,P04,P04_L200_M008,Lmax,25
P04_L200,P04,P04_L200_M008,gamma,0.0
P04_L200,P04,P04_L200_M008,BRTRR,1.2
P04_L200,P04,P04_L200_M008,flanker_width,5.0
P04_L200,P04,P04_L200_M008,flanker_displacement,3.0
P04_L200,P04,P04_L200_M008,probe_displacement_dx,0.4
P04_L200,P04,P04_L200_M008,probe_displacement_dy,0.2
P04_L200,P04,P04_L200_M008,pixel_metre_ratio,0.00023289062499999997
P04_L200,P04,P04_L200_M008,SdeX,0.05
P04_L200,P04,P04_L200_M008,SdeY,0.05
P04_L200,P04,P04_L200_M008,Probe_Height_Deg,0.13343643869556676
P04_L200,P04,P04_L200_M008,Probe_width_Deg,0.013343649840352816
P04_L300,P04,P04_L300_M001,distance_To_Monitor,1.0
P04_L300,P04,P04_L300_M001,win_widthy_Pixel,2560
P04_L300,P04,P04_L300_M001,win_widthx_Pixel,1440
P04_L300,P04,P04_L300_M001,win_widthy_Meter,0.3353
P04_L300,P04,P04_L300_M001,win_widthx_Meter,0.5962
P04_L300,P04,P04_L300_M001,Pixel Per Inch,164
P04_L300,P04,P04_L300_M001,Pixel width (m),0.00023289062499999997
P04_L300,P04,P04_L300_M001,Pixel Pitch (mm),0.155*0.155
P04_L300,P04,P04_L300_M001,bkg_intensity,0.86
P04_L300,P04,P04_L300_M001,max_intensity,1.0
P04_L300,P04,P04_L300_M001,time_Stimulus,250
P04_L300,P04,P04_L300_M001,reversalN,0.0
P04_L300,P04,P04_L300_M001,rateDW,0.5
P04_L300,P04,P04_L300_M001,correctTick,0
P04_L300,P04,P04_L300_M001,count_Reversals,0
P04_L300,P04,P04_L300_M001,probe_LR,0
P04_L300,P04,P04_L300_M001,human_LR,0
P04_L300,P04,P04_L300_M001,posY,0
P04_L300,P04,P04_L300_M001,rateUP,0.5
P04_L300,P04,P04_L300_M001,probe_pos (m),0.0
P04_L300,P04,P04_L300_M001,text,-1
P04_L300,P04,P04_L300_M001,reversePOINT,1
P04_L300,P04,P04_L300_M001,trialPOINT,6
P04_L300,P04,P04_L300_M001,nDW,4
P04_L300,P04,P04_L300_M001,nUP,1
P04_L300,P04,P04_L300_M001,start_weber_Contrast,1.0
P04_L300,P04,P04_L300_M001,number_trials,80
P04_L300,P04,P04_L300_M001,terminationINDEX,9
P04_L300,P04,P04_L300_M001,stepDWUP,0.005
P04_L300,P04,P04_L300_M001,logUNIT_UP,0.36
P04_L300,P04,P04_L300_M001,logUNIT_DW,0.30294
P04_L300,P04,P04_L300_M001,condRule,2
P04_L300,P04,P04_L300_M001,preReversalStepDW,0.36
P04_L300,P04,P04_L300_M001,Reversal_or_Trial,1
P04_L300,P04,P04_L300_M001,limit_Trial_Run,100
P04_L300,P04,P04_L300_M001,max_monitor_cdm2,500
P04_L300,P04,P04_L300_M001,bkg_monitor_cdm2,300
P04_L300,P04,P04_L300_M001,width,374.94805047229414
P04_L300,P04,P04_L300_M001,fs,63.0
P04_L300,P04,P04_L300_M001,ph,0.0
P04_L300,P04,P04_L300_M001,speed,0.0
P04_L300,P04,P04_L300_M001,contr,0.018
P04_L300,P04,P04_L300_M001,theta,0.0
P04_L300,P04,P04_L300_M001,bg,0.86
P04_L300,P04,P04_L300_M001,box,False
P04_L300,P04,P04_L300_M001,Lbg,25
P04_L300,P04,P04_L300_M001,Lmin,0.0
P04_L300,P04,P04_L300_M001,Lmax,25
P04_L300,P04,P04_L300_M001,gamma,0.0
P04_L300,P04,P04_L300_M001,BRTRR,1.2
P04_L300,P04,P04_L300_M001,flanker_width,5.0
P04_L300,P04,P04_L300_M001,flanker_displacement,3.0
P04_L300,P04,P04_L300_M001,probe_displacement_dx,0.4
P04_L300,P04,P04_L300_M001,probe_displacement_dy,0.2
P04_L300,P04,P04_L300_M001,pixel_metre_ratio,0.00023289062499999997
P04_L300,P04,P04_L300_M001,SdeX,0.05
P04_L300,P04,P04_L300_M001,SdeY,0.05
P04_L300,P04,P04_L300_M001,Probe_Height_Deg,0.13343643869556676
P04_L300,P04,P04_L300_M001,Probe_width_Deg,0.013343649840352816
P04_L300,P04,P04_L300_M002,distance_To_Monitor,1.0
P04_L300,P04,P04_L300_M002,win_widthy_Pixel,2560
P04_L300,P04,P04_L300_M002,win_widthx_Pixel,1440
P04_L300,P04,P04_L300_M002,win_widthy_Meter,0.3353
P04_L300,P04,P04_L300_M002,win_widthx_Meter,0.5962
P04_L300,P04,P04_L300_M002,Pixel Per Inch,164
P04_L300,P04,P04_L300_M002,Pixel width (m),0.00023289062499999997
P04_L300,P04,P04_L300_M002,Pixel Pitch (mm),0.155*0.155
P04_L300,P04,P04_L300_M002,bkg_intensity,0.86
P04_L300,P04,P04_L300_M002,max_intensity,1.0
P04_L300,P04,P04_L300_M002,time_Stimulus,250
P04_L300,P04,P04_L300_M002,reversalN,0.0
P04_L300,P04,P04_L300_M002,rateDW,0.5
P04_L300,P04,P04_L300_M002,correctTick,0
P04_L300,P04,P04_L300_M002,count_Reversals,0
P04_L300,P04,P04_L300_M002,probe_LR,0
P04_L300,P04,P04_L300_M002,human_LR,0
P04_L300,P04,P04_L300_M002,posY,0
P04_L300,P04,P04_L300_M002,rateUP,0.5
P04_L300,P04,P04_L300_M002,probe_pos (m),0.0
P04_L300,P04,P04_L300_M002,text,-1
P04_L300,P04,P04_L300_M002,reversePOINT,1
P04_L300,P04,P04_L300_M002,trialPOINT,7
P04_L300,P04,P04_L300_M002,nDW,4
P04_L300,P04,P04_L300_M002,nUP,1
P04_L300,P04,P04_L300_M002,start_weber_Contrast,1.0
P04_L300,P04,P04_L300_M002,number_trials,80
P04_L300,P04,P04_L300_M002,terminationINDEX,9
P04_L300,P04,P04_L300_M002,stepDWUP,0.005
P04_L300,P04,P04_L300_M002,logUNIT_UP,0.36
P04_L300,P04,P04_L300_M002,logUNIT_DW,0.30294
P04_L300,P04,P04_L300_M002,condRule,2
P04_L300,P04,P04_L300_M002,preReversalStepDW,0.36
P04_L300,P04,P04_L300_M002,Reversal_or_Trial,1
P04_L300,P04,P04_L300_M002,limit_Trial_Run,100
P04_L300,P04,P04_L300_M002,max_monitor_cdm2,500
P04_L300,P04,P04_L300_M002,bkg_monitor_cdm2,300
P04_L300,P04,P04_L300_M002,width,374.94805047229414
P04_L300,P04,P04_L300_M002,fs,63.0
P04_L300,P04,P04_L300_M002,ph,0.0
P04_L300,P04,P04_L300_M002,speed,0.0
P04_L300,P04,P04_L300_M002,contr,0.018
P04_L300,P04,P04_L300_M002,theta,0.0
P04_L300,P04,P04_L300_M002,bg,0.86
P04_L300,P04,P04_L300_M002,box,False
P04_L300,P04,P04_L300_M002,Lbg,25
P04_L300,P04,P04_L300_M002,Lmin,0.0
P04_L300,P04,P04_L300_M002,Lmax,25
P04_L300,P04,P04_L300_M002,gamma,0.0
P04_L300,P04,P04_L300_M002,BRTRR,1.2
P04_L300,P04,P04_L300_M002,flanker_width,5.0
P04_L300,P04,P04_L300_M002,flanker_displacement,3.0
P04_L300,P04,P04_L300_M002,probe_displacement_dx,0.4
P04_L300,P04,P04_L300_M002,probe_displacement_dy,0.2
P04_L300,P04,P04_L300_M002,pixel_metre_ratio,0.00023289062499999997
P04_L300,P04,P04_L300_M002,SdeX,0.05
P04_L300,P04,P04_L300_M002,SdeY,0.05
P04_L300,P04,P04_L300_M002,Probe_Height_Deg,0.13343643869556676
P04_L300,P04,P04_L300_M002,Probe_width_Deg,0.013343649840352816
P04_L300,P04,P04_L300_M003,distance_To_Monitor,1.0
P04_L300,P04,P04_L300_M003,win_widthy_Pixel,2560
P04_L300,P04,P04_L300_M003,win_widthx_Pixel,1440
P04_L300,P04,P04_L300_M003,win_widthy_Meter,0.3353
P04_L300,P04,P04_L300_M003,win_widthx_Meter,0.5962
P04_L300,P04,P04_L300_M003,Pixel Per Inch,164
P04_L300,P04,P04_L300_M003,Pixel width (m),0.00023289062499999997
P04_L300,P04,P04_L300_M003,Pixel Pitch (mm),0.155*0.155
P04_L300,P04,P04_L300_M003,bkg_intensity,0.86
P04_L300,P04,P04_L300_M003,max_intensity,1.0
P04_L300,P04,P04_L300_M003,time_Stimulus,250
P04_L300,P04,P04_L300_M003,reversalN,0.0
P04_L300,P04,P04_L300_M003,rateDW,0.5
P04_L300,P04,P04_L300_M003,correctTick,0
P04_L300,P04,P04_L300_M003,count_Reversals,0
P04_L300,P04,P04_L300_M003,probe_LR,0
P04_L300,P04,P04_L300_M003,human_LR,0
P04_L300,P04,P04_L300_M003,posY,0
P04_L300,P04,P04_L300_M003,rateUP,0.5
P04_L300,P04,P04_L300_M003,probe_pos (m),0.0
P04_L300,P04,P04_L300_M003,text,-1
P04_L300,P04,P04_L300_M003,reversePOINT,1
P04_L300,P04,P04_L300_M003,trialPOINT,7
P04_L300,P04,P04_L300_M003,nDW,4
P04_L300,P04,P04_L300_M003,nUP,1
P04_L300,P04,P04_L300_M003,start_weber_Contrast,1.0
P04_L300,P04,P04_L300_M003,number_trials,80
P04_L300,P04,P04_L300_M003,terminationINDEX,9
P04_L300,P04,P04_L300_M003,stepDWUP,0.005
P04_L300,P04,P04_L300_M003,logUNIT_UP,0.36
P04_L300,P04,P04_L300_M003,logUNIT_DW,0.30294
P04_L300,P04,P04_L300_M003,condRule,2
P04_L300,P04,P04_L300_M003,preReversalStepDW,0.36
P04_L300,P04,P04_L300_M003,Reversal_or_Trial,1
P04_L300,P04,P04_L300_M003,limit_Trial_Run,100
P04_L300,P04,P04_L300_M003,max_monitor_cdm2,500
P04_L300,P04,P04_L300_M003,bkg_monitor_cdm2,300
P04_L300,P04,P04_L300_M003,width,374.94805047229414
P04_L300,P04,P04_L300_M003,fs,63.0
P04_L300,P04,P04_L300_M003,ph,0.0
P04_L300,P04,P04_L300_M003,speed,0.0
P04_L300,P04,P04_L300_M003,contr,0.018
P04_L300,P04,P04_L300_M003,theta,0.0
P04_L300,P04,P04_L300_M003,bg,0.86
P04_L300,P04,P04_L300_M003,box,False
P04_L300,P04,P04_L300_M003,Lbg,25
P04_L300,P04,P04_L300_M003,Lmin,0.0
P04_L300,P04,P04_L300_M003,Lmax,25
P04_L300,P04,P04_L300_M003,gamma,0.0
P04_L300,P04,P04_L300_M003,BRTRR,1.2
P04_L300,P04,P04_L300_M003,flanker_width,5.0
P04_L300,P04,P04_L300_M003,flanker_displacement,3.0
P04_L300,P04,P04_L300_M003,probe_displacement_dx,0.4
P04_L300,P04,P04_L300_M003,probe_displacement_dy,0.2
P04_L300,P04,P04_L300_M003,pixel_metre_ratio,0.00023289062499999997
P04_L300,P04,P04_L300_M003,SdeX,0.05
P04_L300,P04,P04_L300_M003,SdeY,0.05
P04_L300,P04,P04_L300_M003,Probe_Height_Deg,0.13343643869556676
P04_L300,P04,P04_L300_M003,Probe_width_Deg,0.013343649840352816
P04_L300,P04,P04_L300_M004,distance_To_Monitor,1.0
P04_L300,P04,P04_L300_M004,win_widthy_Pixel,2560
P04_L300,P04,P04_L300_M004,win_widthx_Pixel,1440
P04_L300,P04,P04_L300_M004,win_widthy_Meter,0.3353
P04_L300,P04,P04_L300_M004,win_widthx_Meter,0.5962
P04_L300,P04,P04_L300_M004,Pixel Per Inch,164
P04_L300,P04,P04_L300_M004,Pixel width (m),0.00023289062499999997
P04_L300,P04,P04_L300_M004,Pixel Pitch (mm),0.155*0.155
P04_L300,P04,P04_L300_M004,bkg_intensity,0.86
P04_L300,P04,P04_L300_M004,max_intensity,1.0
P04_L300,P04,P04_L300_M004,time_Stimulus,250
P04_L300,P04,P04_L300_M004,reversalN,0.0
P04_L300,P04,P04_L300_M004,rateDW,0.5
P04_L300,P04,P04_L300_M004,correctTick,0
P04_L300,P04,P04_L300_M004,count_Reversals,0
P04_L300,P04,P04_L300_M004,probe_LR,0
P04_L300,P04,P04_L300_M004,human_LR,0
P04_L300,P04,P04_L300_M004,posY,0
P04_L300,P04,P04_L300_M004,rateUP,0.5
P04_L300,P04,P04_L300_M004,probe_pos (m),0.0
P04_L300,P04,P04_L300_M004,text,-1
P04_L300,P04,P04_L300_M004,reversePOINT,1
P04_L300,P04,P04_L300_M004,trialPOINT,7
P04_L300,P04,P04_L300_M004,nDW,4
P04_L300,P04,P04_L300_M004,nUP,1
P04_L300,P04,P04_L300_M004,start_weber_Contrast,1.0
P04_L300,P04,P04_L300_M004,number_trials,80
P04_L300,P04,P04_L300_M004,terminationINDEX,9
P04_L300,P04,P04_L300_M004,stepDWUP,0.005
P04_L300,P04,P04_L300_M004,logUNIT_UP,0.36
P04_L300,P04,P04_L300_M004,logUNIT_DW,0.30294
P04_L300,P04,P04_L300_M004,condRule,2
P04_L300,P04,P04_L300_M004,preReversalStepDW,0.36
P04_L300,P04,P04_L300_M004,Reversal_or_Trial,1
P04_L300,P04,P04_L300_M004,limit_Trial_Run,100
P04_L300,P04,P04_L300_M004,max_monitor_cdm2,500
P04_L300,P04,P04_L300_M004,bkg_monitor_cdm2,300
P04_L300,P04,P04_L300_M004,width,374.94805047229414
P04_L300,P04,P04_L300_M004,fs,63.0
P04_L300,P04,P04_L300_M004,ph,0.0
P04_L300,P04,P04_L300_M004,speed,0.0
P04_L300,P04,P04_L300_M004,contr,0.018
P04_L300,P04,P04_L300_M004,theta,0.0
P04_L300,P04,P04_L300_M004,bg,0.86
P04_L300,P04,P04_L300_M004,box,False
P04_L300,P04,P04_L300_M004,Lbg,25
P04_L300,P04,P04_L300_M004,Lmin,0.0
P04_L300,P04,P04_L300_M004,Lmax,25
P04_L300,P04,P04_L300_M004,gamma,0.0
P04_L300,P04,P04_L300_M004,BRTRR,1.2
P04_L300,P04,P04_L300_M004,flanker_width,5.0
P04_L300,P04,P04_L300_M004,flanker_displacement,3.0
P04_L300,P04,P04_L300_M004,probe_displacement_dx,0.4
P04_L300,P04,P04_L300_M004,probe_displacement_dy,0.2
P04_L300,P04,P04_L300_M004,pixel_metre_ratio,0.00023289062499999997
P04_L300,P04,P04_L300_M004,SdeX,0.05
P04_L300,P04,P04_L300_M004,SdeY,0.05
P04_L300,P04,P04_L300_M004,Probe_Height_Deg,0.13343643869556676
P04_L300,P04,P04_L300_M004,Probe_width_Deg,0.013343649840352816
P04_L370,P04,P04_L370_M001,distance_To_Monitor,1.0
P04_L370,P04,P04_L370_M001,win_widthy_Pixel,2560
P04_L370,P04,P04_L370_M001,win_widthx_Pixel,1440
P04_L370,P04,P04_L370_M001,win_widthy_Meter,0.3353
P04_L370,P04,P04_L370_M001,win_widthx_Meter,0.5962
P04_L370,P04,P04_L370_M001,Pixel Per Inch,164
P04_L370,P04,P04_L370_M001,Pixel width (m),0.00023289062499999997
P04_L370,P04,P04_L370_M001,Pixel Pitch (mm),0.155*0.155
P04_L370,P04,P04_L370_M001,bkg_intensity,0.95
P04_L370,P04,P04_L370_M001,max_intensity,1.0
P04_L370,P04,P04_L370_M001,time_Stimulus,250
P04_L370,P04,P04_L370_M001,reversalN,0.0
P04_L370,P04,P04_L370_M001,rateDW,0.5
P04_L370,P04,P04_L370_M001,correctTick,0
P04_L370,P04,P04_L370_M001,count_Reversals,0
P04_L370,P04,P04_L370_M001,probe_LR,0
P04_L370,P04,P04_L370_M001,human_LR,0
P04_L370,P04,P04_L370_M001,posY,0
P04_L370,P04,P04_L370_M001,rateUP,0.5
P04_L370,P04,P04_L370_M001,probe_pos (m),0.0
P04_L370,P04,P04_L370_M001,text,-1
P04_L370,P04,P04_L370_M001,reversePOINT,1
P04_L370,P04,P04_L370_M001,trialPOINT,6
P04_L370,P04,P04_L370_M001,nDW,4
P04_L370,P04,P04_L370_M001,nUP,1
P04_L370,P04,P04_L370_M001,start_weber_Contrast,1.0
P04_L370,P04,P04_L370_M001,number_trials,80
P04_L370,P04,P04_L370_M001,terminationINDEX,9
P04_L370,P04,P04_L370_M001,stepDWUP,0.005
P04_L370,P04,P04_L370_M001,logUNIT_UP,0.36
P04_L370,P04,P04_L370_M001,logUNIT_DW,0.30294
P04_L370,P04,P04_L370_M001,condRule,2
P04_L370,P04,P04_L370_M001,preReversalStepDW,0.36
P04_L370,P04,P04_L370_M001,Reversal_or_Trial,1
P04_L370,P04,P04_L370_M001,limit_Trial_Run,100
P04_L370,P04,P04_L370_M001,max_monitor_cdm2,500
P04_L370,P04,P04_L370_M001,bkg_monitor_cdm2,370
P04_L370,P04,P04_L370_M001,width,374.94805047229414
P04_L370,P04,P04_L370_M001,fs,63.0
P04_L370,P04,P04_L370_M001,ph,0.0
P04_L370,P04,P04_L370_M001,speed,0.0
P04_L370,P04,P04_L370_M001,contr,0.018
P04_L370,P04,P04_L370_M001,theta,0.0
P04_L370,P04,P04_L370_M001,bg,0.95
P04_L370,P04,P04_L370_M001,box,False
P04_L370,P04,P04_L370_M001,Lbg,25
P04_L370,P04,P04_L370_M001,Lmin,0.0
P04_L370,P04,P04_L370_M001,Lmax,25
P04_L370,P04,P04_L370_M001,gamma,0.0
P04_L370,P04,P04_L370_M001,BRTRR,1.2
P04_L370,P04,P04_L370_M001,flanker_width,5.0
P04_L370,P04,P04_L370_M001,flanker_displacement,3.0
P04_L370,P04,P04_L370_M001,probe_displacement_dx,0.4
P04_L370,P04,P04_L370_M001,probe_displacement_dy,0.2
P04_L370,P04,P04_L370_M001,pixel_metre_ratio,0.00023289062499999997
P04_L370,P04,P04_L370_M001,SdeX,0.05
P04_L370,P04,P04_L370_M001,SdeY,0.05
P04_L370,P04,P04_L370_M001,Probe_Height_Deg,0.13343643869556676
P04_L370,P04,P04_L370_M001,Probe_width_Deg,0.013343649840352816
P04_L370,P04,P04_L370_M002,distance_To_Monitor,1.0
P04_L370,P04,P04_L370_M002,win_widthy_Pixel,2560
P04_L370,P04,P04_L370_M002,win_widthx_Pixel,1440
P04_L370,P04,P04_L370_M002,win_widthy_Meter,0.3353
P04_L370,P04,P04_L370_M002,win_widthx_Meter,0.5962
P04_L370,P04,P04_L370_M002,Pixel Per Inch,164
P04_L370,P04,P04_L370_M002,Pixel width (m),0.00023289062499999997
P04_L370,P04,P04_L370_M002,Pixel Pitch (mm),0.155*0.155
P04_L370,P04,P04_L370_M002,bkg_intensity,0.95
P04_L370,P04,P04_L370_M002,max_intensity,1.0
P04_L370,P04,P04_L370_M002,time_Stimulus,250
P04_L370,P04,P04_L370_M002,reversalN,0.0
P04_L370,P04,P04_L370_M002,rateDW,0.5
P04_L370,P04,P04_L370_M002,correctTick,0
P04_L370,P04,P04_L370_M002,count_Reversals,0
P04_L370,P04,P04_L370_M002,probe_LR,0
P04_L370,P04,P04_L370_M002,human_LR,0
P04_L370,P04,P04_L370_M002,posY,0
P04_L370,P04,P04_L370_M002,rateUP,0.5
P04_L370,P04,P04_L370_M002,probe_pos (m),0.0
P04_L370,P04,P04_L370_M002,text,-1
P04_L370,P04,P04_L370_M002,reversePOINT,1
P04_L370,P04,P04_L370_M002,trialPOINT,6
P04_L370,P04,P04_L370_M002,nDW,4
P04_L370,P04,P04_L370_M002,nUP,1
P04_L370,P04,P04_L370_M002,start_weber_Contrast,1.0
P04_L370,P04,P04_L370_M002,number_trials,80
P04_L370,P04,P04_L370_M002,terminationINDEX,9
P04_L370,P04,P04_L370_M002,stepDWUP,0.005
P04_L370,P04,P04_L370_M002,logUNIT_UP,0.36
P04_L370,P04,P04_L370_M002,logUNIT_DW,0.30294
P04_L370,P04,P04_L370_M002,condRule,2
P04_L370,P04,P04_L370_M002,preReversalStepDW,0.36
P04_L370,P04,P04_L370_M002,Reversal_or_Trial,1
P04_L370,P04,P04_L370_M002,limit_Trial_Run,100
P04_L370,P04,P04_L370_M002,max_monitor_cdm2,500
P04_L370,P04,P04_L370_M002,bkg_monitor_cdm2,370
P04_L370,P04,P04_L370_M002,width,374.94805047229414
P04_L370,P04,P04_L370_M002,fs,63.0
P04_L370,P04,P04_L370_M002,ph,0.0
P04_L370,P04,P04_L370_M002,speed,0.0
P04_L370,P04,P04_L370_M002,contr,0.018
P04_L370,P04,P04_L370_M002,theta,0.0
P04_L370,P04,P04_L370_M002,bg,0.95
P04_L370,P04,P04_L370_M002,box,False
P04_L370,P04,P04_L370_M002,Lbg,25
P04_L370,P04,P04_L370_M002,Lmin,0.0
P04_L370,P04,P04_L370_M002,Lmax,25
P04_L370,P04,P04_L370_M002,gamma,0.0
P04_L370,P04,P04_L370_M002,BRTRR,1.2
P04_L370,P04,P04_L370_M002,flanker_width,5.0
P04_L370,P04,P04_L370_M002,flanker_displacement,3.0
P04_L370,P04,P04_L370_M002,probe_displacement_dx,0.4
P04_L370,P04,P04_L370_M002,probe_displacement_dy,0.2
P04_L370,P04,P04_L370_M002,pixel_metre_ratio,0.00023289062499999997
P04_L370,P04,P04_L370_M002,SdeX,0.05
P04_L370,P04,P04_L370_M002,SdeY,0.05
P04_L370,P04,P04_L370_M002,Probe_Height_Deg,0.13343643869556676
P04_L370,P04,P04_L370_M002,Probe_width_Deg,0.013343649840352816
P04_L370,P04,P04_L370_M003,distance_To_Monitor,1.0
P04_L370,P04,P04_L370_M003,win_widthy_Pixel,2560
P04_L370,P04,P04_L370_M003,win_widthx_Pixel,1440
P04_L370,P04,P04_L370_M003,win_widthy_Meter,0.3353
P04_L370,P04,P04_L370_M003,win_widthx_Meter,0.5962
P04_L370,P04,P04_L370_M003,Pixel Per Inch,164
P04_L370,P04,P04_L370_M003,Pixel width (m),0.00023289062499999997
P04_L370,P04,P04_L370_M003,Pixel Pitch (mm),0.155*0.155
P04_L370,P04,P04_L370_M003,bkg_intensity,0.95
P04_L370,P04,P04_L370_M003,max_intensity,1.0
P04_L370,P04,P04_L370_M003,time_Stimulus,250
P04_L370,P04,P04_L370_M003,reversalN,0.0
P04_L370,P04,P04_L370_M003,rateDW,0.5
P04_L370,P04,P04_L370_M003,correctTick,0
P04_L370,P04,P04_L370_M003,count_Reversals,0
P04_L370,P04,P04_L370_M003,probe_LR,0
P04_L370,P04,P04_L370_M003,human_LR,0
P04_L370,P04,P04_L370_M003,posY,0
P04_L370,P04,P04_L370_M003,rateUP,0.5
P04_L370,P04,P04_L370_M003,probe_pos (m),0.0
P04_L370,P04,P04_L370_M003,text,-1
P04_L370,P04,P04_L370_M003,reversePOINT,1
P04_L370,P04,P04_L370_M003,trialPOINT,6
P04_L370,P04,P04_L370_M003,nDW,4
P04_L370,P04,P04_L370_M003,nUP,1
P04_L370,P04,P04_L370_M003,start_weber_Contrast,1.0
P04_L370,P04,P04_L370_M003,number_trials,80
P04_L370,P04,P04_L370_M003,terminationINDEX,9
P04_L370,P04,P04_L370_M003,stepDWUP,0.005
P04_L370,P04,P04_L370_M003,logUNIT_UP,0.36
P04_L370,P04,P04_L370_M003,logUNIT_DW,0.30294
P04_L370,P04,P04_L370_M003,condRule,2
P04_L370,P04,P04_L370_M003,preReversalStepDW,0.36
P04_L370,P04,P04_L370_M003,Reversal_or_Trial,1
P04_L370,P04,P04_L370_M003,limit_Trial_Run,100
P04_L370,P04,P04_L370_M003,max_monitor_cdm2,500
P04_L370,P04,P04_L370_M003,bkg_monitor_cdm2,370
P04_L370,P04,P04_L370_M003,width,374.94805047229414
P04_L370,P04,P04_L370_M003,fs,63.0
P04_L370,P04,P04_L370_M003,ph,0.0
P04_L370,P04,P04_L370_M003,speed,0.0
P04_L370,P04,P04_L370_M003,contr,0.018
P04_L370,P04,P04_L370_M003,theta,0.0
P04_L370,P04,P04_L370_M003,bg,0.95
P04_L370,P04,P04_L370_M003,box,False
P04_L370,P04,P04_L370_M003,Lbg,25
P04_L370,P04,P04_L370_M003,Lmin,0.0
P04_L370,P04,P04_L370_M003,Lmax,25
P04_L370,P04,P04_L370_M003,gamma,0.0
P04_L370,P04,P04_L370_M003,BRTRR,1.2
P04_L370,P04,P04_L370_M003,flanker_width,5.0
P04_L370,P04,P04_L370_M003,flanker_displacement,3.0
P04_L370,P04,P04_L370_M003,probe_displacement_dx,0.4
P04_L370,P04,P04_L370_M003,probe_displacement_dy,0.2
P04_L370,P04,P04_L370_M003,pixel_metre_ratio,0.00023289062499999997
P04_L370,P04,P04_L370_M003,SdeX,0.05
P04_L370,P04,P04_L370_M003,SdeY,0.05
P04_L370,P04,P04_L370_M003,Probe_Height_Deg,0.13343643869556676
P04_L370,P04,P04_L370_M003,Probe_width_Deg,0.013343649840352816
P04_L370,P04,P04_L370_M004,distance_To_Monitor,1.0
P04_L370,P04,P04_L370_M004,win_widthy_Pixel,2560
P04_L370,P04,P04_L370_M004,win_widthx_Pixel,1440
P04_L370,P04,P04_L370_M004,win_widthy_Meter,0.3353
P04_L370,P04,P04_L370_M004,win_widthx_Meter,0.5962
P04_L370,P04,P04_L370_M004,Pixel Per Inch,164
P04_L370,P04,P04_L370_M004,Pixel width (m),0.00023289062499999997
P04_L370,P04,P04_L370_M004,Pixel Pitch (mm),0.155*0.155
P04_L370,P04,P04_L370_M004,bkg_intensity,0.95
P04_L370,P04,P04_L370_M004,max_intensity,1.0
P04_L370,P04,P04_L370_M004,time_Stimulus,250
P04_L370,P04,P04_L370_M004,reversalN,0.0
P04_L370,P04,P04_L370_M004,rateDW,0.5
P04_L370,P04,P04_L370_M004,correctTick,0
P04_L370,P04,P04_L370_M004,count_Reversals,0
P04_L370,P04,P04_L370_M004,probe_LR,0
P04_L370,P04,P04_L370_M004,human_LR,0
P04_L370,P04,P04_L370_M004,posY,0
P04_L370,P04,P04_L370_M004,rateUP,0.5
P04_L370,P04,P04_L370_M004,probe_pos (m),0.0
P04_L370,P04,P04_L370_M004,text,-1
P04_L370,P04,P04_L370_M004,reversePOINT,1
P04_L370,P04,P04_L370_M004,trialPOINT,6
P04_L370,P04,P04_L370_M004,nDW,4
P04_L370,P04,P04_L370_M004,nUP,1
P04_L370,P04,P04_L370_M004,start_weber_Contrast,1.0
P04_L370,P04,P04_L370_M004,number_trials,80
P04_L370,P04,P04_L370_M004,terminationINDEX,9
P04_L370,P04,P04_L370_M004,stepDWUP,0.005
P04_L370,P04,P04_L370_M004,logUNIT_UP,0.36
P04_L370,P04,P04_L370_M004,logUNIT_DW,0.30294
P04_L370,P04,P04_L370_M004,condRule,2
P04_L370,P04,P04_L370_M004,preReversalStepDW,0.36
P04_L370,P04,P04_L370_M004,Reversal_or_Trial,1
P04_L370,P04,P04_L370_M004,limit_Trial_Run,100
P04_L370,P04,P04_L370_M004,max_monitor_cdm2,500
P04_L370,P04,P04_L370_M004,bkg_monitor_cdm2,370
P04_L370,P04,P04_L370_M004,width,374.94805047229414
P04_L370,P04,P04_L370_M004,fs,63.0
P04_L370,P04,P04_L370_M004,ph,0.0
P04_L370,P04,P04_L370_M004,speed,0.0
P04_L370,P04,P04_L370_M004,contr,0.018
P04_L370,P04,P04_L370_M004,theta,0.0
P04_L370,P04,P04_L370_M004,bg,0.95
P04_L370,P04,P04_L370_M004,box,False
P04_L370,P04,P04_L370_M004,Lbg,25
P04_L370,P04,P04_L370_M004,Lmin,0.0
P04_L370,P04,P04_L370_M004,Lmax,25
P04_L370,P04,P04_L370_M004,gamma,0.0
P04_L370,P04,P04_L370_M004,BRTRR,1.2
P04_L370,P04,P04_L370_M004,flanker_width,5.0
P04_L370,P04,P04_L370_M004,flanker_displacement,3.0
P04_L370,P04,P04_L370_M004,probe_displacement_dx,0.4
P04_L370,P04,P04_L370_M004,probe_displacement_dy,0.2
P04_L370,P04,P04_L370_M004,pixel_metre_ratio,0.00023289062499999997
P04_L370,P04,P04_L370_M004,SdeX,0.05
P04_L370,P04,P04_L370_M004,SdeY,0.05
P04_L370,P04,P04_L370_M004,Probe_Height_Deg,0.13343643869556676
P04_L370,P04,P04_L370_M004,Probe_width_Deg,0.013343649840352816
